역명,납기,사용일,검침일자,지침값,일사용량(톤),납기별 누적사용량(톤)
녹사평역,2022-03-31,2022-01-02 ~ 2022-02-20,2022-01-03,648,0,163
녹사평역,2022-03-31,2022-01-02 ~ 2022-02-20,2022-01-04,659,11,174
녹사평역,2022-03-31,2022-01-02 ~ 2022-02-20,2022-01-05,670,11,185
녹사평역,2022-03-31,2022-01-02 ~ 2022-02-20,2022-01-06,684,14,199
녹사평역,2022-03-31,2022-01-02 ~ 2022-02-20,2022-01-07,690,6,205
녹사평역,2022-03-31,2022-01-02 ~ 2022-02-20,2022-01-08,708,18,223
녹사평역,2022-03-31,2022-01-02 ~ 2022-02-20,2022-01-09,725,17,240
녹사평역,2022-03-31,2022-01-02 ~ 2022-02-20,2022-01-10,738,13,253
녹사평역,2022-03-31,2022-01-02 ~ 2022-02-20,2022-01-11,749,11,264
녹사평역,2022-03-31,2022-01-02 ~ 2022-02-20,2022-01-12,758,9,273
녹사평역,2022-03-31,2022-01-02 ~ 2022-02-20,2022-01-13,768,10,283
녹사평역,2022-03-31,2022-01-02 ~ 2022-02-20,2022-01-14,779,11,294
녹사평역,2022-03-31,2022-01-02 ~ 2022-02-20,2022-01-15,791,12,306
녹사평역,2022-03-31,2022-01-02 ~ 2022-02-20,2022-01-16,808,17,323
녹사평역,2022-03-31,2022-01-02 ~ 2022-02-20,2022-01-17,820,12,335
녹사평역,2022-03-31,2022-01-02 ~ 2022-02-20,2022-01-18,829,9,344
녹사평역,2022-03-31,2022-01-02 ~ 2022-02-20,2022-01-19,839,10,354
녹사평역,2022-03-31,2022-01-02 ~ 2022-02-20,2022-01-20,848,9,363
녹사평역,2022-03-31,2022-01-02 ~ 2022-02-20,2022-01-21,860,12,375
녹사평역,2022-03-31,2022-01-02 ~ 2022-02-20,2022-01-22,872,12,387
녹사평역,2022-03-31,2022-01-02 ~ 2022-02-20,2022-01-23,888,16,403
녹사평역,2022-03-31,2022-01-02 ~ 2022-02-20,2022-01-24,902,14,417
녹사평역,2022-03-31,2022-01-02 ~ 2022-02-20,2022-01-25,913,11,428
녹사평역,2022-03-31,2022-01-02 ~ 2022-02-20,2022-01-26,924,11,439
녹사평역,2022-03-31,2022-01-02 ~ 2022-02-20,2022-01-27,936,12,451
녹사평역,2022-03-31,2022-01-02 ~ 2022-02-20,2022-01-28,948,12,463
녹사평역,2022-03-31,2022-01-02 ~ 2022-02-20,2022-01-29,961,13,476
녹사평역,2022-03-31,2022-01-02 ~ 2022-02-20,2022-01-30,973,12,488
녹사평역,2022-03-31,2022-01-02 ~ 2022-02-20,2022-01-31,985,12,500
녹사평역,2022-03-31,2022-01-02 ~ 2022-02-20,2022-02-01,996,11,511
녹사평역,2022-03-31,2022-01-02 ~ 2022-02-20,2022-02-02,1006,10,521
녹사평역,2022-03-31,2022-01-02 ~ 2022-02-20,2022-02-03,1016,10,531
녹사평역,2022-03-31,2022-01-02 ~ 2022-02-20,2022-02-04,1027,11,542
녹사평역,2022-03-31,2022-01-02 ~ 2022-02-20,2022-02-05,1037,10,552
녹사평역,2022-03-31,2022-01-02 ~ 2022-02-20,2022-02-06,1051,14,566
녹사평역,2022-03-31,2022-01-02 ~ 2022-02-20,2022-02-07,1063,12,578
녹사평역,2022-03-31,2022-01-02 ~ 2022-02-20,2022-02-08,1074,11,589
녹사평역,2022-03-31,2022-01-02 ~ 2022-02-20,2022-02-09,1086,12,601
녹사평역,2022-03-31,2022-01-02 ~ 2022-02-20,2022-02-10,1098,12,613
녹사평역,2022-03-31,2022-01-02 ~ 2022-02-20,2022-02-11,1109,11,624
녹사평역,2022-03-31,2022-01-02 ~ 2022-02-20,2022-02-12,1120,11,635
녹사평역,2022-03-31,2022-01-02 ~ 2022-02-20,2022-02-13,1135,15,650
녹사평역,2022-03-31,2022-01-02 ~ 2022-02-20,2022-02-14,1147,12,662
녹사평역,2022-03-31,2022-01-02 ~ 2022-02-20,2022-02-15,1157,10,672
녹사평역,2022-03-31,2022-01-02 ~ 2022-02-20,2022-02-16,1167,10,682
녹사평역,2022-03-31,2022-01-02 ~ 2022-02-20,2022-02-17,1179,12,694
녹사평역,2022-03-31,2022-01-02 ~ 2022-02-20,2022-02-18,1189,10,704
녹사평역,2022-03-31,2022-01-02 ~ 2022-02-20,2022-02-19,1200,11,715
녹사평역,2022-03-31,2022-01-02 ~ 2022-02-20,2022-02-20,1214,14,729
녹사평역,2022-03-31,2022-01-02 ~ 2022-02-20,2022-02-21,1225,11,740
녹사평역,2022-05-31,2022-02-21 ~ 2022-04-20,2022-02-22,1236,11,11
녹사평역,2022-05-31,2022-02-21 ~ 2022-04-20,2022-02-23,1249,13,24
녹사평역,2022-05-31,2022-02-21 ~ 2022-04-20,2022-02-24,1262,13,37
녹사평역,2022-05-31,2022-02-21 ~ 2022-04-20,2022-02-25,1274,12,49
녹사평역,2022-05-31,2022-02-21 ~ 2022-04-20,2022-02-26,1290,16,65
녹사평역,2022-05-31,2022-02-21 ~ 2022-04-20,2022-02-27,1308,18,83
녹사평역,2022-05-31,2022-02-21 ~ 2022-04-20,2022-02-28,1325,17,100
녹사평역,2022-05-31,2022-02-21 ~ 2022-04-20,2022-03-01,1340,15,115
녹사평역,2022-05-31,2022-02-21 ~ 2022-04-20,2022-03-02,1357,17,132
녹사평역,2022-05-31,2022-02-21 ~ 2022-04-20,2022-03-03,1372,15,147
녹사평역,2022-05-31,2022-02-21 ~ 2022-04-20,2022-03-04,1386,14,161
녹사평역,2022-05-31,2022-02-21 ~ 2022-04-20,2022-03-05,1396,10,171
녹사평역,2022-05-31,2022-02-21 ~ 2022-04-20,2022-03-06,1411,15,186
녹사평역,2022-05-31,2022-02-21 ~ 2022-04-20,2022-03-07,1423,12,198
녹사평역,2022-05-31,2022-02-21 ~ 2022-04-20,2022-03-08,1434,11,209
녹사평역,2022-05-31,2022-02-21 ~ 2022-04-20,2022-03-09,1445,11,220
녹사평역,2022-05-31,2022-02-21 ~ 2022-04-20,2022-03-10,1458,13,233
녹사평역,2022-05-31,2022-02-21 ~ 2022-04-20,2022-03-11,1468,10,243
녹사평역,2022-05-31,2022-02-21 ~ 2022-04-20,2022-03-12,1480,12,255
녹사평역,2022-05-31,2022-02-21 ~ 2022-04-20,2022-03-13,1498,18,273
녹사평역,2022-05-31,2022-02-21 ~ 2022-04-20,2022-03-14,1509,11,284
녹사평역,2022-05-31,2022-02-21 ~ 2022-04-20,2022-03-15,1518,9,293
녹사평역,2022-05-31,2022-02-21 ~ 2022-04-20,2022-03-16,1530,12,305
녹사평역,2022-05-31,2022-02-21 ~ 2022-04-20,2022-03-17,1542,12,317
녹사평역,2022-05-31,2022-02-21 ~ 2022-04-20,2022-03-18,1553,11,328
녹사평역,2022-05-31,2022-02-21 ~ 2022-04-20,2022-03-19,1566,13,341
녹사평역,2022-05-31,2022-02-21 ~ 2022-04-20,2022-03-20,1579,13,354
녹사평역,2022-05-31,2022-02-21 ~ 2022-04-20,2022-03-21,1593,14,368
녹사평역,2022-05-31,2022-02-21 ~ 2022-04-20,2022-03-22,1603,10,378
녹사평역,2022-05-31,2022-02-21 ~ 2022-04-20,2022-03-23,1613,10,388
녹사평역,2022-05-31,2022-02-21 ~ 2022-04-20,2022-03-24,1626,13,401
녹사평역,2022-05-31,2022-02-21 ~ 2022-04-20,2022-03-25,1636,10,411
녹사평역,2022-05-31,2022-02-21 ~ 2022-04-20,2022-03-26,1648,12,423
녹사평역,2022-05-31,2022-02-21 ~ 2022-04-20,2022-03-27,1665,17,440
녹사평역,2022-05-31,2022-02-21 ~ 2022-04-20,2022-03-28,1679,14,454
녹사평역,2022-05-31,2022-02-21 ~ 2022-04-20,2022-03-29,1690,11,465
녹사평역,2022-05-31,2022-02-21 ~ 2022-04-20,2022-03-30,1700,10,475
녹사평역,2022-05-31,2022-02-21 ~ 2022-04-20,2022-03-31,1712,12,487
녹사평역,2022-05-31,2022-02-21 ~ 2022-04-20,2022-04-01,1723,11,498
녹사평역,2022-05-31,2022-02-21 ~ 2022-04-20,2022-04-02,1736,13,511
녹사평역,2022-05-31,2022-02-21 ~ 2022-04-20,2022-04-03,1756,20,531
녹사평역,2022-05-31,2022-02-21 ~ 2022-04-20,2022-04-04,1772,16,547
녹사평역,2022-05-31,2022-02-21 ~ 2022-04-20,2022-04-05,1783,11,558
녹사평역,2022-05-31,2022-02-21 ~ 2022-04-20,2022-04-06,1795,12,570
녹사평역,2022-05-31,2022-02-21 ~ 2022-04-20,2022-04-07,1806,11,581
녹사평역,2022-05-31,2022-02-21 ~ 2022-04-20,2022-04-08,1820,14,595
녹사평역,2022-05-31,2022-02-21 ~ 2022-04-20,2022-04-09,1835,15,610
녹사평역,2022-05-31,2022-02-21 ~ 2022-04-20,2022-04-10,1856,21,631
녹사평역,2022-05-31,2022-02-21 ~ 2022-04-20,2022-04-11,1873,17,648
녹사평역,2022-05-31,2022-02-21 ~ 2022-04-20,2022-04-12,1885,12,660
녹사평역,2022-05-31,2022-02-21 ~ 2022-04-20,2022-04-13,1896,11,671
녹사평역,2022-05-31,2022-02-21 ~ 2022-04-20,2022-04-14,1907,11,682
녹사평역,2022-05-31,2022-02-21 ~ 2022-04-20,2022-04-15,1921,14,696
녹사평역,2022-05-31,2022-02-21 ~ 2022-04-20,2022-04-16,1936,15,711
녹사평역,2022-05-31,2022-02-21 ~ 2022-04-20,2022-04-17,1958,22,733
녹사평역,2022-05-31,2022-02-21 ~ 2022-04-20,2022-04-18,1975,17,750
녹사평역,2022-05-31,2022-02-21 ~ 2022-04-20,2022-04-19,1988,13,763
녹사평역,2022-05-31,2022-02-21 ~ 2022-04-20,2022-04-20,2002,14,777
녹사평역,2022-05-31,2022-02-21 ~ 2022-04-20,2022-04-21,2014,12,789
녹사평역,2022-07-31,2022-04-21 ~ 2022-06-20,2022-04-22,2028,14,14
녹사평역,2022-07-31,2022-04-21 ~ 2022-06-20,2022-04-23,2043,15,29
녹사평역,2022-07-31,2022-04-21 ~ 2022-06-20,2022-04-24,2066,23,52
녹사평역,2022-07-31,2022-04-21 ~ 2022-06-20,2022-04-25,2083,17,69
녹사평역,2022-07-31,2022-04-21 ~ 2022-06-20,2022-04-26,2096,13,82
녹사평역,2022-07-31,2022-04-21 ~ 2022-06-20,2022-04-27,2109,13,95
녹사평역,2022-07-31,2022-04-21 ~ 2022-06-20,2022-04-28,2125,16,111
녹사평역,2022-07-31,2022-04-21 ~ 2022-06-20,2022-04-29,2139,14,125
녹사평역,2022-07-31,2022-04-21 ~ 2022-06-20,2022-04-30,2153,14,139
녹사평역,2022-07-31,2022-04-21 ~ 2022-06-20,2022-05-01,2178,25,164
녹사평역,2022-07-31,2022-04-21 ~ 2022-06-20,2022-05-02,2198,20,184
녹사평역,2022-07-31,2022-04-21 ~ 2022-06-20,2022-05-03,2213,15,199
녹사평역,2022-07-31,2022-04-21 ~ 2022-06-20,2022-05-04,2227,14,213
녹사평역,2022-07-31,2022-04-21 ~ 2022-06-20,2022-05-05,2241,14,227
녹사평역,2022-07-31,2022-04-21 ~ 2022-06-20,2022-05-06,2264,23,250
녹사평역,2022-07-31,2022-04-21 ~ 2022-06-20,2022-05-07,2284,20,270
녹사평역,2022-07-31,2022-04-21 ~ 2022-06-20,2022-05-08,2308,24,294
녹사평역,2022-07-31,2022-04-21 ~ 2022-06-20,2022-05-09,2322,14,308
녹사평역,2022-07-31,2022-04-21 ~ 2022-06-20,2022-05-10,2338,16,324
녹사평역,2022-07-31,2022-04-21 ~ 2022-06-20,2022-05-11,2353,15,339
녹사평역,2022-07-31,2022-04-21 ~ 2022-06-20,2022-05-12,2368,15,354
녹사평역,2022-07-31,2022-04-21 ~ 2022-06-20,2022-05-13,2381,13,367
녹사평역,2022-07-31,2022-04-21 ~ 2022-06-20,2022-05-14,2399,18,385
녹사평역,2022-07-31,2022-04-21 ~ 2022-06-20,2022-05-15,2428,29,414
녹사평역,2022-07-31,2022-04-21 ~ 2022-06-20,2022-05-16,2449,21,435
녹사평역,2022-07-31,2022-04-21 ~ 2022-06-20,2022-05-17,2462,13,448
녹사평역,2022-07-31,2022-04-21 ~ 2022-06-20,2022-05-18,2479,17,465
녹사평역,2022-07-31,2022-04-21 ~ 2022-06-20,2022-05-19,2495,16,481
녹사평역,2022-07-31,2022-04-21 ~ 2022-06-20,2022-05-20,2512,17,498
녹사평역,2022-07-31,2022-04-21 ~ 2022-06-20,2022-05-21,2531,19,517
녹사평역,2022-07-31,2022-04-21 ~ 2022-06-20,2022-05-22,2564,33,550
녹사평역,2022-07-31,2022-04-21 ~ 2022-06-20,2022-05-23,2586,22,572
녹사평역,2022-07-31,2022-04-21 ~ 2022-06-20,2022-05-24,2604,18,590
녹사평역,2022-07-31,2022-04-21 ~ 2022-06-20,2022-05-25,2619,15,605
녹사평역,2022-07-31,2022-04-21 ~ 2022-06-20,2022-05-26,2634,15,620
녹사평역,2022-07-31,2022-04-21 ~ 2022-06-20,2022-05-27,2650,16,636
녹사평역,2022-07-31,2022-04-21 ~ 2022-06-20,2022-05-28,2671,21,657
녹사평역,2022-07-31,2022-04-21 ~ 2022-06-20,2022-05-29,2698,27,684
녹사평역,2022-07-31,2022-04-21 ~ 2022-06-20,2022-05-30,2720,22,706
녹사평역,2022-07-31,2022-04-21 ~ 2022-06-20,2022-05-31,2734,14,720
녹사평역,2022-07-31,2022-04-21 ~ 2022-06-20,2022-06-01,2749,15,735
녹사평역,2022-07-31,2022-04-21 ~ 2022-06-20,2022-06-02,2769,20,755
녹사평역,2022-07-31,2022-04-21 ~ 2022-06-20,2022-06-03,2784,15,770
녹사평역,2022-07-31,2022-04-21 ~ 2022-06-20,2022-06-04,2800,16,786
녹사평역,2022-07-31,2022-04-21 ~ 2022-06-20,2022-06-05,2824,24,810
녹사평역,2022-07-31,2022-04-21 ~ 2022-06-20,2022-06-06,2845,21,831
녹사평역,2022-07-31,2022-04-21 ~ 2022-06-20,2022-06-07,2861,16,847
녹사평역,2022-07-31,2022-04-21 ~ 2022-06-20,2022-06-08,2875,14,861
녹사평역,2022-07-31,2022-04-21 ~ 2022-06-20,2022-06-09,2890,15,876
녹사평역,2022-07-31,2022-04-21 ~ 2022-06-20,2022-06-10,2908,18,894
녹사평역,2022-07-31,2022-04-21 ~ 2022-06-20,2022-06-11,2926,18,912
녹사평역,2022-07-31,2022-04-21 ~ 2022-06-20,2022-06-12,2951,25,937
녹사평역,2022-07-31,2022-04-21 ~ 2022-06-20,2022-06-13,2970,19,956
녹사평역,2022-07-31,2022-04-21 ~ 2022-06-20,2022-06-14,2982,12,968
녹사평역,2022-07-31,2022-04-21 ~ 2022-06-20,2022-06-15,2996,14,982
녹사평역,2022-07-31,2022-04-21 ~ 2022-06-20,2022-06-16,3008,12,994
녹사평역,2022-07-31,2022-04-21 ~ 2022-06-20,2022-06-17,3023,15,1009
녹사평역,2022-07-31,2022-04-21 ~ 2022-06-20,2022-06-18,3040,17,1026
녹사평역,2022-07-31,2022-04-21 ~ 2022-06-20,2022-06-19,3066,26,1052
녹사평역,2022-07-31,2022-04-21 ~ 2022-06-20,2022-06-20,3087,21,1073
녹사평역,2022-07-31,2022-04-21 ~ 2022-06-20,2022-06-21,3101,14,1087
녹사평역,2022-09-30,2022-06-21 ~ 2022-08-20,2022-06-22,3116,15,15
녹사평역,2022-09-30,2022-06-21 ~ 2022-08-20,2022-06-23,3133,17,32
녹사평역,2022-09-30,2022-06-21 ~ 2022-08-20,2022-06-24,3145,12,44
녹사평역,2022-09-30,2022-06-21 ~ 2022-08-20,2022-06-25,3165,20,64
녹사평역,2022-09-30,2022-06-21 ~ 2022-08-20,2022-06-26,3189,24,88
녹사평역,2022-09-30,2022-06-21 ~ 2022-08-20,2022-06-27,3204,15,103
녹사평역,2022-09-30,2022-06-21 ~ 2022-08-20,2022-06-28,3216,12,115
녹사평역,2022-09-30,2022-06-21 ~ 2022-08-20,2022-06-29,3228,12,127
녹사평역,2022-09-30,2022-06-21 ~ 2022-08-20,2022-06-30,3241,13,140
녹사평역,2022-09-30,2022-06-21 ~ 2022-08-20,2022-07-01,3252,11,151
녹사평역,2022-09-30,2022-06-21 ~ 2022-08-20,2022-07-02,3268,16,167
녹사평역,2022-09-30,2022-06-21 ~ 2022-08-20,2022-07-03,3294,26,193
녹사평역,2022-09-30,2022-06-21 ~ 2022-08-20,2022-07-04,3310,16,209
녹사평역,2022-09-30,2022-06-21 ~ 2022-08-20,2022-07-05,3323,13,222
녹사평역,2022-09-30,2022-06-21 ~ 2022-08-20,2022-07-06,3337,14,236
녹사평역,2022-09-30,2022-06-21 ~ 2022-08-20,2022-07-07,3350,13,249
녹사평역,2022-09-30,2022-06-21 ~ 2022-08-20,2022-07-08,3363,13,262
녹사평역,2022-09-30,2022-06-21 ~ 2022-08-20,2022-07-09,3383,20,282
녹사평역,2022-09-30,2022-06-21 ~ 2022-08-20,2022-07-10,3405,22,304
녹사평역,2022-09-30,2022-06-21 ~ 2022-08-20,2022-07-11,3420,15,319
녹사평역,2022-09-30,2022-06-21 ~ 2022-08-20,2022-07-12,3430,10,329
녹사평역,2022-09-30,2022-06-21 ~ 2022-08-20,2022-07-13,3444,14,343
녹사평역,2022-09-30,2022-06-21 ~ 2022-08-20,2022-07-14,3457,13,356
녹사평역,2022-09-30,2022-06-21 ~ 2022-08-20,2022-07-15,3470,13,369
녹사평역,2022-09-30,2022-06-21 ~ 2022-08-20,2022-07-16,3488,18,387
녹사평역,2022-09-30,2022-06-21 ~ 2022-08-20,2022-07-17,3511,23,410
녹사평역,2022-09-30,2022-06-21 ~ 2022-08-20,2022-07-18,3526,15,425
녹사평역,2022-09-30,2022-06-21 ~ 2022-08-20,2022-07-19,3542,16,441
녹사평역,2022-09-30,2022-06-21 ~ 2022-08-20,2022-07-20,3557,15,456
녹사평역,2022-09-30,2022-06-21 ~ 2022-08-20,2022-07-21,3573,16,472
녹사평역,2022-09-30,2022-06-21 ~ 2022-08-20,2022-07-22,3589,16,488
녹사평역,2022-09-30,2022-06-21 ~ 2022-08-20,2022-07-23,3607,18,506
녹사평역,2022-09-30,2022-06-21 ~ 2022-08-20,2022-07-24,3630,23,529
녹사평역,2022-09-30,2022-06-21 ~ 2022-08-20,2022-07-25,3648,18,547
녹사평역,2022-09-30,2022-06-21 ~ 2022-08-20,2022-07-26,3663,15,562
녹사평역,2022-09-30,2022-06-21 ~ 2022-08-20,2022-07-27,3680,17,579
녹사평역,2022-09-30,2022-06-21 ~ 2022-08-20,2022-07-28,3697,17,596
녹사평역,2022-09-30,2022-06-21 ~ 2022-08-20,2022-07-29,3712,15,611
녹사평역,2022-09-30,2022-06-21 ~ 2022-08-20,2022-07-30,3729,17,628
녹사평역,2022-09-30,2022-06-21 ~ 2022-08-20,2022-07-31,3748,19,647
녹사평역,2022-09-30,2022-06-21 ~ 2022-08-20,2022-08-01,3765,17,664
녹사평역,2022-09-30,2022-06-21 ~ 2022-08-20,2022-08-02,3781,16,680
녹사평역,2022-09-30,2022-06-21 ~ 2022-08-20,2022-08-03,3796,15,695
녹사평역,2022-09-30,2022-06-21 ~ 2022-08-20,2022-08-04,3811,15,710
녹사평역,2022-09-30,2022-06-21 ~ 2022-08-20,2022-08-05,3828,17,727
녹사평역,2022-09-30,2022-06-21 ~ 2022-08-20,2022-08-06,3844,16,743
녹사평역,2022-09-30,2022-06-21 ~ 2022-08-20,2022-08-07,3863,19,762
녹사평역,2022-09-30,2022-06-21 ~ 2022-08-20,2022-08-08,3882,19,781
녹사평역,2022-09-30,2022-06-21 ~ 2022-08-20,2022-08-09,3896,14,795
녹사평역,2022-09-30,2022-06-21 ~ 2022-08-20,2022-08-10,3911,15,810
녹사평역,2022-09-30,2022-06-21 ~ 2022-08-20,2022-08-11,3928,17,827
녹사평역,2022-09-30,2022-06-21 ~ 2022-08-20,2022-08-12,3944,16,843
녹사평역,2022-09-30,2022-06-21 ~ 2022-08-20,2022-08-13,3960,16,859
녹사평역,2022-09-30,2022-06-21 ~ 2022-08-20,2022-08-14,3980,20,879
녹사평역,2022-09-30,2022-06-21 ~ 2022-08-20,2022-08-15,3996,16,895
녹사평역,2022-09-30,2022-06-21 ~ 2022-08-20,2022-08-16,4009,13,908
녹사평역,2022-09-30,2022-06-21 ~ 2022-08-20,2022-08-17,4025,16,924
녹사평역,2022-09-30,2022-06-21 ~ 2022-08-20,2022-08-18,4040,15,939
녹사평역,2022-09-30,2022-06-21 ~ 2022-08-20,2022-08-19,4059,19,958
녹사평역,2022-09-30,2022-06-21 ~ 2022-08-20,2022-08-20,4076,17,975
녹사평역,2022-09-30,2022-06-21 ~ 2022-08-20,2022-08-21,4099,23,998
녹사평역,2022-11-30,2022-08-21 ~ 2022-10-20,2022-08-22,4117,18,18
녹사평역,2022-11-30,2022-08-21 ~ 2022-10-20,2022-08-23,4132,15,33
녹사평역,2022-11-30,2022-08-21 ~ 2022-10-20,2022-08-24,4148,16,49
녹사평역,2022-11-30,2022-08-21 ~ 2022-10-20,2022-08-25,4165,17,66
녹사평역,2022-11-30,2022-08-21 ~ 2022-10-20,2022-08-26,4181,16,82
녹사평역,2022-11-30,2022-08-21 ~ 2022-10-20,2022-08-27,4202,21,103
녹사평역,2022-11-30,2022-08-21 ~ 2022-10-20,2022-08-28,4233,31,134
녹사평역,2022-11-30,2022-08-21 ~ 2022-10-20,2022-08-29,4254,21,155
녹사평역,2022-11-30,2022-08-21 ~ 2022-10-20,2022-08-30,4270,16,171
녹사평역,2022-11-30,2022-08-21 ~ 2022-10-20,2022-08-31,4284,14,185
녹사평역,2022-11-30,2022-08-21 ~ 2022-10-20,2022-09-01,4299,15,200
녹사평역,2022-11-30,2022-08-21 ~ 2022-10-20,2022-09-02,4317,18,218
녹사평역,2022-11-30,2022-08-21 ~ 2022-10-20,2022-09-03,4340,23,241
녹사평역,2022-11-30,2022-08-21 ~ 2022-10-20,2022-09-04,4367,27,268
녹사평역,2022-11-30,2022-08-21 ~ 2022-10-20,2022-09-05,4380,13,281
녹사평역,2022-11-30,2022-08-21 ~ 2022-10-20,2022-09-06,4391,11,292
녹사평역,2022-11-30,2022-08-21 ~ 2022-10-20,2022-09-07,4405,14,306
녹사평역,2022-11-30,2022-08-21 ~ 2022-10-20,2022-09-08,4424,19,325
녹사평역,2022-11-30,2022-08-21 ~ 2022-10-20,2022-09-09,4441,17,342
녹사평역,2022-11-30,2022-08-21 ~ 2022-10-20,2022-09-10,4460,19,361
녹사평역,2022-11-30,2022-08-21 ~ 2022-10-20,2022-09-11,4474,14,375
녹사평역,2022-11-30,2022-08-21 ~ 2022-10-20,2022-09-12,4491,17,392
녹사평역,2022-11-30,2022-08-21 ~ 2022-10-20,2022-09-13,4508,17,409
녹사평역,2022-11-30,2022-08-21 ~ 2022-10-20,2022-09-14,4521,13,422
녹사평역,2022-11-30,2022-08-21 ~ 2022-10-20,2022-09-15,4536,15,437
녹사평역,2022-11-30,2022-08-21 ~ 2022-10-20,2022-09-16,4551,15,452
녹사평역,2022-11-30,2022-08-21 ~ 2022-10-20,2022-09-17,4568,17,469
녹사평역,2022-11-30,2022-08-21 ~ 2022-10-20,2022-09-18,4594,26,495
녹사평역,2022-11-30,2022-08-21 ~ 2022-10-20,2022-09-19,4618,24,519
녹사평역,2022-11-30,2022-08-21 ~ 2022-10-20,2022-09-20,4632,14,533
녹사평역,2022-11-30,2022-08-21 ~ 2022-10-20,2022-09-21,4652,20,553
녹사평역,2022-11-30,2022-08-21 ~ 2022-10-20,2022-09-22,4668,16,569
녹사평역,2022-11-30,2022-08-21 ~ 2022-10-20,2022-09-23,4684,16,585
녹사평역,2022-11-30,2022-08-21 ~ 2022-10-20,2022-09-24,4704,20,605
녹사평역,2022-11-30,2022-08-21 ~ 2022-10-20,2022-09-25,4734,30,635
녹사평역,2022-11-30,2022-08-21 ~ 2022-10-20,2022-09-26,4755,21,656
녹사평역,2022-11-30,2022-08-21 ~ 2022-10-20,2022-09-27,4769,14,670
녹사평역,2022-11-30,2022-08-21 ~ 2022-10-20,2022-09-28,4785,16,686
녹사평역,2022-11-30,2022-08-21 ~ 2022-10-20,2022-09-29,4801,16,702
녹사평역,2022-11-30,2022-08-21 ~ 2022-10-20,2022-09-30,4816,15,717
녹사평역,2022-11-30,2022-08-21 ~ 2022-10-20,2022-10-01,4835,19,736
녹사평역,2022-11-30,2022-08-21 ~ 2022-10-20,2022-10-02,4860,25,761
녹사평역,2022-11-30,2022-08-21 ~ 2022-10-20,2022-10-03,4882,22,783
녹사평역,2022-11-30,2022-08-21 ~ 2022-10-20,2022-10-04,4895,13,796
녹사평역,2022-11-30,2022-08-21 ~ 2022-10-20,2022-10-05,4910,15,811
녹사평역,2022-11-30,2022-08-21 ~ 2022-10-20,2022-10-06,4927,17,828
녹사평역,2022-11-30,2022-08-21 ~ 2022-10-20,2022-10-07,4942,15,843
녹사평역,2022-11-30,2022-08-21 ~ 2022-10-20,2022-10-08,4963,21,864
녹사평역,2022-11-30,2022-08-21 ~ 2022-10-20,2022-10-09,4994,31,895
녹사평역,2022-11-30,2022-08-21 ~ 2022-10-20,2022-10-10,5011,17,912
녹사평역,2022-11-30,2022-08-21 ~ 2022-10-20,2022-10-11,5027,16,928
녹사평역,2022-11-30,2022-08-21 ~ 2022-10-20,2022-10-12,5041,14,942
녹사평역,2022-11-30,2022-08-21 ~ 2022-10-20,2022-10-13,5056,15,957
녹사평역,2022-11-30,2022-08-21 ~ 2022-10-20,2022-10-14,5073,17,974
녹사평역,2022-11-30,2022-08-21 ~ 2022-10-20,2022-10-15,5091,18,992
녹사평역,2022-11-30,2022-08-21 ~ 2022-10-20,2022-10-16,5135,44,1036
녹사평역,2022-11-30,2022-08-21 ~ 2022-10-20,2022-10-17,5166,31,1067
녹사평역,2022-11-30,2022-08-21 ~ 2022-10-20,2022-10-18,5181,15,1082
녹사평역,2022-11-30,2022-08-21 ~ 2022-10-20,2022-10-19,5197,16,1098
녹사평역,2022-11-30,2022-08-21 ~ 2022-10-20,2022-10-20,5214,17,1115
녹사평역,2022-11-30,2022-08-21 ~ 2022-10-20,2022-10-21,5230,16,1131
녹사평역,2023-01-31,2022-10-21 ~ 2022-12-20,2022-10-22,5248,18,20
녹사평역,2023-01-31,2022-10-21 ~ 2022-12-20,2022-10-23,5277,29,49
녹사평역,2023-01-31,2022-10-21 ~ 2022-12-20,2022-10-24,5297,20,69
녹사평역,2023-01-31,2022-10-21 ~ 2022-12-20,2022-10-25,5313,16,85
녹사평역,2023-01-31,2022-10-21 ~ 2022-12-20,2022-10-26,5328,15,100
녹사평역,2023-01-31,2022-10-21 ~ 2022-12-20,2022-10-27,5343,15,115
녹사평역,2023-01-31,2022-10-21 ~ 2022-12-20,2022-10-28,5359,16,131
녹사평역,2023-01-31,2022-10-21 ~ 2022-12-20,2022-10-29,5383,24,155
녹사평역,2023-01-31,2022-10-21 ~ 2022-12-20,2022-10-30,5427,44,199
녹사평역,2023-01-31,2022-10-21 ~ 2022-12-20,2022-10-31,5448,21,220
녹사평역,2023-01-31,2022-10-21 ~ 2022-12-20,2022-11-01,5465,17,237
녹사평역,2023-01-31,2022-10-21 ~ 2022-12-20,2022-11-02,5481,16,253
녹사평역,2023-01-31,2022-10-21 ~ 2022-12-20,2022-11-03,5498,17,270
녹사평역,2023-01-31,2022-10-21 ~ 2022-12-20,2022-11-04,5515,17,287
녹사평역,2023-01-31,2022-10-21 ~ 2022-12-20,2022-11-05,5532,17,304
녹사평역,2023-01-31,2022-10-21 ~ 2022-12-20,2022-11-06,5551,19,323
녹사평역,2023-01-31,2022-10-21 ~ 2022-12-20,2022-11-07,5566,15,338
녹사평역,2023-01-31,2022-10-21 ~ 2022-12-20,2022-11-08,5581,15,353
녹사평역,2023-01-31,2022-10-21 ~ 2022-12-20,2022-11-09,5595,14,367
녹사평역,2023-01-31,2022-10-21 ~ 2022-12-20,2022-11-10,5612,17,384
녹사평역,2023-01-31,2022-10-21 ~ 2022-12-20,2022-11-11,5626,14,398
녹사평역,2023-01-31,2022-10-21 ~ 2022-12-20,2022-11-12,5642,16,414
녹사평역,2023-01-31,2022-10-21 ~ 2022-12-20,2022-11-13,5658,16,430
녹사평역,2023-01-31,2022-10-21 ~ 2022-12-20,2022-11-14,5673,15,445
녹사평역,2023-01-31,2022-10-21 ~ 2022-12-20,2022-11-15,5686,13,458
녹사평역,2023-01-31,2022-10-21 ~ 2022-12-20,2022-11-16,5700,14,472
녹사평역,2023-01-31,2022-10-21 ~ 2022-12-20,2022-11-17,5713,13,485
녹사평역,2023-01-31,2022-10-21 ~ 2022-12-20,2022-11-18,5726,13,498
녹사평역,2023-01-31,2022-10-21 ~ 2022-12-20,2022-11-19,5743,17,515
녹사평역,2023-01-31,2022-10-21 ~ 2022-12-20,2022-11-20,5769,26,541
녹사평역,2023-01-31,2022-10-21 ~ 2022-12-20,2022-11-21,5785,16,557
녹사평역,2023-01-31,2022-10-21 ~ 2022-12-20,2022-11-22,5799,14,571
녹사평역,2023-01-31,2022-10-21 ~ 2022-12-20,2022-11-23,5812,13,584
녹사평역,2023-01-31,2022-10-21 ~ 2022-12-20,2022-11-24,5827,15,599
녹사평역,2023-01-31,2022-10-21 ~ 2022-12-20,2022-11-25,5842,15,614
녹사평역,2023-01-31,2022-10-21 ~ 2022-12-20,2022-11-26,5858,16,630
녹사평역,2023-01-31,2022-10-21 ~ 2022-12-20,2022-11-27,5876,18,648
녹사평역,2023-01-31,2022-10-21 ~ 2022-12-20,2022-11-28,5891,15,663
녹사평역,2023-01-31,2022-10-21 ~ 2022-12-20,2022-11-29,5902,11,674
녹사평역,2023-01-31,2022-10-21 ~ 2022-12-20,2022-11-30,5914,12,686
녹사평역,2023-01-31,2022-10-21 ~ 2022-12-20,2022-12-01,5922,8,694
녹사평역,2023-01-31,2022-10-21 ~ 2022-12-20,2022-12-02,5938,16,710
녹사평역,2023-01-31,2022-10-21 ~ 2022-12-20,2022-12-03,5952,14,724
녹사평역,2023-01-31,2022-10-21 ~ 2022-12-20,2022-12-04,5969,17,741
녹사평역,2023-01-31,2022-10-21 ~ 2022-12-20,2022-12-05,5981,12,753
녹사평역,2023-01-31,2022-10-21 ~ 2022-12-20,2022-12-06,5992,11,764
녹사평역,2023-01-31,2022-10-21 ~ 2022-12-20,2022-12-07,6005,13,777
녹사평역,2023-01-31,2022-10-21 ~ 2022-12-20,2022-12-08,6019,14,791
녹사평역,2023-01-31,2022-10-21 ~ 2022-12-20,2022-12-09,6032,13,804
녹사평역,2023-01-31,2022-10-21 ~ 2022-12-20,2022-12-10,6050,18,822
녹사평역,2023-01-31,2022-10-21 ~ 2022-12-20,2022-12-11,6066,16,838
녹사평역,2023-01-31,2022-10-21 ~ 2022-12-20,2022-12-12,6078,12,850
녹사평역,2023-01-31,2022-10-21 ~ 2022-12-20,2022-12-13,6089,11,861
녹사평역,2023-01-31,2022-10-21 ~ 2022-12-20,2022-12-14,6102,13,874
녹사평역,2023-01-31,2022-10-21 ~ 2022-12-20,2022-12-15,6113,11,885
녹사평역,2023-01-31,2022-10-21 ~ 2022-12-20,2022-12-16,6127,14,899
녹사평역,2023-01-31,2022-10-21 ~ 2022-12-20,2022-12-17,6154,27,926
녹사평역,2023-01-31,2022-10-21 ~ 2022-12-20,2022-12-18,6174,20,946
녹사평역,2023-01-31,2022-10-21 ~ 2022-12-20,2022-12-19,6187,13,959
녹사평역,2023-01-31,2022-10-21 ~ 2022-12-20,2022-12-20,6198,11,970
녹사평역,2023-01-31,2022-10-21 ~ 2022-12-20,2022-12-21,6210,12,982
녹사평역,2023-03-31,2022-12-21 ~ 2023-02-20,2022-12-22,6224,14,15
녹사평역,2023-03-31,2022-12-21 ~ 2023-02-20,2022-12-23,6237,13,28
녹사평역,2023-03-31,2022-12-21 ~ 2023-02-20,2022-12-24,6251,14,42
녹사평역,2023-03-31,2022-12-21 ~ 2023-02-20,2022-12-25,6267,16,58
녹사평역,2023-03-31,2022-12-21 ~ 2023-02-20,2022-12-26,6285,18,76
녹사평역,2023-03-31,2022-12-21 ~ 2023-02-20,2022-12-27,6297,12,88
녹사평역,2023-03-31,2022-12-21 ~ 2023-02-20,2022-12-28,6310,13,101
녹사평역,2023-03-31,2022-12-21 ~ 2023-02-20,2022-12-29,6324,14,115
녹사평역,2023-03-31,2022-12-21 ~ 2023-02-20,2022-12-30,6338,14,129
녹사평역,2023-03-31,2022-12-21 ~ 2023-02-20,2022-12-31,6356,18,147
녹사평역,2023-03-31,2022-12-21 ~ 2023-02-20,2023-01-01,6372,16,163
녹사평역,2023-03-31,2022-12-21 ~ 2023-02-20,2023-01-02,6383,11,174
녹사평역,2023-03-31,2022-12-21 ~ 2023-02-20,2023-01-03,6394,11,185
녹사평역,2023-03-31,2022-12-21 ~ 2023-02-20,2023-01-04,6406,12,197
녹사평역,2023-03-31,2022-12-21 ~ 2023-02-20,2023-01-05,6417,11,208
녹사평역,2023-03-31,2022-12-21 ~ 2023-02-20,2023-01-06,6430,13,221
녹사평역,2023-03-31,2022-12-21 ~ 2023-02-20,2023-01-07,6443,13,234
녹사평역,2023-03-31,2022-12-21 ~ 2023-02-20,2023-01-08,6462,19,253
녹사평역,2023-03-31,2022-12-21 ~ 2023-02-20,2023-01-09,6475,13,266
녹사평역,2023-03-31,2022-12-21 ~ 2023-02-20,2023-01-10,6489,14,280
녹사평역,2023-03-31,2022-12-21 ~ 2023-02-20,2023-01-11,6502,13,293
녹사평역,2023-03-31,2022-12-21 ~ 2023-02-20,2023-01-12,6515,13,306
녹사평역,2023-03-31,2022-12-21 ~ 2023-02-20,2023-01-13,6528,13,319
녹사평역,2023-03-31,2022-12-21 ~ 2023-02-20,2023-01-14,6542,14,333
녹사평역,2023-03-31,2022-12-21 ~ 2023-02-20,2023-01-15,6560,18,351
녹사평역,2023-03-31,2022-12-21 ~ 2023-02-20,2023-01-16,6572,12,363
녹사평역,2023-03-31,2022-12-21 ~ 2023-02-20,2023-01-17,6584,12,375
녹사평역,2023-03-31,2022-12-21 ~ 2023-02-20,2023-01-18,6597,13,388
녹사평역,2023-03-31,2022-12-21 ~ 2023-02-20,2023-01-19,6611,14,402
녹사평역,2023-03-31,2022-12-21 ~ 2023-02-20,2023-01-20,6624,13,415
녹사평역,2023-03-31,2022-12-21 ~ 2023-02-20,2023-01-21,6637,13,428
녹사평역,2023-03-31,2022-12-21 ~ 2023-02-20,2023-01-22,6648,11,439
녹사평역,2023-03-31,2022-12-21 ~ 2023-02-20,2023-01-23,6658,10,449
녹사평역,2023-03-31,2022-12-21 ~ 2023-02-20,2023-01-24,6669,11,460
녹사평역,2023-03-31,2022-12-21 ~ 2023-02-20,2023-01-25,6676,7,467
녹사평역,2023-03-31,2022-12-21 ~ 2023-02-20,2023-01-26,6686,10,477
녹사평역,2023-03-31,2022-12-21 ~ 2023-02-20,2023-01-27,6697,11,488
녹사평역,2023-03-31,2022-12-21 ~ 2023-02-20,2023-01-28,6710,13,501
녹사평역,2023-03-31,2022-12-21 ~ 2023-02-20,2023-01-29,6725,15,516
녹사평역,2023-03-31,2022-12-21 ~ 2023-02-20,2023-01-30,6738,13,529
녹사평역,2023-03-31,2022-12-21 ~ 2023-02-20,2023-01-31,6749,11,540
녹사평역,2023-03-31,2022-12-21 ~ 2023-02-20,2023-02-01,6762,13,553
녹사평역,2023-03-31,2022-12-21 ~ 2023-02-20,2023-02-02,6776,14,567
녹사평역,2023-03-31,2022-12-21 ~ 2023-02-20,2023-02-03,6789,13,580
녹사평역,2023-03-31,2022-12-21 ~ 2023-02-20,2023-02-04,6804,15,595
녹사평역,2023-03-31,2022-12-21 ~ 2023-02-20,2023-02-05,6825,21,616
녹사평역,2023-03-31,2022-12-21 ~ 2023-02-20,2023-02-06,6840,15,631
녹사평역,2023-03-31,2022-12-21 ~ 2023-02-20,2023-02-07,6850,10,641
녹사평역,2023-03-31,2022-12-21 ~ 2023-02-20,2023-02-08,6866,16,657
녹사평역,2023-03-31,2022-12-21 ~ 2023-02-20,2023-02-09,6879,13,670
녹사평역,2023-03-31,2022-12-21 ~ 2023-02-20,2023-02-10,6895,16,686
녹사평역,2023-03-31,2022-12-21 ~ 2023-02-20,2023-02-11,6909,14,700
녹사평역,2023-03-31,2022-12-21 ~ 2023-02-20,2023-02-12,6928,19,719
녹사평역,2023-03-31,2022-12-21 ~ 2023-02-20,2023-02-13,6942,14,733
녹사평역,2023-03-31,2022-12-21 ~ 2023-02-20,2023-02-14,6953,11,744
녹사평역,2023-03-31,2022-12-21 ~ 2023-02-20,2023-02-15,6966,13,757
녹사평역,2023-03-31,2022-12-21 ~ 2023-02-20,2023-02-16,6979,13,770
녹사평역,2023-03-31,2022-12-21 ~ 2023-02-20,2023-02-17,6993,14,784
녹사평역,2023-03-31,2022-12-21 ~ 2023-02-20,2023-02-18,7008,15,799
녹사평역,2023-03-31,2022-12-21 ~ 2023-02-20,2023-02-19,7028,20,819
녹사평역,2023-03-31,2022-12-21 ~ 2023-02-20,2023-02-20,7044,16,835
녹사평역,2023-03-31,2022-12-21 ~ 2023-02-20,2023-02-21,7056,12,847
녹사평역,2023-05-31,2023-02-21 ~ 2023-04-20,2023-02-22,7068,12,12
녹사평역,2023-05-31,2023-02-21 ~ 2023-04-20,2023-02-23,7081,13,25
녹사평역,2023-05-31,2023-02-21 ~ 2023-04-20,2023-02-24,7096,15,40
녹사평역,2023-05-31,2023-02-21 ~ 2023-04-20,2023-02-25,7112,16,56
녹사평역,2023-05-31,2023-02-21 ~ 2023-04-20,2023-02-26,7131,19,75
녹사평역,2023-05-31,2023-02-21 ~ 2023-04-20,2023-02-27,7146,15,90
녹사평역,2023-05-31,2023-02-21 ~ 2023-04-20,2023-02-28,7159,13,103
녹사평역,2023-05-31,2023-02-21 ~ 2023-04-20,2023-03-01,7174,15,118
녹사평역,2023-05-31,2023-02-21 ~ 2023-04-20,2023-03-02,7190,16,134
녹사평역,2023-05-31,2023-02-21 ~ 2023-04-20,2023-03-03,7203,13,147
녹사평역,2023-05-31,2023-02-21 ~ 2023-04-20,2023-03-04,7219,16,163
녹사평역,2023-05-31,2023-02-21 ~ 2023-04-20,2023-03-05,7238,19,182
녹사평역,2023-05-31,2023-02-21 ~ 2023-04-20,2023-03-06,7253,15,197
녹사평역,2023-05-31,2023-02-21 ~ 2023-04-20,2023-03-07,7266,13,210
녹사평역,2023-05-31,2023-02-21 ~ 2023-04-20,2023-03-08,7282,16,226
녹사평역,2023-05-31,2023-02-21 ~ 2023-04-20,2023-03-09,7295,13,239
녹사평역,2023-05-31,2023-02-21 ~ 2023-04-20,2023-03-10,7311,16,255
녹사평역,2023-05-31,2023-02-21 ~ 2023-04-20,2023-03-11,7328,17,272
녹사평역,2023-05-31,2023-02-21 ~ 2023-04-20,2023-03-12,7350,22,294
녹사평역,2023-05-31,2023-02-21 ~ 2023-04-20,2023-03-13,7362,12,306
녹사평역,2023-05-31,2023-02-21 ~ 2023-04-20,2023-03-14,7375,13,319
녹사평역,2023-05-31,2023-02-21 ~ 2023-04-20,2023-03-15,7391,16,335
녹사평역,2023-05-31,2023-02-21 ~ 2023-04-20,2023-03-16,7406,15,350
녹사평역,2023-05-31,2023-02-21 ~ 2023-04-20,2023-03-17,7421,15,365
녹사평역,2023-05-31,2023-02-21 ~ 2023-04-20,2023-03-18,7439,18,383
녹사평역,2023-05-31,2023-02-21 ~ 2023-04-20,2023-03-19,7463,24,407
녹사평역,2023-05-31,2023-02-21 ~ 2023-04-20,2023-03-20,7481,18,425
녹사평역,2023-05-31,2023-02-21 ~ 2023-04-20,2023-03-21,7498,17,442
녹사평역,2023-05-31,2023-02-21 ~ 2023-04-20,2023-03-22,7513,15,457
녹사평역,2023-05-31,2023-02-21 ~ 2023-04-20,2023-03-23,7528,15,472
녹사평역,2023-05-31,2023-02-21 ~ 2023-04-20,2023-03-24,7543,15,487
녹사평역,2023-05-31,2023-02-21 ~ 2023-04-20,2023-03-25,7560,17,504
녹사평역,2023-05-31,2023-02-21 ~ 2023-04-20,2023-03-26,7585,25,529
녹사평역,2023-05-31,2023-02-21 ~ 2023-04-20,2023-03-27,7603,18,547
녹사평역,2023-05-31,2023-02-21 ~ 2023-04-20,2023-03-28,7616,13,560
녹사평역,2023-05-31,2023-02-21 ~ 2023-04-20,2023-03-29,7631,15,575
녹사평역,2023-05-31,2023-02-21 ~ 2023-04-20,2023-03-30,7645,14,589
녹사평역,2023-05-31,2023-02-21 ~ 2023-04-20,2023-03-31,7659,14,603
녹사평역,2023-05-31,2023-02-21 ~ 2023-04-20,2023-04-01,7677,18,621
녹사평역,2023-05-31,2023-02-21 ~ 2023-04-20,2023-04-02,7700,23,644
녹사평역,2023-05-31,2023-02-21 ~ 2023-04-20,2023-04-03,7719,19,663
녹사평역,2023-05-31,2023-02-21 ~ 2023-04-20,2023-04-04,7733,14,677
녹사평역,2023-05-31,2023-02-21 ~ 2023-04-20,2023-04-05,7749,16,693
녹사평역,2023-05-31,2023-02-21 ~ 2023-04-20,2023-04-06,7762,13,706
녹사평역,2023-05-31,2023-02-21 ~ 2023-04-20,2023-04-07,7776,14,720
녹사평역,2023-05-31,2023-02-21 ~ 2023-04-20,2023-04-08,7796,20,740
녹사평역,2023-05-31,2023-02-21 ~ 2023-04-20,2023-04-09,7822,26,766
녹사평역,2023-05-31,2023-02-21 ~ 2023-04-20,2023-04-10,7840,18,784
녹사평역,2023-05-31,2023-02-21 ~ 2023-04-20,2023-04-11,7856,16,800
녹사평역,2023-05-31,2023-02-21 ~ 2023-04-20,2023-04-12,7869,13,813
녹사평역,2023-05-31,2023-02-21 ~ 2023-04-20,2023-04-13,7887,18,831
녹사평역,2023-05-31,2023-02-21 ~ 2023-04-20,2023-04-14,7904,17,848
녹사평역,2023-05-31,2023-02-21 ~ 2023-04-20,2023-04-15,7923,19,867
녹사평역,2023-05-31,2023-02-21 ~ 2023-04-20,2023-04-16,7945,22,889
녹사평역,2023-05-31,2023-02-21 ~ 2023-04-20,2023-04-17,7964,19,908
녹사평역,2023-05-31,2023-02-21 ~ 2023-04-20,2023-04-18,7978,14,922
녹사평역,2023-05-31,2023-02-21 ~ 2023-04-20,2023-04-19,7993,15,937
녹사평역,2023-05-31,2023-02-21 ~ 2023-04-20,2023-04-20,8011,18,955
녹사평역,2023-05-31,2023-02-21 ~ 2023-04-20,2023-04-21,8025,14,969
녹사평역,2023-07-31,2023-04-21 ~ 2023-06-20,2023-04-22,8044,19,19
녹사평역,2023-07-31,2023-04-21 ~ 2023-06-20,2023-04-23,8069,25,44
녹사평역,2023-07-31,2023-04-21 ~ 2023-06-20,2023-04-24,8088,19,63
녹사평역,2023-07-31,2023-04-21 ~ 2023-06-20,2023-04-25,8102,14,77
녹사평역,2023-07-31,2023-04-21 ~ 2023-06-20,2023-04-26,8117,15,92
녹사평역,2023-07-31,2023-04-21 ~ 2023-06-20,2023-04-27,8132,15,107
녹사평역,2023-07-31,2023-04-21 ~ 2023-06-20,2023-04-28,8149,17,124
녹사평역,2023-07-31,2023-04-21 ~ 2023-06-20,2023-04-29,8167,18,142
녹사평역,2023-07-31,2023-04-21 ~ 2023-06-20,2023-04-30,8187,20,162
녹사평역,2023-07-31,2023-04-21 ~ 2023-06-20,2023-05-01,8210,23,185
녹사평역,2023-07-31,2023-04-21 ~ 2023-06-20,2023-05-02,8228,18,203
녹사평역,2023-07-31,2023-04-21 ~ 2023-06-20,2023-05-03,8246,18,221
녹사평역,2023-07-31,2023-04-21 ~ 2023-06-20,2023-05-04,8263,17,238
녹사평역,2023-07-31,2023-04-21 ~ 2023-06-20,2023-05-05,8282,19,257
녹사평역,2023-07-31,2023-04-21 ~ 2023-06-20,2023-05-06,8297,15,272
녹사평역,2023-07-31,2023-04-21 ~ 2023-06-20,2023-05-07,8315,18,290
녹사평역,2023-07-31,2023-04-21 ~ 2023-06-20,2023-05-08,8336,21,311
녹사평역,2023-07-31,2023-04-21 ~ 2023-06-20,2023-05-09,8349,13,324
녹사평역,2023-07-31,2023-04-21 ~ 2023-06-20,2023-05-10,8365,16,340
녹사평역,2023-07-31,2023-04-21 ~ 2023-06-20,2023-05-11,8381,16,356
녹사평역,2023-07-31,2023-04-21 ~ 2023-06-20,2023-05-12,8397,16,372
녹사평역,2023-07-31,2023-04-21 ~ 2023-06-20,2023-05-13,8415,18,390
녹사평역,2023-07-31,2023-04-21 ~ 2023-06-20,2023-05-14,8445,30,420
녹사평역,2023-07-31,2023-04-21 ~ 2023-06-20,2023-05-15,8468,23,443
녹사평역,2023-07-31,2023-04-21 ~ 2023-06-20,2023-05-16,8483,15,458
녹사평역,2023-07-31,2023-04-21 ~ 2023-06-20,2023-05-17,8500,17,475
녹사평역,2023-07-31,2023-04-21 ~ 2023-06-20,2023-05-18,8519,19,494
녹사평역,2023-07-31,2023-04-21 ~ 2023-06-20,2023-05-19,8539,20,514
녹사평역,2023-07-31,2023-04-21 ~ 2023-06-20,2023-05-20,8559,20,534
녹사평역,2023-07-31,2023-04-21 ~ 2023-06-20,2023-05-21,8585,26,560
녹사평역,2023-07-31,2023-04-21 ~ 2023-06-20,2023-05-22,8605,20,580
녹사평역,2023-07-31,2023-04-21 ~ 2023-06-20,2023-05-23,8619,14,594
녹사평역,2023-07-31,2023-04-21 ~ 2023-06-20,2023-05-24,8637,18,612
녹사평역,2023-07-31,2023-04-21 ~ 2023-06-20,2023-05-25,8652,15,627
녹사평역,2023-07-31,2023-04-21 ~ 2023-06-20,2023-05-26,8668,16,643
녹사평역,2023-07-31,2023-04-21 ~ 2023-06-20,2023-05-27,8686,18,661
녹사평역,2023-07-31,2023-04-21 ~ 2023-06-20,2023-05-28,8703,17,678
녹사평역,2023-07-31,2023-04-21 ~ 2023-06-20,2023-05-29,8717,14,692
녹사평역,2023-07-31,2023-04-21 ~ 2023-06-20,2023-05-30,8732,15,707
녹사평역,2023-07-31,2023-04-21 ~ 2023-06-20,2023-05-31,8746,14,721
녹사평역,2023-07-31,2023-04-21 ~ 2023-06-20,2023-06-01,8761,15,736
녹사평역,2023-07-31,2023-04-21 ~ 2023-06-20,2023-06-02,8777,16,752
녹사평역,2023-07-31,2023-04-21 ~ 2023-06-20,2023-06-03,8796,19,771
녹사평역,2023-07-31,2023-04-21 ~ 2023-06-20,2023-06-04,8821,25,796
녹사평역,2023-07-31,2023-04-21 ~ 2023-06-20,2023-06-05,8841,20,816
녹사평역,2023-07-31,2023-04-21 ~ 2023-06-20,2023-06-06,8859,18,834
녹사평역,2023-07-31,2023-04-21 ~ 2023-06-20,2023-06-07,8878,19,853
녹사평역,2023-07-31,2023-04-21 ~ 2023-06-20,2023-06-08,8894,16,869
녹사평역,2023-07-31,2023-04-21 ~ 2023-06-20,2023-06-09,8908,14,883
녹사평역,2023-07-31,2023-04-21 ~ 2023-06-20,2023-06-10,8927,19,902
녹사평역,2023-07-31,2023-04-21 ~ 2023-06-20,2023-06-11,8950,23,925
녹사평역,2023-07-31,2023-04-21 ~ 2023-06-20,2023-06-12,8968,18,943
녹사평역,2023-07-31,2023-04-21 ~ 2023-06-20,2023-06-13,8982,14,957
녹사평역,2023-07-31,2023-04-21 ~ 2023-06-20,2023-06-14,8999,17,974
녹사평역,2023-07-31,2023-04-21 ~ 2023-06-20,2023-06-15,9016,17,991
녹사평역,2023-07-31,2023-04-21 ~ 2023-06-20,2023-06-16,9033,17,1008
녹사평역,2023-07-31,2023-04-21 ~ 2023-06-20,2023-06-17,9053,20,1028
녹사평역,2023-07-31,2023-04-21 ~ 2023-06-20,2023-06-18,9079,26,1054
녹사평역,2023-07-31,2023-04-21 ~ 2023-06-20,2023-06-19,9101,22,1076
녹사평역,2023-07-31,2023-04-21 ~ 2023-06-20,2023-06-20,9116,15,1091
녹사평역,2023-07-31,2023-04-21 ~ 2023-06-20,2023-06-21,9131,15,1106
녹사평역,2023-09-30,2023-06-21 ~ 2023-08-20,2023-06-22,9146,15,15
녹사평역,2023-09-30,2023-06-21 ~ 2023-08-20,2023-06-23,9164,18,33
녹사평역,2023-09-30,2023-06-21 ~ 2023-08-20,2023-06-24,9185,21,54
녹사평역,2023-09-30,2023-06-21 ~ 2023-08-20,2023-06-25,9211,26,80
녹사평역,2023-09-30,2023-06-21 ~ 2023-08-20,2023-06-26,9230,19,99
녹사평역,2023-09-30,2023-06-21 ~ 2023-08-20,2023-06-27,9246,16,115
녹사평역,2023-09-30,2023-06-21 ~ 2023-08-20,2023-06-28,9265,19,134
녹사평역,2023-09-30,2023-06-21 ~ 2023-08-20,2023-06-29,9283,18,152
녹사평역,2023-09-30,2023-06-21 ~ 2023-08-20,2023-06-30,9298,15,167
녹사평역,2023-09-30,2023-06-21 ~ 2023-08-20,2023-07-01,9315,17,184
녹사평역,2023-09-30,2023-06-21 ~ 2023-08-20,2023-07-02,9340,25,209
녹사평역,2023-09-30,2023-06-21 ~ 2023-08-20,2023-07-03,9357,17,226
녹사평역,2023-09-30,2023-06-21 ~ 2023-08-20,2023-07-04,9372,15,241
녹사평역,2023-09-30,2023-06-21 ~ 2023-08-20,2023-07-05,9388,16,257
녹사평역,2023-09-30,2023-06-21 ~ 2023-08-20,2023-07-06,9406,18,275
녹사평역,2023-09-30,2023-06-21 ~ 2023-08-20,2023-07-07,9425,19,294
녹사평역,2023-09-30,2023-06-21 ~ 2023-08-20,2023-07-08,9446,21,315
녹사평역,2023-09-30,2023-06-21 ~ 2023-08-20,2023-07-09,9470,24,339
녹사평역,2023-09-30,2023-06-21 ~ 2023-08-20,2023-07-10,9487,17,356
녹사평역,2023-09-30,2023-06-21 ~ 2023-08-20,2023-07-11,9503,16,372
녹사평역,2023-09-30,2023-06-21 ~ 2023-08-20,2023-07-12,9517,14,386
녹사평역,2023-09-30,2023-06-21 ~ 2023-08-20,2023-07-13,9533,16,402
녹사평역,2023-09-30,2023-06-21 ~ 2023-08-20,2023-07-14,9549,16,418
녹사평역,2023-09-30,2023-06-21 ~ 2023-08-20,2023-07-15,9566,17,435
녹사평역,2023-09-30,2023-06-21 ~ 2023-08-20,2023-07-16,9588,22,457
녹사평역,2023-09-30,2023-06-21 ~ 2023-08-20,2023-07-17,9606,18,475
녹사평역,2023-09-30,2023-06-21 ~ 2023-08-20,2023-07-18,9623,17,492
녹사평역,2023-09-30,2023-06-21 ~ 2023-08-20,2023-07-19,9642,19,511
녹사평역,2023-09-30,2023-06-21 ~ 2023-08-20,2023-07-20,9660,18,529
녹사평역,2023-09-30,2023-06-21 ~ 2023-08-20,2023-07-21,9679,19,548
녹사평역,2023-09-30,2023-06-21 ~ 2023-08-20,2023-07-22,9696,17,565
녹사평역,2023-09-30,2023-06-21 ~ 2023-08-20,2023-07-23,9717,21,586
녹사평역,2023-09-30,2023-06-21 ~ 2023-08-20,2023-07-24,9734,17,603
녹사평역,2023-09-30,2023-06-21 ~ 2023-08-20,2023-07-25,9750,16,619
녹사평역,2023-09-30,2023-06-21 ~ 2023-08-20,2023-07-26,9766,16,635
녹사평역,2023-09-30,2023-06-21 ~ 2023-08-20,2023-07-27,9783,17,652
녹사평역,2023-09-30,2023-06-21 ~ 2023-08-20,2023-07-28,9804,21,673
녹사평역,2023-09-30,2023-06-21 ~ 2023-08-20,2023-07-29,9829,25,698
녹사평역,2023-09-30,2023-06-21 ~ 2023-08-20,2023-07-30,9855,26,724
녹사평역,2023-09-30,2023-06-21 ~ 2023-08-20,2023-07-31,9875,20,744
녹사평역,2023-09-30,2023-06-21 ~ 2023-08-20,2023-08-01,9896,21,765
녹사평역,2023-09-30,2023-06-21 ~ 2023-08-20,2023-08-02,9920,24,789
녹사평역,2023-09-30,2023-06-21 ~ 2023-08-20,2023-08-03,9945,25,814
녹사평역,2023-09-30,2023-06-21 ~ 2023-08-20,2023-08-04,9970,25,839
녹사평역,2023-09-30,2023-06-21 ~ 2023-08-20,2023-08-05,9996,26,865
녹사평역,2023-09-30,2023-06-21 ~ 2023-08-20,2023-08-06,10030,34,899
녹사평역,2023-09-30,2023-06-21 ~ 2023-08-20,2023-08-07,10058,28,927
녹사평역,2023-09-30,2023-06-21 ~ 2023-08-20,2023-08-08,10088,30,957
녹사평역,2023-09-30,2023-06-21 ~ 2023-08-20,2023-08-09,10108,20,977
녹사평역,2023-09-30,2023-06-21 ~ 2023-08-20,2023-08-10,10138,30,1007
녹사평역,2023-09-30,2023-06-21 ~ 2023-08-20,2023-08-11,10150,12,1019
녹사평역,2023-09-30,2023-06-21 ~ 2023-08-20,2023-08-12,10178,28,1047
녹사평역,2023-09-30,2023-06-21 ~ 2023-08-20,2023-08-13,10204,26,1073
녹사평역,2023-09-30,2023-06-21 ~ 2023-08-20,2023-08-14,10234,30,1103
녹사평역,2023-09-30,2023-06-21 ~ 2023-08-20,2023-08-15,10254,20,1123
녹사평역,2023-09-30,2023-06-21 ~ 2023-08-20,2023-08-16,10286,32,1155
녹사평역,2023-09-30,2023-06-21 ~ 2023-08-20,2023-08-17,10309,23,1178
녹사평역,2023-09-30,2023-06-21 ~ 2023-08-20,2023-08-18,10330,21,1199
녹사평역,2023-09-30,2023-06-21 ~ 2023-08-20,2023-08-19,10354,24,1223
녹사평역,2023-09-30,2023-06-21 ~ 2023-08-20,2023-08-20,10382,28,1251
녹사평역,2023-09-30,2023-06-21 ~ 2023-08-20,2023-08-21,10410,28,1279
녹사평역,2023-11-30,2023-08-21 ~ 2023-10-20,2023-08-22,10435,25,25
녹사평역,2023-11-30,2023-08-21 ~ 2023-10-20,2023-08-23,10465,30,55
녹사평역,2023-11-30,2023-08-21 ~ 2023-10-20,2023-08-24,10494,29,84
녹사평역,2023-11-30,2023-08-21 ~ 2023-10-20,2023-08-25,10523,29,113
녹사평역,2023-11-30,2023-08-21 ~ 2023-10-20,2023-08-26,10542,19,132
녹사평역,2023-11-30,2023-08-21 ~ 2023-10-20,2023-08-27,10575,33,165
녹사평역,2023-11-30,2023-08-21 ~ 2023-10-20,2023-08-28,10603,28,193
녹사평역,2023-11-30,2023-08-21 ~ 2023-10-20,2023-08-29,10621,18,211
녹사평역,2023-11-30,2023-08-21 ~ 2023-10-20,2023-08-30,10644,23,234
녹사평역,2023-11-30,2023-08-21 ~ 2023-10-20,2023-08-31,10666,22,256
녹사평역,2023-11-30,2023-08-21 ~ 2023-10-20,2023-09-01,10685,19,275
녹사평역,2023-11-30,2023-08-21 ~ 2023-10-20,2023-09-02,10708,23,298
녹사평역,2023-11-30,2023-08-21 ~ 2023-10-20,2023-09-03,10738,30,328
녹사평역,2023-11-30,2023-08-21 ~ 2023-10-20,2023-09-04,10761,23,351
녹사평역,2023-11-30,2023-08-21 ~ 2023-10-20,2023-09-05,10787,26,377
녹사평역,2023-11-30,2023-08-21 ~ 2023-10-20,2023-09-06,10814,27,404
녹사평역,2023-11-30,2023-08-21 ~ 2023-10-20,2023-09-07,10840,26,430
녹사평역,2023-11-30,2023-08-21 ~ 2023-10-20,2023-09-08,10864,24,454
녹사평역,2023-11-30,2023-08-21 ~ 2023-10-20,2023-09-09,10890,26,480
녹사평역,2023-11-30,2023-08-21 ~ 2023-10-20,2023-09-10,10923,33,513
녹사평역,2023-11-30,2023-08-21 ~ 2023-10-20,2023-09-11,10949,26,539
녹사평역,2023-11-30,2023-08-21 ~ 2023-10-20,2023-09-12,10973,24,563
녹사평역,2023-11-30,2023-08-21 ~ 2023-10-20,2023-09-13,10993,20,583
녹사평역,2023-11-30,2023-08-21 ~ 2023-10-20,2023-09-14,11012,19,602
녹사평역,2023-11-30,2023-08-21 ~ 2023-10-20,2023-09-15,11034,22,624
녹사평역,2023-11-30,2023-08-21 ~ 2023-10-20,2023-09-16,11058,24,648
녹사평역,2023-11-30,2023-08-21 ~ 2023-10-20,2023-09-17,11095,37,685
녹사평역,2023-11-30,2023-08-21 ~ 2023-10-20,2023-09-18,11120,25,710
녹사평역,2023-11-30,2023-08-21 ~ 2023-10-20,2023-09-19,11144,24,734
녹사평역,2023-11-30,2023-08-21 ~ 2023-10-20,2023-09-20,11169,25,759
녹사평역,2023-11-30,2023-08-21 ~ 2023-10-20,2023-09-21,11189,20,779
녹사평역,2023-11-30,2023-08-21 ~ 2023-10-20,2023-09-22,11207,18,797
녹사평역,2023-11-30,2023-08-21 ~ 2023-10-20,2023-09-23,11227,20,817
녹사평역,2023-11-30,2023-08-21 ~ 2023-10-20,2023-09-24,11255,28,845
녹사평역,2023-11-30,2023-08-21 ~ 2023-10-20,2023-09-25,11276,21,866
녹사평역,2023-11-30,2023-08-21 ~ 2023-10-20,2023-09-26,11291,15,881
녹사평역,2023-11-30,2023-08-21 ~ 2023-10-20,2023-09-27,11306,15,896
녹사평역,2023-11-30,2023-08-21 ~ 2023-10-20,2023-09-28,11324,18,914
녹사평역,2023-11-30,2023-08-21 ~ 2023-10-20,2023-09-29,11339,15,929
녹사평역,2023-11-30,2023-08-21 ~ 2023-10-20,2023-09-30,11354,15,944
녹사평역,2023-11-30,2023-08-21 ~ 2023-10-20,2023-10-01,11373,19,963
녹사평역,2023-11-30,2023-08-21 ~ 2023-10-20,2023-10-02,11396,23,986
녹사평역,2023-11-30,2023-08-21 ~ 2023-10-20,2023-10-03,11418,22,1008
녹사평역,2023-11-30,2023-08-21 ~ 2023-10-20,2023-10-04,11436,18,1026
녹사평역,2023-11-30,2023-08-21 ~ 2023-10-20,2023-10-05,11451,15,1041
녹사평역,2023-11-30,2023-08-21 ~ 2023-10-20,2023-10-06,11468,17,1058
녹사평역,2023-11-30,2023-08-21 ~ 2023-10-20,2023-10-07,11486,18,1076
녹사평역,2023-11-30,2023-08-21 ~ 2023-10-20,2023-10-08,11513,27,1103
녹사평역,2023-11-30,2023-08-21 ~ 2023-10-20,2023-10-09,11539,26,1129
녹사평역,2023-11-30,2023-08-21 ~ 2023-10-20,2023-10-10,11559,20,1149
녹사평역,2023-11-30,2023-08-21 ~ 2023-10-20,2023-10-11,11576,17,1166
녹사평역,2023-11-30,2023-08-21 ~ 2023-10-20,2023-10-12,11591,15,1181
녹사평역,2023-11-30,2023-08-21 ~ 2023-10-20,2023-10-13,11610,19,1200
녹사평역,2023-11-30,2023-08-21 ~ 2023-10-20,2023-10-14,11628,18,1218
녹사평역,2023-11-30,2023-08-21 ~ 2023-10-20,2023-10-15,11652,24,1242
녹사평역,2023-11-30,2023-08-21 ~ 2023-10-20,2023-10-16,11672,20,1262
녹사평역,2023-11-30,2023-08-21 ~ 2023-10-20,2023-10-17,11687,15,1277
녹사평역,2023-11-30,2023-08-21 ~ 2023-10-20,2023-10-18,11702,15,1292
녹사평역,2023-11-30,2023-08-21 ~ 2023-10-20,2023-10-19,11718,16,1308
녹사평역,2023-11-30,2023-08-21 ~ 2023-10-20,2023-10-20,11734,16,1324
녹사평역,2023-11-30,2023-08-21 ~ 2023-10-20,2023-10-21,11753,19,1343
녹사평역,2024-01-31,2023-10-21 ~ 2023-12-20,2023-10-22,11782,29,29
녹사평역,2024-01-31,2023-10-21 ~ 2023-12-20,2023-10-23,11800,18,47
녹사평역,2024-01-31,2023-10-21 ~ 2023-12-20,2023-10-24,11815,15,62
녹사평역,2024-01-31,2023-10-21 ~ 2023-12-20,2023-10-25,11831,16,78
녹사평역,2024-01-31,2023-10-21 ~ 2023-12-20,2023-10-26,11848,17,95
녹사평역,2024-01-31,2023-10-21 ~ 2023-12-20,2023-10-27,11864,16,111
녹사평역,2024-01-31,2023-10-21 ~ 2023-12-20,2023-10-28,11884,20,131
녹사평역,2024-01-31,2023-10-21 ~ 2023-12-20,2023-10-29,11912,28,159
녹사평역,2024-01-31,2023-10-21 ~ 2023-12-20,2023-10-30,11933,21,180
녹사평역,2024-01-31,2023-10-21 ~ 2023-12-20,2023-10-31,11947,14,194
녹사평역,2024-01-31,2023-10-21 ~ 2023-12-20,2023-11-01,11962,15,209
녹사평역,2024-01-31,2023-10-21 ~ 2023-12-20,2023-11-02,11977,15,224
녹사평역,2024-01-31,2023-10-21 ~ 2023-12-20,2023-11-03,11996,19,243
녹사평역,2024-01-31,2023-10-21 ~ 2023-12-20,2023-11-04,12013,17,260
녹사평역,2024-01-31,2023-10-21 ~ 2023-12-20,2023-11-05,12042,29,289
녹사평역,2024-01-31,2023-10-21 ~ 2023-12-20,2023-11-06,12056,14,303
녹사평역,2024-01-31,2023-10-21 ~ 2023-12-20,2023-11-07,12069,13,316
녹사평역,2024-01-31,2023-10-21 ~ 2023-12-20,2023-11-08,12085,16,332
녹사평역,2024-01-31,2023-10-21 ~ 2023-12-20,2023-11-09,12101,16,348
녹사평역,2024-01-31,2023-10-21 ~ 2023-12-20,2023-11-10,12116,15,363
녹사평역,2024-01-31,2023-10-21 ~ 2023-12-20,2023-11-11,12133,17,380
녹사평역,2024-01-31,2023-10-21 ~ 2023-12-20,2023-11-12,12157,24,404
녹사평역,2024-01-31,2023-10-21 ~ 2023-12-20,2023-11-13,12175,18,422
녹사평역,2024-01-31,2023-10-21 ~ 2023-12-20,2023-11-14,12189,14,436
녹사평역,2024-01-31,2023-10-21 ~ 2023-12-20,2023-11-15,12204,15,451
녹사평역,2024-01-31,2023-10-21 ~ 2023-12-20,2023-11-16,12219,15,466
녹사평역,2024-01-31,2023-10-21 ~ 2023-12-20,2023-11-17,12232,13,479
녹사평역,2024-01-31,2023-10-21 ~ 2023-12-20,2023-11-18,12249,17,496
녹사평역,2024-01-31,2023-10-21 ~ 2023-12-20,2023-11-19,12269,20,516
녹사평역,2024-01-31,2023-10-21 ~ 2023-12-20,2023-11-20,12286,17,533
녹사평역,2024-01-31,2023-10-21 ~ 2023-12-20,2023-11-21,12300,14,547
녹사평역,2024-01-31,2023-10-21 ~ 2023-12-20,2023-11-22,12314,14,561
녹사평역,2024-01-31,2023-10-21 ~ 2023-12-20,2023-11-23,12329,15,576
녹사평역,2024-01-31,2023-10-21 ~ 2023-12-20,2023-11-24,12344,15,591
녹사평역,2024-01-31,2023-10-21 ~ 2023-12-20,2023-11-25,12360,16,607
녹사평역,2024-01-31,2023-10-21 ~ 2023-12-20,2023-11-26,12383,23,630
녹사평역,2024-01-31,2023-10-21 ~ 2023-12-20,2023-11-27,12401,18,648
녹사평역,2024-01-31,2023-10-21 ~ 2023-12-20,2023-11-28,12414,13,661
녹사평역,2024-01-31,2023-10-21 ~ 2023-12-20,2023-11-29,12429,15,676
녹사평역,2024-01-31,2023-10-21 ~ 2023-12-20,2023-11-30,12442,13,689
녹사평역,2024-01-31,2023-10-21 ~ 2023-12-20,2023-12-01,12456,14,703
녹사평역,2024-01-31,2023-10-21 ~ 2023-12-20,2023-12-02,12471,15,718
녹사평역,2024-01-31,2023-10-21 ~ 2023-12-20,2023-12-03,12492,21,739
녹사평역,2024-01-31,2023-10-21 ~ 2023-12-20,2023-12-04,12507,15,754
녹사평역,2024-01-31,2023-10-21 ~ 2023-12-20,2023-12-05,12521,14,768
녹사평역,2024-01-31,2023-10-21 ~ 2023-12-20,2023-12-06,12535,14,782
녹사평역,2024-01-31,2023-10-21 ~ 2023-12-20,2023-12-07,12549,14,796
녹사평역,2024-01-31,2023-10-21 ~ 2023-12-20,2023-12-08,12565,16,812
녹사평역,2024-01-31,2023-10-21 ~ 2023-12-20,2023-12-09,12583,18,830
녹사평역,2024-01-31,2023-10-21 ~ 2023-12-20,2023-12-10,12608,25,855
녹사평역,2024-01-31,2023-10-21 ~ 2023-12-20,2023-12-11,12625,17,872
녹사평역,2024-01-31,2023-10-21 ~ 2023-12-20,2023-12-12,12636,11,883
녹사평역,2024-01-31,2023-10-21 ~ 2023-12-20,2023-12-13,12651,15,898
녹사평역,2024-01-31,2023-10-21 ~ 2023-12-20,2023-12-14,12665,14,912
녹사평역,2024-01-31,2023-10-21 ~ 2023-12-20,2023-12-15,12679,14,926
녹사평역,2024-01-31,2023-10-21 ~ 2023-12-20,2023-12-16,12695,16,942
녹사평역,2024-01-31,2023-10-21 ~ 2023-12-20,2023-12-17,12715,20,962
녹사평역,2024-01-31,2023-10-21 ~ 2023-12-20,2023-12-18,12729,14,976
녹사평역,2024-01-31,2023-10-21 ~ 2023-12-20,2023-12-19,12742,13,989
녹사평역,2024-01-31,2023-10-21 ~ 2023-12-20,2023-12-20,12755,13,1002
녹사평역,2024-01-31,2023-10-21 ~ 2023-12-20,2023-12-21,12769,14,1016
녹사평역,2024-03-31,2023-12-21 ~ 2024-02-20,2023-12-22,12782,13,13
녹사평역,2024-03-31,2023-12-21 ~ 2024-02-20,2023-12-23,12796,14,27
녹사평역,2024-03-31,2023-12-21 ~ 2024-02-20,2023-12-24,12816,20,47
녹사평역,2024-03-31,2023-12-21 ~ 2024-02-20,2023-12-25,12835,19,66
녹사평역,2024-03-31,2023-12-21 ~ 2024-02-20,2023-12-26,12852,17,83
녹사평역,2024-03-31,2023-12-21 ~ 2024-02-20,2023-12-27,12868,16,99
녹사평역,2024-03-31,2023-12-21 ~ 2024-02-20,2023-12-28,12883,15,114
녹사평역,2024-03-31,2023-12-21 ~ 2024-02-20,2023-12-29,12900,17,131
녹사평역,2024-03-31,2023-12-21 ~ 2024-02-20,2023-12-30,12919,19,150
녹사평역,2024-03-31,2023-12-21 ~ 2024-02-20,2023-12-31,12937,18,168
녹사평역,2024-03-31,2023-12-21 ~ 2024-02-20,2024-01-01,12953,16,184
녹사평역,2024-03-31,2023-12-21 ~ 2024-02-20,2024-01-02,12970,17,201
녹사평역,2024-03-31,2023-12-21 ~ 2024-02-20,2024-01-03,12984,14,215
녹사평역,2024-03-31,2023-12-21 ~ 2024-02-20,2024-01-04,12997,13,228
녹사평역,2024-03-31,2023-12-21 ~ 2024-02-20,2024-01-05,13012,15,243
녹사평역,2024-03-31,2023-12-21 ~ 2024-02-20,2024-01-06,13028,16,259
녹사평역,2024-03-31,2023-12-21 ~ 2024-02-20,2024-01-07,13046,18,277
녹사평역,2024-03-31,2023-12-21 ~ 2024-02-20,2024-01-08,13059,13,290
녹사평역,2024-03-31,2023-12-21 ~ 2024-02-20,2024-01-09,13072,13,303
녹사평역,2024-03-31,2023-12-21 ~ 2024-02-20,2024-01-10,13084,12,315
녹사평역,2024-03-31,2023-12-21 ~ 2024-02-20,2024-01-11,13099,15,330
녹사평역,2024-03-31,2023-12-21 ~ 2024-02-20,2024-01-12,13112,13,343
녹사평역,2024-03-31,2023-12-21 ~ 2024-02-20,2024-01-13,13128,16,359
녹사평역,2024-03-31,2023-12-21 ~ 2024-02-20,2024-01-14,13149,21,380
녹사평역,2024-03-31,2023-12-21 ~ 2024-02-20,2024-01-15,13161,12,392
녹사평역,2024-03-31,2023-12-21 ~ 2024-02-20,2024-01-16,13173,12,404
녹사평역,2024-03-31,2023-12-21 ~ 2024-02-20,2024-01-17,13186,13,417
녹사평역,2024-03-31,2023-12-21 ~ 2024-02-20,2024-01-18,13200,14,431
녹사평역,2024-03-31,2023-12-21 ~ 2024-02-20,2024-01-19,13215,15,446
녹사평역,2024-03-31,2023-12-21 ~ 2024-02-20,2024-01-20,13231,16,462
녹사평역,2024-03-31,2023-12-21 ~ 2024-02-20,2024-01-21,13252,21,483
녹사평역,2024-03-31,2023-12-21 ~ 2024-02-20,2024-01-22,13266,14,497
녹사평역,2024-03-31,2023-12-21 ~ 2024-02-20,2024-01-23,13277,11,508
녹사평역,2024-03-31,2023-12-21 ~ 2024-02-20,2024-01-24,13288,11,519
녹사평역,2024-03-31,2023-12-21 ~ 2024-02-20,2024-01-25,13300,12,531
녹사평역,2024-03-31,2023-12-21 ~ 2024-02-20,2024-01-26,13313,13,544
녹사평역,2024-03-31,2023-12-21 ~ 2024-02-20,2024-01-27,13328,15,559
녹사평역,2024-03-31,2023-12-21 ~ 2024-02-20,2024-01-28,13347,19,578
녹사평역,2024-03-31,2023-12-21 ~ 2024-02-20,2024-01-29,13362,15,593
녹사평역,2024-03-31,2023-12-21 ~ 2024-02-20,2024-01-30,13374,12,605
녹사평역,2024-03-31,2023-12-21 ~ 2024-02-20,2024-01-31,13388,14,619
녹사평역,2024-03-31,2023-12-21 ~ 2024-02-20,2024-02-01,13403,15,634
녹사평역,2024-03-31,2023-12-21 ~ 2024-02-20,2024-02-02,13418,15,649
녹사평역,2024-03-31,2023-12-21 ~ 2024-02-20,2024-02-03,13434,16,665
녹사평역,2024-03-31,2023-12-21 ~ 2024-02-20,2024-02-04,13454,20,685
녹사평역,2024-03-31,2023-12-21 ~ 2024-02-20,2024-02-05,13471,17,702
녹사평역,2024-03-31,2023-12-21 ~ 2024-02-20,2024-02-06,13483,12,714
녹사평역,2024-03-31,2023-12-21 ~ 2024-02-20,2024-02-07,13496,13,727
녹사평역,2024-03-31,2023-12-21 ~ 2024-02-20,2024-02-08,13510,14,741
녹사평역,2024-03-31,2023-12-21 ~ 2024-02-20,2024-02-09,13525,15,756
녹사평역,2024-03-31,2023-12-21 ~ 2024-02-20,2024-02-10,13536,11,767
녹사평역,2024-03-31,2023-12-21 ~ 2024-02-20,2024-02-11,13543,7,774
녹사평역,2024-03-31,2023-12-21 ~ 2024-02-20,2024-02-12,13564,21,795
녹사평역,2024-03-31,2023-12-21 ~ 2024-02-20,2024-02-13,13578,14,809
녹사평역,2024-03-31,2023-12-21 ~ 2024-02-20,2024-02-14,13592,14,823
녹사평역,2024-03-31,2023-12-21 ~ 2024-02-20,2024-02-15,13607,15,838
녹사평역,2024-03-31,2023-12-21 ~ 2024-02-20,2024-02-16,13621,14,852
녹사평역,2024-03-31,2023-12-21 ~ 2024-02-20,2024-02-17,13639,18,870
녹사평역,2024-03-31,2023-12-21 ~ 2024-02-20,2024-02-18,13663,24,894
녹사평역,2024-03-31,2023-12-21 ~ 2024-02-20,2024-02-19,13678,15,909
녹사평역,2024-03-31,2023-12-21 ~ 2024-02-20,2024-02-20,13691,13,922
녹사평역,2024-03-31,2023-12-21 ~ 2024-02-20,2024-02-21,13706,15,937
녹사평역,2024-05-31,2024-02-21 ~ 2024-04-20,2024-02-22,13718,12,12
녹사평역,2024-05-31,2024-02-21 ~ 2024-04-20,2024-02-23,13733,15,27
녹사평역,2024-05-31,2024-02-21 ~ 2024-04-20,2024-02-24,13751,18,45
녹사평역,2024-05-31,2024-02-21 ~ 2024-04-20,2024-02-25,13774,23,68
녹사평역,2024-05-31,2024-02-21 ~ 2024-04-20,2024-02-26,13789,15,83
녹사평역,2024-05-31,2024-02-21 ~ 2024-04-20,2024-02-27,13804,15,98
녹사평역,2024-05-31,2024-02-21 ~ 2024-04-20,2024-02-28,13819,15,113
녹사평역,2024-05-31,2024-02-21 ~ 2024-04-20,2024-02-29,13836,17,130
녹사평역,2024-05-31,2024-02-21 ~ 2024-04-20,2024-03-01,13853,17,147
녹사평역,2024-05-31,2024-02-21 ~ 2024-04-20,2024-03-02,13871,18,165
녹사평역,2024-05-31,2024-02-21 ~ 2024-04-20,2024-03-03,13891,20,185
녹사평역,2024-05-31,2024-02-21 ~ 2024-04-20,2024-03-04,13906,15,200
녹사평역,2024-05-31,2024-02-21 ~ 2024-04-20,2024-03-05,13921,15,215
녹사평역,2024-05-31,2024-02-21 ~ 2024-04-20,2024-03-06,13936,15,230
녹사평역,2024-05-31,2024-02-21 ~ 2024-04-20,2024-03-07,13953,17,247
녹사평역,2024-05-31,2024-02-21 ~ 2024-04-20,2024-03-08,13968,15,262
녹사평역,2024-05-31,2024-02-21 ~ 2024-04-20,2024-03-09,13986,18,280
녹사평역,2024-05-31,2024-02-21 ~ 2024-04-20,2024-03-10,14008,22,302
녹사평역,2024-05-31,2024-02-21 ~ 2024-04-20,2024-03-11,14025,17,319
녹사평역,2024-05-31,2024-02-21 ~ 2024-04-20,2024-03-12,14038,13,332
녹사평역,2024-05-31,2024-02-21 ~ 2024-04-20,2024-03-13,14052,14,346
녹사평역,2024-05-31,2024-02-21 ~ 2024-04-20,2024-03-14,14067,15,361
녹사평역,2024-05-31,2024-02-21 ~ 2024-04-20,2024-03-15,14088,21,382
녹사평역,2024-05-31,2024-02-21 ~ 2024-04-20,2024-03-16,14109,21,403
녹사평역,2024-05-31,2024-02-21 ~ 2024-04-20,2024-03-17,14135,26,429
녹사평역,2024-05-31,2024-02-21 ~ 2024-04-20,2024-03-18,14153,18,447
녹사평역,2024-05-31,2024-02-21 ~ 2024-04-20,2024-03-19,14167,14,461
녹사평역,2024-05-31,2024-02-21 ~ 2024-04-20,2024-03-20,14183,16,477
녹사평역,2024-05-31,2024-02-21 ~ 2024-04-20,2024-03-21,14200,17,494
녹사평역,2024-05-31,2024-02-21 ~ 2024-04-20,2024-03-22,14216,16,510
녹사평역,2024-05-31,2024-02-21 ~ 2024-04-20,2024-03-23,14232,16,526
녹사평역,2024-05-31,2024-02-21 ~ 2024-04-20,2024-03-24,14260,28,554
녹사평역,2024-05-31,2024-02-21 ~ 2024-04-20,2024-03-25,14280,20,574
녹사평역,2024-05-31,2024-02-21 ~ 2024-04-20,2024-03-26,14295,15,589
녹사평역,2024-05-31,2024-02-21 ~ 2024-04-20,2024-03-27,14309,14,603
녹사평역,2024-05-31,2024-02-21 ~ 2024-04-20,2024-03-28,14326,17,620
녹사평역,2024-05-31,2024-02-21 ~ 2024-04-20,2024-03-29,14343,17,637
녹사평역,2024-05-31,2024-02-21 ~ 2024-04-20,2024-03-30,14361,18,655
녹사평역,2024-05-31,2024-02-21 ~ 2024-04-20,2024-03-31,14386,25,680
녹사평역,2024-05-31,2024-02-21 ~ 2024-04-20,2024-04-01,14405,19,699
녹사평역,2024-05-31,2024-02-21 ~ 2024-04-20,2024-04-02,14420,15,714
녹사평역,2024-05-31,2024-02-21 ~ 2024-04-20,2024-04-03,14438,18,732
녹사평역,2024-05-31,2024-02-21 ~ 2024-04-20,2024-04-04,14453,15,747
녹사평역,2024-05-31,2024-02-21 ~ 2024-04-20,2024-04-05,14471,18,765
녹사평역,2024-05-31,2024-02-21 ~ 2024-04-20,2024-04-06,14490,19,784
녹사평역,2024-05-31,2024-02-21 ~ 2024-04-20,2024-04-07,14517,27,811
녹사평역,2024-05-31,2024-02-21 ~ 2024-04-20,2024-04-08,14540,23,834
녹사평역,2024-05-31,2024-02-21 ~ 2024-04-20,2024-04-09,14554,14,848
녹사평역,2024-05-31,2024-02-21 ~ 2024-04-20,2024-04-10,14588,34,882
녹사평역,2024-05-31,2024-02-21 ~ 2024-04-20,2024-04-11,14609,21,903
녹사평역,2024-05-31,2024-02-21 ~ 2024-04-20,2024-04-12,14625,16,919
녹사평역,2024-05-31,2024-02-21 ~ 2024-04-20,2024-04-13,14644,19,938
녹사평역,2024-05-31,2024-02-21 ~ 2024-04-20,2024-04-14,14671,27,965
녹사평역,2024-05-31,2024-02-21 ~ 2024-04-20,2024-04-15,14692,21,986
녹사평역,2024-05-31,2024-02-21 ~ 2024-04-20,2024-04-16,14706,14,1000
녹사평역,2024-05-31,2024-02-21 ~ 2024-04-20,2024-04-17,14722,16,1016
녹사평역,2024-05-31,2024-02-21 ~ 2024-04-20,2024-04-18,14740,18,1034
녹사평역,2024-05-31,2024-02-21 ~ 2024-04-20,2024-04-19,14757,17,1051
녹사평역,2024-05-31,2024-02-21 ~ 2024-04-20,2024-04-20,14777,20,1071
녹사평역,2024-05-31,2024-02-21 ~ 2024-04-20,2024-04-21,14797,20,1091
녹사평역,2024-07-31,2024-04-21 ~ 2024-06-20,2024-04-22,14816,19,19
녹사평역,2024-07-31,2024-04-21 ~ 2024-06-20,2024-04-23,14831,15,34
녹사평역,2024-07-31,2024-04-21 ~ 2024-06-20,2024-04-24,14845,14,48
녹사평역,2024-07-31,2024-04-21 ~ 2024-06-20,2024-04-25,14861,16,64
녹사평역,2024-07-31,2024-04-21 ~ 2024-06-20,2024-04-26,14878,17,81
녹사평역,2024-07-31,2024-04-21 ~ 2024-06-20,2024-04-27,14897,19,100
녹사평역,2024-07-31,2024-04-21 ~ 2024-06-20,2024-04-28,14924,27,127
녹사평역,2024-07-31,2024-04-21 ~ 2024-06-20,2024-04-29,14945,21,148
녹사평역,2024-07-31,2024-04-21 ~ 2024-06-20,2024-04-30,14960,15,163
녹사평역,2024-07-31,2024-04-21 ~ 2024-06-20,2024-05-01,14977,17,180
녹사평역,2024-07-31,2024-04-21 ~ 2024-06-20,2024-05-02,14999,22,202
녹사평역,2024-07-31,2024-04-21 ~ 2024-06-20,2024-05-03,15018,19,221
녹사평역,2024-07-31,2024-04-21 ~ 2024-06-20,2024-05-04,15038,20,241
녹사평역,2024-07-31,2024-04-21 ~ 2024-06-20,2024-05-05,15065,27,268
녹사평역,2024-07-31,2024-04-21 ~ 2024-06-20,2024-05-06,15079,14,282
녹사평역,2024-07-31,2024-04-21 ~ 2024-06-20,2024-05-07,15093,14,296
녹사평역,2024-07-31,2024-04-21 ~ 2024-06-20,2024-05-08,15107,14,310
녹사평역,2024-07-31,2024-04-21 ~ 2024-06-20,2024-05-09,15123,16,326
녹사평역,2024-07-31,2024-04-21 ~ 2024-06-20,2024-05-10,15141,18,344
녹사평역,2024-07-31,2024-04-21 ~ 2024-06-20,2024-05-11,15163,22,366
녹사평역,2024-07-31,2024-04-21 ~ 2024-06-20,2024-05-12,15182,19,385
녹사평역,2024-07-31,2024-04-21 ~ 2024-06-20,2024-05-13,15204,22,407
녹사평역,2024-07-31,2024-04-21 ~ 2024-06-20,2024-05-14,15221,17,424
녹사평역,2024-07-31,2024-04-21 ~ 2024-06-20,2024-05-15,15241,20,444
녹사평역,2024-07-31,2024-04-21 ~ 2024-06-20,2024-05-16,15256,15,459
녹사평역,2024-07-31,2024-04-21 ~ 2024-06-20,2024-05-17,15272,16,475
녹사평역,2024-07-31,2024-04-21 ~ 2024-06-20,2024-05-18,15292,20,495
녹사평역,2024-07-31,2024-04-21 ~ 2024-06-20,2024-05-19,15324,32,527
녹사평역,2024-07-31,2024-04-21 ~ 2024-06-20,2024-05-20,15346,22,549
녹사평역,2024-07-31,2024-04-21 ~ 2024-06-20,2024-05-21,15360,14,563
녹사평역,2024-07-31,2024-04-21 ~ 2024-06-20,2024-05-22,15376,16,579
녹사평역,2024-07-31,2024-04-21 ~ 2024-06-20,2024-05-23,15393,17,596
녹사평역,2024-07-31,2024-04-21 ~ 2024-06-20,2024-05-24,15413,20,616
녹사평역,2024-07-31,2024-04-21 ~ 2024-06-20,2024-05-25,15433,20,636
녹사평역,2024-07-31,2024-04-21 ~ 2024-06-20,2024-05-26,15463,30,666
녹사평역,2024-07-31,2024-04-21 ~ 2024-06-20,2024-05-27,15482,19,685
녹사평역,2024-07-31,2024-04-21 ~ 2024-06-20,2024-05-28,15497,15,700
녹사평역,2024-07-31,2024-04-21 ~ 2024-06-20,2024-05-29,15517,20,720
녹사평역,2024-07-31,2024-04-21 ~ 2024-06-20,2024-05-30,15535,18,738
녹사평역,2024-07-31,2024-04-21 ~ 2024-06-20,2024-05-31,15552,17,755
녹사평역,2024-07-31,2024-04-21 ~ 2024-06-20,2024-06-01,15572,20,775
녹사평역,2024-07-31,2024-04-21 ~ 2024-06-20,2024-06-02,15599,27,802
녹사평역,2024-07-31,2024-04-21 ~ 2024-06-20,2024-06-03,15619,20,822
녹사평역,2024-07-31,2024-04-21 ~ 2024-06-20,2024-06-04,15633,14,836
녹사평역,2024-07-31,2024-04-21 ~ 2024-06-20,2024-06-05,15649,16,852
녹사평역,2024-07-31,2024-04-21 ~ 2024-06-20,2024-06-06,15665,16,868
녹사평역,2024-07-31,2024-04-21 ~ 2024-06-20,2024-06-07,15688,23,891
녹사평역,2024-07-31,2024-04-21 ~ 2024-06-20,2024-06-08,15707,19,910
녹사평역,2024-07-31,2024-04-21 ~ 2024-06-20,2024-06-09,15729,22,932
녹사평역,2024-07-31,2024-04-21 ~ 2024-06-20,2024-06-10,15747,18,950
녹사평역,2024-07-31,2024-04-21 ~ 2024-06-20,2024-06-11,15760,13,963
녹사평역,2024-07-31,2024-04-21 ~ 2024-06-20,2024-06-12,15776,16,979
녹사평역,2024-07-31,2024-04-21 ~ 2024-06-20,2024-06-13,15792,16,995
녹사평역,2024-07-31,2024-04-21 ~ 2024-06-20,2024-06-14,15807,15,1010
녹사평역,2024-07-31,2024-04-21 ~ 2024-06-20,2024-06-15,15825,18,1028
녹사평역,2024-07-31,2024-04-21 ~ 2024-06-20,2024-06-16,15851,26,1054
녹사평역,2024-07-31,2024-04-21 ~ 2024-06-20,2024-06-17,15868,17,1071
녹사평역,2024-07-31,2024-04-21 ~ 2024-06-20,2024-06-18,15883,15,1086
녹사평역,2024-07-31,2024-04-21 ~ 2024-06-20,2024-06-19,15900,17,1103
녹사평역,2024-07-31,2024-04-21 ~ 2024-06-20,2024-06-20,15916,16,1119
녹사평역,2024-07-31,2024-04-21 ~ 2024-06-20,2024-06-21,15932,16,1135
녹사평역,2024-09-30,2024-06-21 ~ 2024-08-20,2024-06-22,15951,19,19
녹사평역,2024-09-30,2024-06-21 ~ 2024-08-20,2024-06-23,15972,21,40
녹사평역,2024-09-30,2024-06-21 ~ 2024-08-20,2024-06-24,15991,19,59
녹사평역,2024-09-30,2024-06-21 ~ 2024-08-20,2024-06-25,16008,17,76
녹사평역,2024-09-30,2024-06-21 ~ 2024-08-20,2024-06-26,16026,18,94
녹사평역,2024-09-30,2024-06-21 ~ 2024-08-20,2024-06-27,16044,18,112
녹사평역,2024-09-30,2024-06-21 ~ 2024-08-20,2024-06-28,16062,18,130
녹사평역,2024-09-30,2024-06-21 ~ 2024-08-20,2024-06-29,16083,21,151
녹사평역,2024-09-30,2024-06-21 ~ 2024-08-20,2024-06-30,16106,23,174
녹사평역,2024-09-30,2024-06-21 ~ 2024-08-20,2024-07-01,16123,17,191
녹사평역,2024-09-30,2024-06-21 ~ 2024-08-20,2024-07-02,16139,16,207
녹사평역,2024-09-30,2024-06-21 ~ 2024-08-20,2024-07-03,16158,19,226
녹사평역,2024-09-30,2024-06-21 ~ 2024-08-20,2024-07-04,16177,19,245
녹사평역,2024-09-30,2024-06-21 ~ 2024-08-20,2024-07-05,16195,18,263
녹사평역,2024-09-30,2024-06-21 ~ 2024-08-20,2024-07-06,16219,24,287
녹사평역,2024-09-30,2024-06-21 ~ 2024-08-20,2024-07-07,16250,31,318
녹사평역,2024-09-30,2024-06-21 ~ 2024-08-20,2024-07-08,16269,19,337
녹사평역,2024-09-30,2024-06-21 ~ 2024-08-20,2024-07-09,16285,16,353
녹사평역,2024-09-30,2024-06-21 ~ 2024-08-20,2024-07-10,16302,17,370
녹사평역,2024-09-30,2024-06-21 ~ 2024-08-20,2024-07-11,16323,21,391
녹사평역,2024-09-30,2024-06-21 ~ 2024-08-20,2024-07-12,16347,24,415
녹사평역,2024-09-30,2024-06-21 ~ 2024-08-20,2024-07-13,16370,23,438
녹사평역,2024-09-30,2024-06-21 ~ 2024-08-20,2024-07-14,16403,33,471
녹사평역,2024-09-30,2024-06-21 ~ 2024-08-20,2024-07-15,16431,28,499
녹사평역,2024-09-30,2024-06-21 ~ 2024-08-20,2024-07-16,16454,23,522
녹사평역,2024-09-30,2024-06-21 ~ 2024-08-20,2024-07-17,16480,26,548
녹사평역,2024-09-30,2024-06-21 ~ 2024-08-20,2024-07-18,16506,26,574
녹사평역,2024-09-30,2024-06-21 ~ 2024-08-20,2024-07-19,16525,19,593
녹사평역,2024-09-30,2024-06-21 ~ 2024-08-20,2024-07-20,16555,30,623
녹사평역,2024-09-30,2024-06-21 ~ 2024-08-20,2024-07-21,16582,27,650
녹사평역,2024-09-30,2024-06-21 ~ 2024-08-20,2024-07-22,16603,21,671
녹사평역,2024-09-30,2024-06-21 ~ 2024-08-20,2024-07-23,16628,25,696
녹사평역,2024-09-30,2024-06-21 ~ 2024-08-20,2024-07-24,16649,21,717
녹사평역,2024-09-30,2024-06-21 ~ 2024-08-20,2024-07-25,16675,26,743
녹사평역,2024-09-30,2024-06-21 ~ 2024-08-20,2024-07-26,16698,23,766
녹사평역,2024-09-30,2024-06-21 ~ 2024-08-20,2024-07-27,16725,27,793
녹사평역,2024-09-30,2024-06-21 ~ 2024-08-20,2024-07-28,16754,29,822
녹사평역,2024-09-30,2024-06-21 ~ 2024-08-20,2024-07-29,16780,26,848
녹사평역,2024-09-30,2024-06-21 ~ 2024-08-20,2024-07-30,16806,26,874
녹사평역,2024-09-30,2024-06-21 ~ 2024-08-20,2024-07-31,16830,24,898
녹사평역,2024-09-30,2024-06-21 ~ 2024-08-20,2024-08-01,16857,27,925
녹사평역,2024-09-30,2024-06-21 ~ 2024-08-20,2024-08-02,16883,26,951
녹사평역,2024-09-30,2024-06-21 ~ 2024-08-20,2024-08-03,16911,28,979
녹사평역,2024-09-30,2024-06-21 ~ 2024-08-20,2024-08-04,16938,27,1006
녹사평역,2024-09-30,2024-06-21 ~ 2024-08-20,2024-08-05,16968,30,1036
녹사평역,2024-09-30,2024-06-21 ~ 2024-08-20,2024-08-06,16993,25,1061
녹사평역,2024-09-30,2024-06-21 ~ 2024-08-20,2024-08-07,17019,26,1087
녹사평역,2024-09-30,2024-06-21 ~ 2024-08-20,2024-08-08,17045,26,1113
녹사평역,2024-09-30,2024-06-21 ~ 2024-08-20,2024-08-09,17071,26,1139
녹사평역,2024-09-30,2024-06-21 ~ 2024-08-20,2024-08-10,17098,27,1166
녹사평역,2024-09-30,2024-06-21 ~ 2024-08-20,2024-08-11,17127,29,1195
녹사평역,2024-09-30,2024-06-21 ~ 2024-08-20,2024-08-12,17154,27,1222
녹사평역,2024-09-30,2024-06-21 ~ 2024-08-20,2024-08-13,17178,24,1246
녹사평역,2024-09-30,2024-06-21 ~ 2024-08-20,2024-08-14,17203,25,1271
녹사평역,2024-09-30,2024-06-21 ~ 2024-08-20,2024-08-15,17225,22,1293
녹사평역,2024-09-30,2024-06-21 ~ 2024-08-20,2024-08-16,17246,21,1314
녹사평역,2024-09-30,2024-06-21 ~ 2024-08-20,2024-08-17,17278,32,1346
녹사평역,2024-09-30,2024-06-21 ~ 2024-08-20,2024-08-18,17308,30,1376
녹사평역,2024-09-30,2024-06-21 ~ 2024-08-20,2024-08-19,17334,26,1402
녹사평역,2024-09-30,2024-06-21 ~ 2024-08-20,2024-08-20,17362,28,1430
녹사평역,2024-09-30,2024-06-21 ~ 2024-08-20,2024-08-21,17389,27,1457
녹사평역,2024-11-30,2024-08-21 ~ 2024-10-20,2024-08-22,17412,23,23
녹사평역,2024-11-30,2024-08-21 ~ 2024-10-20,2024-08-23,17440,28,51
녹사평역,2024-11-30,2024-08-21 ~ 2024-10-20,2024-08-24,17468,28,79
녹사평역,2024-11-30,2024-08-21 ~ 2024-10-20,2024-08-25,17502,34,113
녹사평역,2024-11-30,2024-08-21 ~ 2024-10-20,2024-08-26,17527,25,138
녹사평역,2024-11-30,2024-08-21 ~ 2024-10-20,2024-08-27,17556,29,167
녹사평역,2024-11-30,2024-08-21 ~ 2024-10-20,2024-08-28,17585,29,196
녹사평역,2024-11-30,2024-08-21 ~ 2024-10-20,2024-08-29,17615,30,226
녹사평역,2024-11-30,2024-08-21 ~ 2024-10-20,2024-08-30,17643,28,254
녹사평역,2024-11-30,2024-08-21 ~ 2024-10-20,2024-08-31,17676,33,287
녹사평역,2024-11-30,2024-08-21 ~ 2024-10-20,2024-09-01,17707,31,318
녹사평역,2024-11-30,2024-08-21 ~ 2024-10-20,2024-09-02,17735,28,346
녹사평역,2024-11-30,2024-08-21 ~ 2024-10-20,2024-09-03,17762,27,373
녹사평역,2024-11-30,2024-08-21 ~ 2024-10-20,2024-09-04,17792,30,403
녹사평역,2024-11-30,2024-08-21 ~ 2024-10-20,2024-09-05,17822,30,433
녹사평역,2024-11-30,2024-08-21 ~ 2024-10-20,2024-09-06,17847,25,458
녹사평역,2024-11-30,2024-08-21 ~ 2024-10-20,2024-09-07,17878,31,489
녹사평역,2024-11-30,2024-08-21 ~ 2024-10-20,2024-09-08,17914,36,525
녹사평역,2024-11-30,2024-08-21 ~ 2024-10-20,2024-09-09,17944,30,555
녹사평역,2024-11-30,2024-08-21 ~ 2024-10-20,2024-09-10,17971,27,582
녹사평역,2024-11-30,2024-08-21 ~ 2024-10-20,2024-09-11,17990,19,601
녹사평역,2024-11-30,2024-08-21 ~ 2024-10-20,2024-09-12,18009,19,620
녹사평역,2024-11-30,2024-08-21 ~ 2024-10-20,2024-09-13,18031,22,642
녹사평역,2024-11-30,2024-08-21 ~ 2024-10-20,2024-09-14,18059,28,670
녹사평역,2024-11-30,2024-08-21 ~ 2024-10-20,2024-09-15,18088,29,699
녹사평역,2024-11-30,2024-08-21 ~ 2024-10-20,2024-09-16,18116,28,727
녹사평역,2024-11-30,2024-08-21 ~ 2024-10-20,2024-09-17,18142,26,753
녹사평역,2024-11-30,2024-08-21 ~ 2024-10-20,2024-09-18,18162,20,773
녹사평역,2024-11-30,2024-08-21 ~ 2024-10-20,2024-09-19,18188,26,799
녹사평역,2024-11-30,2024-08-21 ~ 2024-10-20,2024-09-20,18211,23,822
녹사평역,2024-11-30,2024-08-21 ~ 2024-10-20,2024-09-21,18236,25,847
녹사평역,2024-11-30,2024-08-21 ~ 2024-10-20,2024-09-22,18269,33,880
녹사평역,2024-11-30,2024-08-21 ~ 2024-10-20,2024-09-23,18294,25,905
녹사평역,2024-11-30,2024-08-21 ~ 2024-10-20,2024-09-24,18313,19,924
녹사평역,2024-11-30,2024-08-21 ~ 2024-10-20,2024-09-25,18332,19,943
녹사평역,2024-11-30,2024-08-21 ~ 2024-10-20,2024-09-26,18353,21,964
녹사평역,2024-11-30,2024-08-21 ~ 2024-10-20,2024-09-27,18383,30,994
녹사평역,2024-11-30,2024-08-21 ~ 2024-10-20,2024-09-28,18408,25,1019
녹사평역,2024-11-30,2024-08-21 ~ 2024-10-20,2024-09-29,18442,34,1053
녹사평역,2024-11-30,2024-08-21 ~ 2024-10-20,2024-09-30,18471,29,1082
녹사평역,2024-11-30,2024-08-21 ~ 2024-10-20,2024-10-01,18495,24,1106
녹사평역,2024-11-30,2024-08-21 ~ 2024-10-20,2024-10-02,18520,25,1131
녹사평역,2024-11-30,2024-08-21 ~ 2024-10-20,2024-10-03,18545,25,1156
녹사평역,2024-11-30,2024-08-21 ~ 2024-10-20,2024-10-04,18575,30,1186
녹사평역,2024-11-30,2024-08-21 ~ 2024-10-20,2024-10-05,18601,26,1212
녹사평역,2024-11-30,2024-08-21 ~ 2024-10-20,2024-10-06,18634,33,1245
녹사평역,2024-11-30,2024-08-21 ~ 2024-10-20,2024-10-07,18656,22,1267
녹사평역,2024-11-30,2024-08-21 ~ 2024-10-20,2024-10-08,18673,17,1284
녹사평역,2024-11-30,2024-08-21 ~ 2024-10-20,2024-10-09,18695,22,1306
녹사평역,2024-11-30,2024-08-21 ~ 2024-10-20,2024-10-10,18719,24,1330
녹사평역,2024-11-30,2024-08-21 ~ 2024-10-20,2024-10-11,18740,21,1351
녹사평역,2024-11-30,2024-08-21 ~ 2024-10-20,2024-10-12,18761,21,1372
녹사평역,2024-11-30,2024-08-21 ~ 2024-10-20,2024-10-13,18792,31,1403
녹사평역,2024-11-30,2024-08-21 ~ 2024-10-20,2024-10-14,18816,24,1427
녹사평역,2024-11-30,2024-08-21 ~ 2024-10-20,2024-10-15,18835,19,1446
녹사평역,2024-11-30,2024-08-21 ~ 2024-10-20,2024-10-16,18853,18,1464
녹사평역,2024-11-30,2024-08-21 ~ 2024-10-20,2024-10-17,18873,20,1484
녹사평역,2024-11-30,2024-08-21 ~ 2024-10-20,2024-10-18,18892,19,1503
녹사평역,2024-11-30,2024-08-21 ~ 2024-10-20,2024-10-19,18910,18,1521
녹사평역,2024-11-30,2024-08-21 ~ 2024-10-20,2024-10-20,18943,33,1554
녹사평역,2024-11-30,2024-08-21 ~ 2024-10-20,2024-10-21,18966,23,1577
녹사평역,2025-01-31,2024-10-21 ~ 2024-12-20,2024-10-22,18981,15,15
녹사평역,2025-01-31,2024-10-21 ~ 2024-12-20,2024-10-23,18997,16,31
녹사평역,2025-01-31,2024-10-21 ~ 2024-12-20,2024-10-24,19016,19,50
녹사평역,2025-01-31,2024-10-21 ~ 2024-12-20,2024-10-25,19038,22,72
녹사평역,2025-01-31,2024-10-21 ~ 2024-12-20,2024-10-26,19062,24,96
녹사평역,2025-01-31,2024-10-21 ~ 2024-12-20,2024-10-27,19095,33,129
녹사평역,2025-01-31,2024-10-21 ~ 2024-12-20,2024-10-28,19119,24,153
녹사평역,2025-01-31,2024-10-21 ~ 2024-12-20,2024-10-29,19137,18,171
녹사평역,2025-01-31,2024-10-21 ~ 2024-12-20,2024-10-30,19156,19,190
녹사평역,2025-01-31,2024-10-21 ~ 2024-12-20,2024-10-31,19176,20,210
녹사평역,2025-01-31,2024-10-21 ~ 2024-12-20,2024-11-01,19197,21,231
녹사평역,2025-01-31,2024-10-21 ~ 2024-12-20,2024-11-02,19219,22,253
녹사평역,2025-01-31,2024-10-21 ~ 2024-12-20,2024-11-03,19253,34,287
녹사평역,2025-01-31,2024-10-21 ~ 2024-12-20,2024-11-04,19278,25,312
녹사평역,2025-01-31,2024-10-21 ~ 2024-12-20,2024-11-05,19295,17,329
녹사평역,2025-01-31,2024-10-21 ~ 2024-12-20,2024-11-06,19314,19,348
녹사평역,2025-01-31,2024-10-21 ~ 2024-12-20,2024-11-07,19331,17,365
녹사평역,2025-01-31,2024-10-21 ~ 2024-12-20,2024-11-08,19351,20,385
녹사평역,2025-01-31,2024-10-21 ~ 2024-12-20,2024-11-09,19377,26,411
녹사평역,2025-01-31,2024-10-21 ~ 2024-12-20,2024-11-10,19413,36,447
녹사평역,2025-01-31,2024-10-21 ~ 2024-12-20,2024-11-11,19442,29,476
녹사평역,2025-01-31,2024-10-21 ~ 2024-12-20,2024-11-12,19458,16,492
녹사평역,2025-01-31,2024-10-21 ~ 2024-12-20,2024-11-13,19477,19,511
녹사평역,2025-01-31,2024-10-21 ~ 2024-12-20,2024-11-14,19496,19,530
녹사평역,2025-01-31,2024-10-21 ~ 2024-12-20,2024-11-15,19515,19,549
녹사평역,2025-01-31,2024-10-21 ~ 2024-12-20,2024-11-16,19538,23,572
녹사평역,2025-01-31,2024-10-21 ~ 2024-12-20,2024-11-17,19566,28,600
녹사평역,2025-01-31,2024-10-21 ~ 2024-12-20,2024-11-18,19587,21,621
녹사평역,2025-01-31,2024-10-21 ~ 2024-12-20,2024-11-19,19604,17,638
녹사평역,2025-01-31,2024-10-21 ~ 2024-12-20,2024-11-20,19623,19,657
녹사평역,2025-01-31,2024-10-21 ~ 2024-12-20,2024-11-21,19641,18,675
녹사평역,2025-01-31,2024-10-21 ~ 2024-12-20,2024-11-22,19660,19,694
녹사평역,2025-01-31,2024-10-21 ~ 2024-12-20,2024-11-23,19681,21,715
녹사평역,2025-01-31,2024-10-21 ~ 2024-12-20,2024-11-24,19712,31,746
녹사평역,2025-01-31,2024-10-21 ~ 2024-12-20,2024-11-25,19735,23,769
녹사평역,2025-01-31,2024-10-21 ~ 2024-12-20,2024-11-26,19752,17,786
녹사평역,2025-01-31,2024-10-21 ~ 2024-12-20,2024-11-27,19769,17,803
녹사평역,2025-01-31,2024-10-21 ~ 2024-12-20,2024-11-28,19785,16,819
녹사평역,2025-01-31,2024-10-21 ~ 2024-12-20,2024-11-29,19803,18,837
녹사평역,2025-01-31,2024-10-21 ~ 2024-12-20,2024-11-30,19822,19,856
녹사평역,2025-01-31,2024-10-21 ~ 2024-12-20,2024-12-01,19848,26,882
녹사평역,2025-01-31,2024-10-21 ~ 2024-12-20,2024-12-02,19867,19,901
녹사평역,2025-01-31,2024-10-21 ~ 2024-12-20,2024-12-03,19883,16,917
녹사평역,2025-01-31,2024-10-21 ~ 2024-12-20,2024-12-04,19900,17,934
녹사평역,2025-01-31,2024-10-21 ~ 2024-12-20,2024-12-05,19918,18,952
녹사평역,2025-01-31,2024-10-21 ~ 2024-12-20,2024-12-06,19936,18,970
녹사평역,2025-01-31,2024-10-21 ~ 2024-12-20,2024-12-07,19955,19,989
녹사평역,2025-01-31,2024-10-21 ~ 2024-12-20,2024-12-08,19980,25,1014
녹사평역,2025-01-31,2024-10-21 ~ 2024-12-20,2024-12-09,19998,18,1032
녹사평역,2025-01-31,2024-10-21 ~ 2024-12-20,2024-12-10,20014,16,1048
녹사평역,2025-01-31,2024-10-21 ~ 2024-12-20,2024-12-11,20030,16,1064
녹사평역,2025-01-31,2024-10-21 ~ 2024-12-20,2024-12-12,20048,18,1082
녹사평역,2025-01-31,2024-10-21 ~ 2024-12-20,2024-12-13,20067,19,1101
녹사평역,2025-01-31,2024-10-21 ~ 2024-12-20,2024-12-14,20088,21,1122
녹사평역,2025-01-31,2024-10-21 ~ 2024-12-20,2024-12-15,20112,24,1146
녹사평역,2025-01-31,2024-10-21 ~ 2024-12-20,2024-12-16,20130,18,1164
녹사평역,2025-01-31,2024-10-21 ~ 2024-12-20,2024-12-17,20146,16,1180
녹사평역,2025-01-31,2024-10-21 ~ 2024-12-20,2024-12-18,20164,18,1198
녹사평역,2025-01-31,2024-10-21 ~ 2024-12-20,2024-12-19,20182,18,1216
녹사평역,2025-01-31,2024-10-21 ~ 2024-12-20,2024-12-20,20201,19,1235
녹사평역,2025-01-31,2024-10-21 ~ 2024-12-20,2024-12-21,20222,21,1256
녹사평역,2025-03-31,2024-12-21 ~ 2025-02-20,2024-12-22,20247,25,25
녹사평역,2025-03-31,2024-12-21 ~ 2025-02-20,2024-12-23,20266,19,44
녹사평역,2025-03-31,2024-12-21 ~ 2025-02-20,2024-12-24,20285,19,63
녹사평역,2025-03-31,2024-12-21 ~ 2025-02-20,2024-12-25,20307,22,85
녹사평역,2025-03-31,2024-12-21 ~ 2025-02-20,2024-12-26,20331,24,109
녹사평역,2025-03-31,2024-12-21 ~ 2025-02-20,2024-12-27,20349,18,127
녹사평역,2025-03-31,2024-12-21 ~ 2025-02-20,2024-12-28,20369,20,147
녹사평역,2025-03-31,2024-12-21 ~ 2025-02-20,2024-12-29,20392,23,170
녹사평역,2025-03-31,2024-12-21 ~ 2025-02-20,2024-12-30,20412,20,190
녹사평역,2025-03-31,2024-12-21 ~ 2025-02-20,2024-12-31,20432,20,210
녹사평역,2025-03-31,2024-12-21 ~ 2025-02-20,2025-01-01,20452,20,230
녹사평역,2025-03-31,2024-12-21 ~ 2025-02-20,2025-01-02,20470,18,248
녹사평역,2025-03-31,2024-12-21 ~ 2025-02-20,2025-01-03,20489,19,267
녹사평역,2025-03-31,2024-12-21 ~ 2025-02-20,2025-01-04,20509,20,287
녹사평역,2025-03-31,2024-12-21 ~ 2025-02-20,2025-01-05,20534,25,312
녹사평역,2025-03-31,2024-12-21 ~ 2025-02-20,2025-01-06,20549,15,327
녹사평역,2025-03-31,2024-12-21 ~ 2025-02-20,2025-01-07,20566,17,344
녹사평역,2025-03-31,2024-12-21 ~ 2025-02-20,2025-01-08,20583,17,361
녹사평역,2025-03-31,2024-12-21 ~ 2025-02-20,2025-01-09,20600,17,378
녹사평역,2025-03-31,2024-12-21 ~ 2025-02-20,2025-01-10,20616,16,394
녹사평역,2025-03-31,2024-12-21 ~ 2025-02-20,2025-01-11,20634,18,412
녹사평역,2025-03-31,2024-12-21 ~ 2025-02-20,2025-01-12,20657,23,435
녹사평역,2025-03-31,2024-12-21 ~ 2025-02-20,2025-01-13,20674,17,452
녹사평역,2025-03-31,2024-12-21 ~ 2025-02-20,2025-01-14,20690,16,468
녹사평역,2025-03-31,2024-12-21 ~ 2025-02-20,2025-01-15,20708,18,486
녹사평역,2025-03-31,2024-12-21 ~ 2025-02-20,2025-01-16,20727,19,505
녹사평역,2025-03-31,2024-12-21 ~ 2025-02-20,2025-01-17,20744,17,522
녹사평역,2025-03-31,2024-12-21 ~ 2025-02-20,2025-01-18,20766,22,544
녹사평역,2025-03-31,2024-12-21 ~ 2025-02-20,2025-01-19,20793,27,571
녹사평역,2025-03-31,2024-12-21 ~ 2025-02-20,2025-01-20,20813,20,591
녹사평역,2025-03-31,2024-12-21 ~ 2025-02-20,2025-01-21,20830,17,608
녹사평역,2025-03-31,2024-12-21 ~ 2025-02-20,2025-01-22,20849,19,627
녹사평역,2025-03-31,2024-12-21 ~ 2025-02-20,2025-01-23,20868,19,646
녹사평역,2025-03-31,2024-12-21 ~ 2025-02-20,2025-01-24,20887,19,665
녹사평역,2025-03-31,2024-12-21 ~ 2025-02-20,2025-01-25,20906,19,684
녹사평역,2025-03-31,2024-12-21 ~ 2025-02-20,2025-01-26,20930,24,708
녹사평역,2025-03-31,2024-12-21 ~ 2025-02-20,2025-01-27,20951,21,729
녹사평역,2025-03-31,2024-12-21 ~ 2025-02-20,2025-01-28,20966,15,744
녹사평역,2025-03-31,2024-12-21 ~ 2025-02-20,2025-01-29,20979,13,757
녹사평역,2025-03-31,2024-12-21 ~ 2025-02-20,2025-01-30,20992,13,770
녹사평역,2025-03-31,2024-12-21 ~ 2025-02-20,2025-01-31,21008,16,786
녹사평역,2025-03-31,2024-12-21 ~ 2025-02-20,2025-02-01,21024,16,802
녹사평역,2025-03-31,2024-12-21 ~ 2025-02-20,2025-02-02,21048,24,826
녹사평역,2025-03-31,2024-12-21 ~ 2025-02-20,2025-02-03,21068,20,846
녹사평역,2025-03-31,2024-12-21 ~ 2025-02-20,2025-02-04,21085,17,863
녹사평역,2025-03-31,2024-12-21 ~ 2025-02-20,2025-02-05,21101,16,879
녹사평역,2025-03-31,2024-12-21 ~ 2025-02-20,2025-02-06,21117,16,895
녹사평역,2025-03-31,2024-12-21 ~ 2025-02-20,2025-02-07,21134,17,912
녹사평역,2025-03-31,2024-12-21 ~ 2025-02-20,2025-02-08,21151,17,929
녹사평역,2025-03-31,2024-12-21 ~ 2025-02-20,2025-02-09,21173,22,951
녹사평역,2025-03-31,2024-12-21 ~ 2025-02-20,2025-02-10,21192,19,970
녹사평역,2025-03-31,2024-12-21 ~ 2025-02-20,2025-02-11,21210,18,988
녹사평역,2025-03-31,2024-12-21 ~ 2025-02-20,2025-02-12,21228,18,1006
녹사평역,2025-03-31,2024-12-21 ~ 2025-02-20,2025-02-13,21244,16,1022
녹사평역,2025-03-31,2024-12-21 ~ 2025-02-20,2025-02-14,21265,21,1043
녹사평역,2025-03-31,2024-12-21 ~ 2025-02-20,2025-02-15,21286,21,1064
녹사평역,2025-03-31,2024-12-21 ~ 2025-02-20,2025-02-16,21316,30,1094
녹사평역,2025-03-31,2024-12-21 ~ 2025-02-20,2025-02-17,21338,22,1116
녹사평역,2025-03-31,2024-12-21 ~ 2025-02-20,2025-02-18,21356,18,1134
녹사평역,2025-03-31,2024-12-21 ~ 2025-02-20,2025-02-19,21375,19,1153
녹사평역,2025-03-31,2024-12-21 ~ 2025-02-20,2025-02-20,21393,18,1171
녹사평역,2025-03-31,2024-12-21 ~ 2025-02-20,2025-02-21,21410,17,1188
녹사평역,2025-05-31,2025-02-21 ~ 2025-04-20,2025-02-22,21430,20,20
녹사평역,2025-05-31,2025-02-21 ~ 2025-04-20,2025-02-23,21457,27,47
녹사평역,2025-05-31,2025-02-21 ~ 2025-04-20,2025-02-24,21477,20,67
녹사평역,2025-05-31,2025-02-21 ~ 2025-04-20,2025-02-25,21495,18,85
녹사평역,2025-05-31,2025-02-21 ~ 2025-04-20,2025-02-26,21513,18,103
녹사평역,2025-05-31,2025-02-21 ~ 2025-04-20,2025-02-27,21533,20,123
녹사평역,2025-05-31,2025-02-21 ~ 2025-04-20,2025-02-28,21555,22,145
녹사평역,2025-05-31,2025-02-21 ~ 2025-04-20,2025-03-01,21578,23,168
녹사평역,2025-05-31,2025-02-21 ~ 2025-04-20,2025-03-02,21606,28,196
녹사평역,2025-05-31,2025-02-21 ~ 2025-04-20,2025-03-03,21630,24,220
녹사평역,2025-05-31,2025-02-21 ~ 2025-04-20,2025-03-04,21652,22,242
녹사평역,2025-05-31,2025-02-21 ~ 2025-04-20,2025-03-05,21670,18,260
녹사평역,2025-05-31,2025-02-21 ~ 2025-04-20,2025-03-06,21690,20,280
녹사평역,2025-05-31,2025-02-21 ~ 2025-04-20,2025-03-07,21710,20,300
녹사평역,2025-05-31,2025-02-21 ~ 2025-04-20,2025-03-08,21739,29,329
녹사평역,2025-05-31,2025-02-21 ~ 2025-04-20,2025-03-09,21782,43,372
녹사평역,2025-05-31,2025-02-21 ~ 2025-04-20,2025-03-10,21806,24,396
녹사평역,2025-05-31,2025-02-21 ~ 2025-04-20,2025-03-11,21826,20,416
녹사평역,2025-05-31,2025-02-21 ~ 2025-04-20,2025-03-12,21851,25,441
녹사평역,2025-05-31,2025-02-21 ~ 2025-04-20,2025-03-13,21875,24,465
녹사평역,2025-05-31,2025-02-21 ~ 2025-04-20,2025-03-14,21901,26,491
녹사평역,2025-05-31,2025-02-21 ~ 2025-04-20,2025-03-15,21928,27,518
녹사평역,2025-05-31,2025-02-21 ~ 2025-04-20,2025-03-16,21962,34,552
녹사평역,2025-05-31,2025-02-21 ~ 2025-04-20,2025-03-17,21983,21,573
녹사평역,2025-05-31,2025-02-21 ~ 2025-04-20,2025-03-18,22002,19,592
녹사평역,2025-05-31,2025-02-21 ~ 2025-04-20,2025-03-19,22020,18,610
녹사평역,2025-05-31,2025-02-21 ~ 2025-04-20,2025-03-20,22040,20,630
녹사평역,2025-05-31,2025-02-21 ~ 2025-04-20,2025-03-21,22062,22,652
녹사평역,2025-05-31,2025-02-21 ~ 2025-04-20,2025-03-22,22087,25,677
녹사평역,2025-05-31,2025-02-21 ~ 2025-04-20,2025-03-23,22125,38,715
녹사평역,2025-05-31,2025-02-21 ~ 2025-04-20,2025-03-24,22153,28,743
녹사평역,2025-05-31,2025-02-21 ~ 2025-04-20,2025-03-25,22176,23,766
녹사평역,2025-05-31,2025-02-21 ~ 2025-04-20,2025-03-26,22196,20,786
녹사평역,2025-05-31,2025-02-21 ~ 2025-04-20,2025-03-27,22217,21,807
녹사평역,2025-05-31,2025-02-21 ~ 2025-04-20,2025-03-28,22237,20,827
녹사평역,2025-05-31,2025-02-21 ~ 2025-04-20,2025-03-29,22261,24,851
녹사평역,2025-05-31,2025-02-21 ~ 2025-04-20,2025-03-30,22291,30,881
녹사평역,2025-05-31,2025-02-21 ~ 2025-04-20,2025-03-31,22315,24,905
녹사평역,2025-05-31,2025-02-21 ~ 2025-04-20,2025-04-01,22335,20,925
녹사평역,2025-05-31,2025-02-21 ~ 2025-04-20,2025-04-02,22357,22,947
녹사평역,2025-05-31,2025-02-21 ~ 2025-04-20,2025-04-03,22378,21,968
녹사평역,2025-05-31,2025-02-21 ~ 2025-04-20,2025-04-04,22401,23,991
녹사평역,2025-05-31,2025-02-21 ~ 2025-04-20,2025-04-05,22429,28,1019
녹사평역,2025-05-31,2025-02-21 ~ 2025-04-20,2025-04-06,22454,25,1044
녹사평역,2025-05-31,2025-02-21 ~ 2025-04-20,2025-04-07,22483,29,1073
녹사평역,2025-05-31,2025-02-21 ~ 2025-04-20,2025-04-08,22505,22,1095
녹사평역,2025-05-31,2025-02-21 ~ 2025-04-20,2025-04-09,22529,24,1119
녹사평역,2025-05-31,2025-02-21 ~ 2025-04-20,2025-04-10,22553,24,1143
녹사평역,2025-05-31,2025-02-21 ~ 2025-04-20,2025-04-11,22578,25,1168
녹사평역,2025-05-31,2025-02-21 ~ 2025-04-20,2025-04-12,22609,31,1199
녹사평역,2025-05-31,2025-02-21 ~ 2025-04-20,2025-04-13,22637,28,1227
녹사평역,2025-05-31,2025-02-21 ~ 2025-04-20,2025-04-14,22660,23,1250
녹사평역,2025-05-31,2025-02-21 ~ 2025-04-20,2025-04-15,22685,25,1275
녹사평역,2025-05-31,2025-02-21 ~ 2025-04-20,2025-04-16,22706,21,1296
녹사평역,2025-05-31,2025-02-21 ~ 2025-04-20,2025-04-17,22727,21,1317
녹사평역,2025-05-31,2025-02-21 ~ 2025-04-20,2025-04-18,22750,23,1340
녹사평역,2025-05-31,2025-02-21 ~ 2025-04-20,2025-04-19,22775,25,1365
녹사평역,2025-05-31,2025-02-21 ~ 2025-04-20,2025-04-20,22800,25,1390
녹사평역,2025-05-31,2025-02-21 ~ 2025-04-20,2025-04-21,22828,28,1418
녹사평역,2025-07-31,2025-04-21 ~ 2025-06-20,2025-04-22,22846,18,18
녹사평역,2025-07-31,2025-04-21 ~ 2025-06-20,2025-04-23,22862,16,34
녹사평역,2025-07-31,2025-04-21 ~ 2025-06-20,2025-04-24,22884,22,56
녹사평역,2025-07-31,2025-04-21 ~ 2025-06-20,2025-04-25,22906,22,78
녹사평역,2025-07-31,2025-04-21 ~ 2025-06-20,2025-04-26,22932,26,104
녹사평역,2025-07-31,2025-04-21 ~ 2025-06-20,2025-04-27,22968,36,140
녹사평역,2025-07-31,2025-04-21 ~ 2025-06-20,2025-04-28,22995,27,167
녹사평역,2025-07-31,2025-04-21 ~ 2025-06-20,2025-04-29,23016,21,188
녹사평역,2025-07-31,2025-04-21 ~ 2025-06-20,2025-04-30,23038,22,210
녹사평역,2025-07-31,2025-04-21 ~ 2025-06-20,2025-05-01,23063,25,235
녹사평역,2025-07-31,2025-04-21 ~ 2025-06-20,2025-05-02,23083,20,255
녹사평역,2025-07-31,2025-04-21 ~ 2025-06-20,2025-05-03,23112,29,284
녹사평역,2025-07-31,2025-04-21 ~ 2025-06-20,2025-05-04,23143,31,315
녹사평역,2025-07-31,2025-04-21 ~ 2025-06-20,2025-05-05,23179,36,351
녹사평역,2025-07-31,2025-04-21 ~ 2025-06-20,2025-05-06,23206,27,378
녹사평역,2025-07-31,2025-04-21 ~ 2025-06-20,2025-05-07,23231,25,403
녹사평역,2025-07-31,2025-04-21 ~ 2025-06-20,2025-05-08,23251,20,423
녹사평역,2025-07-31,2025-04-21 ~ 2025-06-20,2025-05-09,23270,19,442
녹사평역,2025-07-31,2025-04-21 ~ 2025-06-20,2025-05-10,23290,20,462
녹사평역,2025-07-31,2025-04-21 ~ 2025-06-20,2025-05-11,23317,27,489
녹사평역,2025-07-31,2025-04-21 ~ 2025-06-20,2025-05-12,23345,28,517
녹사평역,2025-07-31,2025-04-21 ~ 2025-06-20,2025-05-13,23365,20,537
녹사평역,2025-07-31,2025-04-21 ~ 2025-06-20,2025-05-14,23385,20,557
녹사평역,2025-07-31,2025-04-21 ~ 2025-06-20,2025-05-15,23406,21,578
녹사평역,2025-07-31,2025-04-21 ~ 2025-06-20,2025-05-16,23425,19,597
녹사평역,2025-07-31,2025-04-21 ~ 2025-06-20,2025-05-17,23446,21,618
녹사평역,2025-07-31,2025-04-21 ~ 2025-06-20,2025-05-18,23478,32,650
녹사평역,2025-07-31,2025-04-21 ~ 2025-06-20,2025-05-19,23507,29,679
녹사평역,2025-07-31,2025-04-21 ~ 2025-06-20,2025-05-20,23528,21,700
녹사평역,2025-07-31,2025-04-21 ~ 2025-06-20,2025-05-21,23547,19,719
녹사평역,2025-07-31,2025-04-21 ~ 2025-06-20,2025-05-22,23567,20,739
녹사평역,2025-07-31,2025-04-21 ~ 2025-06-20,2025-05-23,23589,22,761
녹사평역,2025-07-31,2025-04-21 ~ 2025-06-20,2025-05-24,23614,25,786
녹사평역,2025-07-31,2025-04-21 ~ 2025-06-20,2025-05-25,23651,37,823
녹사평역,2025-07-31,2025-04-21 ~ 2025-06-20,2025-05-26,23679,28,851
녹사평역,2025-07-31,2025-04-21 ~ 2025-06-20,2025-05-27,23700,21,872
녹사평역,2025-07-31,2025-04-21 ~ 2025-06-20,2025-05-28,23722,22,894
녹사평역,2025-07-31,2025-04-21 ~ 2025-06-20,2025-05-29,23748,26,920
녹사평역,2025-07-31,2025-04-21 ~ 2025-06-20,2025-05-30,23769,21,941
녹사평역,2025-07-31,2025-04-21 ~ 2025-06-20,2025-05-31,23795,26,967
녹사평역,2025-07-31,2025-04-21 ~ 2025-06-20,2025-06-01,23846,51,1018
녹사평역,2025-07-31,2025-04-21 ~ 2025-06-20,2025-06-02,23871,25,1043
녹사평역,2025-07-31,2025-04-21 ~ 2025-06-20,2025-06-03,23892,21,1064
녹사평역,2025-07-31,2025-04-21 ~ 2025-06-20,2025-06-04,23921,29,1093
녹사평역,2025-07-31,2025-04-21 ~ 2025-06-20,2025-06-05,23942,21,1114
녹사평역,2025-07-31,2025-04-21 ~ 2025-06-20,2025-06-06,23966,24,1138
녹사평역,2025-07-31,2025-04-21 ~ 2025-06-20,2025-06-07,23999,33,1171
녹사평역,2025-07-31,2025-04-21 ~ 2025-06-20,2025-06-08,24029,30,1201
녹사평역,2025-07-31,2025-04-21 ~ 2025-06-20,2025-06-09,24053,24,1225
녹사평역,2025-07-31,2025-04-21 ~ 2025-06-20,2025-06-10,24073,20,1245
녹사평역,2025-07-31,2025-04-21 ~ 2025-06-20,2025-06-11,24094,21,1266
녹사평역,2025-07-31,2025-04-21 ~ 2025-06-20,2025-06-12,24117,23,1289
녹사평역,2025-07-31,2025-04-21 ~ 2025-06-20,2025-06-13,24140,23,1312
녹사평역,2025-07-31,2025-04-21 ~ 2025-06-20,2025-06-14,24163,23,1335
녹사평역,2025-07-31,2025-04-21 ~ 2025-06-20,2025-06-15,24195,32,1367
녹사평역,2025-07-31,2025-04-21 ~ 2025-06-20,2025-06-16,24216,21,1388
녹사평역,2025-07-31,2025-04-21 ~ 2025-06-20,2025-06-17,24236,20,1408
녹사평역,2025-07-31,2025-04-21 ~ 2025-06-20,2025-06-18,24258,22,1430
녹사평역,2025-07-31,2025-04-21 ~ 2025-06-20,2025-06-19,24281,23,1453
녹사평역,2025-07-31,2025-04-21 ~ 2025-06-20,2025-06-20,24304,23,1476
녹사평역,2025-07-31,2025-04-21 ~ 2025-06-20,2025-06-21,24323,19,1495
녹사평역,2025-09-30,2025-06-21 ~ 2025-08-20,2025-06-22,24358,35,35
녹사평역,2025-09-30,2025-06-21 ~ 2025-08-20,2025-06-23,24385,27,62
녹사평역,2025-09-30,2025-06-21 ~ 2025-08-20,2025-06-24,24408,23,85
녹사평역,2025-09-30,2025-06-21 ~ 2025-08-20,2025-06-25,24430,22,107
녹사평역,2025-09-30,2025-06-21 ~ 2025-08-20,2025-06-26,24451,21,128
녹사평역,2025-09-30,2025-06-21 ~ 2025-08-20,2025-06-27,24474,23,151
녹사평역,2025-09-30,2025-06-21 ~ 2025-08-20,2025-06-28,24500,26,177
녹사평역,2025-09-30,2025-06-21 ~ 2025-08-20,2025-06-29,24530,30,207
녹사평역,2025-09-30,2025-06-21 ~ 2025-08-20,2025-06-30,24553,23,230
녹사평역,2025-09-30,2025-06-21 ~ 2025-08-20,2025-07-01,24586,33,263
녹사평역,2025-09-30,2025-06-21 ~ 2025-08-20,2025-07-02,24619,33,296
녹사평역,2025-09-30,2025-06-21 ~ 2025-08-20,2025-07-03,24654,35,331
녹사평역,2025-09-30,2025-06-21 ~ 2025-08-20,2025-07-04,24686,32,363
녹사평역,2025-09-30,2025-06-21 ~ 2025-08-20,2025-07-05,24702,16,379
녹사평역,2025-09-30,2025-06-21 ~ 2025-08-20,2025-07-06,24761,59,438
녹사평역,2025-09-30,2025-06-21 ~ 2025-08-20,2025-07-07,24797,36,474
녹사평역,2025-09-30,2025-06-21 ~ 2025-08-20,2025-07-08,24830,33,507
녹사평역,2025-09-30,2025-06-21 ~ 2025-08-20,2025-07-09,24864,34,541
녹사평역,2025-09-30,2025-06-21 ~ 2025-08-20,2025-07-10,24896,32,573
녹사평역,2025-09-30,2025-06-21 ~ 2025-08-20,2025-07-11,24928,32,605
녹사평역,2025-09-30,2025-06-21 ~ 2025-08-20,2025-07-12,24959,31,636
녹사평역,2025-09-30,2025-06-21 ~ 2025-08-20,2025-07-13,24995,36,672
녹사평역,2025-09-30,2025-06-21 ~ 2025-08-20,2025-07-14,25027,32,704
녹사평역,2025-09-30,2025-06-21 ~ 2025-08-20,2025-07-15,25052,25,729
녹사평역,2025-09-30,2025-06-21 ~ 2025-08-20,2025-07-16,25076,24,753
녹사평역,2025-09-30,2025-06-21 ~ 2025-08-20,2025-07-17,25100,24,777
녹사평역,2025-09-30,2025-06-21 ~ 2025-08-20,2025-07-18,25124,24,801
녹사평역,2025-09-30,2025-06-21 ~ 2025-08-20,2025-07-19,25133,9,810
녹사평역,2025-09-30,2025-06-21 ~ 2025-08-20,2025-07-20,25174,41,851
녹사평역,2025-09-30,2025-06-21 ~ 2025-08-20,2025-07-21,25199,25,876
녹사평역,2025-09-30,2025-06-21 ~ 2025-08-20,2025-07-22,25221,22,898
녹사평역,2025-09-30,2025-06-21 ~ 2025-08-20,2025-07-23,25244,23,921
녹사평역,2025-09-30,2025-06-21 ~ 2025-08-20,2025-07-24,25269,25,946
녹사평역,2025-09-30,2025-06-21 ~ 2025-08-20,2025-07-25,25295,26,972
녹사평역,2025-09-30,2025-06-21 ~ 2025-08-20,2025-07-26,25322,27,999
녹사평역,2025-09-30,2025-06-21 ~ 2025-08-20,2025-07-27,25355,33,1032
녹사평역,2025-09-30,2025-06-21 ~ 2025-08-20,2025-07-28,25383,28,1060
녹사평역,2025-09-30,2025-06-21 ~ 2025-08-20,2025-07-29,25416,33,1093
녹사평역,2025-09-30,2025-06-21 ~ 2025-08-20,2025-07-30,25446,30,1123
녹사평역,2025-09-30,2025-06-21 ~ 2025-08-20,2025-07-31,25478,32,1155
녹사평역,2025-09-30,2025-06-21 ~ 2025-08-20,2025-08-01,25505,27,1182
녹사평역,2025-09-30,2025-06-21 ~ 2025-08-20,2025-08-02,25539,34,1216
녹사평역,2025-09-30,2025-06-21 ~ 2025-08-20,2025-08-03,25581,42,1258
녹사평역,2025-09-30,2025-06-21 ~ 2025-08-20,2025-08-04,25611,30,1288
녹사평역,2025-09-30,2025-06-21 ~ 2025-08-20,2025-08-05,25644,33,1321
녹사평역,2025-09-30,2025-06-21 ~ 2025-08-20,2025-08-06,25676,32,1353
녹사평역,2025-09-30,2025-06-21 ~ 2025-08-20,2025-08-07,25706,30,1383
녹사평역,2025-09-30,2025-06-21 ~ 2025-08-20,2025-08-08,25742,36,1419
녹사평역,2025-09-30,2025-06-21 ~ 2025-08-20,2025-08-09,25775,33,1452
녹사평역,2025-09-30,2025-06-21 ~ 2025-08-20,2025-08-10,25811,36,1488
녹사평역,2025-09-30,2025-06-21 ~ 2025-08-20,2025-08-11,25846,35,1523
녹사평역,2025-09-30,2025-06-21 ~ 2025-08-20,2025-08-12,25879,33,1556
녹사평역,2025-09-30,2025-06-21 ~ 2025-08-20,2025-08-13,25914,35,1591
녹사평역,2025-09-30,2025-06-21 ~ 2025-08-20,2025-08-14,25943,29,1620
녹사평역,2025-09-30,2025-06-21 ~ 2025-08-20,2025-08-15,25978,35,1655
녹사평역,2025-09-30,2025-06-21 ~ 2025-08-20,2025-08-16,26014,36,1691
녹사평역,2025-09-30,2025-06-21 ~ 2025-08-20,2025-08-17,26053,39,1730
녹사평역,2025-09-30,2025-06-21 ~ 2025-08-20,2025-08-18,26084,31,1761
녹사평역,2025-09-30,2025-06-21 ~ 2025-08-20,2025-08-19,26118,34,1795
녹사평역,2025-09-30,2025-06-21 ~ 2025-08-20,2025-08-20,26154,36,1831
녹사평역,2025-09-30,2025-06-21 ~ 2025-08-20,2025-08-21,26191,37,1868
녹사평역,2025-11-30,2025-08-21 ~ 2025-10-20,2025-08-22,26224,33,33
녹사평역,2025-11-30,2025-08-21 ~ 2025-10-20,2025-08-23,26262,38,71
녹사평역,2025-11-30,2025-08-21 ~ 2025-10-20,2025-08-24,26300,38,109
녹사평역,2025-11-30,2025-08-21 ~ 2025-10-20,2025-08-25,26335,35,144
녹사평역,2025-11-30,2025-08-21 ~ 2025-10-20,2025-08-26,26369,34,178
녹사평역,2025-11-30,2025-08-21 ~ 2025-10-20,2025-08-27,26406,37,215
녹사평역,2025-11-30,2025-08-21 ~ 2025-10-20,2025-08-28,26439,33,248
녹사평역,2025-11-30,2025-08-21 ~ 2025-10-20,2025-08-29,26475,36,284
녹사평역,2025-11-30,2025-08-21 ~ 2025-10-20,2025-08-30,26509,34,318
녹사평역,2025-11-30,2025-08-21 ~ 2025-10-20,2025-08-31,26549,40,358
녹사평역,2025-11-30,2025-08-21 ~ 2025-10-20,2025-09-01,26581,32,390
녹사평역,2025-11-30,2025-08-21 ~ 2025-10-20,2025-09-02,26614,33,423
녹사평역,2025-11-30,2025-08-21 ~ 2025-10-20,2025-09-03,26649,35,458
녹사평역,2025-11-30,2025-08-21 ~ 2025-10-20,2025-09-04,26685,36,494
녹사평역,2025-11-30,2025-08-21 ~ 2025-10-20,2025-09-05,26722,37,531
녹사평역,2025-11-30,2025-08-21 ~ 2025-10-20,2025-09-06,26758,36,567
녹사평역,2025-11-30,2025-08-21 ~ 2025-10-20,2025-09-07,26793,35,602
녹사평역,2025-11-30,2025-08-21 ~ 2025-10-20,2025-09-08,26829,36,638
녹사평역,2025-11-30,2025-08-21 ~ 2025-10-20,2025-09-09,26859,30,668
녹사평역,2025-11-30,2025-08-21 ~ 2025-10-20,2025-09-10,26889,30,698
녹사평역,2025-11-30,2025-08-21 ~ 2025-10-20,2025-09-11,26918,29,727
녹사평역,2025-11-30,2025-08-21 ~ 2025-10-20,2025-09-12,26945,27,754
녹사평역,2025-11-30,2025-08-21 ~ 2025-10-20,2025-09-13,26976,31,785
녹사평역,2025-11-30,2025-08-21 ~ 2025-10-20,2025-09-14,27015,39,824
녹사평역,2025-11-30,2025-08-21 ~ 2025-10-20,2025-09-15,27051,36,860
녹사평역,2025-11-30,2025-08-21 ~ 2025-10-20,2025-09-16,27080,29,889
녹사평역,2025-11-30,2025-08-21 ~ 2025-10-20,2025-09-17,27113,33,922
녹사평역,2025-11-30,2025-08-21 ~ 2025-10-20,2025-09-18,27143,30,952
녹사평역,2025-11-30,2025-08-21 ~ 2025-10-20,2025-09-19,27171,28,980
녹사평역,2025-11-30,2025-08-21 ~ 2025-10-20,2025-09-20,27198,27,1007
녹사평역,2025-11-30,2025-08-21 ~ 2025-10-20,2025-09-21,27237,39,1046
녹사평역,2025-11-30,2025-08-21 ~ 2025-10-20,2025-09-22,27269,32,1078
녹사평역,2025-11-30,2025-08-21 ~ 2025-10-20,2025-09-23,27292,23,1101
녹사평역,2025-11-30,2025-08-21 ~ 2025-10-20,2025-09-24,27317,25,1126
녹사평역,2025-11-30,2025-08-21 ~ 2025-10-20,2025-09-25,27340,23,1149
녹사평역,2025-11-30,2025-08-21 ~ 2025-10-20,2025-09-26,27366,26,1175
녹사평역,2025-11-30,2025-08-21 ~ 2025-10-20,2025-09-27,27397,31,1206
녹사평역,2025-11-30,2025-08-21 ~ 2025-10-20,2025-09-28,27437,40,1246
녹사평역,2025-11-30,2025-08-21 ~ 2025-10-20,2025-09-29,27465,28,1274
녹사평역,2025-11-30,2025-08-21 ~ 2025-10-20,2025-09-30,27491,26,1300
녹사평역,2025-11-30,2025-08-21 ~ 2025-10-20,2025-10-01,27513,22,1322
녹사평역,2025-11-30,2025-08-21 ~ 2025-10-20,2025-10-02,27537,24,1346
녹사평역,2025-11-30,2025-08-21 ~ 2025-10-20,2025-10-03,27563,26,1372
녹사평역,2025-11-30,2025-08-21 ~ 2025-10-20,2025-10-04,27595,32,1404
녹사평역,2025-11-30,2025-08-21 ~ 2025-10-20,2025-10-05,27624,29,1433
녹사평역,2025-11-30,2025-08-21 ~ 2025-10-20,2025-10-06,27646,22,1455
녹사평역,2025-11-30,2025-08-21 ~ 2025-10-20,2025-10-07,27664,18,1473
녹사평역,2025-11-30,2025-08-21 ~ 2025-10-20,2025-10-08,27687,23,1496
녹사평역,2025-11-30,2025-08-21 ~ 2025-10-20,2025-10-09,27720,33,1529
녹사평역,2025-11-30,2025-08-21 ~ 2025-10-20,2025-10-10,27748,28,1557
녹사평역,2025-11-30,2025-08-21 ~ 2025-10-20,2025-10-11,27771,23,1580
녹사평역,2025-11-30,2025-08-21 ~ 2025-10-20,2025-10-12,27798,27,1607
녹사평역,2025-11-30,2025-08-21 ~ 2025-10-20,2025-10-13,27824,26,1633
녹사평역,2025-11-30,2025-08-21 ~ 2025-10-20,2025-10-14,27842,18,1651
녹사평역,2025-11-30,2025-08-21 ~ 2025-10-20,2025-10-15,27862,20,1671
녹사평역,2025-11-30,2025-08-21 ~ 2025-10-20,2025-10-16,27884,22,1693
녹사평역,2025-11-30,2025-08-21 ~ 2025-10-20,2025-10-17,27907,23,1716
녹사평역,2025-11-30,2025-08-21 ~ 2025-10-20,2025-10-18,27935,28,1744
녹사평역,2025-11-30,2025-08-21 ~ 2025-10-20,2025-10-19,27975,40,1784
녹사평역,2025-11-30,2025-08-21 ~ 2025-10-20,2025-10-20,28004,29,1813
녹사평역,2025-11-30,2025-08-21 ~ 2025-10-20,2025-10-21,28026,22,1835
녹사평역,2026-01-31,2025-10-21 ~ 2025-12-20,2025-10-22,28051,25,25
녹사평역,2026-01-31,2025-10-21 ~ 2025-12-20,2025-10-23,28077,26,51
녹사평역,2026-01-31,2025-10-21 ~ 2025-12-20,2025-10-24,28103,26,77
녹사평역,2026-01-31,2025-10-21 ~ 2025-12-20,2025-10-25,28134,31,108
녹사평역,2026-01-31,2025-10-21 ~ 2025-12-20,2025-10-26,28177,43,151
녹사평역,2026-01-31,2025-10-21 ~ 2025-12-20,2025-10-27,28206,29,180
녹사평역,2026-01-31,2025-10-21 ~ 2025-12-20,2025-10-28,28233,27,207
녹사평역,2026-01-31,2025-10-21 ~ 2025-12-20,2025-10-29,28259,26,233
녹사평역,2026-01-31,2025-10-21 ~ 2025-12-20,2025-10-30,28285,26,259
녹사평역,2026-01-31,2025-10-21 ~ 2025-12-20,2025-10-31,28313,28,287
녹사평역,2026-01-31,2025-10-21 ~ 2025-12-20,2025-11-01,28348,35,322
녹사평역,2026-01-31,2025-10-21 ~ 2025-12-20,2025-11-02,28391,43,365
녹사평역,2026-01-31,2025-10-21 ~ 2025-12-20,2025-11-03,28420,29,394
녹사평역,2026-01-31,2025-10-21 ~ 2025-12-20,2025-11-04,28445,25,419
녹사평역,2026-01-31,2025-10-21 ~ 2025-12-20,2025-11-05,28469,24,443
녹사평역,2026-01-31,2025-10-21 ~ 2025-12-20,2025-11-06,28494,25,468
녹사평역,2026-01-31,2025-10-21 ~ 2025-12-20,2025-11-07,28520,26,494
녹사평역,2026-01-31,2025-10-21 ~ 2025-12-20,2025-11-08,28549,29,523
녹사평역,2026-01-31,2025-10-21 ~ 2025-12-20,2025-11-09,28586,37,560
녹사평역,2026-01-31,2025-10-21 ~ 2025-12-20,2025-11-10,28617,31,591
녹사평역,2026-01-31,2025-10-21 ~ 2025-12-20,2025-11-11,28641,24,615
녹사평역,2026-01-31,2025-10-21 ~ 2025-12-20,2025-11-12,28665,24,639
녹사평역,2026-01-31,2025-10-21 ~ 2025-12-20,2025-11-13,28690,25,664
녹사평역,2026-01-31,2025-10-21 ~ 2025-12-20,2025-11-14,28718,28,692
녹사평역,2026-01-31,2025-10-21 ~ 2025-12-20,2025-11-15,28747,29,721
녹사평역,2026-01-31,2025-10-21 ~ 2025-12-20,2025-11-16,28784,37,758
녹사평역,2026-01-31,2025-10-21 ~ 2025-12-20,2025-11-17,28813,29,787
녹사평역,2026-01-31,2025-10-21 ~ 2025-12-20,2025-11-18,28836,23,810
녹사평역,2026-01-31,2025-10-21 ~ 2025-12-20,2025-11-19,28859,23,833
녹사평역,2026-01-31,2025-10-21 ~ 2025-12-20,2025-11-20,28883,24,857
녹사평역,2026-01-31,2025-10-21 ~ 2025-12-20,2025-11-21,28907,24,881
녹사평역,2026-01-31,2025-10-21 ~ 2025-12-20,2025-11-22,28934,27,908
녹사평역,2026-01-31,2025-10-21 ~ 2025-12-20,2025-11-23,28970,36,944
녹사평역,2026-01-31,2025-10-21 ~ 2025-12-20,2025-11-24,28998,28,972
녹사평역,2026-01-31,2025-10-21 ~ 2025-12-20,2025-11-25,29021,23,995
녹사평역,2026-01-31,2025-10-21 ~ 2025-12-20,2025-11-26,29044,23,1018
녹사평역,2026-01-31,2025-10-21 ~ 2025-12-20,2025-11-27,29068,24,1042
녹사평역,2026-01-31,2025-10-21 ~ 2025-12-20,2025-11-28,29094,26,1068
녹사평역,2026-01-31,2025-10-21 ~ 2025-12-20,2025-11-29,29121,27,1095
녹사평역,2026-01-31,2025-10-21 ~ 2025-12-20,2025-11-30,29152,31,1126
녹사평역,2026-01-31,2025-10-21 ~ 2025-12-20,2025-12-01,29179,27,1153
녹사평역,2026-01-31,2025-10-21 ~ 2025-12-20,2025-12-02,29203,24,1177
녹사평역,2026-01-31,2025-10-21 ~ 2025-12-20,2025-12-03,29226,23,1200
녹사평역,2026-01-31,2025-10-21 ~ 2025-12-20,2025-12-04,29247,21,1221
녹사평역,2026-01-31,2025-10-21 ~ 2025-12-20,2025-12-05,29270,23,1244
녹사평역,2026-01-31,2025-10-21 ~ 2025-12-20,2025-12-06,29295,25,1269
녹사평역,2026-01-31,2025-10-21 ~ 2025-12-20,2025-12-07,29324,29,1298
녹사평역,2026-01-31,2025-10-21 ~ 2025-12-20,2025-12-08,29350,26,1324
녹사평역,2026-01-31,2025-10-21 ~ 2025-12-20,2025-12-09,29373,23,1347
녹사평역,2026-01-31,2025-10-21 ~ 2025-12-20,2025-12-10,29396,23,1370
녹사평역,2026-01-31,2025-10-21 ~ 2025-12-20,2025-12-11,29421,25,1395
녹사평역,2026-01-31,2025-10-21 ~ 2025-12-20,2025-12-12,29445,24,1419
녹사평역,2026-01-31,2025-10-21 ~ 2025-12-20,2025-12-13,29473,28,1447
녹사평역,2026-01-31,2025-10-21 ~ 2025-12-20,2025-12-14,29502,29,1476
녹사평역,2026-01-31,2025-10-21 ~ 2025-12-20,2025-12-15,29528,26,1502
녹사평역,2026-01-31,2025-10-21 ~ 2025-12-20,2025-12-16,29550,22,1524
녹사평역,2026-01-31,2025-10-21 ~ 2025-12-20,2025-12-17,29572,22,1546
녹사평역,2026-01-31,2025-10-21 ~ 2025-12-20,2025-12-18,29596,24,1570
녹사평역,2026-01-31,2025-10-21 ~ 2025-12-20,2025-12-19,29622,26,1596
녹사평역,2026-01-31,2025-10-21 ~ 2025-12-20,2025-12-20,29650,28,1624
녹사평역,2026-01-31,2025-10-21 ~ 2025-12-20,2025-12-21,29680,30,1654
녹사평역,2026-03-31,2025-12-21 ~ 2026-02-20,2025-12-22,29706,26,26
녹사평역,2026-03-31,2025-12-21 ~ 2026-02-20,2025-12-23,29731,25,51
녹사평역,2026-03-31,2025-12-21 ~ 2026-02-20,2025-12-24,29755,24,75
녹사평역,2026-03-31,2025-12-21 ~ 2026-02-20,2025-12-25,29784,29,104
녹사평역,2026-03-31,2025-12-21 ~ 2026-02-20,2025-12-26,29815,31,135
녹사평역,2026-03-31,2025-12-21 ~ 2026-02-20,2025-12-27,29839,24,159
녹사평역,2026-03-31,2025-12-21 ~ 2026-02-20,2025-12-28,29868,29,188
녹사평역,2026-03-31,2025-12-21 ~ 2026-02-20,2025-12-29,29894,26,214
녹사평역,2026-03-31,2025-12-21 ~ 2026-02-20,2025-12-30,29919,25,239
녹사평역,2026-03-31,2025-12-21 ~ 2026-02-20,2025-12-31,29944,25,264
녹사평역,2026-03-31,2025-12-21 ~ 2026-02-20,2026-01-01,29969,25,289
녹사평역,2026-03-31,2025-12-21 ~ 2026-02-20,2026-01-02,29992,23,312
녹사평역,2026-03-31,2025-12-21 ~ 2026-02-20,2026-01-03,30016,24,336
녹사평역,2026-03-31,2025-12-21 ~ 2026-02-20,2026-01-04,30043,27,363
녹사평역,2026-03-31,2025-12-21 ~ 2026-02-20,2026-01-05,30067,24,387
녹사평역,2026-03-31,2025-12-21 ~ 2026-02-20,2026-01-06,30090,23,410
녹사평역,2026-03-31,2025-12-21 ~ 2026-02-20,2026-01-07,30112,22,432
녹사평역,2026-03-31,2025-12-21 ~ 2026-02-20,2026-01-08,30135,23,455
녹사평역,2026-03-31,2025-12-21 ~ 2026-02-20,2026-01-09,30158,23,478
녹사평역,2026-03-31,2025-12-21 ~ 2026-02-20,2026-01-10,30183,25,503
녹사평역,2026-03-31,2025-12-21 ~ 2026-02-20,2026-01-11,30208,25,528
녹사평역,2026-03-31,2025-12-21 ~ 2026-02-20,2026-01-12,30231,23,551
녹사평역,2026-03-31,2025-12-21 ~ 2026-02-20,2026-01-13,30252,21,572
녹사평역,2026-03-31,2025-12-21 ~ 2026-02-20,2026-01-14,30276,24,596
녹사평역,2026-03-31,2025-12-21 ~ 2026-02-20,2026-01-15,30301,25,621
녹사평역,2026-03-31,2025-12-21 ~ 2026-02-20,2026-01-16,30324,23,644
녹사평역,2026-03-31,2025-12-21 ~ 2026-02-20,2026-01-17,30349,25,669
녹사평역,2026-03-31,2025-12-21 ~ 2026-02-20,2026-01-18,30382,33,702
녹사평역,2026-03-31,2025-12-21 ~ 2026-02-20,2026-01-19,30407,25,727
녹사평역,2026-03-31,2025-12-21 ~ 2026-02-20,2026-01-20,30428,21,748
녹사평역,2026-03-31,2025-12-21 ~ 2026-02-20,2026-01-21,30443,15,763
녹사평역,2026-03-31,2025-12-21 ~ 2026-02-20,2026-01-22,30459,16,779
녹사평역,2026-03-31,2025-12-21 ~ 2026-02-20,2026-01-23,30475,16,795
녹사평역,2026-03-31,2025-12-21 ~ 2026-02-20,2026-01-24,30494,19,814
녹사평역,2026-03-31,2025-12-21 ~ 2026-02-20,2026-01-25,30516,22,836
녹사평역,2026-03-31,2025-12-21 ~ 2026-02-20,2026-01-26,30534,18,854
녹사평역,2026-03-31,2025-12-21 ~ 2026-02-20,2026-01-27,30550,16,870
녹사평역,2026-03-31,2025-12-21 ~ 2026-02-20,2026-01-28,30568,18,888
녹사평역,2026-03-31,2025-12-21 ~ 2026-02-20,2026-01-29,30585,17,905
녹사평역,2026-03-31,2025-12-21 ~ 2026-02-20,2026-01-30,30602,17,922
녹사평역,2026-03-31,2025-12-21 ~ 2026-02-20,2026-01-31,30620,18,940
녹사평역,2026-03-31,2025-12-21 ~ 2026-02-20,2026-02-01,30641,21,961
녹사평역,2026-03-31,2025-12-21 ~ 2026-02-20,2026-02-02,30660,19,980
녹사평역,2026-03-31,2025-12-21 ~ 2026-02-20,2026-02-03,30677,17,997
녹사평역,2026-03-31,2025-12-21 ~ 2026-02-20,2026-02-04,30696,19,1016
녹사평역,2026-03-31,2025-12-21 ~ 2026-02-20,2026-02-05,30715,19,1035
녹사평역,2026-03-31,2025-12-21 ~ 2026-02-20,2026-02-06,30735,20,1055
녹사평역,2026-03-31,2025-12-21 ~ 2026-02-20,2026-02-07,30753,18,1073
녹사평역,2026-03-31,2025-12-21 ~ 2026-02-20,2026-02-08,30774,21,1094
녹사평역,2026-03-31,2025-12-21 ~ 2026-02-20,2026-02-09,30791,17,1111
녹사평역,2026-03-31,2025-12-21 ~ 2026-02-20,2026-02-10,30807,16,1127
녹사평역,2026-03-31,2025-12-21 ~ 2026-02-20,2026-02-11,30831,24,1151
녹사평역,2026-03-31,2025-12-21 ~ 2026-02-20,2026-02-12,30868,37,1188
녹사평역,2026-03-31,2025-12-21 ~ 2026-02-20,2026-02-13,30887,19,1207
녹사평역,2026-03-31,2025-12-21 ~ 2026-02-20,2026-02-14,30906,19,1226
녹사평역,2026-03-31,2025-12-21 ~ 2026-02-20,2026-02-15,30926,20,1246
녹사평역,2026-03-31,2025-12-21 ~ 2026-02-20,2026-02-16,30942,16,1262
녹사평역,2026-03-31,2025-12-21 ~ 2026-02-20,2026-02-17,30954,12,1274
녹사평역,2026-03-31,2025-12-21 ~ 2026-02-20,2026-02-18,30964,10,1284
녹사평역,2026-03-31,2025-12-21 ~ 2026-02-20,2026-02-19,30978,14,1298
녹사평역,2026-03-31,2025-12-21 ~ 2026-02-20,2026-02-20,30992,14,1312
녹사평역,2026-03-31,2025-12-21 ~ 2026-02-20,2026-02-21,31008,16,1328
녹사평역,2026-05-31,2026-02-21 ~ 2026-04-20,2026-02-22,31033,25,25
녹사평역,2026-05-31,2026-02-21 ~ 2026-04-20,2026-02-23,31044,11,36
녹사평역,2026-05-31,2026-02-21 ~ 2026-04-20,2026-02-24,31057,13,49
녹사평역,2026-05-31,2026-02-21 ~ 2026-04-20,2026-02-25,31071,14,63
녹사평역,2026-05-31,2026-02-21 ~ 2026-04-20,2026-02-26,31080,9,72
녹사평역,2026-05-31,2026-02-21 ~ 2026-04-20,2026-02-27,31094,14,86
녹사평역,2026-05-31,2026-02-21 ~ 2026-04-20,2026-02-28,31113,19,105
녹사평역,2026-05-31,2026-02-21 ~ 2026-04-20,2026-03-01,31140,27,132
녹사평역,2026-05-31,2026-02-21 ~ 2026-04-20,2026-03-02,31162,22,154
녹사평역,2026-05-31,2026-02-21 ~ 2026-04-20,2026-03-03,31170,8,162
녹사평역,2026-05-31,2026-02-21 ~ 2026-04-20,2026-03-04,31183,13,175
녹사평역,2026-05-31,2026-02-21 ~ 2026-04-20,2026-03-05,31193,10,185
녹사평역,2026-05-31,2026-02-21 ~ 2026-04-20,2026-03-06,31206,13,198
녹사평역,2026-05-31,2026-02-21 ~ 2026-04-20,2026-03-07,31221,15,213
녹사평역,2026-05-31,2026-02-21 ~ 2026-04-20,2026-03-08,31243,22,235
녹사평역,2026-05-31,2026-02-21 ~ 2026-04-20,2026-03-09,31259,16,251
녹사평역,2026-05-31,2026-02-21 ~ 2026-04-20,2026-03-10,31271,12,263
녹사평역,2026-05-31,2026-02-21 ~ 2026-04-20,2026-03-11,31284,13,276
녹사평역,2026-05-31,2026-02-21 ~ 2026-04-20,2026-03-12,31299,15,291
녹사평역,2026-05-31,2026-02-21 ~ 2026-04-20,2026-03-13,31314,15,306
녹사평역,2026-05-31,2026-02-21 ~ 2026-04-20,2026-03-14,31332,18,324
녹사평역,2026-05-31,2026-02-21 ~ 2026-04-20,2026-03-15,31352,20,344
녹사평역,2026-05-31,2026-02-21 ~ 2026-04-20,2026-03-16,31369,17,361
녹사평역,2026-05-31,2026-02-21 ~ 2026-04-20,2026-03-17,31384,15,376
녹사평역,2026-05-31,2026-02-21 ~ 2026-04-20,2026-03-18,31398,14,390
녹사평역,2026-05-31,2026-02-21 ~ 2026-04-20,2026-03-19,31411,13,403
녹사평역,2026-05-31,2026-02-21 ~ 2026-04-20,2026-03-20,31428,17,420
녹사평역,2026-05-31,2026-02-21 ~ 2026-04-20,2026-03-21,31448,20,440
녹사평역,2026-05-31,2026-02-21 ~ 2026-04-20,2026-03-22,31477,29,469
녹사평역,2026-05-31,2026-02-21 ~ 2026-04-20,2026-03-23,31496,19,488
녹사평역,2026-05-31,2026-02-21 ~ 2026-04-20,2026-03-24,31511,15,503
녹사평역,2026-05-31,2026-02-21 ~ 2026-04-20,2026-03-25,31529,18,521
녹사평역,2026-05-31,2026-02-21 ~ 2026-04-20,2026-03-26,31545,16,537
녹사평역,2026-05-31,2026-02-21 ~ 2026-04-20,2026-03-27,31564,19,556
녹사평역,2026-05-31,2026-02-21 ~ 2026-04-20,2026-03-28,31585,21,577
녹사평역,2026-05-31,2026-02-21 ~ 2026-04-20,2026-03-29,31614,29,606
녹사평역,2026-05-31,2026-02-21 ~ 2026-04-20,2026-03-30,31636,22,628
녹사평역,2026-05-31,2026-02-21 ~ 2026-04-20,2026-03-31,31650,14,642
녹사평역,2026-05-31,2026-02-21 ~ 2026-04-20,2026-04-01,31665,15,657
녹사평역,2026-05-31,2026-02-21 ~ 2026-04-20,2026-04-02,31683,18,675
녹사평역,2026-05-31,2026-02-21 ~ 2026-04-20,2026-04-03,31700,17,692
녹사평역,2026-05-31,2026-02-21 ~ 2026-04-20,2026-04-04,31719,19,711
녹사평역,2026-05-31,2026-02-21 ~ 2026-04-20,2026-04-05,31745,26,737
녹사평역,2026-05-31,2026-02-21 ~ 2026-04-20,2026-04-06,31765,20,757
녹사평역,2026-05-31,2026-02-21 ~ 2026-04-20,2026-04-07,31779,14,771
녹사평역,2026-05-31,2026-02-21 ~ 2026-04-20,2026-04-08,31795,16,787
녹사평역,2026-05-31,2026-02-21 ~ 2026-04-20,2026-04-09,31813,18,805
녹사평역,2026-05-31,2026-02-21 ~ 2026-04-20,2026-04-10,31825,12,817
녹사평역,2026-05-31,2026-02-21 ~ 2026-04-20,2026-04-11,31844,19,836
녹사평역,2026-05-31,2026-02-21 ~ 2026-04-20,2026-04-12,31875,31,867
녹사평역,2026-05-31,2026-02-21 ~ 2026-04-20,2026-04-13,31897,22,889
녹사평역,2026-05-31,2026-02-21 ~ 2026-04-20,2026-04-14,31913,16,905
녹사평역,2026-05-31,2026-02-21 ~ 2026-04-20,2026-04-15,31930,17,922
녹사평역,2026-05-31,2026-02-21 ~ 2026-04-20,2026-04-16,31947,17,939
녹사평역,2026-05-31,2026-02-21 ~ 2026-04-20,2026-04-17,31966,19,958
녹사평역,2026-05-31,2026-02-21 ~ 2026-04-20,2026-04-18,31987,21,979
녹사평역,2026-05-31,2026-02-21 ~ 2026-04-20,2026-04-19,32022,35,1014
녹사평역,2026-05-31,2026-02-21 ~ 2026-04-20,2026-04-20,32044,22,1036
녹사평역,2026-05-31,2026-02-21 ~ 2026-04-20,2026-04-21,32062,18,1054
