역명,납기,사용일,검침일자,지침값,일사용량(톤),납기별 누적사용량(톤)
월드컵경기장역,2022-03-31,2022-01-01 ~ 2022-02-28,2022-01-02,7943,0,10
월드컵경기장역,2022-03-31,2022-01-01 ~ 2022-02-28,2022-01-03,7953,10,20
월드컵경기장역,2022-03-31,2022-01-01 ~ 2022-02-28,2022-01-04,7963,10,30
월드컵경기장역,2022-03-31,2022-01-01 ~ 2022-02-28,2022-01-05,7974,11,41
월드컵경기장역,2022-03-31,2022-01-01 ~ 2022-02-28,2022-01-06,7986,12,53
월드컵경기장역,2022-03-31,2022-01-01 ~ 2022-02-28,2022-01-07,7999,13,66
월드컵경기장역,2022-03-31,2022-01-01 ~ 2022-02-28,2022-01-08,8013,14,80
월드컵경기장역,2022-03-31,2022-01-01 ~ 2022-02-28,2022-01-09,8027,14,94
월드컵경기장역,2022-03-31,2022-01-01 ~ 2022-02-28,2022-01-10,8038,11,105
월드컵경기장역,2022-03-31,2022-01-01 ~ 2022-02-28,2022-01-11,8049,11,116
월드컵경기장역,2022-03-31,2022-01-01 ~ 2022-02-28,2022-01-12,8059,10,126
월드컵경기장역,2022-03-31,2022-01-01 ~ 2022-02-28,2022-01-13,8068,9,135
월드컵경기장역,2022-03-31,2022-01-01 ~ 2022-02-28,2022-01-14,8078,10,145
월드컵경기장역,2022-03-31,2022-01-01 ~ 2022-02-28,2022-01-15,8088,10,155
월드컵경기장역,2022-03-31,2022-01-01 ~ 2022-02-28,2022-01-16,8100,12,167
월드컵경기장역,2022-03-31,2022-01-01 ~ 2022-02-28,2022-01-17,8110,10,177
월드컵경기장역,2022-03-31,2022-01-01 ~ 2022-02-28,2022-01-18,8121,11,188
월드컵경기장역,2022-03-31,2022-01-01 ~ 2022-02-28,2022-01-19,8132,11,199
월드컵경기장역,2022-03-31,2022-01-01 ~ 2022-02-28,2022-01-20,8143,11,210
월드컵경기장역,2022-03-31,2022-01-01 ~ 2022-02-28,2022-01-21,8154,11,221
월드컵경기장역,2022-03-31,2022-01-01 ~ 2022-02-28,2022-01-22,8168,14,235
월드컵경기장역,2022-03-31,2022-01-01 ~ 2022-02-28,2022-01-23,8180,12,247
월드컵경기장역,2022-03-31,2022-01-01 ~ 2022-02-28,2022-01-24,8191,11,258
월드컵경기장역,2022-03-31,2022-01-01 ~ 2022-02-28,2022-01-25,8204,13,271
월드컵경기장역,2022-03-31,2022-01-01 ~ 2022-02-28,2022-01-26,8215,11,282
월드컵경기장역,2022-03-31,2022-01-01 ~ 2022-02-28,2022-01-27,8227,12,294
월드컵경기장역,2022-03-31,2022-01-01 ~ 2022-02-28,2022-01-28,8237,10,304
월드컵경기장역,2022-03-31,2022-01-01 ~ 2022-02-28,2022-01-29,8249,12,316
월드컵경기장역,2022-03-31,2022-01-01 ~ 2022-02-28,2022-01-30,8259,10,326
월드컵경기장역,2022-03-31,2022-01-01 ~ 2022-02-28,2022-01-31,8268,9,335
월드컵경기장역,2022-03-31,2022-01-01 ~ 2022-02-28,2022-02-01,8278,10,345
월드컵경기장역,2022-03-31,2022-01-01 ~ 2022-02-28,2022-02-02,8286,8,353
월드컵경기장역,2022-03-31,2022-01-01 ~ 2022-02-28,2022-02-03,8297,11,364
월드컵경기장역,2022-03-31,2022-01-01 ~ 2022-02-28,2022-02-04,8306,9,373
월드컵경기장역,2022-03-31,2022-01-01 ~ 2022-02-28,2022-02-05,8316,10,383
월드컵경기장역,2022-03-31,2022-01-01 ~ 2022-02-28,2022-02-06,8327,11,394
월드컵경기장역,2022-03-31,2022-01-01 ~ 2022-02-28,2022-02-07,8338,11,405
월드컵경기장역,2022-03-31,2022-01-01 ~ 2022-02-28,2022-02-08,8352,14,419
월드컵경기장역,2022-03-31,2022-01-01 ~ 2022-02-28,2022-02-09,8366,14,433
월드컵경기장역,2022-03-31,2022-01-01 ~ 2022-02-28,2022-02-10,8378,12,445
월드컵경기장역,2022-03-31,2022-01-01 ~ 2022-02-28,2022-02-11,8390,12,457
월드컵경기장역,2022-03-31,2022-01-01 ~ 2022-02-28,2022-02-12,8402,12,469
월드컵경기장역,2022-03-31,2022-01-01 ~ 2022-02-28,2022-02-13,8415,13,482
월드컵경기장역,2022-03-31,2022-01-01 ~ 2022-02-28,2022-02-14,8427,12,494
월드컵경기장역,2022-03-31,2022-01-01 ~ 2022-02-28,2022-02-15,8439,12,506
월드컵경기장역,2022-03-31,2022-01-01 ~ 2022-02-28,2022-02-16,8451,12,518
월드컵경기장역,2022-03-31,2022-01-01 ~ 2022-02-28,2022-02-17,8460,9,527
월드컵경기장역,2022-03-31,2022-01-01 ~ 2022-02-28,2022-02-18,8471,11,538
월드컵경기장역,2022-03-31,2022-01-01 ~ 2022-02-28,2022-02-19,8482,11,549
월드컵경기장역,2022-03-31,2022-01-01 ~ 2022-02-28,2022-02-20,8493,11,560
월드컵경기장역,2022-03-31,2022-01-01 ~ 2022-02-28,2022-02-21,8502,9,569
월드컵경기장역,2022-03-31,2022-01-01 ~ 2022-02-28,2022-02-22,8514,12,581
월드컵경기장역,2022-03-31,2022-01-01 ~ 2022-02-28,2022-02-23,8526,12,593
월드컵경기장역,2022-03-31,2022-01-01 ~ 2022-02-28,2022-02-24,8537,11,604
월드컵경기장역,2022-03-31,2022-01-01 ~ 2022-02-28,2022-02-25,8548,11,615
월드컵경기장역,2022-03-31,2022-01-01 ~ 2022-02-28,2022-02-26,8561,13,628
월드컵경기장역,2022-03-31,2022-01-01 ~ 2022-02-28,2022-02-27,8572,11,639
월드컵경기장역,2022-03-31,2022-01-01 ~ 2022-02-28,2022-02-28,8585,13,652
월드컵경기장역,2022-03-31,2022-01-01 ~ 2022-02-28,2022-03-01,8598,13,665
월드컵경기장역,2022-05-31,2022-03-01 ~ 2022-04-30,2022-03-02,8610,12,12
월드컵경기장역,2022-05-31,2022-03-01 ~ 2022-04-30,2022-03-03,8622,12,24
월드컵경기장역,2022-05-31,2022-03-01 ~ 2022-04-30,2022-03-04,8636,14,38
월드컵경기장역,2022-05-31,2022-03-01 ~ 2022-04-30,2022-03-05,8649,13,51
월드컵경기장역,2022-05-31,2022-03-01 ~ 2022-04-30,2022-03-06,8665,16,67
월드컵경기장역,2022-05-31,2022-03-01 ~ 2022-04-30,2022-03-07,8681,16,83
월드컵경기장역,2022-05-31,2022-03-01 ~ 2022-04-30,2022-03-08,8694,13,96
월드컵경기장역,2022-05-31,2022-03-01 ~ 2022-04-30,2022-03-09,8709,15,111
월드컵경기장역,2022-05-31,2022-03-01 ~ 2022-04-30,2022-03-10,8724,15,126
월드컵경기장역,2022-05-31,2022-03-01 ~ 2022-04-30,2022-03-11,8738,14,140
월드컵경기장역,2022-05-31,2022-03-01 ~ 2022-04-30,2022-03-12,8750,12,152
월드컵경기장역,2022-05-31,2022-03-01 ~ 2022-04-30,2022-03-13,8764,14,166
월드컵경기장역,2022-05-31,2022-03-01 ~ 2022-04-30,2022-03-14,8775,11,177
월드컵경기장역,2022-05-31,2022-03-01 ~ 2022-04-30,2022-03-15,8789,14,191
월드컵경기장역,2022-05-31,2022-03-01 ~ 2022-04-30,2022-03-16,8804,15,206
월드컵경기장역,2022-05-31,2022-03-01 ~ 2022-04-30,2022-03-17,8816,12,218
월드컵경기장역,2022-05-31,2022-03-01 ~ 2022-04-30,2022-03-18,8829,13,231
월드컵경기장역,2022-05-31,2022-03-01 ~ 2022-04-30,2022-03-19,8840,11,242
월드컵경기장역,2022-05-31,2022-03-01 ~ 2022-04-30,2022-03-20,8852,12,254
월드컵경기장역,2022-05-31,2022-03-01 ~ 2022-04-30,2022-03-21,8864,12,266
월드컵경기장역,2022-05-31,2022-03-01 ~ 2022-04-30,2022-03-22,8877,13,279
월드컵경기장역,2022-05-31,2022-03-01 ~ 2022-04-30,2022-03-23,8890,13,292
월드컵경기장역,2022-05-31,2022-03-01 ~ 2022-04-30,2022-03-24,8903,13,305
월드컵경기장역,2022-05-31,2022-03-01 ~ 2022-04-30,2022-03-25,8933,30,335
월드컵경기장역,2022-05-31,2022-03-01 ~ 2022-04-30,2022-03-26,8946,13,348
월드컵경기장역,2022-05-31,2022-03-01 ~ 2022-04-30,2022-03-27,8956,10,358
월드컵경기장역,2022-05-31,2022-03-01 ~ 2022-04-30,2022-03-28,8969,13,371
월드컵경기장역,2022-05-31,2022-03-01 ~ 2022-04-30,2022-03-29,8983,14,385
월드컵경기장역,2022-05-31,2022-03-01 ~ 2022-04-30,2022-03-30,8997,14,399
월드컵경기장역,2022-05-31,2022-03-01 ~ 2022-04-30,2022-03-31,9009,12,411
월드컵경기장역,2022-05-31,2022-03-01 ~ 2022-04-30,2022-04-01,9022,13,424
월드컵경기장역,2022-05-31,2022-03-01 ~ 2022-04-30,2022-04-02,9037,15,439
월드컵경기장역,2022-05-31,2022-03-01 ~ 2022-04-30,2022-04-03,9053,16,455
월드컵경기장역,2022-05-31,2022-03-01 ~ 2022-04-30,2022-04-04,9067,14,469
월드컵경기장역,2022-05-31,2022-03-01 ~ 2022-04-30,2022-04-05,9080,13,482
월드컵경기장역,2022-05-31,2022-03-01 ~ 2022-04-30,2022-04-06,9094,14,496
월드컵경기장역,2022-05-31,2022-03-01 ~ 2022-04-30,2022-04-07,9112,18,514
월드컵경기장역,2022-05-31,2022-03-01 ~ 2022-04-30,2022-04-08,9128,16,530
월드컵경기장역,2022-05-31,2022-03-01 ~ 2022-04-30,2022-04-09,9145,17,547
월드컵경기장역,2022-05-31,2022-03-01 ~ 2022-04-30,2022-04-10,9164,19,566
월드컵경기장역,2022-05-31,2022-03-01 ~ 2022-04-30,2022-04-11,9184,20,586
월드컵경기장역,2022-05-31,2022-03-01 ~ 2022-04-30,2022-04-12,9200,16,602
월드컵경기장역,2022-05-31,2022-03-01 ~ 2022-04-30,2022-04-13,9213,13,615
월드컵경기장역,2022-05-31,2022-03-01 ~ 2022-04-30,2022-04-14,9225,12,627
월드컵경기장역,2022-05-31,2022-03-01 ~ 2022-04-30,2022-04-15,9241,16,643
월드컵경기장역,2022-05-31,2022-03-01 ~ 2022-04-30,2022-04-16,9257,16,659
월드컵경기장역,2022-05-31,2022-03-01 ~ 2022-04-30,2022-04-17,9275,18,677
월드컵경기장역,2022-05-31,2022-03-01 ~ 2022-04-30,2022-04-18,9289,14,691
월드컵경기장역,2022-05-31,2022-03-01 ~ 2022-04-30,2022-04-19,9303,14,705
월드컵경기장역,2022-05-31,2022-03-01 ~ 2022-04-30,2022-04-20,9318,15,720
월드컵경기장역,2022-05-31,2022-03-01 ~ 2022-04-30,2022-04-21,9334,16,736
월드컵경기장역,2022-05-31,2022-03-01 ~ 2022-04-30,2022-04-22,9350,16,752
월드컵경기장역,2022-05-31,2022-03-01 ~ 2022-04-30,2022-04-23,9364,14,766
월드컵경기장역,2022-05-31,2022-03-01 ~ 2022-04-30,2022-04-24,9384,20,786
월드컵경기장역,2022-05-31,2022-03-01 ~ 2022-04-30,2022-04-25,9398,14,800
월드컵경기장역,2022-05-31,2022-03-01 ~ 2022-04-30,2022-04-26,9424,26,826
월드컵경기장역,2022-05-31,2022-03-01 ~ 2022-04-30,2022-04-27,9438,14,840
월드컵경기장역,2022-05-31,2022-03-01 ~ 2022-04-30,2022-04-28,9453,15,855
월드컵경기장역,2022-05-31,2022-03-01 ~ 2022-04-30,2022-04-29,9471,18,873
월드컵경기장역,2022-05-31,2022-03-01 ~ 2022-04-30,2022-04-30,9485,14,887
월드컵경기장역,2022-05-31,2022-03-01 ~ 2022-04-30,2022-05-01,9501,16,903
월드컵경기장역,2022-07-31,2022-05-01 ~ 2022-06-30,2022-05-02,9518,17,17
월드컵경기장역,2022-07-31,2022-05-01 ~ 2022-06-30,2022-05-03,9533,15,32
월드컵경기장역,2022-07-31,2022-05-01 ~ 2022-06-30,2022-05-04,9548,15,47
월드컵경기장역,2022-07-31,2022-05-01 ~ 2022-06-30,2022-05-05,9563,15,62
월드컵경기장역,2022-07-31,2022-05-01 ~ 2022-06-30,2022-05-06,9586,23,85
월드컵경기장역,2022-07-31,2022-05-01 ~ 2022-06-30,2022-05-07,9603,17,102
월드컵경기장역,2022-07-31,2022-05-01 ~ 2022-06-30,2022-05-08,9620,17,119
월드컵경기장역,2022-07-31,2022-05-01 ~ 2022-06-30,2022-05-09,9640,20,139
월드컵경기장역,2022-07-31,2022-05-01 ~ 2022-06-30,2022-05-10,9657,17,156
월드컵경기장역,2022-07-31,2022-05-01 ~ 2022-06-30,2022-05-11,9671,14,170
월드컵경기장역,2022-07-31,2022-05-01 ~ 2022-06-30,2022-05-12,9687,16,186
월드컵경기장역,2022-07-31,2022-05-01 ~ 2022-06-30,2022-05-13,9702,15,201
월드컵경기장역,2022-07-31,2022-05-01 ~ 2022-06-30,2022-05-14,9736,34,235
월드컵경기장역,2022-07-31,2022-05-01 ~ 2022-06-30,2022-05-15,9764,28,263
월드컵경기장역,2022-07-31,2022-05-01 ~ 2022-06-30,2022-05-16,9792,28,291
월드컵경기장역,2022-07-31,2022-05-01 ~ 2022-06-30,2022-05-17,9818,26,317
월드컵경기장역,2022-07-31,2022-05-01 ~ 2022-06-30,2022-05-18,9845,27,344
월드컵경기장역,2022-07-31,2022-05-01 ~ 2022-06-30,2022-05-19,9870,25,369
월드컵경기장역,2022-07-31,2022-05-01 ~ 2022-06-30,2022-05-20,9899,29,398
월드컵경기장역,2022-07-31,2022-05-01 ~ 2022-06-30,2022-05-21,9928,29,427
월드컵경기장역,2022-07-31,2022-05-01 ~ 2022-06-30,2022-05-22,9977,49,476
월드컵경기장역,2022-07-31,2022-05-01 ~ 2022-06-30,2022-05-23,10016,39,515
월드컵경기장역,2022-07-31,2022-05-01 ~ 2022-06-30,2022-05-24,10048,32,547
월드컵경기장역,2022-07-31,2022-05-01 ~ 2022-06-30,2022-05-25,10080,32,579
월드컵경기장역,2022-07-31,2022-05-01 ~ 2022-06-30,2022-05-26,10105,25,604
월드컵경기장역,2022-07-31,2022-05-01 ~ 2022-06-30,2022-05-27,10128,23,627
월드컵경기장역,2022-07-31,2022-05-01 ~ 2022-06-30,2022-05-28,10151,23,650
월드컵경기장역,2022-07-31,2022-05-01 ~ 2022-06-30,2022-05-29,10193,42,692
월드컵경기장역,2022-07-31,2022-05-01 ~ 2022-06-30,2022-05-30,10217,24,716
월드컵경기장역,2022-07-31,2022-05-01 ~ 2022-06-30,2022-05-31,10240,23,739
월드컵경기장역,2022-07-31,2022-05-01 ~ 2022-06-30,2022-06-01,10263,23,762
월드컵경기장역,2022-07-31,2022-05-01 ~ 2022-06-30,2022-06-02,10290,27,789
월드컵경기장역,2022-07-31,2022-05-01 ~ 2022-06-30,2022-06-03,10335,45,834
월드컵경기장역,2022-07-31,2022-05-01 ~ 2022-06-30,2022-06-04,10361,26,860
월드컵경기장역,2022-07-31,2022-05-01 ~ 2022-06-30,2022-06-05,10386,25,885
월드컵경기장역,2022-07-31,2022-05-01 ~ 2022-06-30,2022-06-06,10408,22,907
월드컵경기장역,2022-07-31,2022-05-01 ~ 2022-06-30,2022-06-07,10434,26,933
월드컵경기장역,2022-07-31,2022-05-01 ~ 2022-06-30,2022-06-08,10458,24,957
월드컵경기장역,2022-07-31,2022-05-01 ~ 2022-06-30,2022-06-09,10483,25,982
월드컵경기장역,2022-07-31,2022-05-01 ~ 2022-06-30,2022-06-10,10505,22,1004
월드컵경기장역,2022-07-31,2022-05-01 ~ 2022-06-30,2022-06-11,10532,27,1031
월드컵경기장역,2022-07-31,2022-05-01 ~ 2022-06-30,2022-06-12,10550,18,1049
월드컵경기장역,2022-07-31,2022-05-01 ~ 2022-06-30,2022-06-13,10567,17,1066
월드컵경기장역,2022-07-31,2022-05-01 ~ 2022-06-30,2022-06-14,10591,24,1090
월드컵경기장역,2022-07-31,2022-05-01 ~ 2022-06-30,2022-06-15,10630,39,1129
월드컵경기장역,2022-07-31,2022-05-01 ~ 2022-06-30,2022-06-16,10648,18,1147
월드컵경기장역,2022-07-31,2022-05-01 ~ 2022-06-30,2022-06-17,10668,20,1167
월드컵경기장역,2022-07-31,2022-05-01 ~ 2022-06-30,2022-06-18,10684,16,1183
월드컵경기장역,2022-07-31,2022-05-01 ~ 2022-06-30,2022-06-19,10703,19,1202
월드컵경기장역,2022-07-31,2022-05-01 ~ 2022-06-30,2022-06-20,10723,20,1222
월드컵경기장역,2022-07-31,2022-05-01 ~ 2022-06-30,2022-06-21,10740,17,1239
월드컵경기장역,2022-07-31,2022-05-01 ~ 2022-06-30,2022-06-22,10760,20,1259
월드컵경기장역,2022-07-31,2022-05-01 ~ 2022-06-30,2022-06-23,10788,28,1287
월드컵경기장역,2022-07-31,2022-05-01 ~ 2022-06-30,2022-06-24,10804,16,1303
월드컵경기장역,2022-07-31,2022-05-01 ~ 2022-06-30,2022-06-25,10820,16,1319
월드컵경기장역,2022-07-31,2022-05-01 ~ 2022-06-30,2022-06-26,10853,33,1352
월드컵경기장역,2022-07-31,2022-05-01 ~ 2022-06-30,2022-06-27,10885,32,1384
월드컵경기장역,2022-07-31,2022-05-01 ~ 2022-06-30,2022-06-28,10918,33,1417
월드컵경기장역,2022-07-31,2022-05-01 ~ 2022-06-30,2022-06-29,10950,32,1449
월드컵경기장역,2022-07-31,2022-05-01 ~ 2022-06-30,2022-06-30,10982,32,1481
월드컵경기장역,2022-07-31,2022-05-01 ~ 2022-06-30,2022-07-01,11014,32,1513
월드컵경기장역,2022-09-30,2022-07-01 ~ 2022-08-31,2022-07-02,11050,36,36
월드컵경기장역,2022-09-30,2022-07-01 ~ 2022-08-31,2022-07-03,11088,38,74
월드컵경기장역,2022-09-30,2022-07-01 ~ 2022-08-31,2022-07-04,11133,45,119
월드컵경기장역,2022-09-30,2022-07-01 ~ 2022-08-31,2022-07-05,11170,37,156
월드컵경기장역,2022-09-30,2022-07-01 ~ 2022-08-31,2022-07-06,11209,39,195
월드컵경기장역,2022-09-30,2022-07-01 ~ 2022-08-31,2022-07-07,11253,44,239
월드컵경기장역,2022-09-30,2022-07-01 ~ 2022-08-31,2022-07-08,11294,41,280
월드컵경기장역,2022-09-30,2022-07-01 ~ 2022-08-31,2022-07-09,11337,43,323
월드컵경기장역,2022-09-30,2022-07-01 ~ 2022-08-31,2022-07-10,11379,42,365
월드컵경기장역,2022-09-30,2022-07-01 ~ 2022-08-31,2022-07-11,11419,40,405
월드컵경기장역,2022-09-30,2022-07-01 ~ 2022-08-31,2022-07-12,11457,38,443
월드컵경기장역,2022-09-30,2022-07-01 ~ 2022-08-31,2022-07-13,11496,39,482
월드컵경기장역,2022-09-30,2022-07-01 ~ 2022-08-31,2022-07-14,11557,61,543
월드컵경기장역,2022-09-30,2022-07-01 ~ 2022-08-31,2022-07-15,11598,41,584
월드컵경기장역,2022-09-30,2022-07-01 ~ 2022-08-31,2022-07-16,11648,50,634
월드컵경기장역,2022-09-30,2022-07-01 ~ 2022-08-31,2022-07-17,11702,54,688
월드컵경기장역,2022-09-30,2022-07-01 ~ 2022-08-31,2022-07-18,11752,50,738
월드컵경기장역,2022-09-30,2022-07-01 ~ 2022-08-31,2022-07-19,11796,44,782
월드컵경기장역,2022-09-30,2022-07-01 ~ 2022-08-31,2022-07-20,11836,40,822
월드컵경기장역,2022-09-30,2022-07-01 ~ 2022-08-31,2022-07-21,11877,41,863
월드컵경기장역,2022-09-30,2022-07-01 ~ 2022-08-31,2022-07-22,11916,39,902
월드컵경기장역,2022-09-30,2022-07-01 ~ 2022-08-31,2022-07-23,11955,39,941
월드컵경기장역,2022-09-30,2022-07-01 ~ 2022-08-31,2022-07-24,11996,41,982
월드컵경기장역,2022-09-30,2022-07-01 ~ 2022-08-31,2022-07-25,12034,38,1020
월드컵경기장역,2022-09-30,2022-07-01 ~ 2022-08-31,2022-07-26,12073,39,1059
월드컵경기장역,2022-09-30,2022-07-01 ~ 2022-08-31,2022-07-27,12114,41,1100
월드컵경기장역,2022-09-30,2022-07-01 ~ 2022-08-31,2022-07-28,12156,42,1142
월드컵경기장역,2022-09-30,2022-07-01 ~ 2022-08-31,2022-07-29,12200,44,1186
월드컵경기장역,2022-09-30,2022-07-01 ~ 2022-08-31,2022-07-30,12250,50,1236
월드컵경기장역,2022-09-30,2022-07-01 ~ 2022-08-31,2022-07-31,12303,53,1289
월드컵경기장역,2022-09-30,2022-07-01 ~ 2022-08-31,2022-08-01,12344,41,1330
월드컵경기장역,2022-09-30,2022-07-01 ~ 2022-08-31,2022-08-02,12390,46,1376
월드컵경기장역,2022-09-30,2022-07-01 ~ 2022-08-31,2022-08-03,12429,39,1415
월드컵경기장역,2022-09-30,2022-07-01 ~ 2022-08-31,2022-08-04,12471,42,1457
월드컵경기장역,2022-09-30,2022-07-01 ~ 2022-08-31,2022-08-05,12519,48,1505
월드컵경기장역,2022-09-30,2022-07-01 ~ 2022-08-31,2022-08-06,12568,49,1554
월드컵경기장역,2022-09-30,2022-07-01 ~ 2022-08-31,2022-08-07,12618,50,1604
월드컵경기장역,2022-09-30,2022-07-01 ~ 2022-08-31,2022-08-08,12666,48,1652
월드컵경기장역,2022-09-30,2022-07-01 ~ 2022-08-31,2022-08-09,12706,40,1692
월드컵경기장역,2022-09-30,2022-07-01 ~ 2022-08-31,2022-08-10,12750,44,1736
월드컵경기장역,2022-09-30,2022-07-01 ~ 2022-08-31,2022-08-11,12804,54,1790
월드컵경기장역,2022-09-30,2022-07-01 ~ 2022-08-31,2022-08-12,12848,44,1834
월드컵경기장역,2022-09-30,2022-07-01 ~ 2022-08-31,2022-08-13,12883,35,1869
월드컵경기장역,2022-09-30,2022-07-01 ~ 2022-08-31,2022-08-14,12907,24,1893
월드컵경기장역,2022-09-30,2022-07-01 ~ 2022-08-31,2022-08-15,12935,28,1921
월드컵경기장역,2022-09-30,2022-07-01 ~ 2022-08-31,2022-08-16,12955,20,1941
월드컵경기장역,2022-09-30,2022-07-01 ~ 2022-08-31,2022-08-17,12976,21,1962
월드컵경기장역,2022-09-30,2022-07-01 ~ 2022-08-31,2022-08-18,12997,21,1983
월드컵경기장역,2022-09-30,2022-07-01 ~ 2022-08-31,2022-08-19,13020,23,2006
월드컵경기장역,2022-09-30,2022-07-01 ~ 2022-08-31,2022-08-20,13039,19,2025
월드컵경기장역,2022-09-30,2022-07-01 ~ 2022-08-31,2022-08-21,13064,25,2050
월드컵경기장역,2022-09-30,2022-07-01 ~ 2022-08-31,2022-08-22,13090,26,2076
월드컵경기장역,2022-09-30,2022-07-01 ~ 2022-08-31,2022-08-23,13115,25,2101
월드컵경기장역,2022-09-30,2022-07-01 ~ 2022-08-31,2022-08-24,13139,24,2125
월드컵경기장역,2022-09-30,2022-07-01 ~ 2022-08-31,2022-08-25,13160,21,2146
월드컵경기장역,2022-09-30,2022-07-01 ~ 2022-08-31,2022-08-26,13187,27,2173
월드컵경기장역,2022-09-30,2022-07-01 ~ 2022-08-31,2022-08-27,13211,24,2197
월드컵경기장역,2022-09-30,2022-07-01 ~ 2022-08-31,2022-08-28,13236,25,2222
월드컵경기장역,2022-09-30,2022-07-01 ~ 2022-08-31,2022-08-29,13257,21,2243
월드컵경기장역,2022-09-30,2022-07-01 ~ 2022-08-31,2022-08-30,13275,18,2261
월드컵경기장역,2022-09-30,2022-07-01 ~ 2022-08-31,2022-08-31,13292,17,2278
월드컵경기장역,2022-09-30,2022-07-01 ~ 2022-08-31,2022-09-01,13311,19,2297
월드컵경기장역,2022-11-30,2022-09-01 ~ 2022-10-31,2022-09-02,13332,21,21
월드컵경기장역,2022-11-30,2022-09-01 ~ 2022-10-31,2022-09-03,13353,21,42
월드컵경기장역,2022-11-30,2022-09-01 ~ 2022-10-31,2022-09-04,13385,32,74
월드컵경기장역,2022-11-30,2022-09-01 ~ 2022-10-31,2022-09-05,13415,30,104
월드컵경기장역,2022-11-30,2022-09-01 ~ 2022-10-31,2022-09-06,13432,17,121
월드컵경기장역,2022-11-30,2022-09-01 ~ 2022-10-31,2022-09-07,13458,26,147
월드컵경기장역,2022-11-30,2022-09-01 ~ 2022-10-31,2022-09-08,13481,23,170
월드컵경기장역,2022-11-30,2022-09-01 ~ 2022-10-31,2022-09-09,13503,22,192
월드컵경기장역,2022-11-30,2022-09-01 ~ 2022-10-31,2022-09-10,13524,21,213
월드컵경기장역,2022-11-30,2022-09-01 ~ 2022-10-31,2022-09-11,13547,23,236
월드컵경기장역,2022-11-30,2022-09-01 ~ 2022-10-31,2022-09-12,13570,23,259
월드컵경기장역,2022-11-30,2022-09-01 ~ 2022-10-31,2022-09-13,13599,29,288
월드컵경기장역,2022-11-30,2022-09-01 ~ 2022-10-31,2022-09-14,13626,27,315
월드컵경기장역,2022-11-30,2022-09-01 ~ 2022-10-31,2022-09-15,13656,30,345
월드컵경기장역,2022-11-30,2022-09-01 ~ 2022-10-31,2022-09-16,13701,45,390
월드컵경기장역,2022-11-30,2022-09-01 ~ 2022-10-31,2022-09-17,13737,36,426
월드컵경기장역,2022-11-30,2022-09-01 ~ 2022-10-31,2022-09-18,13768,31,457
월드컵경기장역,2022-11-30,2022-09-01 ~ 2022-10-31,2022-09-19,13791,23,480
월드컵경기장역,2022-11-30,2022-09-01 ~ 2022-10-31,2022-09-20,13813,22,502
월드컵경기장역,2022-11-30,2022-09-01 ~ 2022-10-31,2022-09-21,13840,27,529
월드컵경기장역,2022-11-30,2022-09-01 ~ 2022-10-31,2022-09-22,13865,25,554
월드컵경기장역,2022-11-30,2022-09-01 ~ 2022-10-31,2022-09-23,13890,25,579
월드컵경기장역,2022-11-30,2022-09-01 ~ 2022-10-31,2022-09-24,13915,25,604
월드컵경기장역,2022-11-30,2022-09-01 ~ 2022-10-31,2022-09-25,13946,31,635
월드컵경기장역,2022-11-30,2022-09-01 ~ 2022-10-31,2022-09-26,13974,28,663
월드컵경기장역,2022-11-30,2022-09-01 ~ 2022-10-31,2022-09-27,13997,23,686
월드컵경기장역,2022-11-30,2022-09-01 ~ 2022-10-31,2022-09-28,14040,43,729
월드컵경기장역,2022-11-30,2022-09-01 ~ 2022-10-31,2022-09-29,14067,27,756
월드컵경기장역,2022-11-30,2022-09-01 ~ 2022-10-31,2022-09-30,14092,25,781
월드컵경기장역,2022-11-30,2022-09-01 ~ 2022-10-31,2022-10-01,14118,26,807
월드컵경기장역,2022-11-30,2022-09-01 ~ 2022-10-31,2022-10-02,14155,37,844
월드컵경기장역,2022-11-30,2022-09-01 ~ 2022-10-31,2022-10-03,14180,25,869
월드컵경기장역,2022-11-30,2022-09-01 ~ 2022-10-31,2022-10-04,14200,20,889
월드컵경기장역,2022-11-30,2022-09-01 ~ 2022-10-31,2022-10-05,14221,21,910
월드컵경기장역,2022-11-30,2022-09-01 ~ 2022-10-31,2022-10-06,14246,25,935
월드컵경기장역,2022-11-30,2022-09-01 ~ 2022-10-31,2022-10-07,14273,27,962
월드컵경기장역,2022-11-30,2022-09-01 ~ 2022-10-31,2022-10-08,14303,30,992
월드컵경기장역,2022-11-30,2022-09-01 ~ 2022-10-31,2022-10-09,14348,45,1037
월드컵경기장역,2022-11-30,2022-09-01 ~ 2022-10-31,2022-10-10,14372,24,1061
월드컵경기장역,2022-11-30,2022-09-01 ~ 2022-10-31,2022-10-11,14400,28,1089
월드컵경기장역,2022-11-30,2022-09-01 ~ 2022-10-31,2022-10-12,14426,26,1115
월드컵경기장역,2022-11-30,2022-09-01 ~ 2022-10-31,2022-10-13,14455,29,1144
월드컵경기장역,2022-11-30,2022-09-01 ~ 2022-10-31,2022-10-14,14485,30,1174
월드컵경기장역,2022-11-30,2022-09-01 ~ 2022-10-31,2022-10-15,14525,40,1214
월드컵경기장역,2022-11-30,2022-09-01 ~ 2022-10-31,2022-10-16,14587,62,1276
월드컵경기장역,2022-11-30,2022-09-01 ~ 2022-10-31,2022-10-17,14660,73,1349
월드컵경기장역,2022-11-30,2022-09-01 ~ 2022-10-31,2022-10-18,14692,32,1381
월드컵경기장역,2022-11-30,2022-09-01 ~ 2022-10-31,2022-10-19,14724,32,1413
월드컵경기장역,2022-11-30,2022-09-01 ~ 2022-10-31,2022-10-20,14757,33,1446
월드컵경기장역,2022-11-30,2022-09-01 ~ 2022-10-31,2022-10-21,14793,36,1482
월드컵경기장역,2022-11-30,2022-09-01 ~ 2022-10-31,2022-10-22,14829,36,1518
월드컵경기장역,2022-11-30,2022-09-01 ~ 2022-10-31,2022-10-23,14885,56,1574
월드컵경기장역,2022-11-30,2022-09-01 ~ 2022-10-31,2022-10-24,14936,51,1625
월드컵경기장역,2022-11-30,2022-09-01 ~ 2022-10-31,2022-10-25,14967,31,1656
월드컵경기장역,2022-11-30,2022-09-01 ~ 2022-10-31,2022-10-26,14999,32,1688
월드컵경기장역,2022-11-30,2022-09-01 ~ 2022-10-31,2022-10-27,15032,33,1721
월드컵경기장역,2022-11-30,2022-09-01 ~ 2022-10-31,2022-10-28,15069,37,1758
월드컵경기장역,2022-11-30,2022-09-01 ~ 2022-10-31,2022-10-29,15103,34,1792
월드컵경기장역,2022-11-30,2022-09-01 ~ 2022-10-31,2022-10-30,15152,49,1841
월드컵경기장역,2022-11-30,2022-09-01 ~ 2022-10-31,2022-10-31,15191,39,1880
월드컵경기장역,2022-11-30,2022-09-01 ~ 2022-10-31,2022-11-01,15221,30,1910
월드컵경기장역,2023-01-31,2022-11-01 ~ 2022-12-31,2022-11-02,15253,32,32
월드컵경기장역,2023-01-31,2022-11-01 ~ 2022-12-31,2022-11-03,15285,32,64
월드컵경기장역,2023-01-31,2022-11-01 ~ 2022-12-31,2022-11-04,15315,30,94
월드컵경기장역,2023-01-31,2022-11-01 ~ 2022-12-31,2022-11-05,15346,31,125
월드컵경기장역,2023-01-31,2022-11-01 ~ 2022-12-31,2022-11-06,15387,41,166
월드컵경기장역,2023-01-31,2022-11-01 ~ 2022-12-31,2022-11-07,15437,50,216
월드컵경기장역,2023-01-31,2022-11-01 ~ 2022-12-31,2022-11-08,15465,28,244
월드컵경기장역,2023-01-31,2022-11-01 ~ 2022-12-31,2022-11-09,15497,32,276
월드컵경기장역,2023-01-31,2022-11-01 ~ 2022-12-31,2022-11-10,15530,33,309
월드컵경기장역,2023-01-31,2022-11-01 ~ 2022-12-31,2022-11-11,15560,30,339
월드컵경기장역,2023-01-31,2022-11-01 ~ 2022-12-31,2022-11-12,15592,32,371
월드컵경기장역,2023-01-31,2022-11-01 ~ 2022-12-31,2022-11-13,15628,36,407
월드컵경기장역,2023-01-31,2022-11-01 ~ 2022-12-31,2022-11-14,15660,32,439
월드컵경기장역,2023-01-31,2022-11-01 ~ 2022-12-31,2022-11-15,15691,31,470
월드컵경기장역,2023-01-31,2022-11-01 ~ 2022-12-31,2022-11-16,15721,30,500
월드컵경기장역,2023-01-31,2022-11-01 ~ 2022-12-31,2022-11-17,15751,30,530
월드컵경기장역,2023-01-31,2022-11-01 ~ 2022-12-31,2022-11-18,15785,34,564
월드컵경기장역,2023-01-31,2022-11-01 ~ 2022-12-31,2022-11-19,15816,31,595
월드컵경기장역,2023-01-31,2022-11-01 ~ 2022-12-31,2022-11-20,15854,38,633
월드컵경기장역,2023-01-31,2022-11-01 ~ 2022-12-31,2022-11-21,15893,39,672
월드컵경기장역,2023-01-31,2022-11-01 ~ 2022-12-31,2022-11-22,15926,33,705
월드컵경기장역,2023-01-31,2022-11-01 ~ 2022-12-31,2022-11-23,15958,32,737
월드컵경기장역,2023-01-31,2022-11-01 ~ 2022-12-31,2022-11-24,15990,32,769
월드컵경기장역,2023-01-31,2022-11-01 ~ 2022-12-31,2022-11-25,16021,31,800
월드컵경기장역,2023-01-31,2022-11-01 ~ 2022-12-31,2022-11-26,16028,7,807
월드컵경기장역,2023-01-31,2022-11-01 ~ 2022-12-31,2022-11-27,16088,60,867
월드컵경기장역,2023-01-31,2022-11-01 ~ 2022-12-31,2022-11-28,16120,32,899
월드컵경기장역,2023-01-31,2022-11-01 ~ 2022-12-31,2022-11-29,16148,28,927
월드컵경기장역,2023-01-31,2022-11-01 ~ 2022-12-31,2022-11-30,16178,30,957
월드컵경기장역,2023-01-31,2022-11-01 ~ 2022-12-31,2022-12-01,16191,13,970
월드컵경기장역,2023-01-31,2022-11-01 ~ 2022-12-31,2022-12-02,16228,37,1007
월드컵경기장역,2023-01-31,2022-11-01 ~ 2022-12-31,2022-12-03,16250,22,1029
월드컵경기장역,2023-01-31,2022-11-01 ~ 2022-12-31,2022-12-04,16275,25,1054
월드컵경기장역,2023-01-31,2022-11-01 ~ 2022-12-31,2022-12-05,16298,23,1077
월드컵경기장역,2023-01-31,2022-11-01 ~ 2022-12-31,2022-12-06,16320,22,1099
월드컵경기장역,2023-01-31,2022-11-01 ~ 2022-12-31,2022-12-07,16343,23,1122
월드컵경기장역,2023-01-31,2022-11-01 ~ 2022-12-31,2022-12-08,16367,24,1146
월드컵경기장역,2023-01-31,2022-11-01 ~ 2022-12-31,2022-12-09,16390,23,1169
월드컵경기장역,2023-01-31,2022-11-01 ~ 2022-12-31,2022-12-10,16412,22,1191
월드컵경기장역,2023-01-31,2022-11-01 ~ 2022-12-31,2022-12-11,16438,26,1217
월드컵경기장역,2023-01-31,2022-11-01 ~ 2022-12-31,2022-12-12,16461,23,1240
월드컵경기장역,2023-01-31,2022-11-01 ~ 2022-12-31,2022-12-13,16483,22,1262
월드컵경기장역,2023-01-31,2022-11-01 ~ 2022-12-31,2022-12-14,16504,21,1283
월드컵경기장역,2023-01-31,2022-11-01 ~ 2022-12-31,2022-12-15,16524,20,1303
월드컵경기장역,2023-01-31,2022-11-01 ~ 2022-12-31,2022-12-16,16545,21,1324
월드컵경기장역,2023-01-31,2022-11-01 ~ 2022-12-31,2022-12-17,16566,21,1345
월드컵경기장역,2023-01-31,2022-11-01 ~ 2022-12-31,2022-12-18,16590,24,1369
월드컵경기장역,2023-01-31,2022-11-01 ~ 2022-12-31,2022-12-19,16613,23,1392
월드컵경기장역,2023-01-31,2022-11-01 ~ 2022-12-31,2022-12-20,16634,21,1413
월드컵경기장역,2023-01-31,2022-11-01 ~ 2022-12-31,2022-12-21,16659,25,1438
월드컵경기장역,2023-01-31,2022-11-01 ~ 2022-12-31,2022-12-22,16681,22,1460
월드컵경기장역,2023-01-31,2022-11-01 ~ 2022-12-31,2022-12-23,16704,23,1483
월드컵경기장역,2023-01-31,2022-11-01 ~ 2022-12-31,2022-12-24,16725,21,1504
월드컵경기장역,2023-01-31,2022-11-01 ~ 2022-12-31,2022-12-25,16748,23,1527
월드컵경기장역,2023-01-31,2022-11-01 ~ 2022-12-31,2022-12-26,16770,22,1549
월드컵경기장역,2023-01-31,2022-11-01 ~ 2022-12-31,2022-12-27,16792,22,1571
월드컵경기장역,2023-01-31,2022-11-01 ~ 2022-12-31,2022-12-28,16815,23,1594
월드컵경기장역,2023-01-31,2022-11-01 ~ 2022-12-31,2022-12-29,16852,37,1631
월드컵경기장역,2023-01-31,2022-11-01 ~ 2022-12-31,2022-12-30,16874,22,1653
월드컵경기장역,2023-01-31,2022-11-01 ~ 2022-12-31,2022-12-31,16897,23,1676
월드컵경기장역,2023-01-31,2022-11-01 ~ 2022-12-31,2023-01-01,16923,26,1702
월드컵경기장역,2023-03-31,2023-01-01 ~ 2023-02-28,2023-01-02,16948,25,25
월드컵경기장역,2023-03-31,2023-01-01 ~ 2023-02-28,2023-01-03,16973,25,50
월드컵경기장역,2023-03-31,2023-01-01 ~ 2023-02-28,2023-01-04,16997,24,74
월드컵경기장역,2023-03-31,2023-01-01 ~ 2023-02-28,2023-01-05,17023,26,100
월드컵경기장역,2023-03-31,2023-01-01 ~ 2023-02-28,2023-01-06,17050,27,127
월드컵경기장역,2023-03-31,2023-01-01 ~ 2023-02-28,2023-01-07,17077,27,154
월드컵경기장역,2023-03-31,2023-01-01 ~ 2023-02-28,2023-01-08,17105,28,182
월드컵경기장역,2023-03-31,2023-01-01 ~ 2023-02-28,2023-01-09,17133,28,210
월드컵경기장역,2023-03-31,2023-01-01 ~ 2023-02-28,2023-01-10,17160,27,237
월드컵경기장역,2023-03-31,2023-01-01 ~ 2023-02-28,2023-01-11,17188,28,265
월드컵경기장역,2023-03-31,2023-01-01 ~ 2023-02-28,2023-01-12,17215,27,292
월드컵경기장역,2023-03-31,2023-01-01 ~ 2023-02-28,2023-01-13,17241,26,318
월드컵경기장역,2023-03-31,2023-01-01 ~ 2023-02-28,2023-01-14,17266,25,343
월드컵경기장역,2023-03-31,2023-01-01 ~ 2023-02-28,2023-01-15,17291,25,368
월드컵경기장역,2023-03-31,2023-01-01 ~ 2023-02-28,2023-01-16,17314,23,391
월드컵경기장역,2023-03-31,2023-01-01 ~ 2023-02-28,2023-01-17,17339,25,416
월드컵경기장역,2023-03-31,2023-01-01 ~ 2023-02-28,2023-01-18,17366,27,443
월드컵경기장역,2023-03-31,2023-01-01 ~ 2023-02-28,2023-01-19,17393,27,470
월드컵경기장역,2023-03-31,2023-01-01 ~ 2023-02-28,2023-01-20,17420,27,497
월드컵경기장역,2023-03-31,2023-01-01 ~ 2023-02-28,2023-01-21,17446,26,523
월드컵경기장역,2023-03-31,2023-01-01 ~ 2023-02-28,2023-01-22,17470,24,547
월드컵경기장역,2023-03-31,2023-01-01 ~ 2023-02-28,2023-01-23,17493,23,570
월드컵경기장역,2023-03-31,2023-01-01 ~ 2023-02-28,2023-01-24,17520,27,597
월드컵경기장역,2023-03-31,2023-01-01 ~ 2023-02-28,2023-01-25,17545,25,622
월드컵경기장역,2023-03-31,2023-01-01 ~ 2023-02-28,2023-01-26,17579,34,656
월드컵경기장역,2023-03-31,2023-01-01 ~ 2023-02-28,2023-01-27,17603,24,680
월드컵경기장역,2023-03-31,2023-01-01 ~ 2023-02-28,2023-01-28,17626,23,703
월드컵경기장역,2023-03-31,2023-01-01 ~ 2023-02-28,2023-01-29,17650,24,727
월드컵경기장역,2023-03-31,2023-01-01 ~ 2023-02-28,2023-01-30,17674,24,751
월드컵경기장역,2023-03-31,2023-01-01 ~ 2023-02-28,2023-01-31,17699,25,776
월드컵경기장역,2023-03-31,2023-01-01 ~ 2023-02-28,2023-02-01,17724,25,801
월드컵경기장역,2023-03-31,2023-01-01 ~ 2023-02-28,2023-02-02,17748,24,825
월드컵경기장역,2023-03-31,2023-01-01 ~ 2023-02-28,2023-02-03,17773,25,850
월드컵경기장역,2023-03-31,2023-01-01 ~ 2023-02-28,2023-02-04,17798,25,875
월드컵경기장역,2023-03-31,2023-01-01 ~ 2023-02-28,2023-02-05,17827,29,904
월드컵경기장역,2023-03-31,2023-01-01 ~ 2023-02-28,2023-02-06,17852,25,929
월드컵경기장역,2023-03-31,2023-01-01 ~ 2023-02-28,2023-02-07,17876,24,953
월드컵경기장역,2023-03-31,2023-01-01 ~ 2023-02-28,2023-02-08,17900,24,977
월드컵경기장역,2023-03-31,2023-01-01 ~ 2023-02-28,2023-02-09,17924,24,1001
월드컵경기장역,2023-03-31,2023-01-01 ~ 2023-02-28,2023-02-10,17949,25,1026
월드컵경기장역,2023-03-31,2023-01-01 ~ 2023-02-28,2023-02-11,17975,26,1052
월드컵경기장역,2023-03-31,2023-01-01 ~ 2023-02-28,2023-02-12,18004,29,1081
월드컵경기장역,2023-03-31,2023-01-01 ~ 2023-02-28,2023-02-13,18029,25,1106
월드컵경기장역,2023-03-31,2023-01-01 ~ 2023-02-28,2023-02-14,18054,25,1131
월드컵경기장역,2023-03-31,2023-01-01 ~ 2023-02-28,2023-02-15,18078,24,1155
월드컵경기장역,2023-03-31,2023-01-01 ~ 2023-02-28,2023-02-16,18104,26,1181
월드컵경기장역,2023-03-31,2023-01-01 ~ 2023-02-28,2023-02-17,18130,26,1207
월드컵경기장역,2023-03-31,2023-01-01 ~ 2023-02-28,2023-02-18,18157,27,1234
월드컵경기장역,2023-03-31,2023-01-01 ~ 2023-02-28,2023-02-19,18188,31,1265
월드컵경기장역,2023-03-31,2023-01-01 ~ 2023-02-28,2023-02-20,18214,26,1291
월드컵경기장역,2023-03-31,2023-01-01 ~ 2023-02-28,2023-02-21,18238,24,1315
월드컵경기장역,2023-03-31,2023-01-01 ~ 2023-02-28,2023-02-22,18264,26,1341
월드컵경기장역,2023-03-31,2023-01-01 ~ 2023-02-28,2023-02-23,18290,26,1367
월드컵경기장역,2023-03-31,2023-01-01 ~ 2023-02-28,2023-02-24,18317,27,1394
월드컵경기장역,2023-03-31,2023-01-01 ~ 2023-02-28,2023-02-25,18345,28,1422
월드컵경기장역,2023-03-31,2023-01-01 ~ 2023-02-28,2023-02-26,18382,37,1459
월드컵경기장역,2023-03-31,2023-01-01 ~ 2023-02-28,2023-02-27,18410,28,1487
월드컵경기장역,2023-03-31,2023-01-01 ~ 2023-02-28,2023-02-28,18437,27,1514
월드컵경기장역,2023-03-31,2023-01-01 ~ 2023-02-28,2023-03-01,18461,24,1538
월드컵경기장역,2023-05-31,2023-03-01 ~ 2023-04-30,2023-03-02,18488,27,27
월드컵경기장역,2023-05-31,2023-03-01 ~ 2023-04-30,2023-03-03,18515,27,54
월드컵경기장역,2023-05-31,2023-03-01 ~ 2023-04-30,2023-03-04,18542,27,81
월드컵경기장역,2023-05-31,2023-03-01 ~ 2023-04-30,2023-03-05,18571,29,110
월드컵경기장역,2023-05-31,2023-03-01 ~ 2023-04-30,2023-03-06,18597,26,136
월드컵경기장역,2023-05-31,2023-03-01 ~ 2023-04-30,2023-03-07,18622,25,161
월드컵경기장역,2023-05-31,2023-03-01 ~ 2023-04-30,2023-03-08,18649,27,188
월드컵경기장역,2023-05-31,2023-03-01 ~ 2023-04-30,2023-03-09,18675,26,214
월드컵경기장역,2023-05-31,2023-03-01 ~ 2023-04-30,2023-03-10,18701,26,240
월드컵경기장역,2023-05-31,2023-03-01 ~ 2023-04-30,2023-03-11,18730,29,269
월드컵경기장역,2023-05-31,2023-03-01 ~ 2023-04-30,2023-03-12,18761,31,300
월드컵경기장역,2023-05-31,2023-03-01 ~ 2023-04-30,2023-03-13,18793,32,332
월드컵경기장역,2023-05-31,2023-03-01 ~ 2023-04-30,2023-03-14,18820,27,359
월드컵경기장역,2023-05-31,2023-03-01 ~ 2023-04-30,2023-03-15,18847,27,386
월드컵경기장역,2023-05-31,2023-03-01 ~ 2023-04-30,2023-03-16,18874,27,413
월드컵경기장역,2023-05-31,2023-03-01 ~ 2023-04-30,2023-03-17,18900,26,439
월드컵경기장역,2023-05-31,2023-03-01 ~ 2023-04-30,2023-03-18,18930,30,469
월드컵경기장역,2023-05-31,2023-03-01 ~ 2023-04-30,2023-03-19,18963,33,502
월드컵경기장역,2023-05-31,2023-03-01 ~ 2023-04-30,2023-03-20,18998,35,537
월드컵경기장역,2023-05-31,2023-03-01 ~ 2023-04-30,2023-03-21,19030,32,569
월드컵경기장역,2023-05-31,2023-03-01 ~ 2023-04-30,2023-03-22,19062,32,601
월드컵경기장역,2023-05-31,2023-03-01 ~ 2023-04-30,2023-03-23,19095,33,634
월드컵경기장역,2023-05-31,2023-03-01 ~ 2023-04-30,2023-03-24,19124,29,663
월드컵경기장역,2023-05-31,2023-03-01 ~ 2023-04-30,2023-03-25,19152,28,691
월드컵경기장역,2023-05-31,2023-03-01 ~ 2023-04-30,2023-03-26,19184,32,723
월드컵경기장역,2023-05-31,2023-03-01 ~ 2023-04-30,2023-03-27,19215,31,754
월드컵경기장역,2023-05-31,2023-03-01 ~ 2023-04-30,2023-03-28,19241,26,780
월드컵경기장역,2023-05-31,2023-03-01 ~ 2023-04-30,2023-03-29,19293,52,832
월드컵경기장역,2023-05-31,2023-03-01 ~ 2023-04-30,2023-03-30,19323,30,862
월드컵경기장역,2023-05-31,2023-03-01 ~ 2023-04-30,2023-03-31,19353,30,892
월드컵경기장역,2023-05-31,2023-03-01 ~ 2023-04-30,2023-04-01,19383,30,922
월드컵경기장역,2023-05-31,2023-03-01 ~ 2023-04-30,2023-04-02,19419,36,958
월드컵경기장역,2023-05-31,2023-03-01 ~ 2023-04-30,2023-04-03,19452,33,991
월드컵경기장역,2023-05-31,2023-03-01 ~ 2023-04-30,2023-04-04,19480,28,1019
월드컵경기장역,2023-05-31,2023-03-01 ~ 2023-04-30,2023-04-05,19510,30,1049
월드컵경기장역,2023-05-31,2023-03-01 ~ 2023-04-30,2023-04-06,19535,25,1074
월드컵경기장역,2023-05-31,2023-03-01 ~ 2023-04-30,2023-04-07,19563,28,1102
월드컵경기장역,2023-05-31,2023-03-01 ~ 2023-04-30,2023-04-08,19595,32,1134
월드컵경기장역,2023-05-31,2023-03-01 ~ 2023-04-30,2023-04-09,19647,52,1186
월드컵경기장역,2023-05-31,2023-03-01 ~ 2023-04-30,2023-04-10,19678,31,1217
월드컵경기장역,2023-05-31,2023-03-01 ~ 2023-04-30,2023-04-11,19705,27,1244
월드컵경기장역,2023-05-31,2023-03-01 ~ 2023-04-30,2023-04-12,19732,27,1271
월드컵경기장역,2023-05-31,2023-03-01 ~ 2023-04-30,2023-04-13,19761,29,1300
월드컵경기장역,2023-05-31,2023-03-01 ~ 2023-04-30,2023-04-14,19802,41,1341
월드컵경기장역,2023-05-31,2023-03-01 ~ 2023-04-30,2023-04-15,19829,27,1368
월드컵경기장역,2023-05-31,2023-03-01 ~ 2023-04-30,2023-04-16,19859,30,1398
월드컵경기장역,2023-05-31,2023-03-01 ~ 2023-04-30,2023-04-17,19891,32,1430
월드컵경기장역,2023-05-31,2023-03-01 ~ 2023-04-30,2023-04-18,19920,29,1459
월드컵경기장역,2023-05-31,2023-03-01 ~ 2023-04-30,2023-04-19,19948,28,1487
월드컵경기장역,2023-05-31,2023-03-01 ~ 2023-04-30,2023-04-20,19991,43,1530
월드컵경기장역,2023-05-31,2023-03-01 ~ 2023-04-30,2023-04-21,20019,28,1558
월드컵경기장역,2023-05-31,2023-03-01 ~ 2023-04-30,2023-04-22,20049,30,1588
월드컵경기장역,2023-05-31,2023-03-01 ~ 2023-04-30,2023-04-23,20091,42,1630
월드컵경기장역,2023-05-31,2023-03-01 ~ 2023-04-30,2023-04-24,20126,35,1665
월드컵경기장역,2023-05-31,2023-03-01 ~ 2023-04-30,2023-04-25,20154,28,1693
월드컵경기장역,2023-05-31,2023-03-01 ~ 2023-04-30,2023-04-26,20181,27,1720
월드컵경기장역,2023-05-31,2023-03-01 ~ 2023-04-30,2023-04-27,20209,28,1748
월드컵경기장역,2023-05-31,2023-03-01 ~ 2023-04-30,2023-04-28,20239,30,1778
월드컵경기장역,2023-05-31,2023-03-01 ~ 2023-04-30,2023-04-29,20267,28,1806
월드컵경기장역,2023-05-31,2023-03-01 ~ 2023-04-30,2023-04-30,20294,27,1833
월드컵경기장역,2023-05-31,2023-03-01 ~ 2023-04-30,2023-05-01,20325,31,1864
월드컵경기장역,2023-07-31,2023-05-01 ~ 2023-06-30,2023-05-02,20358,33,33
월드컵경기장역,2023-07-31,2023-05-01 ~ 2023-06-30,2023-05-03,20392,34,67
월드컵경기장역,2023-07-31,2023-05-01 ~ 2023-06-30,2023-05-04,20424,32,99
월드컵경기장역,2023-07-31,2023-05-01 ~ 2023-06-30,2023-05-05,20457,33,132
월드컵경기장역,2023-07-31,2023-05-01 ~ 2023-06-30,2023-05-06,20493,36,168
월드컵경기장역,2023-07-31,2023-05-01 ~ 2023-06-30,2023-05-07,20529,36,204
월드컵경기장역,2023-07-31,2023-05-01 ~ 2023-06-30,2023-05-08,20560,31,235
월드컵경기장역,2023-07-31,2023-05-01 ~ 2023-06-30,2023-05-09,20590,30,265
월드컵경기장역,2023-07-31,2023-05-01 ~ 2023-06-30,2023-05-10,20627,37,302
월드컵경기장역,2023-07-31,2023-05-01 ~ 2023-06-30,2023-05-11,20661,34,336
월드컵경기장역,2023-07-31,2023-05-01 ~ 2023-06-30,2023-05-12,20693,32,368
월드컵경기장역,2023-07-31,2023-05-01 ~ 2023-06-30,2023-05-13,20726,33,401
월드컵경기장역,2023-07-31,2023-05-01 ~ 2023-06-30,2023-05-14,20762,36,437
월드컵경기장역,2023-07-31,2023-05-01 ~ 2023-06-30,2023-05-15,20796,34,471
월드컵경기장역,2023-07-31,2023-05-01 ~ 2023-06-30,2023-05-16,20826,30,501
월드컵경기장역,2023-07-31,2023-05-01 ~ 2023-06-30,2023-05-17,20857,31,532
월드컵경기장역,2023-07-31,2023-05-01 ~ 2023-06-30,2023-05-18,20891,34,566
월드컵경기장역,2023-07-31,2023-05-01 ~ 2023-06-30,2023-05-19,20941,50,616
월드컵경기장역,2023-07-31,2023-05-01 ~ 2023-06-30,2023-05-20,20978,37,653
월드컵경기장역,2023-07-31,2023-05-01 ~ 2023-06-30,2023-05-21,21033,55,708
월드컵경기장역,2023-07-31,2023-05-01 ~ 2023-06-30,2023-05-22,21069,36,744
월드컵경기장역,2023-07-31,2023-05-01 ~ 2023-06-30,2023-05-23,21102,33,777
월드컵경기장역,2023-07-31,2023-05-01 ~ 2023-06-30,2023-05-24,21138,36,813
월드컵경기장역,2023-07-31,2023-05-01 ~ 2023-06-30,2023-05-25,21174,36,849
월드컵경기장역,2023-07-31,2023-05-01 ~ 2023-06-30,2023-05-26,21209,35,884
월드컵경기장역,2023-07-31,2023-05-01 ~ 2023-06-30,2023-05-27,21242,33,917
월드컵경기장역,2023-07-31,2023-05-01 ~ 2023-06-30,2023-05-28,21279,37,954
월드컵경기장역,2023-07-31,2023-05-01 ~ 2023-06-30,2023-05-29,21322,43,997
월드컵경기장역,2023-07-31,2023-05-01 ~ 2023-06-30,2023-05-30,21357,35,1032
월드컵경기장역,2023-07-31,2023-05-01 ~ 2023-06-30,2023-05-31,21388,31,1063
월드컵경기장역,2023-07-31,2023-05-01 ~ 2023-06-30,2023-06-01,21419,31,1094
월드컵경기장역,2023-07-31,2023-05-01 ~ 2023-06-30,2023-06-02,21451,32,1126
월드컵경기장역,2023-07-31,2023-05-01 ~ 2023-06-30,2023-06-03,21488,37,1163
월드컵경기장역,2023-07-31,2023-05-01 ~ 2023-06-30,2023-06-04,21562,74,1237
월드컵경기장역,2023-07-31,2023-05-01 ~ 2023-06-30,2023-06-05,21599,37,1274
월드컵경기장역,2023-07-31,2023-05-01 ~ 2023-06-30,2023-06-06,21633,34,1308
월드컵경기장역,2023-07-31,2023-05-01 ~ 2023-06-30,2023-06-07,21669,36,1344
월드컵경기장역,2023-07-31,2023-05-01 ~ 2023-06-30,2023-06-08,21699,30,1374
월드컵경기장역,2023-07-31,2023-05-01 ~ 2023-06-30,2023-06-09,21730,31,1405
월드컵경기장역,2023-07-31,2023-05-01 ~ 2023-06-30,2023-06-10,21763,33,1438
월드컵경기장역,2023-07-31,2023-05-01 ~ 2023-06-30,2023-06-11,21797,34,1472
월드컵경기장역,2023-07-31,2023-05-01 ~ 2023-06-30,2023-06-12,21835,38,1510
월드컵경기장역,2023-07-31,2023-05-01 ~ 2023-06-30,2023-06-13,21867,32,1542
월드컵경기장역,2023-07-31,2023-05-01 ~ 2023-06-30,2023-06-14,21900,33,1575
월드컵경기장역,2023-07-31,2023-05-01 ~ 2023-06-30,2023-06-15,21932,32,1607
월드컵경기장역,2023-07-31,2023-05-01 ~ 2023-06-30,2023-06-16,21965,33,1640
월드컵경기장역,2023-07-31,2023-05-01 ~ 2023-06-30,2023-06-17,21999,34,1674
월드컵경기장역,2023-07-31,2023-05-01 ~ 2023-06-30,2023-06-18,22042,43,1717
월드컵경기장역,2023-07-31,2023-05-01 ~ 2023-06-30,2023-06-19,22080,38,1755
월드컵경기장역,2023-07-31,2023-05-01 ~ 2023-06-30,2023-06-20,22112,32,1787
월드컵경기장역,2023-07-31,2023-05-01 ~ 2023-06-30,2023-06-21,22146,34,1821
월드컵경기장역,2023-07-31,2023-05-01 ~ 2023-06-30,2023-06-22,22178,32,1853
월드컵경기장역,2023-07-31,2023-05-01 ~ 2023-06-30,2023-06-23,22212,34,1887
월드컵경기장역,2023-07-31,2023-05-01 ~ 2023-06-30,2023-06-24,22247,35,1922
월드컵경기장역,2023-07-31,2023-05-01 ~ 2023-06-30,2023-06-25,22283,36,1958
월드컵경기장역,2023-07-31,2023-05-01 ~ 2023-06-30,2023-06-26,22319,36,1994
월드컵경기장역,2023-07-31,2023-05-01 ~ 2023-06-30,2023-06-27,22351,32,2026
월드컵경기장역,2023-07-31,2023-05-01 ~ 2023-06-30,2023-06-28,22386,35,2061
월드컵경기장역,2023-07-31,2023-05-01 ~ 2023-06-30,2023-06-29,22420,34,2095
월드컵경기장역,2023-07-31,2023-05-01 ~ 2023-06-30,2023-06-30,22453,33,2128
월드컵경기장역,2023-07-31,2023-05-01 ~ 2023-06-30,2023-07-01,22488,35,2163
월드컵경기장역,2023-09-30,2023-07-01 ~ 2023-08-31,2023-07-02,22535,47,47
월드컵경기장역,2023-09-30,2023-07-01 ~ 2023-08-31,2023-07-03,22572,37,84
월드컵경기장역,2023-09-30,2023-07-01 ~ 2023-08-31,2023-07-04,22611,39,123
월드컵경기장역,2023-09-30,2023-07-01 ~ 2023-08-31,2023-07-05,22648,37,160
월드컵경기장역,2023-09-30,2023-07-01 ~ 2023-08-31,2023-07-06,22685,37,197
월드컵경기장역,2023-09-30,2023-07-01 ~ 2023-08-31,2023-07-07,22719,34,231
월드컵경기장역,2023-09-30,2023-07-01 ~ 2023-08-31,2023-07-08,22758,39,270
월드컵경기장역,2023-09-30,2023-07-01 ~ 2023-08-31,2023-07-09,22801,43,313
월드컵경기장역,2023-09-30,2023-07-01 ~ 2023-08-31,2023-07-10,22834,33,346
월드컵경기장역,2023-09-30,2023-07-01 ~ 2023-08-31,2023-07-11,22867,33,379
월드컵경기장역,2023-09-30,2023-07-01 ~ 2023-08-31,2023-07-12,22904,37,416
월드컵경기장역,2023-09-30,2023-07-01 ~ 2023-08-31,2023-07-13,22946,42,458
월드컵경기장역,2023-09-30,2023-07-01 ~ 2023-08-31,2023-07-14,22982,36,494
월드컵경기장역,2023-09-30,2023-07-01 ~ 2023-08-31,2023-07-15,23016,34,528
월드컵경기장역,2023-09-30,2023-07-01 ~ 2023-08-31,2023-07-16,23050,34,562
월드컵경기장역,2023-09-30,2023-07-01 ~ 2023-08-31,2023-07-17,23084,34,596
월드컵경기장역,2023-09-30,2023-07-01 ~ 2023-08-31,2023-07-18,23120,36,632
월드컵경기장역,2023-09-30,2023-07-01 ~ 2023-08-31,2023-07-19,23158,38,670
월드컵경기장역,2023-09-30,2023-07-01 ~ 2023-08-31,2023-07-20,23199,41,711
월드컵경기장역,2023-09-30,2023-07-01 ~ 2023-08-31,2023-07-21,23241,42,753
월드컵경기장역,2023-09-30,2023-07-01 ~ 2023-08-31,2023-07-22,23287,46,799
월드컵경기장역,2023-09-30,2023-07-01 ~ 2023-08-31,2023-07-23,23333,46,845
월드컵경기장역,2023-09-30,2023-07-01 ~ 2023-08-31,2023-07-24,23368,35,880
월드컵경기장역,2023-09-30,2023-07-01 ~ 2023-08-31,2023-07-25,23406,38,918
월드컵경기장역,2023-09-30,2023-07-01 ~ 2023-08-31,2023-07-26,23447,41,959
월드컵경기장역,2023-09-30,2023-07-01 ~ 2023-08-31,2023-07-27,23499,52,1011
월드컵경기장역,2023-09-30,2023-07-01 ~ 2023-08-31,2023-07-28,23583,84,1095
월드컵경기장역,2023-09-30,2023-07-01 ~ 2023-08-31,2023-07-29,23650,67,1162
월드컵경기장역,2023-09-30,2023-07-01 ~ 2023-08-31,2023-07-30,23724,74,1236
월드컵경기장역,2023-09-30,2023-07-01 ~ 2023-08-31,2023-07-31,23810,86,1322
월드컵경기장역,2023-09-30,2023-07-01 ~ 2023-08-31,2023-08-01,23867,57,1379
월드컵경기장역,2023-09-30,2023-07-01 ~ 2023-08-31,2023-08-02,23943,76,1455
월드컵경기장역,2023-09-30,2023-07-01 ~ 2023-08-31,2023-08-03,24009,66,1521
월드컵경기장역,2023-09-30,2023-07-01 ~ 2023-08-31,2023-08-04,24072,63,1584
월드컵경기장역,2023-09-30,2023-07-01 ~ 2023-08-31,2023-08-05,24147,75,1659
월드컵경기장역,2023-09-30,2023-07-01 ~ 2023-08-31,2023-08-06,24221,74,1733
월드컵경기장역,2023-09-30,2023-07-01 ~ 2023-08-31,2023-08-07,24296,75,1808
월드컵경기장역,2023-09-30,2023-07-01 ~ 2023-08-31,2023-08-08,24369,73,1881
월드컵경기장역,2023-09-30,2023-07-01 ~ 2023-08-31,2023-08-09,24447,78,1959
월드컵경기장역,2023-09-30,2023-07-01 ~ 2023-08-31,2023-08-10,24513,66,2025
월드컵경기장역,2023-09-30,2023-07-01 ~ 2023-08-31,2023-08-11,24553,40,2065
월드컵경기장역,2023-09-30,2023-07-01 ~ 2023-08-31,2023-08-12,24602,49,2114
월드컵경기장역,2023-09-30,2023-07-01 ~ 2023-08-31,2023-08-13,24645,43,2157
월드컵경기장역,2023-09-30,2023-07-01 ~ 2023-08-31,2023-08-14,24688,43,2200
월드컵경기장역,2023-09-30,2023-07-01 ~ 2023-08-31,2023-08-15,24749,61,2261
월드컵경기장역,2023-09-30,2023-07-01 ~ 2023-08-31,2023-08-16,24812,63,2324
월드컵경기장역,2023-09-30,2023-07-01 ~ 2023-08-31,2023-08-17,24872,60,2384
월드컵경기장역,2023-09-30,2023-07-01 ~ 2023-08-31,2023-08-18,24935,63,2447
월드컵경기장역,2023-09-30,2023-07-01 ~ 2023-08-31,2023-08-19,25009,74,2521
월드컵경기장역,2023-09-30,2023-07-01 ~ 2023-08-31,2023-08-20,25083,74,2595
월드컵경기장역,2023-09-30,2023-07-01 ~ 2023-08-31,2023-08-21,25149,66,2661
월드컵경기장역,2023-09-30,2023-07-01 ~ 2023-08-31,2023-08-22,25237,88,2749
월드컵경기장역,2023-09-30,2023-07-01 ~ 2023-08-31,2023-08-23,25302,65,2814
월드컵경기장역,2023-09-30,2023-07-01 ~ 2023-08-31,2023-08-24,25352,50,2864
월드컵경기장역,2023-09-30,2023-07-01 ~ 2023-08-31,2023-08-25,25397,45,2909
월드컵경기장역,2023-09-30,2023-07-01 ~ 2023-08-31,2023-08-26,25455,58,2967
월드컵경기장역,2023-09-30,2023-07-01 ~ 2023-08-31,2023-08-27,25509,54,3021
월드컵경기장역,2023-09-30,2023-07-01 ~ 2023-08-31,2023-08-28,25567,58,3079
월드컵경기장역,2023-09-30,2023-07-01 ~ 2023-08-31,2023-08-29,25610,43,3122
월드컵경기장역,2023-09-30,2023-07-01 ~ 2023-08-31,2023-08-30,25656,46,3168
월드컵경기장역,2023-09-30,2023-07-01 ~ 2023-08-31,2023-08-31,25697,41,3209
월드컵경기장역,2023-09-30,2023-07-01 ~ 2023-08-31,2023-09-01,25741,44,3253
월드컵경기장역,2023-11-30,2023-09-01 ~ 2023-10-31,2023-09-02,25785,44,44
월드컵경기장역,2023-11-30,2023-09-01 ~ 2023-10-31,2023-09-03,25832,47,91
월드컵경기장역,2023-11-30,2023-09-01 ~ 2023-10-31,2023-09-04,25876,44,135
월드컵경기장역,2023-11-30,2023-09-01 ~ 2023-10-31,2023-09-05,25924,48,183
월드컵경기장역,2023-11-30,2023-09-01 ~ 2023-10-31,2023-09-06,25984,60,243
월드컵경기장역,2023-11-30,2023-09-01 ~ 2023-10-31,2023-09-07,26043,59,302
월드컵경기장역,2023-11-30,2023-09-01 ~ 2023-10-31,2023-09-08,26096,53,355
월드컵경기장역,2023-11-30,2023-09-01 ~ 2023-10-31,2023-09-09,26145,49,404
월드컵경기장역,2023-11-30,2023-09-01 ~ 2023-10-31,2023-09-10,26202,57,461
월드컵경기장역,2023-11-30,2023-09-01 ~ 2023-10-31,2023-09-11,26253,51,512
월드컵경기장역,2023-11-30,2023-09-01 ~ 2023-10-31,2023-09-12,26299,46,558
월드컵경기장역,2023-11-30,2023-09-01 ~ 2023-10-31,2023-09-13,26347,48,606
월드컵경기장역,2023-11-30,2023-09-01 ~ 2023-10-31,2023-09-14,26391,44,650
월드컵경기장역,2023-11-30,2023-09-01 ~ 2023-10-31,2023-09-15,26436,45,695
월드컵경기장역,2023-11-30,2023-09-01 ~ 2023-10-31,2023-09-16,26479,43,738
월드컵경기장역,2023-11-30,2023-09-01 ~ 2023-10-31,2023-09-17,26533,54,792
월드컵경기장역,2023-11-30,2023-09-01 ~ 2023-10-31,2023-09-18,26594,61,853
월드컵경기장역,2023-11-30,2023-09-01 ~ 2023-10-31,2023-09-19,26638,44,897
월드컵경기장역,2023-11-30,2023-09-01 ~ 2023-10-31,2023-09-20,26684,46,943
월드컵경기장역,2023-11-30,2023-09-01 ~ 2023-10-31,2023-09-21,26724,40,983
월드컵경기장역,2023-11-30,2023-09-01 ~ 2023-10-31,2023-09-22,26768,44,1027
월드컵경기장역,2023-11-30,2023-09-01 ~ 2023-10-31,2023-09-23,26811,43,1070
월드컵경기장역,2023-11-30,2023-09-01 ~ 2023-10-31,2023-09-24,26876,65,1135
월드컵경기장역,2023-11-30,2023-09-01 ~ 2023-10-31,2023-09-25,26925,49,1184
월드컵경기장역,2023-11-30,2023-09-01 ~ 2023-10-31,2023-09-26,26969,44,1228
월드컵경기장역,2023-11-30,2023-09-01 ~ 2023-10-31,2023-09-27,27010,41,1269
월드컵경기장역,2023-11-30,2023-09-01 ~ 2023-10-31,2023-09-28,27053,43,1312
월드컵경기장역,2023-11-30,2023-09-01 ~ 2023-10-31,2023-09-29,27095,42,1354
월드컵경기장역,2023-11-30,2023-09-01 ~ 2023-10-31,2023-09-30,27136,41,1395
월드컵경기장역,2023-11-30,2023-09-01 ~ 2023-10-31,2023-10-01,27182,46,1441
월드컵경기장역,2023-11-30,2023-09-01 ~ 2023-10-31,2023-10-02,27233,51,1492
월드컵경기장역,2023-11-30,2023-09-01 ~ 2023-10-31,2023-10-03,27288,55,1547
월드컵경기장역,2023-11-30,2023-09-01 ~ 2023-10-31,2023-10-04,27342,54,1601
월드컵경기장역,2023-11-30,2023-09-01 ~ 2023-10-31,2023-10-05,27385,43,1644
월드컵경기장역,2023-11-30,2023-09-01 ~ 2023-10-31,2023-10-06,27433,48,1692
월드컵경기장역,2023-11-30,2023-09-01 ~ 2023-10-31,2023-10-07,27493,60,1752
월드컵경기장역,2023-11-30,2023-09-01 ~ 2023-10-31,2023-10-08,27567,74,1826
월드컵경기장역,2023-11-30,2023-09-01 ~ 2023-10-31,2023-10-09,27653,86,1912
월드컵경기장역,2023-11-30,2023-09-01 ~ 2023-10-31,2023-10-10,27737,84,1996
월드컵경기장역,2023-11-30,2023-09-01 ~ 2023-10-31,2023-10-11,27812,75,2071
월드컵경기장역,2023-11-30,2023-09-01 ~ 2023-10-31,2023-10-12,27898,86,2157
월드컵경기장역,2023-11-30,2023-09-01 ~ 2023-10-31,2023-10-13,27974,76,2233
월드컵경기장역,2023-11-30,2023-09-01 ~ 2023-10-31,2023-10-14,28070,96,2329
월드컵경기장역,2023-11-30,2023-09-01 ~ 2023-10-31,2023-10-15,28155,85,2414
월드컵경기장역,2023-11-30,2023-09-01 ~ 2023-10-31,2023-10-16,28256,101,2515
월드컵경기장역,2023-11-30,2023-09-01 ~ 2023-10-31,2023-10-17,28336,80,2595
월드컵경기장역,2023-11-30,2023-09-01 ~ 2023-10-31,2023-10-18,28419,83,2678
월드컵경기장역,2023-11-30,2023-09-01 ~ 2023-10-31,2023-10-19,28504,85,2763
월드컵경기장역,2023-11-30,2023-09-01 ~ 2023-10-31,2023-10-20,28576,72,2835
월드컵경기장역,2023-11-30,2023-09-01 ~ 2023-10-31,2023-10-21,28668,92,2927
월드컵경기장역,2023-11-30,2023-09-01 ~ 2023-10-31,2023-10-22,28769,101,3028
월드컵경기장역,2023-11-30,2023-09-01 ~ 2023-10-31,2023-10-23,28878,109,3137
월드컵경기장역,2023-11-30,2023-09-01 ~ 2023-10-31,2023-10-24,28958,80,3217
월드컵경기장역,2023-11-30,2023-09-01 ~ 2023-10-31,2023-10-25,29037,79,3296
월드컵경기장역,2023-11-30,2023-09-01 ~ 2023-10-31,2023-10-26,29119,82,3378
월드컵경기장역,2023-11-30,2023-09-01 ~ 2023-10-31,2023-10-27,29195,76,3454
월드컵경기장역,2023-11-30,2023-09-01 ~ 2023-10-31,2023-10-28,29275,80,3534
월드컵경기장역,2023-11-30,2023-09-01 ~ 2023-10-31,2023-10-29,29369,94,3628
월드컵경기장역,2023-11-30,2023-09-01 ~ 2023-10-31,2023-10-30,29460,91,3719
월드컵경기장역,2023-11-30,2023-09-01 ~ 2023-10-31,2023-10-31,29536,76,3795
월드컵경기장역,2023-11-30,2023-09-01 ~ 2023-10-31,2023-11-01,29614,78,3873
월드컵경기장역,2024-01-31,2023-11-01 ~ 2023-12-31,2023-11-02,29685,71,71
월드컵경기장역,2024-01-31,2023-11-01 ~ 2023-12-31,2023-11-03,29762,77,148
월드컵경기장역,2024-01-31,2023-11-01 ~ 2023-12-31,2023-11-04,29833,71,219
월드컵경기장역,2024-01-31,2023-11-01 ~ 2023-12-31,2023-11-05,29919,86,305
월드컵경기장역,2024-01-31,2023-11-01 ~ 2023-12-31,2023-11-06,30001,82,387
월드컵경기장역,2024-01-31,2023-11-01 ~ 2023-12-31,2023-11-07,30068,67,454
월드컵경기장역,2024-01-31,2023-11-01 ~ 2023-12-31,2023-11-08,30140,72,526
월드컵경기장역,2024-01-31,2023-11-01 ~ 2023-12-31,2023-11-09,30211,71,597
월드컵경기장역,2024-01-31,2023-11-01 ~ 2023-12-31,2023-11-10,30284,73,670
월드컵경기장역,2024-01-31,2023-11-01 ~ 2023-12-31,2023-11-11,30358,74,744
월드컵경기장역,2024-01-31,2023-11-01 ~ 2023-12-31,2023-11-12,30432,74,818
월드컵경기장역,2024-01-31,2023-11-01 ~ 2023-12-31,2023-11-13,30504,72,890
월드컵경기장역,2024-01-31,2023-11-01 ~ 2023-12-31,2023-11-14,30572,68,958
월드컵경기장역,2024-01-31,2023-11-01 ~ 2023-12-31,2023-11-15,30642,70,1028
월드컵경기장역,2024-01-31,2023-11-01 ~ 2023-12-31,2023-11-16,30712,70,1098
월드컵경기장역,2024-01-31,2023-11-01 ~ 2023-12-31,2023-11-17,30800,88,1186
월드컵경기장역,2024-01-31,2023-11-01 ~ 2023-12-31,2023-11-18,30872,72,1258
월드컵경기장역,2024-01-31,2023-11-01 ~ 2023-12-31,2023-11-19,30944,72,1330
월드컵경기장역,2024-01-31,2023-11-01 ~ 2023-12-31,2023-11-20,31024,80,1410
월드컵경기장역,2024-01-31,2023-11-01 ~ 2023-12-31,2023-11-21,31094,70,1480
월드컵경기장역,2024-01-31,2023-11-01 ~ 2023-12-31,2023-11-22,31164,70,1550
월드컵경기장역,2024-01-31,2023-11-01 ~ 2023-12-31,2023-11-23,31235,71,1621
월드컵경기장역,2024-01-31,2023-11-01 ~ 2023-12-31,2023-11-24,31305,70,1691
월드컵경기장역,2024-01-31,2023-11-01 ~ 2023-12-31,2023-11-25,31375,70,1761
월드컵경기장역,2024-01-31,2023-11-01 ~ 2023-12-31,2023-11-26,31458,83,1844
월드컵경기장역,2024-01-31,2023-11-01 ~ 2023-12-31,2023-11-27,31531,73,1917
월드컵경기장역,2024-01-31,2023-11-01 ~ 2023-12-31,2023-11-28,31599,68,1985
월드컵경기장역,2024-01-31,2023-11-01 ~ 2023-12-31,2023-11-29,31671,72,2057
월드컵경기장역,2024-01-31,2023-11-01 ~ 2023-12-31,2023-11-30,31741,70,2127
월드컵경기장역,2024-01-31,2023-11-01 ~ 2023-12-31,2023-12-01,31809,68,2195
월드컵경기장역,2024-01-31,2023-11-01 ~ 2023-12-31,2023-12-02,31879,70,2265
월드컵경기장역,2024-01-31,2023-11-01 ~ 2023-12-31,2023-12-03,31952,73,2338
월드컵경기장역,2024-01-31,2023-11-01 ~ 2023-12-31,2023-12-04,32022,70,2408
월드컵경기장역,2024-01-31,2023-11-01 ~ 2023-12-31,2023-12-05,32090,68,2476
월드컵경기장역,2024-01-31,2023-11-01 ~ 2023-12-31,2023-12-06,32147,57,2533
월드컵경기장역,2024-01-31,2023-11-01 ~ 2023-12-31,2023-12-07,32194,47,2580
월드컵경기장역,2024-01-31,2023-11-01 ~ 2023-12-31,2023-12-08,32241,47,2627
월드컵경기장역,2024-01-31,2023-11-01 ~ 2023-12-31,2023-12-09,32288,47,2674
월드컵경기장역,2024-01-31,2023-11-01 ~ 2023-12-31,2023-12-10,32339,51,2725
월드컵경기장역,2024-01-31,2023-11-01 ~ 2023-12-31,2023-12-11,32390,51,2776
월드컵경기장역,2024-01-31,2023-11-01 ~ 2023-12-31,2023-12-12,32435,45,2821
월드컵경기장역,2024-01-31,2023-11-01 ~ 2023-12-31,2023-12-13,32485,50,2871
월드컵경기장역,2024-01-31,2023-11-01 ~ 2023-12-31,2023-12-14,32534,49,2920
월드컵경기장역,2024-01-31,2023-11-01 ~ 2023-12-31,2023-12-15,32581,47,2967
월드컵경기장역,2024-01-31,2023-11-01 ~ 2023-12-31,2023-12-16,32629,48,3015
월드컵경기장역,2024-01-31,2023-11-01 ~ 2023-12-31,2023-12-17,32676,47,3062
월드컵경기장역,2024-01-31,2023-11-01 ~ 2023-12-31,2023-12-18,32723,47,3109
월드컵경기장역,2024-01-31,2023-11-01 ~ 2023-12-31,2023-12-19,32770,47,3156
월드컵경기장역,2024-01-31,2023-11-01 ~ 2023-12-31,2023-12-20,32819,49,3205
월드컵경기장역,2024-01-31,2023-11-01 ~ 2023-12-31,2023-12-21,32865,46,3251
월드컵경기장역,2024-01-31,2023-11-01 ~ 2023-12-31,2023-12-22,32912,47,3298
월드컵경기장역,2024-01-31,2023-11-01 ~ 2023-12-31,2023-12-23,32960,48,3346
월드컵경기장역,2024-01-31,2023-11-01 ~ 2023-12-31,2023-12-24,33010,50,3396
월드컵경기장역,2024-01-31,2023-11-01 ~ 2023-12-31,2023-12-25,33057,47,3443
월드컵경기장역,2024-01-31,2023-11-01 ~ 2023-12-31,2023-12-26,33105,48,3491
월드컵경기장역,2024-01-31,2023-11-01 ~ 2023-12-31,2023-12-27,33155,50,3541
월드컵경기장역,2024-01-31,2023-11-01 ~ 2023-12-31,2023-12-28,33206,51,3592
월드컵경기장역,2024-01-31,2023-11-01 ~ 2023-12-31,2023-12-29,33256,50,3642
월드컵경기장역,2024-01-31,2023-11-01 ~ 2023-12-31,2023-12-30,33307,51,3693
월드컵경기장역,2024-01-31,2023-11-01 ~ 2023-12-31,2023-12-31,33356,49,3742
월드컵경기장역,2024-01-31,2023-11-01 ~ 2023-12-31,2024-01-01,33404,48,3790
월드컵경기장역,2024-03-31,2024-01-01 ~ 2024-02-29,2024-01-02,33456,52,52
월드컵경기장역,2024-03-31,2024-01-01 ~ 2024-02-29,2024-01-03,33507,51,103
월드컵경기장역,2024-03-31,2024-01-01 ~ 2024-02-29,2024-01-04,33559,52,155
월드컵경기장역,2024-03-31,2024-01-01 ~ 2024-02-29,2024-01-05,33610,51,206
월드컵경기장역,2024-03-31,2024-01-01 ~ 2024-02-29,2024-01-06,33661,51,257
월드컵경기장역,2024-03-31,2024-01-01 ~ 2024-02-29,2024-01-07,33712,51,308
월드컵경기장역,2024-03-31,2024-01-01 ~ 2024-02-29,2024-01-08,33761,49,357
월드컵경기장역,2024-03-31,2024-01-01 ~ 2024-02-29,2024-01-09,33810,49,406
월드컵경기장역,2024-03-31,2024-01-01 ~ 2024-02-29,2024-01-10,33859,49,455
월드컵경기장역,2024-03-31,2024-01-01 ~ 2024-02-29,2024-01-11,33910,51,506
월드컵경기장역,2024-03-31,2024-01-01 ~ 2024-02-29,2024-01-12,33962,52,558
월드컵경기장역,2024-03-31,2024-01-01 ~ 2024-02-29,2024-01-13,34013,51,609
월드컵경기장역,2024-03-31,2024-01-01 ~ 2024-02-29,2024-01-14,34067,54,663
월드컵경기장역,2024-03-31,2024-01-01 ~ 2024-02-29,2024-01-15,34115,48,711
월드컵경기장역,2024-03-31,2024-01-01 ~ 2024-02-29,2024-01-16,34165,50,761
월드컵경기장역,2024-03-31,2024-01-01 ~ 2024-02-29,2024-01-17,34214,49,810
월드컵경기장역,2024-03-31,2024-01-01 ~ 2024-02-29,2024-01-18,34264,50,860
월드컵경기장역,2024-03-31,2024-01-01 ~ 2024-02-29,2024-01-19,34315,51,911
월드컵경기장역,2024-03-31,2024-01-01 ~ 2024-02-29,2024-01-20,34366,51,962
월드컵경기장역,2024-03-31,2024-01-01 ~ 2024-02-29,2024-01-21,34418,52,1014
월드컵경기장역,2024-03-31,2024-01-01 ~ 2024-02-29,2024-01-22,34467,49,1063
월드컵경기장역,2024-03-31,2024-01-01 ~ 2024-02-29,2024-01-23,34517,50,1113
월드컵경기장역,2024-03-31,2024-01-01 ~ 2024-02-29,2024-01-24,34566,49,1162
월드컵경기장역,2024-03-31,2024-01-01 ~ 2024-02-29,2024-01-25,34616,50,1212
월드컵경기장역,2024-03-31,2024-01-01 ~ 2024-02-29,2024-01-26,34666,50,1262
월드컵경기장역,2024-03-31,2024-01-01 ~ 2024-02-29,2024-01-27,34714,48,1310
월드컵경기장역,2024-03-31,2024-01-01 ~ 2024-02-29,2024-01-28,34759,45,1355
월드컵경기장역,2024-03-31,2024-01-01 ~ 2024-02-29,2024-01-29,34801,42,1397
월드컵경기장역,2024-03-31,2024-01-01 ~ 2024-02-29,2024-01-30,34842,41,1438
월드컵경기장역,2024-03-31,2024-01-01 ~ 2024-02-29,2024-01-31,34885,43,1481
월드컵경기장역,2024-03-31,2024-01-01 ~ 2024-02-29,2024-02-01,34927,42,1523
월드컵경기장역,2024-03-31,2024-01-01 ~ 2024-02-29,2024-02-02,34970,43,1566
월드컵경기장역,2024-03-31,2024-01-01 ~ 2024-02-29,2024-02-03,35014,44,1610
월드컵경기장역,2024-03-31,2024-01-01 ~ 2024-02-29,2024-02-04,35059,45,1655
월드컵경기장역,2024-03-31,2024-01-01 ~ 2024-02-29,2024-02-05,35102,43,1698
월드컵경기장역,2024-03-31,2024-01-01 ~ 2024-02-29,2024-02-06,35143,41,1739
월드컵경기장역,2024-03-31,2024-01-01 ~ 2024-02-29,2024-02-07,35185,42,1781
월드컵경기장역,2024-03-31,2024-01-01 ~ 2024-02-29,2024-02-08,35227,42,1823
월드컵경기장역,2024-03-31,2024-01-01 ~ 2024-02-29,2024-02-09,35271,44,1867
월드컵경기장역,2024-03-31,2024-01-01 ~ 2024-02-29,2024-02-10,35312,41,1908
월드컵경기장역,2024-03-31,2024-01-01 ~ 2024-02-29,2024-02-11,35351,39,1947
월드컵경기장역,2024-03-31,2024-01-01 ~ 2024-02-29,2024-02-12,35393,42,1989
월드컵경기장역,2024-03-31,2024-01-01 ~ 2024-02-29,2024-02-13,35437,44,2033
월드컵경기장역,2024-03-31,2024-01-01 ~ 2024-02-29,2024-02-14,35480,43,2076
월드컵경기장역,2024-03-31,2024-01-01 ~ 2024-02-29,2024-02-15,35524,44,2120
월드컵경기장역,2024-03-31,2024-01-01 ~ 2024-02-29,2024-02-16,35566,42,2162
월드컵경기장역,2024-03-31,2024-01-01 ~ 2024-02-29,2024-02-17,35610,44,2206
월드컵경기장역,2024-03-31,2024-01-01 ~ 2024-02-29,2024-02-18,35657,47,2253
월드컵경기장역,2024-03-31,2024-01-01 ~ 2024-02-29,2024-02-19,35700,43,2296
월드컵경기장역,2024-03-31,2024-01-01 ~ 2024-02-29,2024-02-20,35741,41,2337
월드컵경기장역,2024-03-31,2024-01-01 ~ 2024-02-29,2024-02-21,35786,45,2382
월드컵경기장역,2024-03-31,2024-01-01 ~ 2024-02-29,2024-02-22,35828,42,2424
월드컵경기장역,2024-03-31,2024-01-01 ~ 2024-02-29,2024-02-23,35872,44,2468
월드컵경기장역,2024-03-31,2024-01-01 ~ 2024-02-29,2024-02-24,35916,44,2512
월드컵경기장역,2024-03-31,2024-01-01 ~ 2024-02-29,2024-02-25,35962,46,2558
월드컵경기장역,2024-03-31,2024-01-01 ~ 2024-02-29,2024-02-26,36007,45,2603
월드컵경기장역,2024-03-31,2024-01-01 ~ 2024-02-29,2024-02-27,36051,44,2647
월드컵경기장역,2024-03-31,2024-01-01 ~ 2024-02-29,2024-02-28,36095,44,2691
월드컵경기장역,2024-03-31,2024-01-01 ~ 2024-02-29,2024-02-29,36139,44,2735
월드컵경기장역,2024-03-31,2024-01-01 ~ 2024-02-29,2024-03-01,36185,46,2781
월드컵경기장역,2024-05-31,2024-03-01 ~ 2024-04-30,2024-03-02,36231,46,46
월드컵경기장역,2024-05-31,2024-03-01 ~ 2024-04-30,2024-03-03,36277,46,92
월드컵경기장역,2024-05-31,2024-03-01 ~ 2024-04-30,2024-03-04,36323,46,138
월드컵경기장역,2024-05-31,2024-03-01 ~ 2024-04-30,2024-03-05,36368,45,183
월드컵경기장역,2024-05-31,2024-03-01 ~ 2024-04-30,2024-03-06,36412,44,227
월드컵경기장역,2024-05-31,2024-03-01 ~ 2024-04-30,2024-03-07,36457,45,272
월드컵경기장역,2024-05-31,2024-03-01 ~ 2024-04-30,2024-03-08,36503,46,318
월드컵경기장역,2024-05-31,2024-03-01 ~ 2024-04-30,2024-03-09,36549,46,364
월드컵경기장역,2024-05-31,2024-03-01 ~ 2024-04-30,2024-03-10,36597,48,412
월드컵경기장역,2024-05-31,2024-03-01 ~ 2024-04-30,2024-03-11,36655,58,470
월드컵경기장역,2024-05-31,2024-03-01 ~ 2024-04-30,2024-03-12,36702,47,517
월드컵경기장역,2024-05-31,2024-03-01 ~ 2024-04-30,2024-03-13,36747,45,562
월드컵경기장역,2024-05-31,2024-03-01 ~ 2024-04-30,2024-03-14,36792,45,607
월드컵경기장역,2024-05-31,2024-03-01 ~ 2024-04-30,2024-03-15,36837,45,652
월드컵경기장역,2024-05-31,2024-03-01 ~ 2024-04-30,2024-03-16,36884,47,699
월드컵경기장역,2024-05-31,2024-03-01 ~ 2024-04-30,2024-03-17,36944,60,759
월드컵경기장역,2024-05-31,2024-03-01 ~ 2024-04-30,2024-03-18,36991,47,806
월드컵경기장역,2024-05-31,2024-03-01 ~ 2024-04-30,2024-03-19,37036,45,851
월드컵경기장역,2024-05-31,2024-03-01 ~ 2024-04-30,2024-03-20,37082,46,897
월드컵경기장역,2024-05-31,2024-03-01 ~ 2024-04-30,2024-03-21,37127,45,942
월드컵경기장역,2024-05-31,2024-03-01 ~ 2024-04-30,2024-03-22,37197,70,1012
월드컵경기장역,2024-05-31,2024-03-01 ~ 2024-04-30,2024-03-23,37245,48,1060
월드컵경기장역,2024-05-31,2024-03-01 ~ 2024-04-30,2024-03-24,37294,49,1109
월드컵경기장역,2024-05-31,2024-03-01 ~ 2024-04-30,2024-03-25,37343,49,1158
월드컵경기장역,2024-05-31,2024-03-01 ~ 2024-04-30,2024-03-26,37389,46,1204
월드컵경기장역,2024-05-31,2024-03-01 ~ 2024-04-30,2024-03-27,37436,47,1251
월드컵경기장역,2024-05-31,2024-03-01 ~ 2024-04-30,2024-03-28,37483,47,1298
월드컵경기장역,2024-05-31,2024-03-01 ~ 2024-04-30,2024-03-29,37529,46,1344
월드컵경기장역,2024-05-31,2024-03-01 ~ 2024-04-30,2024-03-30,37575,46,1390
월드컵경기장역,2024-05-31,2024-03-01 ~ 2024-04-30,2024-03-31,37624,49,1439
월드컵경기장역,2024-05-31,2024-03-01 ~ 2024-04-30,2024-04-01,37674,50,1489
월드컵경기장역,2024-05-31,2024-03-01 ~ 2024-04-30,2024-04-02,37721,47,1536
월드컵경기장역,2024-05-31,2024-03-01 ~ 2024-04-30,2024-04-03,37770,49,1585
월드컵경기장역,2024-05-31,2024-03-01 ~ 2024-04-30,2024-04-04,37823,53,1638
월드컵경기장역,2024-05-31,2024-03-01 ~ 2024-04-30,2024-04-05,37873,50,1688
월드컵경기장역,2024-05-31,2024-03-01 ~ 2024-04-30,2024-04-06,37924,51,1739
월드컵경기장역,2024-05-31,2024-03-01 ~ 2024-04-30,2024-04-07,37979,55,1794
월드컵경기장역,2024-05-31,2024-03-01 ~ 2024-04-30,2024-04-08,38030,51,1845
월드컵경기장역,2024-05-31,2024-03-01 ~ 2024-04-30,2024-04-09,38079,49,1894
월드컵경기장역,2024-05-31,2024-03-01 ~ 2024-04-30,2024-04-10,38128,49,1943
월드컵경기장역,2024-05-31,2024-03-01 ~ 2024-04-30,2024-04-11,38181,53,1996
월드컵경기장역,2024-05-31,2024-03-01 ~ 2024-04-30,2024-04-12,38230,49,2045
월드컵경기장역,2024-05-31,2024-03-01 ~ 2024-04-30,2024-04-13,38280,50,2095
월드컵경기장역,2024-05-31,2024-03-01 ~ 2024-04-30,2024-04-14,38342,62,2157
월드컵경기장역,2024-05-31,2024-03-01 ~ 2024-04-30,2024-04-15,38396,54,2211
월드컵경기장역,2024-05-31,2024-03-01 ~ 2024-04-30,2024-04-16,38442,46,2257
월드컵경기장역,2024-05-31,2024-03-01 ~ 2024-04-30,2024-04-17,38491,49,2306
월드컵경기장역,2024-05-31,2024-03-01 ~ 2024-04-30,2024-04-18,38541,50,2356
월드컵경기장역,2024-05-31,2024-03-01 ~ 2024-04-30,2024-04-19,38592,51,2407
월드컵경기장역,2024-05-31,2024-03-01 ~ 2024-04-30,2024-04-20,38642,50,2457
월드컵경기장역,2024-05-31,2024-03-01 ~ 2024-04-30,2024-04-21,38701,59,2516
월드컵경기장역,2024-05-31,2024-03-01 ~ 2024-04-30,2024-04-22,38750,49,2565
월드컵경기장역,2024-05-31,2024-03-01 ~ 2024-04-30,2024-04-23,38799,49,2614
월드컵경기장역,2024-05-31,2024-03-01 ~ 2024-04-30,2024-04-24,38850,51,2665
월드컵경기장역,2024-05-31,2024-03-01 ~ 2024-04-30,2024-04-25,38899,49,2714
월드컵경기장역,2024-05-31,2024-03-01 ~ 2024-04-30,2024-04-26,38963,64,2778
월드컵경기장역,2024-05-31,2024-03-01 ~ 2024-04-30,2024-04-27,39016,53,2831
월드컵경기장역,2024-05-31,2024-03-01 ~ 2024-04-30,2024-04-28,39094,78,2909
월드컵경기장역,2024-05-31,2024-03-01 ~ 2024-04-30,2024-04-29,39171,77,2986
월드컵경기장역,2024-05-31,2024-03-01 ~ 2024-04-30,2024-04-30,39223,52,3038
월드컵경기장역,2024-05-31,2024-03-01 ~ 2024-04-30,2024-05-01,39275,52,3090
월드컵경기장역,2024-07-31,2024-05-01 ~ 2024-06-30,2024-05-02,39331,56,56
월드컵경기장역,2024-07-31,2024-05-01 ~ 2024-06-30,2024-05-03,39385,54,110
월드컵경기장역,2024-07-31,2024-05-01 ~ 2024-06-30,2024-05-04,39438,53,163
월드컵경기장역,2024-07-31,2024-05-01 ~ 2024-06-30,2024-05-05,39516,78,241
월드컵경기장역,2024-07-31,2024-05-01 ~ 2024-06-30,2024-05-06,39565,49,290
월드컵경기장역,2024-07-31,2024-05-01 ~ 2024-06-30,2024-05-07,39614,49,339
월드컵경기장역,2024-07-31,2024-05-01 ~ 2024-06-30,2024-05-08,39663,49,388
월드컵경기장역,2024-07-31,2024-05-01 ~ 2024-06-30,2024-05-09,39715,52,440
월드컵경기장역,2024-07-31,2024-05-01 ~ 2024-06-30,2024-05-10,39770,55,495
월드컵경기장역,2024-07-31,2024-05-01 ~ 2024-06-30,2024-05-11,39830,60,555
월드컵경기장역,2024-07-31,2024-05-01 ~ 2024-06-30,2024-05-12,39887,57,612
월드컵경기장역,2024-07-31,2024-05-01 ~ 2024-06-30,2024-05-13,39946,59,671
월드컵경기장역,2024-07-31,2024-05-01 ~ 2024-06-30,2024-05-14,40001,55,726
월드컵경기장역,2024-07-31,2024-05-01 ~ 2024-06-30,2024-05-15,40055,54,780
월드컵경기장역,2024-07-31,2024-05-01 ~ 2024-06-30,2024-05-16,40107,52,832
월드컵경기장역,2024-07-31,2024-05-01 ~ 2024-06-30,2024-05-17,40161,54,886
월드컵경기장역,2024-07-31,2024-05-01 ~ 2024-06-30,2024-05-18,40216,55,941
월드컵경기장역,2024-07-31,2024-05-01 ~ 2024-06-30,2024-05-19,40281,65,1006
월드컵경기장역,2024-07-31,2024-05-01 ~ 2024-06-30,2024-05-20,40346,65,1071
월드컵경기장역,2024-07-31,2024-05-01 ~ 2024-06-30,2024-05-21,40400,54,1125
월드컵경기장역,2024-07-31,2024-05-01 ~ 2024-06-30,2024-05-22,40464,64,1189
월드컵경기장역,2024-07-31,2024-05-01 ~ 2024-06-30,2024-05-23,40520,56,1245
월드컵경기장역,2024-07-31,2024-05-01 ~ 2024-06-30,2024-05-24,40575,55,1300
월드컵경기장역,2024-07-31,2024-05-01 ~ 2024-06-30,2024-05-25,40644,69,1369
월드컵경기장역,2024-07-31,2024-05-01 ~ 2024-06-30,2024-05-26,40749,105,1474
월드컵경기장역,2024-07-31,2024-05-01 ~ 2024-06-30,2024-05-27,40844,95,1569
월드컵경기장역,2024-07-31,2024-05-01 ~ 2024-06-30,2024-05-28,40900,56,1625
월드컵경기장역,2024-07-31,2024-05-01 ~ 2024-06-30,2024-05-29,40957,57,1682
월드컵경기장역,2024-07-31,2024-05-01 ~ 2024-06-30,2024-05-30,41011,54,1736
월드컵경기장역,2024-07-31,2024-05-01 ~ 2024-06-30,2024-05-31,41066,55,1791
월드컵경기장역,2024-07-31,2024-05-01 ~ 2024-06-30,2024-06-01,41123,57,1848
월드컵경기장역,2024-07-31,2024-05-01 ~ 2024-06-30,2024-06-02,41189,66,1914
월드컵경기장역,2024-07-31,2024-05-01 ~ 2024-06-30,2024-06-03,41263,74,1988
월드컵경기장역,2024-07-31,2024-05-01 ~ 2024-06-30,2024-06-04,41316,53,2041
월드컵경기장역,2024-07-31,2024-05-01 ~ 2024-06-30,2024-06-05,41370,54,2095
월드컵경기장역,2024-07-31,2024-05-01 ~ 2024-06-30,2024-06-06,41426,56,2151
월드컵경기장역,2024-07-31,2024-05-01 ~ 2024-06-30,2024-06-07,41482,56,2207
월드컵경기장역,2024-07-31,2024-05-01 ~ 2024-06-30,2024-06-08,41536,54,2261
월드컵경기장역,2024-07-31,2024-05-01 ~ 2024-06-30,2024-06-09,41591,55,2316
월드컵경기장역,2024-07-31,2024-05-01 ~ 2024-06-30,2024-06-10,41645,54,2370
월드컵경기장역,2024-07-31,2024-05-01 ~ 2024-06-30,2024-06-11,41699,54,2424
월드컵경기장역,2024-07-31,2024-05-01 ~ 2024-06-30,2024-06-12,41780,81,2505
월드컵경기장역,2024-07-31,2024-05-01 ~ 2024-06-30,2024-06-13,41841,61,2566
월드컵경기장역,2024-07-31,2024-05-01 ~ 2024-06-30,2024-06-14,41893,52,2618
월드컵경기장역,2024-07-31,2024-05-01 ~ 2024-06-30,2024-06-15,41946,53,2671
월드컵경기장역,2024-07-31,2024-05-01 ~ 2024-06-30,2024-06-16,42009,63,2734
월드컵경기장역,2024-07-31,2024-05-01 ~ 2024-06-30,2024-06-17,42066,57,2791
월드컵경기장역,2024-07-31,2024-05-01 ~ 2024-06-30,2024-06-18,42120,54,2845
월드컵경기장역,2024-07-31,2024-05-01 ~ 2024-06-30,2024-06-19,42176,56,2901
월드컵경기장역,2024-07-31,2024-05-01 ~ 2024-06-30,2024-06-20,42234,58,2959
월드컵경기장역,2024-07-31,2024-05-01 ~ 2024-06-30,2024-06-21,42288,54,3013
월드컵경기장역,2024-07-31,2024-05-01 ~ 2024-06-30,2024-06-22,42344,56,3069
월드컵경기장역,2024-07-31,2024-05-01 ~ 2024-06-30,2024-06-23,42413,69,3138
월드컵경기장역,2024-07-31,2024-05-01 ~ 2024-06-30,2024-06-24,42467,54,3192
월드컵경기장역,2024-07-31,2024-05-01 ~ 2024-06-30,2024-06-25,42521,54,3246
월드컵경기장역,2024-07-31,2024-05-01 ~ 2024-06-30,2024-06-26,42572,51,3297
월드컵경기장역,2024-07-31,2024-05-01 ~ 2024-06-30,2024-06-27,42630,58,3355
월드컵경기장역,2024-07-31,2024-05-01 ~ 2024-06-30,2024-06-28,42685,55,3410
월드컵경기장역,2024-07-31,2024-05-01 ~ 2024-06-30,2024-06-29,42739,54,3464
월드컵경기장역,2024-07-31,2024-05-01 ~ 2024-06-30,2024-06-30,42792,53,3517
월드컵경기장역,2024-07-31,2024-05-01 ~ 2024-06-30,2024-07-01,42843,51,3568
월드컵경기장역,2024-09-30,2024-07-01 ~ 2024-08-31,2024-07-02,42895,52,52
월드컵경기장역,2024-09-30,2024-07-01 ~ 2024-08-31,2024-07-03,42945,50,102
월드컵경기장역,2024-09-30,2024-07-01 ~ 2024-08-31,2024-07-04,42999,54,156
월드컵경기장역,2024-09-30,2024-07-01 ~ 2024-08-31,2024-07-05,43053,54,210
월드컵경기장역,2024-09-30,2024-07-01 ~ 2024-08-31,2024-07-06,43104,51,261
월드컵경기장역,2024-09-30,2024-07-01 ~ 2024-08-31,2024-07-07,43156,52,313
월드컵경기장역,2024-09-30,2024-07-01 ~ 2024-08-31,2024-07-08,43206,50,363
월드컵경기장역,2024-09-30,2024-07-01 ~ 2024-08-31,2024-07-09,43256,50,413
월드컵경기장역,2024-09-30,2024-07-01 ~ 2024-08-31,2024-07-10,43308,52,465
월드컵경기장역,2024-09-30,2024-07-01 ~ 2024-08-31,2024-07-11,43368,60,525
월드컵경기장역,2024-09-30,2024-07-01 ~ 2024-08-31,2024-07-12,43422,54,579
월드컵경기장역,2024-09-30,2024-07-01 ~ 2024-08-31,2024-07-13,43475,53,632
월드컵경기장역,2024-09-30,2024-07-01 ~ 2024-08-31,2024-07-14,43534,59,691
월드컵경기장역,2024-09-30,2024-07-01 ~ 2024-08-31,2024-07-15,43588,54,745
월드컵경기장역,2024-09-30,2024-07-01 ~ 2024-08-31,2024-07-16,43642,54,799
월드컵경기장역,2024-09-30,2024-07-01 ~ 2024-08-31,2024-07-17,43698,56,855
월드컵경기장역,2024-09-30,2024-07-01 ~ 2024-08-31,2024-07-18,43756,58,913
월드컵경기장역,2024-09-30,2024-07-01 ~ 2024-08-31,2024-07-19,43810,54,967
월드컵경기장역,2024-09-30,2024-07-01 ~ 2024-08-31,2024-07-20,43870,60,1027
월드컵경기장역,2024-09-30,2024-07-01 ~ 2024-08-31,2024-07-21,43925,55,1082
월드컵경기장역,2024-09-30,2024-07-01 ~ 2024-08-31,2024-07-22,43983,58,1140
월드컵경기장역,2024-09-30,2024-07-01 ~ 2024-08-31,2024-07-23,44036,53,1193
월드컵경기장역,2024-09-30,2024-07-01 ~ 2024-08-31,2024-07-24,44088,52,1245
월드컵경기장역,2024-09-30,2024-07-01 ~ 2024-08-31,2024-07-25,44143,55,1300
월드컵경기장역,2024-09-30,2024-07-01 ~ 2024-08-31,2024-07-26,44199,56,1356
월드컵경기장역,2024-09-30,2024-07-01 ~ 2024-08-31,2024-07-27,44254,55,1411
월드컵경기장역,2024-09-30,2024-07-01 ~ 2024-08-31,2024-07-28,44308,54,1465
월드컵경기장역,2024-09-30,2024-07-01 ~ 2024-08-31,2024-07-29,44363,55,1520
월드컵경기장역,2024-09-30,2024-07-01 ~ 2024-08-31,2024-07-30,44417,54,1574
월드컵경기장역,2024-09-30,2024-07-01 ~ 2024-08-31,2024-07-31,44483,66,1640
월드컵경기장역,2024-09-30,2024-07-01 ~ 2024-08-31,2024-08-01,44563,80,1720
월드컵경기장역,2024-09-30,2024-07-01 ~ 2024-08-31,2024-08-02,44620,57,1777
월드컵경기장역,2024-09-30,2024-07-01 ~ 2024-08-31,2024-08-03,44682,62,1839
월드컵경기장역,2024-09-30,2024-07-01 ~ 2024-08-31,2024-08-04,44763,81,1920
월드컵경기장역,2024-09-30,2024-07-01 ~ 2024-08-31,2024-08-05,44819,56,1976
월드컵경기장역,2024-09-30,2024-07-01 ~ 2024-08-31,2024-08-06,44874,55,2031
월드컵경기장역,2024-09-30,2024-07-01 ~ 2024-08-31,2024-08-07,44929,55,2086
월드컵경기장역,2024-09-30,2024-07-01 ~ 2024-08-31,2024-08-08,44986,57,2143
월드컵경기장역,2024-09-30,2024-07-01 ~ 2024-08-31,2024-08-09,45042,56,2199
월드컵경기장역,2024-09-30,2024-07-01 ~ 2024-08-31,2024-08-10,45098,56,2255
월드컵경기장역,2024-09-30,2024-07-01 ~ 2024-08-31,2024-08-11,45155,57,2312
월드컵경기장역,2024-09-30,2024-07-01 ~ 2024-08-31,2024-08-12,45212,57,2369
월드컵경기장역,2024-09-30,2024-07-01 ~ 2024-08-31,2024-08-13,45267,55,2424
월드컵경기장역,2024-09-30,2024-07-01 ~ 2024-08-31,2024-08-14,45324,57,2481
월드컵경기장역,2024-09-30,2024-07-01 ~ 2024-08-31,2024-08-15,45380,56,2537
월드컵경기장역,2024-09-30,2024-07-01 ~ 2024-08-31,2024-08-16,45440,60,2597
월드컵경기장역,2024-09-30,2024-07-01 ~ 2024-08-31,2024-08-17,45517,77,2674
월드컵경기장역,2024-09-30,2024-07-01 ~ 2024-08-31,2024-08-18,45575,58,2732
월드컵경기장역,2024-09-30,2024-07-01 ~ 2024-08-31,2024-08-19,45633,58,2790
월드컵경기장역,2024-09-30,2024-07-01 ~ 2024-08-31,2024-08-20,45700,67,2857
월드컵경기장역,2024-09-30,2024-07-01 ~ 2024-08-31,2024-08-21,45758,58,2915
월드컵경기장역,2024-09-30,2024-07-01 ~ 2024-08-31,2024-08-22,45814,56,2971
월드컵경기장역,2024-09-30,2024-07-01 ~ 2024-08-31,2024-08-23,45873,59,3030
월드컵경기장역,2024-09-30,2024-07-01 ~ 2024-08-31,2024-08-24,45934,61,3091
월드컵경기장역,2024-09-30,2024-07-01 ~ 2024-08-31,2024-08-25,46006,72,3163
월드컵경기장역,2024-09-30,2024-07-01 ~ 2024-08-31,2024-08-26,46064,58,3221
월드컵경기장역,2024-09-30,2024-07-01 ~ 2024-08-31,2024-08-27,46123,59,3280
월드컵경기장역,2024-09-30,2024-07-01 ~ 2024-08-31,2024-08-28,46184,61,3341
월드컵경기장역,2024-09-30,2024-07-01 ~ 2024-08-31,2024-08-29,46243,59,3400
월드컵경기장역,2024-09-30,2024-07-01 ~ 2024-08-31,2024-08-30,46304,61,3461
월드컵경기장역,2024-09-30,2024-07-01 ~ 2024-08-31,2024-08-31,46365,61,3522
월드컵경기장역,2024-09-30,2024-07-01 ~ 2024-08-31,2024-09-01,46429,64,3586
월드컵경기장역,2024-11-30,2024-09-01 ~ 2024-10-31,2024-09-02,46495,66,66
월드컵경기장역,2024-11-30,2024-09-01 ~ 2024-10-31,2024-09-03,46559,64,130
월드컵경기장역,2024-11-30,2024-09-01 ~ 2024-10-31,2024-09-04,46625,66,196
월드컵경기장역,2024-11-30,2024-09-01 ~ 2024-10-31,2024-09-05,46690,65,261
월드컵경기장역,2024-11-30,2024-09-01 ~ 2024-10-31,2024-09-06,46772,82,343
월드컵경기장역,2024-11-30,2024-09-01 ~ 2024-10-31,2024-09-07,46835,63,406
월드컵경기장역,2024-11-30,2024-09-01 ~ 2024-10-31,2024-09-08,46910,75,481
월드컵경기장역,2024-11-30,2024-09-01 ~ 2024-10-31,2024-09-09,46978,68,549
월드컵경기장역,2024-11-30,2024-09-01 ~ 2024-10-31,2024-09-10,47041,63,612
월드컵경기장역,2024-11-30,2024-09-01 ~ 2024-10-31,2024-09-11,47105,64,676
월드컵경기장역,2024-11-30,2024-09-01 ~ 2024-10-31,2024-09-12,47169,64,740
월드컵경기장역,2024-11-30,2024-09-01 ~ 2024-10-31,2024-09-13,47232,63,803
월드컵경기장역,2024-11-30,2024-09-01 ~ 2024-10-31,2024-09-14,47295,63,866
월드컵경기장역,2024-11-30,2024-09-01 ~ 2024-10-31,2024-09-15,47369,74,940
월드컵경기장역,2024-11-30,2024-09-01 ~ 2024-10-31,2024-09-16,47432,63,1003
월드컵경기장역,2024-11-30,2024-09-01 ~ 2024-10-31,2024-09-17,47492,60,1063
월드컵경기장역,2024-11-30,2024-09-01 ~ 2024-10-31,2024-09-18,47553,61,1124
월드컵경기장역,2024-11-30,2024-09-01 ~ 2024-10-31,2024-09-19,47616,63,1187
월드컵경기장역,2024-11-30,2024-09-01 ~ 2024-10-31,2024-09-20,47679,63,1250
월드컵경기장역,2024-11-30,2024-09-01 ~ 2024-10-31,2024-09-21,47742,63,1313
월드컵경기장역,2024-11-30,2024-09-01 ~ 2024-10-31,2024-09-22,47844,102,1415
월드컵경기장역,2024-11-30,2024-09-01 ~ 2024-10-31,2024-09-23,47946,102,1517
월드컵경기장역,2024-11-30,2024-09-01 ~ 2024-10-31,2024-09-24,48012,66,1583
월드컵경기장역,2024-11-30,2024-09-01 ~ 2024-10-31,2024-09-25,48079,67,1650
월드컵경기장역,2024-11-30,2024-09-01 ~ 2024-10-31,2024-09-26,48145,66,1716
월드컵경기장역,2024-11-30,2024-09-01 ~ 2024-10-31,2024-09-27,48212,67,1783
월드컵경기장역,2024-11-30,2024-09-01 ~ 2024-10-31,2024-09-28,48279,67,1850
월드컵경기장역,2024-11-30,2024-09-01 ~ 2024-10-31,2024-09-29,48361,82,1932
월드컵경기장역,2024-11-30,2024-09-01 ~ 2024-10-31,2024-09-30,48449,88,2020
월드컵경기장역,2024-11-30,2024-09-01 ~ 2024-10-31,2024-10-01,48516,67,2087
월드컵경기장역,2024-11-30,2024-09-01 ~ 2024-10-31,2024-10-02,48586,70,2157
월드컵경기장역,2024-11-30,2024-09-01 ~ 2024-10-31,2024-10-03,48652,66,2223
월드컵경기장역,2024-11-30,2024-09-01 ~ 2024-10-31,2024-10-04,48730,78,2301
월드컵경기장역,2024-11-30,2024-09-01 ~ 2024-10-31,2024-10-05,48798,68,2369
월드컵경기장역,2024-11-30,2024-09-01 ~ 2024-10-31,2024-10-06,48885,87,2456
월드컵경기장역,2024-11-30,2024-09-01 ~ 2024-10-31,2024-10-07,48961,76,2532
월드컵경기장역,2024-11-30,2024-09-01 ~ 2024-10-31,2024-10-08,49027,66,2598
월드컵경기장역,2024-11-30,2024-09-01 ~ 2024-10-31,2024-10-09,49096,69,2667
월드컵경기장역,2024-11-30,2024-09-01 ~ 2024-10-31,2024-10-10,49178,82,2749
월드컵경기장역,2024-11-30,2024-09-01 ~ 2024-10-31,2024-10-11,49245,67,2816
월드컵경기장역,2024-11-30,2024-09-01 ~ 2024-10-31,2024-10-12,49314,69,2885
월드컵경기장역,2024-11-30,2024-09-01 ~ 2024-10-31,2024-10-13,49400,86,2971
월드컵경기장역,2024-11-30,2024-09-01 ~ 2024-10-31,2024-10-14,49482,82,3053
월드컵경기장역,2024-11-30,2024-09-01 ~ 2024-10-31,2024-10-15,49551,69,3122
월드컵경기장역,2024-11-30,2024-09-01 ~ 2024-10-31,2024-10-16,49621,70,3192
월드컵경기장역,2024-11-30,2024-09-01 ~ 2024-10-31,2024-10-17,49692,71,3263
월드컵경기장역,2024-11-30,2024-09-01 ~ 2024-10-31,2024-10-18,49766,74,3337
월드컵경기장역,2024-11-30,2024-09-01 ~ 2024-10-31,2024-10-19,49836,70,3407
월드컵경기장역,2024-11-30,2024-09-01 ~ 2024-10-31,2024-10-20,49945,109,3516
월드컵경기장역,2024-11-30,2024-09-01 ~ 2024-10-31,2024-10-21,50066,121,3637
월드컵경기장역,2024-11-30,2024-09-01 ~ 2024-10-31,2024-10-22,50144,78,3715
월드컵경기장역,2024-11-30,2024-09-01 ~ 2024-10-31,2024-10-23,50209,65,3780
월드컵경기장역,2024-11-30,2024-09-01 ~ 2024-10-31,2024-10-24,50285,76,3856
월드컵경기장역,2024-11-30,2024-09-01 ~ 2024-10-31,2024-10-25,50365,80,3936
월드컵경기장역,2024-11-30,2024-09-01 ~ 2024-10-31,2024-10-26,50448,83,4019
월드컵경기장역,2024-11-30,2024-09-01 ~ 2024-10-31,2024-10-27,50544,96,4115
월드컵경기장역,2024-11-30,2024-09-01 ~ 2024-10-31,2024-10-28,50638,94,4209
월드컵경기장역,2024-11-30,2024-09-01 ~ 2024-10-31,2024-10-29,50711,73,4282
월드컵경기장역,2024-11-30,2024-09-01 ~ 2024-10-31,2024-10-30,50787,76,4358
월드컵경기장역,2024-11-30,2024-09-01 ~ 2024-10-31,2024-10-31,50866,79,4437
월드컵경기장역,2024-11-30,2024-09-01 ~ 2024-10-31,2024-11-01,50945,79,4516
월드컵경기장역,2025-01-31,2024-11-01 ~ 2024-12-31,2024-11-02,51017,72,72
월드컵경기장역,2025-01-31,2024-11-01 ~ 2024-12-31,2024-11-03,51115,98,170
월드컵경기장역,2025-01-31,2024-11-01 ~ 2024-12-31,2024-11-04,51218,103,273
월드컵경기장역,2025-01-31,2024-11-01 ~ 2024-12-31,2024-11-05,51290,72,345
월드컵경기장역,2025-01-31,2024-11-01 ~ 2024-12-31,2024-11-06,51361,71,416
월드컵경기장역,2025-01-31,2024-11-01 ~ 2024-12-31,2024-11-07,51434,73,489
월드컵경기장역,2025-01-31,2024-11-01 ~ 2024-12-31,2024-11-08,51504,70,559
월드컵경기장역,2025-01-31,2024-11-01 ~ 2024-12-31,2024-11-09,51576,72,631
월드컵경기장역,2025-01-31,2024-11-01 ~ 2024-12-31,2024-11-10,51660,84,715
월드컵경기장역,2025-01-31,2024-11-01 ~ 2024-12-31,2024-11-11,51752,92,807
월드컵경기장역,2025-01-31,2024-11-01 ~ 2024-12-31,2024-11-12,51825,73,880
월드컵경기장역,2025-01-31,2024-11-01 ~ 2024-12-31,2024-11-13,51899,74,954
월드컵경기장역,2025-01-31,2024-11-01 ~ 2024-12-31,2024-11-14,51970,71,1025
월드컵경기장역,2025-01-31,2024-11-01 ~ 2024-12-31,2024-11-15,52039,69,1094
월드컵경기장역,2025-01-31,2024-11-01 ~ 2024-12-31,2024-11-16,52109,70,1164
월드컵경기장역,2025-01-31,2024-11-01 ~ 2024-12-31,2024-11-17,52184,75,1239
월드컵경기장역,2025-01-31,2024-11-01 ~ 2024-12-31,2024-11-18,52266,82,1321
월드컵경기장역,2025-01-31,2024-11-01 ~ 2024-12-31,2024-11-19,52335,69,1390
월드컵경기장역,2025-01-31,2024-11-01 ~ 2024-12-31,2024-11-20,52404,69,1459
월드컵경기장역,2025-01-31,2024-11-01 ~ 2024-12-31,2024-11-21,52472,68,1527
월드컵경기장역,2025-01-31,2024-11-01 ~ 2024-12-31,2024-11-22,52542,70,1597
월드컵경기장역,2025-01-31,2024-11-01 ~ 2024-12-31,2024-11-23,52611,69,1666
월드컵경기장역,2025-01-31,2024-11-01 ~ 2024-12-31,2024-11-24,52688,77,1743
월드컵경기장역,2025-01-31,2024-11-01 ~ 2024-12-31,2024-11-25,52760,72,1815
월드컵경기장역,2025-01-31,2024-11-01 ~ 2024-12-31,2024-11-26,52828,68,1883
월드컵경기장역,2025-01-31,2024-11-01 ~ 2024-12-31,2024-11-27,52894,66,1949
월드컵경기장역,2025-01-31,2024-11-01 ~ 2024-12-31,2024-11-28,52960,66,2015
월드컵경기장역,2025-01-31,2024-11-01 ~ 2024-12-31,2024-11-29,53027,67,2082
월드컵경기장역,2025-01-31,2024-11-01 ~ 2024-12-31,2024-11-30,53094,67,2149
월드컵경기장역,2025-01-31,2024-11-01 ~ 2024-12-31,2024-12-01,53172,78,2227
월드컵경기장역,2025-01-31,2024-11-01 ~ 2024-12-31,2024-12-02,53242,70,2297
월드컵경기장역,2025-01-31,2024-11-01 ~ 2024-12-31,2024-12-03,53311,69,2366
월드컵경기장역,2025-01-31,2024-11-01 ~ 2024-12-31,2024-12-04,53380,69,2435
월드컵경기장역,2025-01-31,2024-11-01 ~ 2024-12-31,2024-12-05,53447,67,2502
월드컵경기장역,2025-01-31,2024-11-01 ~ 2024-12-31,2024-12-06,53515,68,2570
월드컵경기장역,2025-01-31,2024-11-01 ~ 2024-12-31,2024-12-07,53583,68,2638
월드컵경기장역,2025-01-31,2024-11-01 ~ 2024-12-31,2024-12-08,53651,68,2706
월드컵경기장역,2025-01-31,2024-11-01 ~ 2024-12-31,2024-12-09,53719,68,2774
월드컵경기장역,2025-01-31,2024-11-01 ~ 2024-12-31,2024-12-10,53788,69,2843
월드컵경기장역,2025-01-31,2024-11-01 ~ 2024-12-31,2024-12-11,53856,68,2911
월드컵경기장역,2025-01-31,2024-11-01 ~ 2024-12-31,2024-12-12,53924,68,2979
월드컵경기장역,2025-01-31,2024-11-01 ~ 2024-12-31,2024-12-13,53993,69,3048
월드컵경기장역,2025-01-31,2024-11-01 ~ 2024-12-31,2024-12-14,54061,68,3116
월드컵경기장역,2025-01-31,2024-11-01 ~ 2024-12-31,2024-12-15,54131,70,3186
월드컵경기장역,2025-01-31,2024-11-01 ~ 2024-12-31,2024-12-16,54199,68,3254
월드컵경기장역,2025-01-31,2024-11-01 ~ 2024-12-31,2024-12-17,54266,67,3321
월드컵경기장역,2025-01-31,2024-11-01 ~ 2024-12-31,2024-12-18,54333,67,3388
월드컵경기장역,2025-01-31,2024-11-01 ~ 2024-12-31,2024-12-19,54400,67,3455
월드컵경기장역,2025-01-31,2024-11-01 ~ 2024-12-31,2024-12-20,54467,67,3522
월드컵경기장역,2025-01-31,2024-11-01 ~ 2024-12-31,2024-12-21,54534,67,3589
월드컵경기장역,2025-01-31,2024-11-01 ~ 2024-12-31,2024-12-22,54600,66,3655
월드컵경기장역,2025-01-31,2024-11-01 ~ 2024-12-31,2024-12-23,54664,64,3719
월드컵경기장역,2025-01-31,2024-11-01 ~ 2024-12-31,2024-12-24,54731,67,3786
월드컵경기장역,2025-01-31,2024-11-01 ~ 2024-12-31,2024-12-25,54797,66,3852
월드컵경기장역,2025-01-31,2024-11-01 ~ 2024-12-31,2024-12-26,54863,66,3918
월드컵경기장역,2025-01-31,2024-11-01 ~ 2024-12-31,2024-12-27,54929,66,3984
월드컵경기장역,2025-01-31,2024-11-01 ~ 2024-12-31,2024-12-28,54995,66,4050
월드컵경기장역,2025-01-31,2024-11-01 ~ 2024-12-31,2024-12-29,55062,67,4117
월드컵경기장역,2025-01-31,2024-11-01 ~ 2024-12-31,2024-12-30,55126,64,4181
월드컵경기장역,2025-01-31,2024-11-01 ~ 2024-12-31,2024-12-31,55194,68,4249
월드컵경기장역,2025-01-31,2024-11-01 ~ 2024-12-31,2025-01-01,55261,67,4316
월드컵경기장역,2025-03-31,2025-01-01 ~ 2025-02-28,2025-01-02,55330,69,69
월드컵경기장역,2025-03-31,2025-01-01 ~ 2025-02-28,2025-01-03,55396,66,135
월드컵경기장역,2025-03-31,2025-01-01 ~ 2025-02-28,2025-01-04,55464,68,203
월드컵경기장역,2025-03-31,2025-01-01 ~ 2025-02-28,2025-01-05,55531,67,270
월드컵경기장역,2025-03-31,2025-01-01 ~ 2025-02-28,2025-01-06,55596,65,335
월드컵경기장역,2025-03-31,2025-01-01 ~ 2025-02-28,2025-01-07,55662,66,401
월드컵경기장역,2025-03-31,2025-01-01 ~ 2025-02-28,2025-01-08,55727,65,466
월드컵경기장역,2025-03-31,2025-01-01 ~ 2025-02-28,2025-01-09,55795,68,534
월드컵경기장역,2025-03-31,2025-01-01 ~ 2025-02-28,2025-01-10,55865,70,604
월드컵경기장역,2025-03-31,2025-01-01 ~ 2025-02-28,2025-01-11,55937,72,676
월드컵경기장역,2025-03-31,2025-01-01 ~ 2025-02-28,2025-01-12,56010,73,749
월드컵경기장역,2025-03-31,2025-01-01 ~ 2025-02-28,2025-01-13,56080,70,819
월드컵경기장역,2025-03-31,2025-01-01 ~ 2025-02-28,2025-01-14,56150,70,889
월드컵경기장역,2025-03-31,2025-01-01 ~ 2025-02-28,2025-01-15,56218,68,957
월드컵경기장역,2025-03-31,2025-01-01 ~ 2025-02-28,2025-01-16,56283,65,1022
월드컵경기장역,2025-03-31,2025-01-01 ~ 2025-02-28,2025-01-17,56348,65,1087
월드컵경기장역,2025-03-31,2025-01-01 ~ 2025-02-28,2025-01-18,56414,66,1153
월드컵경기장역,2025-03-31,2025-01-01 ~ 2025-02-28,2025-01-19,56482,68,1221
월드컵경기장역,2025-03-31,2025-01-01 ~ 2025-02-28,2025-01-20,56548,66,1287
월드컵경기장역,2025-03-31,2025-01-01 ~ 2025-02-28,2025-01-21,56614,66,1353
월드컵경기장역,2025-03-31,2025-01-01 ~ 2025-02-28,2025-01-22,56681,67,1420
월드컵경기장역,2025-03-31,2025-01-01 ~ 2025-02-28,2025-01-23,56747,66,1486
월드컵경기장역,2025-03-31,2025-01-01 ~ 2025-02-28,2025-01-24,56813,66,1552
월드컵경기장역,2025-03-31,2025-01-01 ~ 2025-02-28,2025-01-25,56880,67,1619
월드컵경기장역,2025-03-31,2025-01-01 ~ 2025-02-28,2025-01-26,56948,68,1687
월드컵경기장역,2025-03-31,2025-01-01 ~ 2025-02-28,2025-01-27,57013,65,1752
월드컵경기장역,2025-03-31,2025-01-01 ~ 2025-02-28,2025-01-28,57078,65,1817
월드컵경기장역,2025-03-31,2025-01-01 ~ 2025-02-28,2025-01-29,57142,64,1881
월드컵경기장역,2025-03-31,2025-01-01 ~ 2025-02-28,2025-01-30,57205,63,1944
월드컵경기장역,2025-03-31,2025-01-01 ~ 2025-02-28,2025-01-31,57269,64,2008
월드컵경기장역,2025-03-31,2025-01-01 ~ 2025-02-28,2025-02-01,57335,66,2074
월드컵경기장역,2025-03-31,2025-01-01 ~ 2025-02-28,2025-02-02,57404,69,2143
월드컵경기장역,2025-03-31,2025-01-01 ~ 2025-02-28,2025-02-03,57472,68,2211
월드컵경기장역,2025-03-31,2025-01-01 ~ 2025-02-28,2025-02-04,57538,66,2277
월드컵경기장역,2025-03-31,2025-01-01 ~ 2025-02-28,2025-02-05,57605,67,2344
월드컵경기장역,2025-03-31,2025-01-01 ~ 2025-02-28,2025-02-06,57670,65,2409
월드컵경기장역,2025-03-31,2025-01-01 ~ 2025-02-28,2025-02-07,57735,65,2474
월드컵경기장역,2025-03-31,2025-01-01 ~ 2025-02-28,2025-02-08,57799,64,2538
월드컵경기장역,2025-03-31,2025-01-01 ~ 2025-02-28,2025-02-09,57865,66,2604
월드컵경기장역,2025-03-31,2025-01-01 ~ 2025-02-28,2025-02-10,57931,66,2670
월드컵경기장역,2025-03-31,2025-01-01 ~ 2025-02-28,2025-02-11,57997,66,2736
월드컵경기장역,2025-03-31,2025-01-01 ~ 2025-02-28,2025-02-12,58064,67,2803
월드컵경기장역,2025-03-31,2025-01-01 ~ 2025-02-28,2025-02-13,58130,66,2869
월드컵경기장역,2025-03-31,2025-01-01 ~ 2025-02-28,2025-02-14,58198,68,2937
월드컵경기장역,2025-03-31,2025-01-01 ~ 2025-02-28,2025-02-15,58265,67,3004
월드컵경기장역,2025-03-31,2025-01-01 ~ 2025-02-28,2025-02-16,58334,69,3073
월드컵경기장역,2025-03-31,2025-01-01 ~ 2025-02-28,2025-02-17,58401,67,3140
월드컵경기장역,2025-03-31,2025-01-01 ~ 2025-02-28,2025-02-18,58466,65,3205
월드컵경기장역,2025-03-31,2025-01-01 ~ 2025-02-28,2025-02-19,58532,66,3271
월드컵경기장역,2025-03-31,2025-01-01 ~ 2025-02-28,2025-02-20,58599,67,3338
월드컵경기장역,2025-03-31,2025-01-01 ~ 2025-02-28,2025-02-21,58665,66,3404
월드컵경기장역,2025-03-31,2025-01-01 ~ 2025-02-28,2025-02-22,58731,66,3470
월드컵경기장역,2025-03-31,2025-01-01 ~ 2025-02-28,2025-02-23,58811,80,3550
월드컵경기장역,2025-03-31,2025-01-01 ~ 2025-02-28,2025-02-24,58877,66,3616
월드컵경기장역,2025-03-31,2025-01-01 ~ 2025-02-28,2025-02-25,58945,68,3684
월드컵경기장역,2025-03-31,2025-01-01 ~ 2025-02-28,2025-02-26,59013,68,3752
월드컵경기장역,2025-03-31,2025-01-01 ~ 2025-02-28,2025-02-27,59082,69,3821
월드컵경기장역,2025-03-31,2025-01-01 ~ 2025-02-28,2025-02-28,59151,69,3890
월드컵경기장역,2025-03-31,2025-01-01 ~ 2025-02-28,2025-03-01,59221,70,3960
월드컵경기장역,2025-05-31,2025-03-01 ~ 2025-04-30,2025-03-02,59292,71,71
월드컵경기장역,2025-05-31,2025-03-01 ~ 2025-04-30,2025-03-03,59361,69,140
월드컵경기장역,2025-05-31,2025-03-01 ~ 2025-04-30,2025-03-04,59436,75,215
월드컵경기장역,2025-05-31,2025-03-01 ~ 2025-04-30,2025-03-05,59502,66,281
월드컵경기장역,2025-05-31,2025-03-01 ~ 2025-04-30,2025-03-06,59570,68,349
월드컵경기장역,2025-05-31,2025-03-01 ~ 2025-04-30,2025-03-07,59639,69,418
월드컵경기장역,2025-05-31,2025-03-01 ~ 2025-04-30,2025-03-08,59708,69,487
월드컵경기장역,2025-05-31,2025-03-01 ~ 2025-04-30,2025-03-09,59779,71,558
월드컵경기장역,2025-05-31,2025-03-01 ~ 2025-04-30,2025-03-10,59849,70,628
월드컵경기장역,2025-05-31,2025-03-01 ~ 2025-04-30,2025-03-11,59919,70,698
월드컵경기장역,2025-05-31,2025-03-01 ~ 2025-04-30,2025-03-12,59990,71,769
월드컵경기장역,2025-05-31,2025-03-01 ~ 2025-04-30,2025-03-13,60060,70,839
월드컵경기장역,2025-05-31,2025-03-01 ~ 2025-04-30,2025-03-14,60129,69,908
월드컵경기장역,2025-05-31,2025-03-01 ~ 2025-04-30,2025-03-15,60199,70,978
월드컵경기장역,2025-05-31,2025-03-01 ~ 2025-04-30,2025-03-16,60272,73,1051
월드컵경기장역,2025-05-31,2025-03-01 ~ 2025-04-30,2025-03-17,60339,67,1118
월드컵경기장역,2025-05-31,2025-03-01 ~ 2025-04-30,2025-03-18,60419,80,1198
월드컵경기장역,2025-05-31,2025-03-01 ~ 2025-04-30,2025-03-19,60489,70,1268
월드컵경기장역,2025-05-31,2025-03-01 ~ 2025-04-30,2025-03-20,60559,70,1338
월드컵경기장역,2025-05-31,2025-03-01 ~ 2025-04-30,2025-03-21,60628,69,1407
월드컵경기장역,2025-05-31,2025-03-01 ~ 2025-04-30,2025-03-22,60699,71,1478
월드컵경기장역,2025-05-31,2025-03-01 ~ 2025-04-30,2025-03-23,60772,73,1551
월드컵경기장역,2025-05-31,2025-03-01 ~ 2025-04-30,2025-03-24,60844,72,1623
월드컵경기장역,2025-05-31,2025-03-01 ~ 2025-04-30,2025-03-25,60916,72,1695
월드컵경기장역,2025-05-31,2025-03-01 ~ 2025-04-30,2025-03-26,60988,72,1767
월드컵경기장역,2025-05-31,2025-03-01 ~ 2025-04-30,2025-03-27,61060,72,1839
월드컵경기장역,2025-05-31,2025-03-01 ~ 2025-04-30,2025-03-28,61133,73,1912
월드컵경기장역,2025-05-31,2025-03-01 ~ 2025-04-30,2025-03-29,61204,71,1983
월드컵경기장역,2025-05-31,2025-03-01 ~ 2025-04-30,2025-03-30,61287,83,2066
월드컵경기장역,2025-05-31,2025-03-01 ~ 2025-04-30,2025-03-31,61364,77,2143
월드컵경기장역,2025-05-31,2025-03-01 ~ 2025-04-30,2025-04-01,61437,73,2216
월드컵경기장역,2025-05-31,2025-03-01 ~ 2025-04-30,2025-04-02,61513,76,2292
월드컵경기장역,2025-05-31,2025-03-01 ~ 2025-04-30,2025-04-03,61584,71,2363
월드컵경기장역,2025-05-31,2025-03-01 ~ 2025-04-30,2025-04-04,61657,73,2436
월드컵경기장역,2025-05-31,2025-03-01 ~ 2025-04-30,2025-04-05,61729,72,2508
월드컵경기장역,2025-05-31,2025-03-01 ~ 2025-04-30,2025-04-06,61801,72,2580
월드컵경기장역,2025-05-31,2025-03-01 ~ 2025-04-30,2025-04-07,61873,72,2652
월드컵경기장역,2025-05-31,2025-03-01 ~ 2025-04-30,2025-04-08,61945,72,2724
월드컵경기장역,2025-05-31,2025-03-01 ~ 2025-04-30,2025-04-09,62018,73,2797
월드컵경기장역,2025-05-31,2025-03-01 ~ 2025-04-30,2025-04-10,62089,71,2868
월드컵경기장역,2025-05-31,2025-03-01 ~ 2025-04-30,2025-04-11,62163,74,2942
월드컵경기장역,2025-05-31,2025-03-01 ~ 2025-04-30,2025-04-12,62237,74,3016
월드컵경기장역,2025-05-31,2025-03-01 ~ 2025-04-30,2025-04-13,62314,77,3093
월드컵경기장역,2025-05-31,2025-03-01 ~ 2025-04-30,2025-04-14,62383,69,3162
월드컵경기장역,2025-05-31,2025-03-01 ~ 2025-04-30,2025-04-15,62451,68,3230
월드컵경기장역,2025-05-31,2025-03-01 ~ 2025-04-30,2025-04-16,62523,72,3302
월드컵경기장역,2025-05-31,2025-03-01 ~ 2025-04-30,2025-04-17,62596,73,3375
월드컵경기장역,2025-05-31,2025-03-01 ~ 2025-04-30,2025-04-18,62668,72,3447
월드컵경기장역,2025-05-31,2025-03-01 ~ 2025-04-30,2025-04-19,62740,72,3519
월드컵경기장역,2025-05-31,2025-03-01 ~ 2025-04-30,2025-04-20,62824,84,3603
월드컵경기장역,2025-05-31,2025-03-01 ~ 2025-04-30,2025-04-21,62903,79,3682
월드컵경기장역,2025-05-31,2025-03-01 ~ 2025-04-30,2025-04-22,62973,70,3752
월드컵경기장역,2025-05-31,2025-03-01 ~ 2025-04-30,2025-04-23,63041,68,3820
월드컵경기장역,2025-05-31,2025-03-01 ~ 2025-04-30,2025-04-24,63115,74,3894
월드컵경기장역,2025-05-31,2025-03-01 ~ 2025-04-30,2025-04-25,63188,73,3967
월드컵경기장역,2025-05-31,2025-03-01 ~ 2025-04-30,2025-04-26,63261,73,4040
월드컵경기장역,2025-05-31,2025-03-01 ~ 2025-04-30,2025-04-27,63341,80,4120
월드컵경기장역,2025-05-31,2025-03-01 ~ 2025-04-30,2025-04-28,63419,78,4198
월드컵경기장역,2025-05-31,2025-03-01 ~ 2025-04-30,2025-04-29,63491,72,4270
월드컵경기장역,2025-05-31,2025-03-01 ~ 2025-04-30,2025-04-30,63563,72,4342
월드컵경기장역,2025-05-31,2025-03-01 ~ 2025-04-30,2025-05-01,63652,89,4431
월드컵경기장역,2025-07-31,2025-05-01 ~ 2025-06-30,2025-05-02,63724,72,72
월드컵경기장역,2025-07-31,2025-05-01 ~ 2025-06-30,2025-05-03,63799,75,147
월드컵경기장역,2025-07-31,2025-05-01 ~ 2025-06-30,2025-05-04,63891,92,239
월드컵경기장역,2025-07-31,2025-05-01 ~ 2025-06-30,2025-05-05,63969,78,317
월드컵경기장역,2025-07-31,2025-05-01 ~ 2025-06-30,2025-05-06,64040,71,388
월드컵경기장역,2025-07-31,2025-05-01 ~ 2025-06-30,2025-05-07,64115,75,463
월드컵경기장역,2025-07-31,2025-05-01 ~ 2025-06-30,2025-05-08,64188,73,536
월드컵경기장역,2025-07-31,2025-05-01 ~ 2025-06-30,2025-05-09,64261,73,609
월드컵경기장역,2025-07-31,2025-05-01 ~ 2025-06-30,2025-05-10,64345,84,693
월드컵경기장역,2025-07-31,2025-05-01 ~ 2025-06-30,2025-05-11,64417,72,765
월드컵경기장역,2025-07-31,2025-05-01 ~ 2025-06-30,2025-05-12,64493,76,841
월드컵경기장역,2025-07-31,2025-05-01 ~ 2025-06-30,2025-05-13,64566,73,914
월드컵경기장역,2025-07-31,2025-05-01 ~ 2025-06-30,2025-05-14,64641,75,989
월드컵경기장역,2025-07-31,2025-05-01 ~ 2025-06-30,2025-05-15,64715,74,1063
월드컵경기장역,2025-07-31,2025-05-01 ~ 2025-06-30,2025-05-16,64787,72,1135
월드컵경기장역,2025-07-31,2025-05-01 ~ 2025-06-30,2025-05-17,64859,72,1207
월드컵경기장역,2025-07-31,2025-05-01 ~ 2025-06-30,2025-05-18,64944,85,1292
월드컵경기장역,2025-07-31,2025-05-01 ~ 2025-06-30,2025-05-19,65020,76,1368
월드컵경기장역,2025-07-31,2025-05-01 ~ 2025-06-30,2025-05-20,65093,73,1441
월드컵경기장역,2025-07-31,2025-05-01 ~ 2025-06-30,2025-05-21,65164,71,1512
월드컵경기장역,2025-07-31,2025-05-01 ~ 2025-06-30,2025-05-22,65236,72,1584
월드컵경기장역,2025-07-31,2025-05-01 ~ 2025-06-30,2025-05-23,65309,73,1657
월드컵경기장역,2025-07-31,2025-05-01 ~ 2025-06-30,2025-05-24,65384,75,1732
월드컵경기장역,2025-07-31,2025-05-01 ~ 2025-06-30,2025-05-25,65486,102,1834
월드컵경기장역,2025-07-31,2025-05-01 ~ 2025-06-30,2025-05-26,65567,81,1915
월드컵경기장역,2025-07-31,2025-05-01 ~ 2025-06-30,2025-05-27,65617,50,1965
월드컵경기장역,2025-07-31,2025-05-01 ~ 2025-06-30,2025-05-28,65631,14,1979
월드컵경기장역,2025-07-31,2025-05-01 ~ 2025-06-30,2025-05-29,65645,14,1993
월드컵경기장역,2025-07-31,2025-05-01 ~ 2025-06-30,2025-05-30,65658,13,2006
월드컵경기장역,2025-07-31,2025-05-01 ~ 2025-06-30,2025-05-31,65673,15,2021
월드컵경기장역,2025-07-31,2025-05-01 ~ 2025-06-30,2025-06-01,65701,28,2049
월드컵경기장역,2025-07-31,2025-05-01 ~ 2025-06-30,2025-06-02,65721,20,2069
월드컵경기장역,2025-07-31,2025-05-01 ~ 2025-06-30,2025-06-03,65735,14,2083
월드컵경기장역,2025-07-31,2025-05-01 ~ 2025-06-30,2025-06-04,65751,16,2099
월드컵경기장역,2025-07-31,2025-05-01 ~ 2025-06-30,2025-06-05,65765,14,2113
월드컵경기장역,2025-07-31,2025-05-01 ~ 2025-06-30,2025-06-06,65778,13,2126
월드컵경기장역,2025-07-31,2025-05-01 ~ 2025-06-30,2025-06-07,65795,17,2143
월드컵경기장역,2025-07-31,2025-05-01 ~ 2025-06-30,2025-06-08,65815,20,2163
월드컵경기장역,2025-07-31,2025-05-01 ~ 2025-06-30,2025-06-09,65839,24,2187
월드컵경기장역,2025-07-31,2025-05-01 ~ 2025-06-30,2025-06-10,65853,14,2201
월드컵경기장역,2025-07-31,2025-05-01 ~ 2025-06-30,2025-06-11,65888,35,2236
월드컵경기장역,2025-07-31,2025-05-01 ~ 2025-06-30,2025-06-12,65904,16,2252
월드컵경기장역,2025-07-31,2025-05-01 ~ 2025-06-30,2025-06-13,65916,12,2264
월드컵경기장역,2025-07-31,2025-05-01 ~ 2025-06-30,2025-06-14,65929,13,2277
월드컵경기장역,2025-07-31,2025-05-01 ~ 2025-06-30,2025-06-15,65944,15,2292
월드컵경기장역,2025-07-31,2025-05-01 ~ 2025-06-30,2025-06-16,65962,18,2310
월드컵경기장역,2025-07-31,2025-05-01 ~ 2025-06-30,2025-06-17,65975,13,2323
월드컵경기장역,2025-07-31,2025-05-01 ~ 2025-06-30,2025-06-18,65996,21,2344
월드컵경기장역,2025-07-31,2025-05-01 ~ 2025-06-30,2025-06-19,66012,16,2360
월드컵경기장역,2025-07-31,2025-05-01 ~ 2025-06-30,2025-06-20,66025,13,2373
월드컵경기장역,2025-07-31,2025-05-01 ~ 2025-06-30,2025-06-21,66034,9,2382
월드컵경기장역,2025-07-31,2025-05-01 ~ 2025-06-30,2025-06-22,66051,17,2399
월드컵경기장역,2025-07-31,2025-05-01 ~ 2025-06-30,2025-06-23,66063,12,2411
월드컵경기장역,2025-07-31,2025-05-01 ~ 2025-06-30,2025-06-24,66076,13,2424
월드컵경기장역,2025-07-31,2025-05-01 ~ 2025-06-30,2025-06-25,66091,15,2439
월드컵경기장역,2025-07-31,2025-05-01 ~ 2025-06-30,2025-06-26,66107,16,2455
월드컵경기장역,2025-07-31,2025-05-01 ~ 2025-06-30,2025-06-27,66126,19,2474
월드컵경기장역,2025-07-31,2025-05-01 ~ 2025-06-30,2025-06-28,66142,16,2490
월드컵경기장역,2025-07-31,2025-05-01 ~ 2025-06-30,2025-06-29,66156,14,2504
월드컵경기장역,2025-07-31,2025-05-01 ~ 2025-06-30,2025-06-30,66177,21,2525
월드컵경기장역,2025-07-31,2025-05-01 ~ 2025-06-30,2025-07-01,66193,16,2541
월드컵경기장역,2025-09-30,2025-07-01 ~ 2025-08-31,2025-07-02,66214,21,21
월드컵경기장역,2025-09-30,2025-07-01 ~ 2025-08-31,2025-07-03,66237,23,44
월드컵경기장역,2025-09-30,2025-07-01 ~ 2025-08-31,2025-07-04,66254,17,61
월드컵경기장역,2025-09-30,2025-07-01 ~ 2025-08-31,2025-07-05,66261,7,68
월드컵경기장역,2025-09-30,2025-07-01 ~ 2025-08-31,2025-07-06,66286,25,93
월드컵경기장역,2025-09-30,2025-07-01 ~ 2025-08-31,2025-07-07,66299,13,106
월드컵경기장역,2025-09-30,2025-07-01 ~ 2025-08-31,2025-07-08,66314,15,121
월드컵경기장역,2025-09-30,2025-07-01 ~ 2025-08-31,2025-07-09,66329,15,136
월드컵경기장역,2025-09-30,2025-07-01 ~ 2025-08-31,2025-07-10,66345,16,152
월드컵경기장역,2025-09-30,2025-07-01 ~ 2025-08-31,2025-07-11,66359,14,166
월드컵경기장역,2025-09-30,2025-07-01 ~ 2025-08-31,2025-07-12,66379,20,186
월드컵경기장역,2025-09-30,2025-07-01 ~ 2025-08-31,2025-07-13,66394,15,201
월드컵경기장역,2025-09-30,2025-07-01 ~ 2025-08-31,2025-07-14,66407,13,214
월드컵경기장역,2025-09-30,2025-07-01 ~ 2025-08-31,2025-07-15,66420,13,227
월드컵경기장역,2025-09-30,2025-07-01 ~ 2025-08-31,2025-07-16,66444,24,251
월드컵경기장역,2025-09-30,2025-07-01 ~ 2025-08-31,2025-07-17,66462,18,269
월드컵경기장역,2025-09-30,2025-07-01 ~ 2025-08-31,2025-07-18,66477,15,284
월드컵경기장역,2025-09-30,2025-07-01 ~ 2025-08-31,2025-07-19,66483,6,290
월드컵경기장역,2025-09-30,2025-07-01 ~ 2025-08-31,2025-07-20,66507,24,314
월드컵경기장역,2025-09-30,2025-07-01 ~ 2025-08-31,2025-07-21,66531,24,338
월드컵경기장역,2025-09-30,2025-07-01 ~ 2025-08-31,2025-07-22,66553,22,360
월드컵경기장역,2025-09-30,2025-07-01 ~ 2025-08-31,2025-07-23,66578,25,385
월드컵경기장역,2025-09-30,2025-07-01 ~ 2025-08-31,2025-07-24,66600,22,407
월드컵경기장역,2025-09-30,2025-07-01 ~ 2025-08-31,2025-07-25,66617,17,424
월드컵경기장역,2025-09-30,2025-07-01 ~ 2025-08-31,2025-07-26,66631,14,438
월드컵경기장역,2025-09-30,2025-07-01 ~ 2025-08-31,2025-07-27,66645,14,452
월드컵경기장역,2025-09-30,2025-07-01 ~ 2025-08-31,2025-07-28,66660,15,467
월드컵경기장역,2025-09-30,2025-07-01 ~ 2025-08-31,2025-07-29,66675,15,482
월드컵경기장역,2025-09-30,2025-07-01 ~ 2025-08-31,2025-07-30,66705,30,512
월드컵경기장역,2025-09-30,2025-07-01 ~ 2025-08-31,2025-07-31,66748,43,555
월드컵경기장역,2025-09-30,2025-07-01 ~ 2025-08-31,2025-08-01,66820,72,627
월드컵경기장역,2025-09-30,2025-07-01 ~ 2025-08-31,2025-08-02,66868,48,675
월드컵경기장역,2025-09-30,2025-07-01 ~ 2025-08-31,2025-08-03,66916,48,723
월드컵경기장역,2025-09-30,2025-07-01 ~ 2025-08-31,2025-08-04,66970,54,777
월드컵경기장역,2025-09-30,2025-07-01 ~ 2025-08-31,2025-08-05,66998,28,805
월드컵경기장역,2025-09-30,2025-07-01 ~ 2025-08-31,2025-08-06,67013,15,820
월드컵경기장역,2025-09-30,2025-07-01 ~ 2025-08-31,2025-08-07,67037,24,844
월드컵경기장역,2025-09-30,2025-07-01 ~ 2025-08-31,2025-08-08,67060,23,867
월드컵경기장역,2025-09-30,2025-07-01 ~ 2025-08-31,2025-08-09,67083,23,890
월드컵경기장역,2025-09-30,2025-07-01 ~ 2025-08-31,2025-08-10,67103,20,910
월드컵경기장역,2025-09-30,2025-07-01 ~ 2025-08-31,2025-08-11,67116,13,923
월드컵경기장역,2025-09-30,2025-07-01 ~ 2025-08-31,2025-08-12,67139,23,946
월드컵경기장역,2025-09-30,2025-07-01 ~ 2025-08-31,2025-08-13,67172,33,979
월드컵경기장역,2025-09-30,2025-07-01 ~ 2025-08-31,2025-08-14,67203,31,1010
월드컵경기장역,2025-09-30,2025-07-01 ~ 2025-08-31,2025-08-15,67235,32,1042
월드컵경기장역,2025-09-30,2025-07-01 ~ 2025-08-31,2025-08-16,67280,45,1087
월드컵경기장역,2025-09-30,2025-07-01 ~ 2025-08-31,2025-08-17,67321,41,1128
월드컵경기장역,2025-09-30,2025-07-01 ~ 2025-08-31,2025-08-18,67373,52,1180
월드컵경기장역,2025-09-30,2025-07-01 ~ 2025-08-31,2025-08-19,67413,40,1220
월드컵경기장역,2025-09-30,2025-07-01 ~ 2025-08-31,2025-08-20,67450,37,1257
월드컵경기장역,2025-09-30,2025-07-01 ~ 2025-08-31,2025-08-21,67498,48,1305
월드컵경기장역,2025-09-30,2025-07-01 ~ 2025-08-31,2025-08-22,67544,46,1351
월드컵경기장역,2025-09-30,2025-07-01 ~ 2025-08-31,2025-08-23,67591,47,1398
월드컵경기장역,2025-09-30,2025-07-01 ~ 2025-08-31,2025-08-24,67631,40,1438
월드컵경기장역,2025-09-30,2025-07-01 ~ 2025-08-31,2025-08-25,67685,54,1492
월드컵경기장역,2025-09-30,2025-07-01 ~ 2025-08-31,2025-08-26,67730,45,1537
월드컵경기장역,2025-09-30,2025-07-01 ~ 2025-08-31,2025-08-27,67766,36,1573
월드컵경기장역,2025-09-30,2025-07-01 ~ 2025-08-31,2025-08-28,67796,30,1603
월드컵경기장역,2025-09-30,2025-07-01 ~ 2025-08-31,2025-08-29,67829,33,1636
월드컵경기장역,2025-09-30,2025-07-01 ~ 2025-08-31,2025-08-30,67868,39,1675
월드컵경기장역,2025-09-30,2025-07-01 ~ 2025-08-31,2025-08-31,67905,37,1712
월드컵경기장역,2025-09-30,2025-07-01 ~ 2025-08-31,2025-09-01,67951,46,1758
월드컵경기장역,2025-11-30,2025-09-01 ~ 2025-10-31,2025-09-02,67991,40,40
월드컵경기장역,2025-11-30,2025-09-01 ~ 2025-10-31,2025-09-03,68026,35,75
월드컵경기장역,2025-11-30,2025-09-01 ~ 2025-10-31,2025-09-04,68061,35,110
월드컵경기장역,2025-11-30,2025-09-01 ~ 2025-10-31,2025-09-05,68090,29,139
월드컵경기장역,2025-11-30,2025-09-01 ~ 2025-10-31,2025-09-06,68120,30,169
월드컵경기장역,2025-11-30,2025-09-01 ~ 2025-10-31,2025-09-07,68158,38,207
월드컵경기장역,2025-11-30,2025-09-01 ~ 2025-10-31,2025-09-08,68191,33,240
월드컵경기장역,2025-11-30,2025-09-01 ~ 2025-10-31,2025-09-09,68214,23,263
월드컵경기장역,2025-11-30,2025-09-01 ~ 2025-10-31,2025-09-10,68235,21,284
월드컵경기장역,2025-11-30,2025-09-01 ~ 2025-10-31,2025-09-11,68259,24,308
월드컵경기장역,2025-11-30,2025-09-01 ~ 2025-10-31,2025-09-12,68288,29,337
월드컵경기장역,2025-11-30,2025-09-01 ~ 2025-10-31,2025-09-13,68309,21,358
월드컵경기장역,2025-11-30,2025-09-01 ~ 2025-10-31,2025-09-14,68358,49,407
월드컵경기장역,2025-11-30,2025-09-01 ~ 2025-10-31,2025-09-15,68426,68,475
월드컵경기장역,2025-11-30,2025-09-01 ~ 2025-10-31,2025-09-16,68450,24,499
월드컵경기장역,2025-11-30,2025-09-01 ~ 2025-10-31,2025-09-17,68472,22,521
월드컵경기장역,2025-11-30,2025-09-01 ~ 2025-10-31,2025-09-18,68490,18,539
월드컵경기장역,2025-11-30,2025-09-01 ~ 2025-10-31,2025-09-19,68508,18,557
월드컵경기장역,2025-11-30,2025-09-01 ~ 2025-10-31,2025-09-20,68523,15,572
월드컵경기장역,2025-11-30,2025-09-01 ~ 2025-10-31,2025-09-21,68552,29,601
월드컵경기장역,2025-11-30,2025-09-01 ~ 2025-10-31,2025-09-22,68582,30,631
월드컵경기장역,2025-11-30,2025-09-01 ~ 2025-10-31,2025-09-23,68598,16,647
월드컵경기장역,2025-11-30,2025-09-01 ~ 2025-10-31,2025-09-24,68617,19,666
월드컵경기장역,2025-11-30,2025-09-01 ~ 2025-10-31,2025-09-25,68630,13,679
월드컵경기장역,2025-11-30,2025-09-01 ~ 2025-10-31,2025-09-26,68647,17,696
월드컵경기장역,2025-11-30,2025-09-01 ~ 2025-10-31,2025-09-27,68665,18,714
월드컵경기장역,2025-11-30,2025-09-01 ~ 2025-10-31,2025-09-28,68701,36,750
월드컵경기장역,2025-11-30,2025-09-01 ~ 2025-10-31,2025-09-29,68716,15,765
월드컵경기장역,2025-11-30,2025-09-01 ~ 2025-10-31,2025-09-30,68731,15,780
월드컵경기장역,2025-11-30,2025-09-01 ~ 2025-10-31,2025-10-01,68751,20,800
월드컵경기장역,2025-11-30,2025-09-01 ~ 2025-10-31,2025-10-02,68768,17,817
월드컵경기장역,2025-11-30,2025-09-01 ~ 2025-10-31,2025-10-03,68787,19,836
월드컵경기장역,2025-11-30,2025-09-01 ~ 2025-10-31,2025-10-04,68806,19,855
월드컵경기장역,2025-11-30,2025-09-01 ~ 2025-10-31,2025-10-05,68822,16,871
월드컵경기장역,2025-11-30,2025-09-01 ~ 2025-10-31,2025-10-06,68832,10,881
월드컵경기장역,2025-11-30,2025-09-01 ~ 2025-10-31,2025-10-07,68842,10,891
월드컵경기장역,2025-11-30,2025-09-01 ~ 2025-10-31,2025-10-08,68856,14,905
월드컵경기장역,2025-11-30,2025-09-01 ~ 2025-10-31,2025-10-09,68881,25,930
월드컵경기장역,2025-11-30,2025-09-01 ~ 2025-10-31,2025-10-10,68911,30,960
월드컵경기장역,2025-11-30,2025-09-01 ~ 2025-10-31,2025-10-11,68947,36,996
월드컵경기장역,2025-11-30,2025-09-01 ~ 2025-10-31,2025-10-12,68967,20,1016
월드컵경기장역,2025-11-30,2025-09-01 ~ 2025-10-31,2025-10-13,68993,26,1042
월드컵경기장역,2025-11-30,2025-09-01 ~ 2025-10-31,2025-10-14,69005,12,1054
월드컵경기장역,2025-11-30,2025-09-01 ~ 2025-10-31,2025-10-15,69033,28,1082
월드컵경기장역,2025-11-30,2025-09-01 ~ 2025-10-31,2025-10-16,69051,18,1100
월드컵경기장역,2025-11-30,2025-09-01 ~ 2025-10-31,2025-10-17,69073,22,1122
월드컵경기장역,2025-11-30,2025-09-01 ~ 2025-10-31,2025-10-18,69104,31,1153
월드컵경기장역,2025-11-30,2025-09-01 ~ 2025-10-31,2025-10-19,69160,56,1209
월드컵경기장역,2025-11-30,2025-09-01 ~ 2025-10-31,2025-10-20,69219,59,1268
월드컵경기장역,2025-11-30,2025-09-01 ~ 2025-10-31,2025-10-21,69246,27,1295
월드컵경기장역,2025-11-30,2025-09-01 ~ 2025-10-31,2025-10-22,69276,30,1325
월드컵경기장역,2025-11-30,2025-09-01 ~ 2025-10-31,2025-10-23,69309,33,1358
월드컵경기장역,2025-11-30,2025-09-01 ~ 2025-10-31,2025-10-24,69335,26,1384
월드컵경기장역,2025-11-30,2025-09-01 ~ 2025-10-31,2025-10-25,69361,26,1410
월드컵경기장역,2025-11-30,2025-09-01 ~ 2025-10-31,2025-10-26,69400,39,1449
월드컵경기장역,2025-11-30,2025-09-01 ~ 2025-10-31,2025-10-27,69432,32,1481
월드컵경기장역,2025-11-30,2025-09-01 ~ 2025-10-31,2025-10-28,69451,19,1500
월드컵경기장역,2025-11-30,2025-09-01 ~ 2025-10-31,2025-10-29,69467,16,1516
월드컵경기장역,2025-11-30,2025-09-01 ~ 2025-10-31,2025-10-30,69485,18,1534
월드컵경기장역,2025-11-30,2025-09-01 ~ 2025-10-31,2025-10-31,69505,20,1554
월드컵경기장역,2025-11-30,2025-09-01 ~ 2025-10-31,2025-11-01,69524,19,1573
월드컵경기장역,2026-01-31,2025-11-01 ~ 2025-12-31,2025-11-02,69560,36,36
월드컵경기장역,2026-01-31,2025-11-01 ~ 2025-12-31,2025-11-03,69607,47,83
월드컵경기장역,2026-01-31,2025-11-01 ~ 2025-12-31,2025-11-04,69623,16,99
월드컵경기장역,2026-01-31,2025-11-01 ~ 2025-12-31,2025-11-05,69644,21,120
월드컵경기장역,2026-01-31,2025-11-01 ~ 2025-12-31,2025-11-06,69661,17,137
월드컵경기장역,2026-01-31,2025-11-01 ~ 2025-12-31,2025-11-07,69679,18,155
월드컵경기장역,2026-01-31,2025-11-01 ~ 2025-12-31,2025-11-08,69695,16,171
월드컵경기장역,2026-01-31,2025-11-01 ~ 2025-12-31,2025-11-09,69724,29,200
월드컵경기장역,2026-01-31,2025-11-01 ~ 2025-12-31,2025-11-10,69750,26,226
월드컵경기장역,2026-01-31,2025-11-01 ~ 2025-12-31,2025-11-11,69766,16,242
월드컵경기장역,2026-01-31,2025-11-01 ~ 2025-12-31,2025-11-12,69783,17,259
월드컵경기장역,2026-01-31,2025-11-01 ~ 2025-12-31,2025-11-13,69800,17,276
월드컵경기장역,2026-01-31,2025-11-01 ~ 2025-12-31,2025-11-14,69816,16,292
월드컵경기장역,2026-01-31,2025-11-01 ~ 2025-12-31,2025-11-15,69834,18,310
월드컵경기장역,2026-01-31,2025-11-01 ~ 2025-12-31,2025-11-16,69864,30,340
월드컵경기장역,2026-01-31,2025-11-01 ~ 2025-12-31,2025-11-17,69883,19,359
월드컵경기장역,2026-01-31,2025-11-01 ~ 2025-12-31,2025-11-18,69895,12,371
월드컵경기장역,2026-01-31,2025-11-01 ~ 2025-12-31,2025-11-19,69924,29,400
월드컵경기장역,2026-01-31,2025-11-01 ~ 2025-12-31,2025-11-20,69938,14,414
월드컵경기장역,2026-01-31,2025-11-01 ~ 2025-12-31,2025-11-21,69950,12,426
월드컵경기장역,2026-01-31,2025-11-01 ~ 2025-12-31,2025-11-22,69964,14,440
월드컵경기장역,2026-01-31,2025-11-01 ~ 2025-12-31,2025-11-23,69993,29,469
월드컵경기장역,2026-01-31,2025-11-01 ~ 2025-12-31,2025-11-24,70011,18,487
월드컵경기장역,2026-01-31,2025-11-01 ~ 2025-12-31,2025-11-25,70024,13,500
월드컵경기장역,2026-01-31,2025-11-01 ~ 2025-12-31,2025-11-26,70035,11,511
월드컵경기장역,2026-01-31,2025-11-01 ~ 2025-12-31,2025-11-27,70049,14,525
월드컵경기장역,2026-01-31,2025-11-01 ~ 2025-12-31,2025-11-28,70059,10,535
월드컵경기장역,2026-01-31,2025-11-01 ~ 2025-12-31,2025-11-29,70072,13,548
월드컵경기장역,2026-01-31,2025-11-01 ~ 2025-12-31,2025-11-30,70088,16,564
월드컵경기장역,2026-01-31,2025-11-01 ~ 2025-12-31,2025-12-01,70104,16,580
월드컵경기장역,2026-01-31,2025-11-01 ~ 2025-12-31,2025-12-02,70118,14,594
월드컵경기장역,2026-01-31,2025-11-01 ~ 2025-12-31,2025-12-03,70129,11,605
월드컵경기장역,2026-01-31,2025-11-01 ~ 2025-12-31,2025-12-04,70139,10,615
월드컵경기장역,2026-01-31,2025-11-01 ~ 2025-12-31,2025-12-05,70151,12,627
월드컵경기장역,2026-01-31,2025-11-01 ~ 2025-12-31,2025-12-06,70161,10,637
월드컵경기장역,2026-01-31,2025-11-01 ~ 2025-12-31,2025-12-07,70186,25,662
월드컵경기장역,2026-01-31,2025-11-01 ~ 2025-12-31,2025-12-08,70199,13,675
월드컵경기장역,2026-01-31,2025-11-01 ~ 2025-12-31,2025-12-09,70212,13,688
월드컵경기장역,2026-01-31,2025-11-01 ~ 2025-12-31,2025-12-10,70225,13,701
월드컵경기장역,2026-01-31,2025-11-01 ~ 2025-12-31,2025-12-11,70242,17,718
월드컵경기장역,2026-01-31,2025-11-01 ~ 2025-12-31,2025-12-12,70255,13,731
월드컵경기장역,2026-01-31,2025-11-01 ~ 2025-12-31,2025-12-13,70267,12,743
월드컵경기장역,2026-01-31,2025-11-01 ~ 2025-12-31,2025-12-14,70281,14,757
월드컵경기장역,2026-01-31,2025-11-01 ~ 2025-12-31,2025-12-15,70293,12,769
월드컵경기장역,2026-01-31,2025-11-01 ~ 2025-12-31,2025-12-16,70304,11,780
월드컵경기장역,2026-01-31,2025-11-01 ~ 2025-12-31,2025-12-17,70316,12,792
월드컵경기장역,2026-01-31,2025-11-01 ~ 2025-12-31,2025-12-18,70331,15,807
월드컵경기장역,2026-01-31,2025-11-01 ~ 2025-12-31,2025-12-19,70344,13,820
월드컵경기장역,2026-01-31,2025-11-01 ~ 2025-12-31,2025-12-20,70357,13,833
월드컵경기장역,2026-01-31,2025-11-01 ~ 2025-12-31,2025-12-21,70368,11,844
월드컵경기장역,2026-01-31,2025-11-01 ~ 2025-12-31,2025-12-22,70380,12,856
월드컵경기장역,2026-01-31,2025-11-01 ~ 2025-12-31,2025-12-23,70391,11,867
월드컵경기장역,2026-01-31,2025-11-01 ~ 2025-12-31,2025-12-24,70402,11,878
월드컵경기장역,2026-01-31,2025-11-01 ~ 2025-12-31,2025-12-25,70415,13,891
월드컵경기장역,2026-01-31,2025-11-01 ~ 2025-12-31,2025-12-26,70426,11,902
월드컵경기장역,2026-01-31,2025-11-01 ~ 2025-12-31,2025-12-27,70434,8,910
월드컵경기장역,2026-01-31,2025-11-01 ~ 2025-12-31,2025-12-28,70447,13,923
월드컵경기장역,2026-01-31,2025-11-01 ~ 2025-12-31,2025-12-29,70457,10,933
월드컵경기장역,2026-01-31,2025-11-01 ~ 2025-12-31,2025-12-30,70469,12,945
월드컵경기장역,2026-01-31,2025-11-01 ~ 2025-12-31,2025-12-31,70482,13,958
월드컵경기장역,2026-01-31,2025-11-01 ~ 2025-12-31,2026-01-01,70491,9,967
월드컵경기장역,2026-03-31,2026-01-01 ~ 2026-02-28,2026-01-02,70502,11,11
월드컵경기장역,2026-03-31,2026-01-01 ~ 2026-02-28,2026-01-03,70513,11,22
월드컵경기장역,2026-03-31,2026-01-01 ~ 2026-02-28,2026-01-04,70524,11,33
월드컵경기장역,2026-03-31,2026-01-01 ~ 2026-02-28,2026-01-05,70535,11,44
월드컵경기장역,2026-03-31,2026-01-01 ~ 2026-02-28,2026-01-06,70545,10,54
월드컵경기장역,2026-03-31,2026-01-01 ~ 2026-02-28,2026-01-07,70554,9,63
월드컵경기장역,2026-03-31,2026-01-01 ~ 2026-02-28,2026-01-08,70564,10,73
월드컵경기장역,2026-03-31,2026-01-01 ~ 2026-02-28,2026-01-09,70576,12,85
월드컵경기장역,2026-03-31,2026-01-01 ~ 2026-02-28,2026-01-10,70589,13,98
월드컵경기장역,2026-03-31,2026-01-01 ~ 2026-02-28,2026-01-11,70601,12,110
월드컵경기장역,2026-03-31,2026-01-01 ~ 2026-02-28,2026-01-12,70612,11,121
월드컵경기장역,2026-03-31,2026-01-01 ~ 2026-02-28,2026-01-13,70619,7,128
월드컵경기장역,2026-03-31,2026-01-01 ~ 2026-02-28,2026-01-14,70630,11,139
월드컵경기장역,2026-03-31,2026-01-01 ~ 2026-02-28,2026-01-15,70640,10,149
월드컵경기장역,2026-03-31,2026-01-01 ~ 2026-02-28,2026-01-16,70651,11,160
월드컵경기장역,2026-03-31,2026-01-01 ~ 2026-02-28,2026-01-17,70662,11,171
월드컵경기장역,2026-03-31,2026-01-01 ~ 2026-02-28,2026-01-18,70674,12,183
월드컵경기장역,2026-03-31,2026-01-01 ~ 2026-02-28,2026-01-19,70685,11,194
월드컵경기장역,2026-03-31,2026-01-01 ~ 2026-02-28,2026-01-20,70695,10,204
월드컵경기장역,2026-03-31,2026-01-01 ~ 2026-02-28,2026-01-21,70704,9,213
월드컵경기장역,2026-03-31,2026-01-01 ~ 2026-02-28,2026-01-22,70715,11,224
월드컵경기장역,2026-03-31,2026-01-01 ~ 2026-02-28,2026-01-23,70725,10,234
월드컵경기장역,2026-03-31,2026-01-01 ~ 2026-02-28,2026-01-24,70735,10,244
월드컵경기장역,2026-03-31,2026-01-01 ~ 2026-02-28,2026-01-25,70746,11,255
월드컵경기장역,2026-03-31,2026-01-01 ~ 2026-02-28,2026-01-26,70761,15,270
월드컵경기장역,2026-03-31,2026-01-01 ~ 2026-02-28,2026-01-27,70773,12,282
월드컵경기장역,2026-03-31,2026-01-01 ~ 2026-02-28,2026-01-28,70784,11,293
월드컵경기장역,2026-03-31,2026-01-01 ~ 2026-02-28,2026-01-29,70795,11,304
월드컵경기장역,2026-03-31,2026-01-01 ~ 2026-02-28,2026-01-30,70805,10,314
월드컵경기장역,2026-03-31,2026-01-01 ~ 2026-02-28,2026-01-31,70816,11,325
월드컵경기장역,2026-03-31,2026-01-01 ~ 2026-02-28,2026-02-01,70827,11,336
월드컵경기장역,2026-03-31,2026-01-01 ~ 2026-02-28,2026-02-02,70838,11,347
월드컵경기장역,2026-03-31,2026-01-01 ~ 2026-02-28,2026-02-03,70850,12,359
월드컵경기장역,2026-03-31,2026-01-01 ~ 2026-02-28,2026-02-04,70861,11,370
월드컵경기장역,2026-03-31,2026-01-01 ~ 2026-02-28,2026-02-05,70872,11,381
월드컵경기장역,2026-03-31,2026-01-01 ~ 2026-02-28,2026-02-06,70884,12,393
월드컵경기장역,2026-03-31,2026-01-01 ~ 2026-02-28,2026-02-07,70894,10,403
월드컵경기장역,2026-03-31,2026-01-01 ~ 2026-02-28,2026-02-08,70904,10,413
월드컵경기장역,2026-03-31,2026-01-01 ~ 2026-02-28,2026-02-09,70916,12,425
월드컵경기장역,2026-03-31,2026-01-01 ~ 2026-02-28,2026-02-10,70929,13,438
월드컵경기장역,2026-03-31,2026-01-01 ~ 2026-02-28,2026-02-11,70941,12,450
월드컵경기장역,2026-03-31,2026-01-01 ~ 2026-02-28,2026-02-12,70956,15,465
월드컵경기장역,2026-03-31,2026-01-01 ~ 2026-02-28,2026-02-13,70968,12,477
월드컵경기장역,2026-03-31,2026-01-01 ~ 2026-02-28,2026-02-14,70980,12,489
월드컵경기장역,2026-03-31,2026-01-01 ~ 2026-02-28,2026-02-15,70991,11,500
월드컵경기장역,2026-03-31,2026-01-01 ~ 2026-02-28,2026-02-16,71003,12,512
월드컵경기장역,2026-03-31,2026-01-01 ~ 2026-02-28,2026-02-17,71013,10,522
월드컵경기장역,2026-03-31,2026-01-01 ~ 2026-02-28,2026-02-18,71021,8,530
월드컵경기장역,2026-03-31,2026-01-01 ~ 2026-02-28,2026-02-19,71032,11,541
월드컵경기장역,2026-03-31,2026-01-01 ~ 2026-02-28,2026-02-20,71043,11,552
월드컵경기장역,2026-03-31,2026-01-01 ~ 2026-02-28,2026-02-21,71055,12,564
월드컵경기장역,2026-03-31,2026-01-01 ~ 2026-02-28,2026-02-22,71075,20,584
월드컵경기장역,2026-03-31,2026-01-01 ~ 2026-02-28,2026-02-23,71086,11,595
월드컵경기장역,2026-03-31,2026-01-01 ~ 2026-02-28,2026-02-24,71097,11,606
월드컵경기장역,2026-03-31,2026-01-01 ~ 2026-02-28,2026-02-25,71108,11,617
월드컵경기장역,2026-03-31,2026-01-01 ~ 2026-02-28,2026-02-26,71121,13,630
월드컵경기장역,2026-03-31,2026-01-01 ~ 2026-02-28,2026-02-27,71133,12,642
월드컵경기장역,2026-03-31,2026-01-01 ~ 2026-02-28,2026-02-28,71144,11,653
월드컵경기장역,2026-03-31,2026-01-01 ~ 2026-02-28,2026-03-01,71163,19,672
월드컵경기장역,2026-05-31,2026-03-01 ~ 2026-04-30,2026-03-02,71180,17,17
월드컵경기장역,2026-05-31,2026-03-01 ~ 2026-04-30,2026-03-03,71191,11,28
월드컵경기장역,2026-05-31,2026-03-01 ~ 2026-04-30,2026-03-04,71200,9,37
월드컵경기장역,2026-05-31,2026-03-01 ~ 2026-04-30,2026-03-05,71215,15,52
월드컵경기장역,2026-05-31,2026-03-01 ~ 2026-04-30,2026-03-06,71226,11,63
월드컵경기장역,2026-05-31,2026-03-01 ~ 2026-04-30,2026-03-07,71236,10,73
월드컵경기장역,2026-05-31,2026-03-01 ~ 2026-04-30,2026-03-08,71249,13,86
월드컵경기장역,2026-05-31,2026-03-01 ~ 2026-04-30,2026-03-09,71263,14,100
월드컵경기장역,2026-05-31,2026-03-01 ~ 2026-04-30,2026-03-10,71273,10,110
월드컵경기장역,2026-05-31,2026-03-01 ~ 2026-04-30,2026-03-11,71284,11,121
월드컵경기장역,2026-05-31,2026-03-01 ~ 2026-04-30,2026-03-12,71295,11,132
월드컵경기장역,2026-05-31,2026-03-01 ~ 2026-04-30,2026-03-13,71307,12,144
월드컵경기장역,2026-05-31,2026-03-01 ~ 2026-04-30,2026-03-14,71319,12,156
월드컵경기장역,2026-05-31,2026-03-01 ~ 2026-04-30,2026-03-15,71331,12,168
월드컵경기장역,2026-05-31,2026-03-01 ~ 2026-04-30,2026-03-16,71342,11,179
월드컵경기장역,2026-05-31,2026-03-01 ~ 2026-04-30,2026-03-17,71354,12,191
월드컵경기장역,2026-05-31,2026-03-01 ~ 2026-04-30,2026-03-18,71366,12,203
월드컵경기장역,2026-05-31,2026-03-01 ~ 2026-04-30,2026-03-19,71377,11,214
월드컵경기장역,2026-05-31,2026-03-01 ~ 2026-04-30,2026-03-20,71389,12,226
월드컵경기장역,2026-05-31,2026-03-01 ~ 2026-04-30,2026-03-21,71402,13,239
월드컵경기장역,2026-05-31,2026-03-01 ~ 2026-04-30,2026-03-22,71417,15,254
월드컵경기장역,2026-05-31,2026-03-01 ~ 2026-04-30,2026-03-23,71442,25,279
월드컵경기장역,2026-05-31,2026-03-01 ~ 2026-04-30,2026-03-24,71454,12,291
월드컵경기장역,2026-05-31,2026-03-01 ~ 2026-04-30,2026-03-25,71467,13,304
월드컵경기장역,2026-05-31,2026-03-01 ~ 2026-04-30,2026-03-26,71479,12,316
월드컵경기장역,2026-05-31,2026-03-01 ~ 2026-04-30,2026-03-27,71492,13,329
월드컵경기장역,2026-05-31,2026-03-01 ~ 2026-04-30,2026-03-28,71506,14,343
월드컵경기장역,2026-05-31,2026-03-01 ~ 2026-04-30,2026-03-29,71524,18,361
월드컵경기장역,2026-05-31,2026-03-01 ~ 2026-04-30,2026-03-30,71544,20,381
월드컵경기장역,2026-05-31,2026-03-01 ~ 2026-04-30,2026-03-31,71555,11,392
월드컵경기장역,2026-05-31,2026-03-01 ~ 2026-04-30,2026-04-01,71566,11,403
월드컵경기장역,2026-05-31,2026-03-01 ~ 2026-04-30,2026-04-02,71577,11,414
월드컵경기장역,2026-05-31,2026-03-01 ~ 2026-04-30,2026-04-03,71593,16,430
월드컵경기장역,2026-05-31,2026-03-01 ~ 2026-04-30,2026-04-04,71607,14,444
월드컵경기장역,2026-05-31,2026-03-01 ~ 2026-04-30,2026-04-05,71625,18,462
월드컵경기장역,2026-05-31,2026-03-01 ~ 2026-04-30,2026-04-06,71640,15,477
월드컵경기장역,2026-05-31,2026-03-01 ~ 2026-04-30,2026-04-07,71650,10,487
월드컵경기장역,2026-05-31,2026-03-01 ~ 2026-04-30,2026-04-08,71664,14,501
월드컵경기장역,2026-05-31,2026-03-01 ~ 2026-04-30,2026-04-09,71678,14,515
월드컵경기장역,2026-05-31,2026-03-01 ~ 2026-04-30,2026-04-10,71689,11,526
월드컵경기장역,2026-05-31,2026-03-01 ~ 2026-04-30,2026-04-11,71717,28,554
월드컵경기장역,2026-05-31,2026-03-01 ~ 2026-04-30,2026-04-12,71749,32,586
월드컵경기장역,2026-05-31,2026-03-01 ~ 2026-04-30,2026-04-13,71764,15,601
월드컵경기장역,2026-05-31,2026-03-01 ~ 2026-04-30,2026-04-14,71776,12,613
월드컵경기장역,2026-05-31,2026-03-01 ~ 2026-04-30,2026-04-15,71788,12,625
월드컵경기장역,2026-05-31,2026-03-01 ~ 2026-04-30,2026-04-16,71801,13,638
월드컵경기장역,2026-05-31,2026-03-01 ~ 2026-04-30,2026-04-17,71817,16,654
월드컵경기장역,2026-05-31,2026-03-01 ~ 2026-04-30,2026-04-18,71829,12,666
월드컵경기장역,2026-05-31,2026-03-01 ~ 2026-04-30,2026-04-19,71854,25,691
월드컵경기장역,2026-05-31,2026-03-01 ~ 2026-04-30,2026-04-20,71871,17,708
월드컵경기장역,2026-05-31,2026-03-01 ~ 2026-04-30,2026-04-21,71882,11,719
월드컵경기장역,2026-05-31,2026-03-01 ~ 2026-04-30,2026-04-22,71900,18,737
월드컵경기장역,2026-05-31,2026-03-01 ~ 2026-04-30,2026-04-23,71913,13,750
월드컵경기장역,2026-05-31,2026-03-01 ~ 2026-04-30,2026-04-24,71927,14,764
월드컵경기장역,2026-05-31,2026-03-01 ~ 2026-04-30,2026-04-25,71941,14,778
월드컵경기장역,2026-05-31,2026-03-01 ~ 2026-04-30,2026-04-26,71967,26,804
월드컵경기장역,2026-05-31,2026-03-01 ~ 2026-04-30,2026-04-27,71994,27,831
월드컵경기장역,2026-05-31,2026-03-01 ~ 2026-04-30,2026-04-28,72006,12,843
월드컵경기장역,2026-05-31,2026-03-01 ~ 2026-04-30,2026-04-29,72017,11,854
월드컵경기장역,2026-05-31,2026-03-01 ~ 2026-04-30,2026-04-30,72030,13,867
월드컵경기장역,2026-05-31,2026-03-01 ~ 2026-04-30,2026-05-01,72043,13,880
