역명,납기,사용일,검침일자,지침값,일사용량(톤),납기별 누적사용량(톤)
잠실새내역,2022-02-28,2022-01-01 ~ 2022-01-24,2022-01-02,7614,0,121
잠실새내역,2022-03-31,2022-01-01 ~ 2022-02-24,2022-01-02,7614,0,121
잠실새내역,2022-02-28,2022-01-01 ~ 2022-01-24,2022-01-03,7624,10,131
잠실새내역,2022-03-31,2022-01-01 ~ 2022-02-24,2022-01-03,7624,10,131
잠실새내역,2022-02-28,2022-01-01 ~ 2022-01-24,2022-01-04,7641,17,148
잠실새내역,2022-03-31,2022-01-01 ~ 2022-02-24,2022-01-04,7641,17,148
잠실새내역,2022-02-28,2022-01-01 ~ 2022-01-24,2022-01-05,7659,18,166
잠실새내역,2022-03-31,2022-01-01 ~ 2022-02-24,2022-01-05,7659,18,166
잠실새내역,2022-03-31,2022-01-01 ~ 2022-02-24,2022-01-06,7677,18,184
잠실새내역,2022-02-28,2022-01-01 ~ 2022-01-24,2022-01-06,7677,18,184
잠실새내역,2022-03-31,2022-01-01 ~ 2022-02-24,2022-01-07,7695,18,202
잠실새내역,2022-02-28,2022-01-01 ~ 2022-01-24,2022-01-07,7695,18,202
잠실새내역,2022-03-31,2022-01-01 ~ 2022-02-24,2022-01-08,7715,20,222
잠실새내역,2022-02-28,2022-01-01 ~ 2022-01-24,2022-01-08,7715,20,222
잠실새내역,2022-03-31,2022-01-01 ~ 2022-02-24,2022-01-09,7733,18,240
잠실새내역,2022-02-28,2022-01-01 ~ 2022-01-24,2022-01-09,7733,18,240
잠실새내역,2022-03-31,2022-01-01 ~ 2022-02-24,2022-01-10,7747,14,254
잠실새내역,2022-02-28,2022-01-01 ~ 2022-01-24,2022-01-10,7747,14,254
잠실새내역,2022-03-31,2022-01-01 ~ 2022-02-24,2022-01-11,7770,23,277
잠실새내역,2022-02-28,2022-01-01 ~ 2022-01-24,2022-01-11,7770,23,277
잠실새내역,2022-03-31,2022-01-01 ~ 2022-02-24,2022-01-12,7786,16,293
잠실새내역,2022-02-28,2022-01-01 ~ 2022-01-24,2022-01-12,7786,16,293
잠실새내역,2022-03-31,2022-01-01 ~ 2022-02-24,2022-01-13,7802,16,309
잠실새내역,2022-02-28,2022-01-01 ~ 2022-01-24,2022-01-13,7802,16,309
잠실새내역,2022-03-31,2022-01-01 ~ 2022-02-24,2022-01-14,7819,17,326
잠실새내역,2022-02-28,2022-01-01 ~ 2022-01-24,2022-01-14,7819,17,326
잠실새내역,2022-03-31,2022-01-01 ~ 2022-02-24,2022-01-15,7840,21,347
잠실새내역,2022-02-28,2022-01-01 ~ 2022-01-24,2022-01-15,7840,21,347
잠실새내역,2022-03-31,2022-01-01 ~ 2022-02-24,2022-01-16,7859,19,366
잠실새내역,2022-02-28,2022-01-01 ~ 2022-01-24,2022-01-16,7859,19,366
잠실새내역,2022-02-28,2022-01-01 ~ 2022-01-24,2022-01-17,7871,12,378
잠실새내역,2022-03-31,2022-01-01 ~ 2022-02-24,2022-01-17,7871,12,378
잠실새내역,2022-03-31,2022-01-01 ~ 2022-02-24,2022-01-18,7892,21,399
잠실새내역,2022-02-28,2022-01-01 ~ 2022-01-24,2022-01-18,7892,21,399
잠실새내역,2022-03-31,2022-01-01 ~ 2022-02-24,2022-01-19,7912,20,419
잠실새내역,2022-02-28,2022-01-01 ~ 2022-01-24,2022-01-19,7912,20,419
잠실새내역,2022-02-28,2022-01-01 ~ 2022-01-24,2022-01-20,7930,18,437
잠실새내역,2022-03-31,2022-01-01 ~ 2022-02-24,2022-01-20,7930,18,437
잠실새내역,2022-02-28,2022-01-01 ~ 2022-01-24,2022-01-21,7946,16,453
잠실새내역,2022-03-31,2022-01-01 ~ 2022-02-24,2022-01-21,7946,16,453
잠실새내역,2022-02-28,2022-01-01 ~ 2022-01-24,2022-01-22,7968,22,475
잠실새내역,2022-03-31,2022-01-01 ~ 2022-02-24,2022-01-22,7968,22,475
잠실새내역,2022-02-28,2022-01-01 ~ 2022-01-24,2022-01-23,7988,20,495
잠실새내역,2022-03-31,2022-01-01 ~ 2022-02-24,2022-01-23,7988,20,495
잠실새내역,2022-02-28,2022-01-01 ~ 2022-01-24,2022-01-24,8002,14,509
잠실새내역,2022-03-31,2022-01-01 ~ 2022-02-24,2022-01-24,8002,14,509
잠실새내역,2022-02-28,2022-01-01 ~ 2022-01-24,2022-01-25,8021,19,528
잠실새내역,2022-03-31,2022-01-01 ~ 2022-02-24,2022-01-25,8021,19,528
잠실새내역,2022-03-31,2022-01-01 ~ 2022-02-24,2022-01-26,8039,18,546
잠실새내역,2022-03-31,2022-01-01 ~ 2022-02-24,2022-01-27,8057,18,564
잠실새내역,2022-03-31,2022-01-01 ~ 2022-02-24,2022-01-28,8077,20,584
잠실새내역,2022-03-31,2022-01-01 ~ 2022-02-24,2022-01-29,8096,19,603
잠실새내역,2022-03-31,2022-01-01 ~ 2022-02-24,2022-01-30,8115,19,622
잠실새내역,2022-03-31,2022-01-01 ~ 2022-02-24,2022-01-31,8129,14,636
잠실새내역,2022-03-31,2022-01-01 ~ 2022-02-24,2022-02-01,8138,9,645
잠실새내역,2022-03-31,2022-01-01 ~ 2022-02-24,2022-02-02,8146,8,653
잠실새내역,2022-03-31,2022-01-01 ~ 2022-02-24,2022-02-03,8156,10,663
잠실새내역,2022-03-31,2022-01-01 ~ 2022-02-24,2022-02-04,8175,19,682
잠실새내역,2022-03-31,2022-01-01 ~ 2022-02-24,2022-02-05,8193,18,700
잠실새내역,2022-03-31,2022-01-01 ~ 2022-02-24,2022-02-06,8208,15,715
잠실새내역,2022-03-31,2022-01-01 ~ 2022-02-24,2022-02-07,8220,12,727
잠실새내역,2022-03-31,2022-01-01 ~ 2022-02-24,2022-02-08,8237,17,744
잠실새내역,2022-03-31,2022-01-01 ~ 2022-02-24,2022-02-09,8264,27,771
잠실새내역,2022-03-31,2022-01-01 ~ 2022-02-24,2022-02-10,8285,21,792
잠실새내역,2022-03-31,2022-01-01 ~ 2022-02-24,2022-02-11,8304,19,811
잠실새내역,2022-03-31,2022-01-01 ~ 2022-02-24,2022-02-12,8322,18,829
잠실새내역,2022-03-31,2022-01-01 ~ 2022-02-24,2022-02-13,8340,18,847
잠실새내역,2022-03-31,2022-01-01 ~ 2022-02-24,2022-02-14,8353,13,860
잠실새내역,2022-03-31,2022-01-01 ~ 2022-02-24,2022-02-15,8370,17,877
잠실새내역,2022-03-31,2022-01-01 ~ 2022-02-24,2022-02-16,8390,20,897
잠실새내역,2022-03-31,2022-01-01 ~ 2022-02-24,2022-02-17,8416,26,923
잠실새내역,2022-03-31,2022-01-01 ~ 2022-02-24,2022-02-18,8435,19,942
잠실새내역,2022-03-31,2022-01-01 ~ 2022-02-24,2022-02-19,8454,19,961
잠실새내역,2022-03-31,2022-01-01 ~ 2022-02-24,2022-02-20,8472,18,979
잠실새내역,2022-03-31,2022-01-01 ~ 2022-02-24,2022-02-21,8483,11,990
잠실새내역,2022-03-31,2022-01-01 ~ 2022-02-24,2022-02-22,8501,18,1008
잠실새내역,2022-03-31,2022-01-01 ~ 2022-02-24,2022-02-23,8517,16,1024
잠실새내역,2022-03-31,2022-01-01 ~ 2022-02-24,2022-02-24,8532,15,1039
잠실새내역,2022-03-31,2022-01-01 ~ 2022-02-24,2022-02-25,8548,16,1055
잠실새내역,2022-04-30,2022-02-25 ~ 2022-03-24,2022-02-26,8570,22,22
잠실새내역,2022-05-31,2022-02-25 ~ 2022-04-24,2022-02-26,8570,22,22
잠실새내역,2022-04-30,2022-02-25 ~ 2022-03-24,2022-02-27,8593,23,45
잠실새내역,2022-05-31,2022-02-25 ~ 2022-04-24,2022-02-27,8593,23,45
잠실새내역,2022-05-31,2022-02-25 ~ 2022-04-24,2022-02-28,8612,19,64
잠실새내역,2022-04-30,2022-02-25 ~ 2022-03-24,2022-02-28,8612,19,64
잠실새내역,2022-05-31,2022-02-25 ~ 2022-04-24,2022-03-01,8637,25,89
잠실새내역,2022-04-30,2022-02-25 ~ 2022-03-24,2022-03-01,8637,25,89
잠실새내역,2022-04-30,2022-02-25 ~ 2022-03-24,2022-03-02,8655,18,107
잠실새내역,2022-05-31,2022-02-25 ~ 2022-04-24,2022-03-02,8655,18,107
잠실새내역,2022-04-30,2022-02-25 ~ 2022-03-24,2022-03-03,8680,25,132
잠실새내역,2022-05-31,2022-02-25 ~ 2022-04-24,2022-03-03,8680,25,132
잠실새내역,2022-04-30,2022-02-25 ~ 2022-03-24,2022-03-04,8701,21,153
잠실새내역,2022-05-31,2022-02-25 ~ 2022-04-24,2022-03-04,8701,21,153
잠실새내역,2022-04-30,2022-02-25 ~ 2022-03-24,2022-03-05,8723,22,175
잠실새내역,2022-05-31,2022-02-25 ~ 2022-04-24,2022-03-05,8723,22,175
잠실새내역,2022-04-30,2022-02-25 ~ 2022-03-24,2022-03-06,8742,19,194
잠실새내역,2022-05-31,2022-02-25 ~ 2022-04-24,2022-03-06,8742,19,194
잠실새내역,2022-04-30,2022-02-25 ~ 2022-03-24,2022-03-07,8753,11,205
잠실새내역,2022-05-31,2022-02-25 ~ 2022-04-24,2022-03-07,8753,11,205
잠실새내역,2022-05-31,2022-02-25 ~ 2022-04-24,2022-03-08,8771,18,223
잠실새내역,2022-04-30,2022-02-25 ~ 2022-03-24,2022-03-08,8771,18,223
잠실새내역,2022-04-30,2022-02-25 ~ 2022-03-24,2022-03-09,8791,20,243
잠실새내역,2022-05-31,2022-02-25 ~ 2022-04-24,2022-03-09,8791,20,243
잠실새내역,2022-05-31,2022-02-25 ~ 2022-04-24,2022-03-10,8805,14,257
잠실새내역,2022-04-30,2022-02-25 ~ 2022-03-24,2022-03-10,8805,14,257
잠실새내역,2022-05-31,2022-02-25 ~ 2022-04-24,2022-03-11,8821,16,273
잠실새내역,2022-04-30,2022-02-25 ~ 2022-03-24,2022-03-11,8821,16,273
잠실새내역,2022-04-30,2022-02-25 ~ 2022-03-24,2022-03-12,8839,18,291
잠실새내역,2022-05-31,2022-02-25 ~ 2022-04-24,2022-03-12,8839,18,291
잠실새내역,2022-05-31,2022-02-25 ~ 2022-04-24,2022-03-13,8858,19,310
잠실새내역,2022-04-30,2022-02-25 ~ 2022-03-24,2022-03-13,8858,19,310
잠실새내역,2022-04-30,2022-02-25 ~ 2022-03-24,2022-03-14,8872,14,324
잠실새내역,2022-05-31,2022-02-25 ~ 2022-04-24,2022-03-14,8872,14,324
잠실새내역,2022-04-30,2022-02-25 ~ 2022-03-24,2022-03-15,8887,15,339
잠실새내역,2022-05-31,2022-02-25 ~ 2022-04-24,2022-03-15,8887,15,339
잠실새내역,2022-04-30,2022-02-25 ~ 2022-03-24,2022-03-16,8904,17,356
잠실새내역,2022-05-31,2022-02-25 ~ 2022-04-24,2022-03-16,8904,17,356
잠실새내역,2022-05-31,2022-02-25 ~ 2022-04-24,2022-03-17,8924,20,376
잠실새내역,2022-04-30,2022-02-25 ~ 2022-03-24,2022-03-17,8924,20,376
잠실새내역,2022-05-31,2022-02-25 ~ 2022-04-24,2022-03-18,8941,17,393
잠실새내역,2022-04-30,2022-02-25 ~ 2022-03-24,2022-03-18,8941,17,393
잠실새내역,2022-05-31,2022-02-25 ~ 2022-04-24,2022-03-19,8959,18,411
잠실새내역,2022-04-30,2022-02-25 ~ 2022-03-24,2022-03-19,8959,18,411
잠실새내역,2022-04-30,2022-02-25 ~ 2022-03-24,2022-03-20,8978,19,430
잠실새내역,2022-05-31,2022-02-25 ~ 2022-04-24,2022-03-20,8978,19,430
잠실새내역,2022-04-30,2022-02-25 ~ 2022-03-24,2022-03-21,8990,12,442
잠실새내역,2022-05-31,2022-02-25 ~ 2022-04-24,2022-03-21,8990,12,442
잠실새내역,2022-04-30,2022-02-25 ~ 2022-03-24,2022-03-22,9006,16,458
잠실새내역,2022-05-31,2022-02-25 ~ 2022-04-24,2022-03-22,9006,16,458
잠실새내역,2022-04-30,2022-02-25 ~ 2022-03-24,2022-03-23,9024,18,476
잠실새내역,2022-05-31,2022-02-25 ~ 2022-04-24,2022-03-23,9024,18,476
잠실새내역,2022-04-30,2022-02-25 ~ 2022-03-24,2022-03-24,9044,20,496
잠실새내역,2022-05-31,2022-02-25 ~ 2022-04-24,2022-03-24,9044,20,496
잠실새내역,2022-04-30,2022-02-25 ~ 2022-03-24,2022-03-25,9065,21,517
잠실새내역,2022-05-31,2022-02-25 ~ 2022-04-24,2022-03-25,9065,21,517
잠실새내역,2022-05-31,2022-02-25 ~ 2022-04-24,2022-03-26,9083,18,535
잠실새내역,2022-05-31,2022-02-25 ~ 2022-04-24,2022-03-27,9101,18,553
잠실새내역,2022-05-31,2022-02-25 ~ 2022-04-24,2022-03-28,9115,14,567
잠실새내역,2022-05-31,2022-02-25 ~ 2022-04-24,2022-03-29,9134,19,586
잠실새내역,2022-05-31,2022-02-25 ~ 2022-04-24,2022-03-30,9153,19,605
잠실새내역,2022-05-31,2022-02-25 ~ 2022-04-24,2022-03-31,9170,17,622
잠실새내역,2022-05-31,2022-02-25 ~ 2022-04-24,2022-04-01,9190,20,642
잠실새내역,2022-05-31,2022-02-25 ~ 2022-04-24,2022-04-02,9210,20,662
잠실새내역,2022-05-31,2022-02-25 ~ 2022-04-24,2022-04-03,9236,26,688
잠실새내역,2022-05-31,2022-02-25 ~ 2022-04-24,2022-04-04,9251,15,703
잠실새내역,2022-05-31,2022-02-25 ~ 2022-04-24,2022-04-05,9275,24,727
잠실새내역,2022-05-31,2022-02-25 ~ 2022-04-24,2022-04-06,9301,26,753
잠실새내역,2022-05-31,2022-02-25 ~ 2022-04-24,2022-04-07,9323,22,775
잠실새내역,2022-05-31,2022-02-25 ~ 2022-04-24,2022-04-08,9359,36,811
잠실새내역,2022-05-31,2022-02-25 ~ 2022-04-24,2022-04-09,9385,26,837
잠실새내역,2022-05-31,2022-02-25 ~ 2022-04-24,2022-04-10,9413,28,865
잠실새내역,2022-05-31,2022-02-25 ~ 2022-04-24,2022-04-11,9432,19,884
잠실새내역,2022-05-31,2022-02-25 ~ 2022-04-24,2022-04-12,9451,19,903
잠실새내역,2022-05-31,2022-02-25 ~ 2022-04-24,2022-04-13,9471,20,923
잠실새내역,2022-05-31,2022-02-25 ~ 2022-04-24,2022-04-14,9489,18,941
잠실새내역,2022-05-31,2022-02-25 ~ 2022-04-24,2022-04-15,9510,21,962
잠실새내역,2022-05-31,2022-02-25 ~ 2022-04-24,2022-04-16,9532,22,984
잠실새내역,2022-05-31,2022-02-25 ~ 2022-04-24,2022-04-17,9557,25,1009
잠실새내역,2022-05-31,2022-02-25 ~ 2022-04-24,2022-04-18,9575,18,1027
잠실새내역,2022-05-31,2022-02-25 ~ 2022-04-24,2022-04-19,9595,20,1047
잠실새내역,2022-05-31,2022-02-25 ~ 2022-04-24,2022-04-20,9616,21,1068
잠실새내역,2022-05-31,2022-02-25 ~ 2022-04-24,2022-04-21,9637,21,1089
잠실새내역,2022-05-31,2022-02-25 ~ 2022-04-24,2022-04-22,9659,22,1111
잠실새내역,2022-05-31,2022-02-25 ~ 2022-04-24,2022-04-23,9683,24,1135
잠실새내역,2022-05-31,2022-02-25 ~ 2022-04-24,2022-04-24,9706,23,1158
잠실새내역,2022-05-31,2022-02-25 ~ 2022-04-24,2022-04-25,9726,20,1178
잠실새내역,2022-06-30,2022-04-25 ~ 2022-05-24,2022-04-26,9744,18,18
잠실새내역,2022-07-31,2022-04-25 ~ 2022-06-24,2022-04-26,9744,18,18
잠실새내역,2022-06-30,2022-04-25 ~ 2022-05-24,2022-04-27,9764,20,38
잠실새내역,2022-07-31,2022-04-25 ~ 2022-06-24,2022-04-27,9764,20,38
잠실새내역,2022-06-30,2022-04-25 ~ 2022-05-24,2022-04-28,9786,22,60
잠실새내역,2022-07-31,2022-04-25 ~ 2022-06-24,2022-04-28,9786,22,60
잠실새내역,2022-06-30,2022-04-25 ~ 2022-05-24,2022-04-29,9809,23,83
잠실새내역,2022-07-31,2022-04-25 ~ 2022-06-24,2022-04-29,9809,23,83
잠실새내역,2022-06-30,2022-04-25 ~ 2022-05-24,2022-04-30,9833,24,107
잠실새내역,2022-07-31,2022-04-25 ~ 2022-06-24,2022-04-30,9833,24,107
잠실새내역,2022-07-31,2022-04-25 ~ 2022-06-24,2022-05-01,9860,27,134
잠실새내역,2022-06-30,2022-04-25 ~ 2022-05-24,2022-05-01,9860,27,134
잠실새내역,2022-07-31,2022-04-25 ~ 2022-06-24,2022-05-02,9879,19,153
잠실새내역,2022-06-30,2022-04-25 ~ 2022-05-24,2022-05-02,9879,19,153
잠실새내역,2022-07-31,2022-04-25 ~ 2022-06-24,2022-05-03,9900,21,174
잠실새내역,2022-06-30,2022-04-25 ~ 2022-05-24,2022-05-03,9900,21,174
잠실새내역,2022-07-31,2022-04-25 ~ 2022-06-24,2022-05-04,9926,26,200
잠실새내역,2022-06-30,2022-04-25 ~ 2022-05-24,2022-05-04,9926,26,200
잠실새내역,2022-07-31,2022-04-25 ~ 2022-06-24,2022-05-05,9952,26,226
잠실새내역,2022-06-30,2022-04-25 ~ 2022-05-24,2022-05-05,9952,26,226
잠실새내역,2022-07-31,2022-04-25 ~ 2022-06-24,2022-05-06,9974,22,248
잠실새내역,2022-06-30,2022-04-25 ~ 2022-05-24,2022-05-06,9974,22,248
잠실새내역,2022-07-31,2022-04-25 ~ 2022-06-24,2022-05-07,10000,26,274
잠실새내역,2022-06-30,2022-04-25 ~ 2022-05-24,2022-05-07,10000,26,274
잠실새내역,2022-07-31,2022-04-25 ~ 2022-06-24,2022-05-08,10022,22,296
잠실새내역,2022-06-30,2022-04-25 ~ 2022-05-24,2022-05-08,10022,22,296
잠실새내역,2022-07-31,2022-04-25 ~ 2022-06-24,2022-05-09,10036,14,310
잠실새내역,2022-06-30,2022-04-25 ~ 2022-05-24,2022-05-09,10036,14,310
잠실새내역,2022-07-31,2022-04-25 ~ 2022-06-24,2022-05-10,10056,20,330
잠실새내역,2022-06-30,2022-04-25 ~ 2022-05-24,2022-05-10,10056,20,330
잠실새내역,2022-07-31,2022-04-25 ~ 2022-06-24,2022-05-11,10079,23,353
잠실새내역,2022-06-30,2022-04-25 ~ 2022-05-24,2022-05-11,10079,23,353
잠실새내역,2022-07-31,2022-04-25 ~ 2022-06-24,2022-05-12,10101,22,375
잠실새내역,2022-06-30,2022-04-25 ~ 2022-05-24,2022-05-12,10101,22,375
잠실새내역,2022-07-31,2022-04-25 ~ 2022-06-24,2022-05-13,10125,24,399
잠실새내역,2022-06-30,2022-04-25 ~ 2022-05-24,2022-05-13,10125,24,399
잠실새내역,2022-06-30,2022-04-25 ~ 2022-05-24,2022-05-14,10151,26,425
잠실새내역,2022-07-31,2022-04-25 ~ 2022-06-24,2022-05-14,10151,26,425
잠실새내역,2022-06-30,2022-04-25 ~ 2022-05-24,2022-05-15,10181,30,455
잠실새내역,2022-07-31,2022-04-25 ~ 2022-06-24,2022-05-15,10181,30,455
잠실새내역,2022-06-30,2022-04-25 ~ 2022-05-24,2022-05-16,10203,22,477
잠실새내역,2022-07-31,2022-04-25 ~ 2022-06-24,2022-05-16,10203,22,477
잠실새내역,2022-06-30,2022-04-25 ~ 2022-05-24,2022-05-17,10225,22,499
잠실새내역,2022-07-31,2022-04-25 ~ 2022-06-24,2022-05-17,10225,22,499
잠실새내역,2022-06-30,2022-04-25 ~ 2022-05-24,2022-05-18,10246,21,520
잠실새내역,2022-07-31,2022-04-25 ~ 2022-06-24,2022-05-18,10246,21,520
잠실새내역,2022-06-30,2022-04-25 ~ 2022-05-24,2022-05-19,10270,24,544
잠실새내역,2022-07-31,2022-04-25 ~ 2022-06-24,2022-05-19,10270,24,544
잠실새내역,2022-07-31,2022-04-25 ~ 2022-06-24,2022-05-20,10294,24,568
잠실새내역,2022-06-30,2022-04-25 ~ 2022-05-24,2022-05-20,10294,24,568
잠실새내역,2022-06-30,2022-04-25 ~ 2022-05-24,2022-05-21,10320,26,594
잠실새내역,2022-07-31,2022-04-25 ~ 2022-06-24,2022-05-21,10320,26,594
잠실새내역,2022-06-30,2022-04-25 ~ 2022-05-24,2022-05-22,10350,30,624
잠실새내역,2022-07-31,2022-04-25 ~ 2022-06-24,2022-05-22,10350,30,624
잠실새내역,2022-06-30,2022-04-25 ~ 2022-05-24,2022-05-23,10370,20,644
잠실새내역,2022-07-31,2022-04-25 ~ 2022-06-24,2022-05-23,10370,20,644
잠실새내역,2022-06-30,2022-04-25 ~ 2022-05-24,2022-05-24,10392,22,666
잠실새내역,2022-07-31,2022-04-25 ~ 2022-06-24,2022-05-24,10392,22,666
잠실새내역,2022-06-30,2022-04-25 ~ 2022-05-24,2022-05-25,10413,21,687
잠실새내역,2022-07-31,2022-04-25 ~ 2022-06-24,2022-05-25,10413,21,687
잠실새내역,2022-07-31,2022-04-25 ~ 2022-06-24,2022-05-26,10435,22,709
잠실새내역,2022-07-31,2022-04-25 ~ 2022-06-24,2022-05-27,10457,22,731
잠실새내역,2022-07-31,2022-04-25 ~ 2022-06-24,2022-05-28,10484,27,758
잠실새내역,2022-07-31,2022-04-25 ~ 2022-06-24,2022-05-29,10512,28,786
잠실새내역,2022-07-31,2022-04-25 ~ 2022-06-24,2022-05-30,10529,17,803
잠실새내역,2022-07-31,2022-04-25 ~ 2022-06-24,2022-05-31,10550,21,824
잠실새내역,2022-07-31,2022-04-25 ~ 2022-06-24,2022-06-01,10575,25,849
잠실새내역,2022-07-31,2022-04-25 ~ 2022-06-24,2022-06-02,10596,21,870
잠실새내역,2022-07-31,2022-04-25 ~ 2022-06-24,2022-06-03,10622,26,896
잠실새내역,2022-07-31,2022-04-25 ~ 2022-06-24,2022-06-04,10646,24,920
잠실새내역,2022-07-31,2022-04-25 ~ 2022-06-24,2022-06-05,10672,26,946
잠실새내역,2022-07-31,2022-04-25 ~ 2022-06-24,2022-06-06,10690,18,964
잠실새내역,2022-07-31,2022-04-25 ~ 2022-06-24,2022-06-07,10709,19,983
잠실새내역,2022-07-31,2022-04-25 ~ 2022-06-24,2022-06-08,10730,21,1004
잠실새내역,2022-07-31,2022-04-25 ~ 2022-06-24,2022-06-09,10753,23,1027
잠실새내역,2022-07-31,2022-04-25 ~ 2022-06-24,2022-06-10,10775,22,1049
잠실새내역,2022-07-31,2022-04-25 ~ 2022-06-24,2022-06-11,10799,24,1073
잠실새내역,2022-07-31,2022-04-25 ~ 2022-06-24,2022-06-12,10826,27,1100
잠실새내역,2022-07-31,2022-04-25 ~ 2022-06-24,2022-06-13,10844,18,1118
잠실새내역,2022-07-31,2022-04-25 ~ 2022-06-24,2022-06-14,10864,20,1138
잠실새내역,2022-07-31,2022-04-25 ~ 2022-06-24,2022-06-15,10889,25,1163
잠실새내역,2022-07-31,2022-04-25 ~ 2022-06-24,2022-06-16,10910,21,1184
잠실새내역,2022-07-31,2022-04-25 ~ 2022-06-24,2022-06-17,10933,23,1207
잠실새내역,2022-07-31,2022-04-25 ~ 2022-06-24,2022-06-18,10957,24,1231
잠실새내역,2022-07-31,2022-04-25 ~ 2022-06-24,2022-06-19,10984,27,1258
잠실새내역,2022-07-31,2022-04-25 ~ 2022-06-24,2022-06-20,11002,18,1276
잠실새내역,2022-07-31,2022-04-25 ~ 2022-06-24,2022-06-21,11028,26,1302
잠실새내역,2022-07-31,2022-04-25 ~ 2022-06-24,2022-06-22,11053,25,1327
잠실새내역,2022-07-31,2022-04-25 ~ 2022-06-24,2022-06-23,11088,35,1362
잠실새내역,2022-07-31,2022-04-25 ~ 2022-06-24,2022-06-24,11119,31,1393
잠실새내역,2022-07-31,2022-04-25 ~ 2022-06-24,2022-06-25,11159,40,1433
잠실새내역,2022-09-30,2022-06-25 ~ 2022-08-24,2022-06-26,11197,38,38
잠실새내역,2022-08-31,2022-06-25 ~ 2022-07-24,2022-06-26,11197,38,38
잠실새내역,2022-08-31,2022-06-25 ~ 2022-07-24,2022-06-27,11231,34,72
잠실새내역,2022-09-30,2022-06-25 ~ 2022-08-24,2022-06-27,11231,34,72
잠실새내역,2022-08-31,2022-06-25 ~ 2022-07-24,2022-06-28,11266,35,107
잠실새내역,2022-09-30,2022-06-25 ~ 2022-08-24,2022-06-28,11266,35,107
잠실새내역,2022-08-31,2022-06-25 ~ 2022-07-24,2022-06-29,11300,34,141
잠실새내역,2022-09-30,2022-06-25 ~ 2022-08-24,2022-06-29,11300,34,141
잠실새내역,2022-09-30,2022-06-25 ~ 2022-08-24,2022-06-30,11333,33,174
잠실새내역,2022-08-31,2022-06-25 ~ 2022-07-24,2022-06-30,11333,33,174
잠실새내역,2022-08-31,2022-06-25 ~ 2022-07-24,2022-07-01,11364,31,205
잠실새내역,2022-09-30,2022-06-25 ~ 2022-08-24,2022-07-01,11364,31,205
잠실새내역,2022-08-31,2022-06-25 ~ 2022-07-24,2022-07-02,11401,37,242
잠실새내역,2022-09-30,2022-06-25 ~ 2022-08-24,2022-07-02,11401,37,242
잠실새내역,2022-08-31,2022-06-25 ~ 2022-07-24,2022-07-03,11445,44,286
잠실새내역,2022-09-30,2022-06-25 ~ 2022-08-24,2022-07-03,11445,44,286
잠실새내역,2022-08-31,2022-06-25 ~ 2022-07-24,2022-07-04,11473,28,314
잠실새내역,2022-09-30,2022-06-25 ~ 2022-08-24,2022-07-04,11473,28,314
잠실새내역,2022-09-30,2022-06-25 ~ 2022-08-24,2022-07-05,11512,39,353
잠실새내역,2022-08-31,2022-06-25 ~ 2022-07-24,2022-07-05,11512,39,353
잠실새내역,2022-08-31,2022-06-25 ~ 2022-07-24,2022-07-06,11550,38,391
잠실새내역,2022-09-30,2022-06-25 ~ 2022-08-24,2022-07-06,11550,38,391
잠실새내역,2022-09-30,2022-06-25 ~ 2022-08-24,2022-07-07,11587,37,428
잠실새내역,2022-08-31,2022-06-25 ~ 2022-07-24,2022-07-07,11587,37,428
잠실새내역,2022-09-30,2022-06-25 ~ 2022-08-24,2022-07-08,11622,35,463
잠실새내역,2022-08-31,2022-06-25 ~ 2022-07-24,2022-07-08,11622,35,463
잠실새내역,2022-08-31,2022-06-25 ~ 2022-07-24,2022-07-09,11667,45,508
잠실새내역,2022-09-30,2022-06-25 ~ 2022-08-24,2022-07-09,11667,45,508
잠실새내역,2022-09-30,2022-06-25 ~ 2022-08-24,2022-07-10,11711,44,552
잠실새내역,2022-08-31,2022-06-25 ~ 2022-07-24,2022-07-10,11711,44,552
잠실새내역,2022-09-30,2022-06-25 ~ 2022-08-24,2022-07-11,11749,38,590
잠실새내역,2022-08-31,2022-06-25 ~ 2022-07-24,2022-07-11,11749,38,590
잠실새내역,2022-09-30,2022-06-25 ~ 2022-08-24,2022-07-12,11792,43,633
잠실새내역,2022-08-31,2022-06-25 ~ 2022-07-24,2022-07-12,11792,43,633
잠실새내역,2022-09-30,2022-06-25 ~ 2022-08-24,2022-07-13,11833,41,674
잠실새내역,2022-08-31,2022-06-25 ~ 2022-07-24,2022-07-13,11833,41,674
잠실새내역,2022-08-31,2022-06-25 ~ 2022-07-24,2022-07-14,11874,41,715
잠실새내역,2022-09-30,2022-06-25 ~ 2022-08-24,2022-07-14,11874,41,715
잠실새내역,2022-08-31,2022-06-25 ~ 2022-07-24,2022-07-15,11917,43,758
잠실새내역,2022-09-30,2022-06-25 ~ 2022-08-24,2022-07-15,11917,43,758
잠실새내역,2022-09-30,2022-06-25 ~ 2022-08-24,2022-07-16,11963,46,804
잠실새내역,2022-08-31,2022-06-25 ~ 2022-07-24,2022-07-16,11963,46,804
잠실새내역,2022-08-31,2022-06-25 ~ 2022-07-24,2022-07-17,12005,42,846
잠실새내역,2022-09-30,2022-06-25 ~ 2022-08-24,2022-07-17,12005,42,846
잠실새내역,2022-08-31,2022-06-25 ~ 2022-07-24,2022-07-18,12042,37,883
잠실새내역,2022-09-30,2022-06-25 ~ 2022-08-24,2022-07-18,12042,37,883
잠실새내역,2022-08-31,2022-06-25 ~ 2022-07-24,2022-07-19,12084,42,925
잠실새내역,2022-09-30,2022-06-25 ~ 2022-08-24,2022-07-19,12084,42,925
잠실새내역,2022-08-31,2022-06-25 ~ 2022-07-24,2022-07-20,12126,42,967
잠실새내역,2022-09-30,2022-06-25 ~ 2022-08-24,2022-07-20,12126,42,967
잠실새내역,2022-09-30,2022-06-25 ~ 2022-08-24,2022-07-21,12167,41,1008
잠실새내역,2022-08-31,2022-06-25 ~ 2022-07-24,2022-07-21,12167,41,1008
잠실새내역,2022-09-30,2022-06-25 ~ 2022-08-24,2022-07-22,12209,42,1050
잠실새내역,2022-08-31,2022-06-25 ~ 2022-07-24,2022-07-22,12209,42,1050
잠실새내역,2022-09-30,2022-06-25 ~ 2022-08-24,2022-07-23,12256,47,1097
잠실새내역,2022-08-31,2022-06-25 ~ 2022-07-24,2022-07-23,12256,47,1097
잠실새내역,2022-09-30,2022-06-25 ~ 2022-08-24,2022-07-24,12298,42,1139
잠실새내역,2022-08-31,2022-06-25 ~ 2022-07-24,2022-07-24,12298,42,1139
잠실새내역,2022-09-30,2022-06-25 ~ 2022-08-24,2022-07-25,12328,30,1169
잠실새내역,2022-08-31,2022-06-25 ~ 2022-07-24,2022-07-25,12328,30,1169
잠실새내역,2022-09-30,2022-06-25 ~ 2022-08-24,2022-07-26,12362,34,1203
잠실새내역,2022-09-30,2022-06-25 ~ 2022-08-24,2022-07-27,12399,37,1240
잠실새내역,2022-09-30,2022-06-25 ~ 2022-08-24,2022-07-28,12437,38,1278
잠실새내역,2022-09-30,2022-06-25 ~ 2022-08-24,2022-07-29,12472,35,1313
잠실새내역,2022-09-30,2022-06-25 ~ 2022-08-24,2022-07-30,12508,36,1349
잠실새내역,2022-09-30,2022-06-25 ~ 2022-08-24,2022-07-31,12541,33,1382
잠실새내역,2022-09-30,2022-06-25 ~ 2022-08-24,2022-08-01,12567,26,1408
잠실새내역,2022-09-30,2022-06-25 ~ 2022-08-24,2022-08-02,12600,33,1441
잠실새내역,2022-09-30,2022-06-25 ~ 2022-08-24,2022-08-03,12638,38,1479
잠실새내역,2022-09-30,2022-06-25 ~ 2022-08-24,2022-08-04,12674,36,1515
잠실새내역,2022-09-30,2022-06-25 ~ 2022-08-24,2022-08-05,12710,36,1551
잠실새내역,2022-09-30,2022-06-25 ~ 2022-08-24,2022-08-06,12746,36,1587
잠실새내역,2022-09-30,2022-06-25 ~ 2022-08-24,2022-08-07,12779,33,1620
잠실새내역,2022-09-30,2022-06-25 ~ 2022-08-24,2022-08-08,12808,29,1649
잠실새내역,2022-09-30,2022-06-25 ~ 2022-08-24,2022-08-09,12839,31,1680
잠실새내역,2022-09-30,2022-06-25 ~ 2022-08-24,2022-08-10,12875,36,1716
잠실새내역,2022-09-30,2022-06-25 ~ 2022-08-24,2022-08-11,12917,42,1758
잠실새내역,2022-09-30,2022-06-25 ~ 2022-08-24,2022-08-12,12960,43,1801
잠실새내역,2022-09-30,2022-06-25 ~ 2022-08-24,2022-08-13,13003,43,1844
잠실새내역,2022-09-30,2022-06-25 ~ 2022-08-24,2022-08-14,13050,47,1891
잠실새내역,2022-09-30,2022-06-25 ~ 2022-08-24,2022-08-15,13090,40,1931
잠실새내역,2022-09-30,2022-06-25 ~ 2022-08-24,2022-08-16,13131,41,1972
잠실새내역,2022-09-30,2022-06-25 ~ 2022-08-24,2022-08-17,13171,40,2012
잠실새내역,2022-09-30,2022-06-25 ~ 2022-08-24,2022-08-18,13208,37,2049
잠실새내역,2022-09-30,2022-06-25 ~ 2022-08-24,2022-08-19,13245,37,2086
잠실새내역,2022-09-30,2022-06-25 ~ 2022-08-24,2022-08-20,13280,35,2121
잠실새내역,2022-09-30,2022-06-25 ~ 2022-08-24,2022-08-21,13329,49,2170
잠실새내역,2022-09-30,2022-06-25 ~ 2022-08-24,2022-08-22,13358,29,2199
잠실새내역,2022-09-30,2022-06-25 ~ 2022-08-24,2022-08-23,13393,35,2234
잠실새내역,2022-09-30,2022-06-25 ~ 2022-08-24,2022-08-24,13432,39,2273
잠실새내역,2022-09-30,2022-06-25 ~ 2022-08-24,2022-08-25,13469,37,2310
잠실새내역,2022-11-30,2022-08-25 ~ 2022-10-24,2022-08-26,13506,37,37
잠실새내역,2022-10-31,2022-08-25 ~ 2022-09-24,2022-08-26,13506,37,37
잠실새내역,2022-10-31,2022-08-25 ~ 2022-09-24,2022-08-27,13551,45,82
잠실새내역,2022-11-30,2022-08-25 ~ 2022-10-24,2022-08-27,13551,45,82
잠실새내역,2022-10-31,2022-08-25 ~ 2022-09-24,2022-08-28,13585,34,116
잠실새내역,2022-11-30,2022-08-25 ~ 2022-10-24,2022-08-28,13585,34,116
잠실새내역,2022-10-31,2022-08-25 ~ 2022-09-24,2022-08-29,13606,21,137
잠실새내역,2022-11-30,2022-08-25 ~ 2022-10-24,2022-08-29,13606,21,137
잠실새내역,2022-10-31,2022-08-25 ~ 2022-09-24,2022-08-30,13626,20,157
잠실새내역,2022-11-30,2022-08-25 ~ 2022-10-24,2022-08-30,13626,20,157
잠실새내역,2022-10-31,2022-08-25 ~ 2022-09-24,2022-08-31,13646,20,177
잠실새내역,2022-11-30,2022-08-25 ~ 2022-10-24,2022-08-31,13646,20,177
잠실새내역,2022-10-31,2022-08-25 ~ 2022-09-24,2022-09-01,13674,28,205
잠실새내역,2022-11-30,2022-08-25 ~ 2022-10-24,2022-09-01,13674,28,205
잠실새내역,2022-11-30,2022-08-25 ~ 2022-10-24,2022-09-02,13710,36,241
잠실새내역,2022-10-31,2022-08-25 ~ 2022-09-24,2022-09-02,13710,36,241
잠실새내역,2022-11-30,2022-08-25 ~ 2022-10-24,2022-09-03,13751,41,282
잠실새내역,2022-10-31,2022-08-25 ~ 2022-09-24,2022-09-03,13751,41,282
잠실새내역,2022-11-30,2022-08-25 ~ 2022-10-24,2022-09-04,13794,43,325
잠실새내역,2022-10-31,2022-08-25 ~ 2022-09-24,2022-09-04,13794,43,325
잠실새내역,2022-11-30,2022-08-25 ~ 2022-10-24,2022-09-05,13816,22,347
잠실새내역,2022-10-31,2022-08-25 ~ 2022-09-24,2022-09-05,13816,22,347
잠실새내역,2022-10-31,2022-08-25 ~ 2022-09-24,2022-09-06,13848,32,379
잠실새내역,2022-11-30,2022-08-25 ~ 2022-10-24,2022-09-06,13848,32,379
잠실새내역,2022-11-30,2022-08-25 ~ 2022-10-24,2022-09-07,13883,35,414
잠실새내역,2022-10-31,2022-08-25 ~ 2022-09-24,2022-09-07,13883,35,414
잠실새내역,2022-11-30,2022-08-25 ~ 2022-10-24,2022-09-08,13912,29,443
잠실새내역,2022-10-31,2022-08-25 ~ 2022-09-24,2022-09-08,13912,29,443
잠실새내역,2022-11-30,2022-08-25 ~ 2022-10-24,2022-09-09,13945,33,476
잠실새내역,2022-10-31,2022-08-25 ~ 2022-09-24,2022-09-09,13945,33,476
잠실새내역,2022-11-30,2022-08-25 ~ 2022-10-24,2022-09-10,13969,24,500
잠실새내역,2022-10-31,2022-08-25 ~ 2022-09-24,2022-09-10,13969,24,500
잠실새내역,2022-10-31,2022-08-25 ~ 2022-09-24,2022-09-11,13983,14,514
잠실새내역,2022-11-30,2022-08-25 ~ 2022-10-24,2022-09-11,13983,14,514
잠실새내역,2022-11-30,2022-08-25 ~ 2022-10-24,2022-09-12,14000,17,531
잠실새내역,2022-10-31,2022-08-25 ~ 2022-09-24,2022-09-12,14000,17,531
잠실새내역,2022-11-30,2022-08-25 ~ 2022-10-24,2022-09-13,14018,18,549
잠실새내역,2022-10-31,2022-08-25 ~ 2022-09-24,2022-09-13,14018,18,549
잠실새내역,2022-11-30,2022-08-25 ~ 2022-10-24,2022-09-14,14045,27,576
잠실새내역,2022-10-31,2022-08-25 ~ 2022-09-24,2022-09-14,14045,27,576
잠실새내역,2022-11-30,2022-08-25 ~ 2022-10-24,2022-09-15,14080,35,611
잠실새내역,2022-10-31,2022-08-25 ~ 2022-09-24,2022-09-15,14080,35,611
잠실새내역,2022-11-30,2022-08-25 ~ 2022-10-24,2022-09-16,14107,27,638
잠실새내역,2022-10-31,2022-08-25 ~ 2022-09-24,2022-09-16,14107,27,638
잠실새내역,2022-11-30,2022-08-25 ~ 2022-10-24,2022-09-17,14143,36,674
잠실새내역,2022-10-31,2022-08-25 ~ 2022-09-24,2022-09-17,14143,36,674
잠실새내역,2022-11-30,2022-08-25 ~ 2022-10-24,2022-09-18,14185,42,716
잠실새내역,2022-10-31,2022-08-25 ~ 2022-09-24,2022-09-18,14185,42,716
잠실새내역,2022-10-31,2022-08-25 ~ 2022-09-24,2022-09-19,14218,33,749
잠실새내역,2022-11-30,2022-08-25 ~ 2022-10-24,2022-09-19,14218,33,749
잠실새내역,2022-11-30,2022-08-25 ~ 2022-10-24,2022-09-20,14252,34,783
잠실새내역,2022-10-31,2022-08-25 ~ 2022-09-24,2022-09-20,14252,34,783
잠실새내역,2022-11-30,2022-08-25 ~ 2022-10-24,2022-09-21,14277,25,808
잠실새내역,2022-10-31,2022-08-25 ~ 2022-09-24,2022-09-21,14277,25,808
잠실새내역,2022-10-31,2022-08-25 ~ 2022-09-24,2022-09-22,14302,25,833
잠실새내역,2022-11-30,2022-08-25 ~ 2022-10-24,2022-09-22,14302,25,833
잠실새내역,2022-11-30,2022-08-25 ~ 2022-10-24,2022-09-23,14331,29,862
잠실새내역,2022-10-31,2022-08-25 ~ 2022-09-24,2022-09-23,14331,29,862
잠실새내역,2022-10-31,2022-08-25 ~ 2022-09-24,2022-09-24,14359,28,890
잠실새내역,2022-11-30,2022-08-25 ~ 2022-10-24,2022-09-24,14359,28,890
잠실새내역,2022-11-30,2022-08-25 ~ 2022-10-24,2022-09-25,14390,31,921
잠실새내역,2022-10-31,2022-08-25 ~ 2022-09-24,2022-09-25,14390,31,921
잠실새내역,2022-11-30,2022-08-25 ~ 2022-10-24,2022-09-26,14412,22,943
잠실새내역,2022-11-30,2022-08-25 ~ 2022-10-24,2022-09-27,14435,23,966
잠실새내역,2022-11-30,2022-08-25 ~ 2022-10-24,2022-09-28,14459,24,990
잠실새내역,2022-11-30,2022-08-25 ~ 2022-10-24,2022-09-29,14482,23,1013
잠실새내역,2022-11-30,2022-08-25 ~ 2022-10-24,2022-09-30,14508,26,1039
잠실새내역,2022-11-30,2022-08-25 ~ 2022-10-24,2022-10-01,14533,25,1064
잠실새내역,2022-11-30,2022-08-25 ~ 2022-10-24,2022-10-02,14562,29,1093
잠실새내역,2022-11-30,2022-08-25 ~ 2022-10-24,2022-10-03,14583,21,1114
잠실새내역,2022-11-30,2022-08-25 ~ 2022-10-24,2022-10-04,14605,22,1136
잠실새내역,2022-11-30,2022-08-25 ~ 2022-10-24,2022-10-05,14633,28,1164
잠실새내역,2022-11-30,2022-08-25 ~ 2022-10-24,2022-10-06,14659,26,1190
잠실새내역,2022-11-30,2022-08-25 ~ 2022-10-24,2022-10-07,14686,27,1217
잠실새내역,2022-11-30,2022-08-25 ~ 2022-10-24,2022-10-08,14716,30,1247
잠실새내역,2022-11-30,2022-08-25 ~ 2022-10-24,2022-10-09,14746,30,1277
잠실새내역,2022-11-30,2022-08-25 ~ 2022-10-24,2022-10-10,14765,19,1296
잠실새내역,2022-11-30,2022-08-25 ~ 2022-10-24,2022-10-11,14785,20,1316
잠실새내역,2022-11-30,2022-08-25 ~ 2022-10-24,2022-10-12,14810,25,1341
잠실새내역,2022-11-30,2022-08-25 ~ 2022-10-24,2022-10-13,14835,25,1366
잠실새내역,2022-11-30,2022-08-25 ~ 2022-10-24,2022-10-14,14860,25,1391
잠실새내역,2022-11-30,2022-08-25 ~ 2022-10-24,2022-10-15,14886,26,1417
잠실새내역,2022-11-30,2022-08-25 ~ 2022-10-24,2022-10-16,14913,27,1444
잠실새내역,2022-11-30,2022-08-25 ~ 2022-10-24,2022-10-17,14929,16,1460
잠실새내역,2022-11-30,2022-08-25 ~ 2022-10-24,2022-10-18,14953,24,1484
잠실새내역,2022-11-30,2022-08-25 ~ 2022-10-24,2022-10-19,14978,25,1509
잠실새내역,2022-11-30,2022-08-25 ~ 2022-10-24,2022-10-20,15002,24,1533
잠실새내역,2022-11-30,2022-08-25 ~ 2022-10-24,2022-10-21,15025,23,1556
잠실새내역,2022-11-30,2022-08-25 ~ 2022-10-24,2022-10-22,15055,30,1586
잠실새내역,2022-11-30,2022-08-25 ~ 2022-10-24,2022-10-23,15085,30,1616
잠실새내역,2022-11-30,2022-08-25 ~ 2022-10-24,2022-10-24,15107,22,1638
잠실새내역,2022-11-30,2022-08-25 ~ 2022-10-24,2022-10-25,15132,25,1663
잠실새내역,2022-12-31,2022-10-25 ~ 2022-11-24,2022-10-26,15157,25,25
잠실새내역,2023-01-31,2022-10-25 ~ 2022-12-24,2022-10-26,15157,25,25
잠실새내역,2022-12-31,2022-10-25 ~ 2022-11-24,2022-10-27,15182,25,50
잠실새내역,2023-01-31,2022-10-25 ~ 2022-12-24,2022-10-27,15182,25,50
잠실새내역,2022-12-31,2022-10-25 ~ 2022-11-24,2022-10-28,15207,25,75
잠실새내역,2023-01-31,2022-10-25 ~ 2022-12-24,2022-10-28,15207,25,75
잠실새내역,2022-12-31,2022-10-25 ~ 2022-11-24,2022-10-29,15238,31,106
잠실새내역,2023-01-31,2022-10-25 ~ 2022-12-24,2022-10-29,15238,31,106
잠실새내역,2022-12-31,2022-10-25 ~ 2022-11-24,2022-10-30,15267,29,135
잠실새내역,2023-01-31,2022-10-25 ~ 2022-12-24,2022-10-30,15267,29,135
잠실새내역,2022-12-31,2022-10-25 ~ 2022-11-24,2022-10-31,15287,20,155
잠실새내역,2023-01-31,2022-10-25 ~ 2022-12-24,2022-10-31,15287,20,155
잠실새내역,2022-12-31,2022-10-25 ~ 2022-11-24,2022-11-01,15311,24,179
잠실새내역,2023-01-31,2022-10-25 ~ 2022-12-24,2022-11-01,15311,24,179
잠실새내역,2022-12-31,2022-10-25 ~ 2022-11-24,2022-11-02,15336,25,204
잠실새내역,2023-01-31,2022-10-25 ~ 2022-12-24,2022-11-02,15336,25,204
잠실새내역,2023-01-31,2022-10-25 ~ 2022-12-24,2022-11-03,15364,28,232
잠실새내역,2022-12-31,2022-10-25 ~ 2022-11-24,2022-11-03,15364,28,232
잠실새내역,2023-01-31,2022-10-25 ~ 2022-12-24,2022-11-04,15393,29,261
잠실새내역,2022-12-31,2022-10-25 ~ 2022-11-24,2022-11-04,15393,29,261
잠실새내역,2022-12-31,2022-10-25 ~ 2022-11-24,2022-11-05,15421,28,289
잠실새내역,2023-01-31,2022-10-25 ~ 2022-12-24,2022-11-05,15421,28,289
잠실새내역,2023-01-31,2022-10-25 ~ 2022-12-24,2022-11-06,15449,28,317
잠실새내역,2022-12-31,2022-10-25 ~ 2022-11-24,2022-11-06,15449,28,317
잠실새내역,2022-12-31,2022-10-25 ~ 2022-11-24,2022-11-07,15469,20,337
잠실새내역,2023-01-31,2022-10-25 ~ 2022-12-24,2022-11-07,15469,20,337
잠실새내역,2022-12-31,2022-10-25 ~ 2022-11-24,2022-11-08,15492,23,360
잠실새내역,2023-01-31,2022-10-25 ~ 2022-12-24,2022-11-08,15492,23,360
잠실새내역,2022-12-31,2022-10-25 ~ 2022-11-24,2022-11-09,15518,26,386
잠실새내역,2023-01-31,2022-10-25 ~ 2022-12-24,2022-11-09,15518,26,386
잠실새내역,2022-12-31,2022-10-25 ~ 2022-11-24,2022-11-10,15545,27,413
잠실새내역,2023-01-31,2022-10-25 ~ 2022-12-24,2022-11-10,15545,27,413
잠실새내역,2022-12-31,2022-10-25 ~ 2022-11-24,2022-11-11,15571,26,439
잠실새내역,2023-01-31,2022-10-25 ~ 2022-12-24,2022-11-11,15571,26,439
잠실새내역,2023-01-31,2022-10-25 ~ 2022-12-24,2022-11-12,15597,26,465
잠실새내역,2022-12-31,2022-10-25 ~ 2022-11-24,2022-11-12,15597,26,465
잠실새내역,2022-12-31,2022-10-25 ~ 2022-11-24,2022-11-13,15621,24,489
잠실새내역,2023-01-31,2022-10-25 ~ 2022-12-24,2022-11-13,15621,24,489
잠실새내역,2022-12-31,2022-10-25 ~ 2022-11-24,2022-11-14,15640,19,508
잠실새내역,2023-01-31,2022-10-25 ~ 2022-12-24,2022-11-14,15640,19,508
잠실새내역,2022-12-31,2022-10-25 ~ 2022-11-24,2022-11-15,15666,26,534
잠실새내역,2023-01-31,2022-10-25 ~ 2022-12-24,2022-11-15,15666,26,534
잠실새내역,2022-12-31,2022-10-25 ~ 2022-11-24,2022-11-16,15693,27,561
잠실새내역,2023-01-31,2022-10-25 ~ 2022-12-24,2022-11-16,15693,27,561
잠실새내역,2022-12-31,2022-10-25 ~ 2022-11-24,2022-11-17,15720,27,588
잠실새내역,2023-01-31,2022-10-25 ~ 2022-12-24,2022-11-17,15720,27,588
잠실새내역,2022-12-31,2022-10-25 ~ 2022-11-24,2022-11-18,15744,24,612
잠실새내역,2023-01-31,2022-10-25 ~ 2022-12-24,2022-11-18,15744,24,612
잠실새내역,2023-01-31,2022-10-25 ~ 2022-12-24,2022-11-19,15772,28,640
잠실새내역,2022-12-31,2022-10-25 ~ 2022-11-24,2022-11-19,15772,28,640
잠실새내역,2023-01-31,2022-10-25 ~ 2022-12-24,2022-11-20,15802,30,670
잠실새내역,2022-12-31,2022-10-25 ~ 2022-11-24,2022-11-20,15802,30,670
잠실새내역,2022-12-31,2022-10-25 ~ 2022-11-24,2022-11-21,15825,23,693
잠실새내역,2023-01-31,2022-10-25 ~ 2022-12-24,2022-11-21,15825,23,693
잠실새내역,2022-12-31,2022-10-25 ~ 2022-11-24,2022-11-22,15849,24,717
잠실새내역,2023-01-31,2022-10-25 ~ 2022-12-24,2022-11-22,15849,24,717
잠실새내역,2023-01-31,2022-10-25 ~ 2022-12-24,2022-11-23,15878,29,746
잠실새내역,2022-12-31,2022-10-25 ~ 2022-11-24,2022-11-23,15878,29,746
잠실새내역,2022-12-31,2022-10-25 ~ 2022-11-24,2022-11-24,15904,26,772
잠실새내역,2023-01-31,2022-10-25 ~ 2022-12-24,2022-11-24,15904,26,772
잠실새내역,2023-01-31,2022-10-25 ~ 2022-12-24,2022-11-25,15929,25,797
잠실새내역,2022-12-31,2022-10-25 ~ 2022-11-24,2022-11-25,15929,25,797
잠실새내역,2023-01-31,2022-10-25 ~ 2022-12-24,2022-11-26,15931,2,799
잠실새내역,2023-01-31,2022-10-25 ~ 2022-12-24,2022-11-27,15983,52,851
잠실새내역,2023-01-31,2022-10-25 ~ 2022-12-24,2022-11-28,16003,20,871
잠실새내역,2023-01-31,2022-10-25 ~ 2022-12-24,2022-11-29,16025,22,893
잠실새내역,2023-01-31,2022-10-25 ~ 2022-12-24,2022-11-30,16049,24,917
잠실새내역,2023-01-31,2022-10-25 ~ 2022-12-24,2022-12-01,16070,21,938
잠실새내역,2023-01-31,2022-10-25 ~ 2022-12-24,2022-12-02,16094,24,962
잠실새내역,2023-01-31,2022-10-25 ~ 2022-12-24,2022-12-03,16125,31,993
잠실새내역,2023-01-31,2022-10-25 ~ 2022-12-24,2022-12-04,16155,30,1023
잠실새내역,2023-01-31,2022-10-25 ~ 2022-12-24,2022-12-05,16175,20,1043
잠실새내역,2023-01-31,2022-10-25 ~ 2022-12-24,2022-12-06,16197,22,1065
잠실새내역,2023-01-31,2022-10-25 ~ 2022-12-24,2022-12-07,16219,22,1087
잠실새내역,2023-01-31,2022-10-25 ~ 2022-12-24,2022-12-08,16246,27,1114
잠실새내역,2023-01-31,2022-10-25 ~ 2022-12-24,2022-12-09,16270,24,1138
잠실새내역,2023-01-31,2022-10-25 ~ 2022-12-24,2022-12-10,16296,26,1164
잠실새내역,2023-01-31,2022-10-25 ~ 2022-12-24,2022-12-11,16324,28,1192
잠실새내역,2023-01-31,2022-10-25 ~ 2022-12-24,2022-12-12,16343,19,1211
잠실새내역,2023-01-31,2022-10-25 ~ 2022-12-24,2022-12-13,16367,24,1235
잠실새내역,2023-01-31,2022-10-25 ~ 2022-12-24,2022-12-14,16391,24,1259
잠실새내역,2023-01-31,2022-10-25 ~ 2022-12-24,2022-12-15,16411,20,1279
잠실새내역,2023-01-31,2022-10-25 ~ 2022-12-24,2022-12-16,16433,22,1301
잠실새내역,2023-01-31,2022-10-25 ~ 2022-12-24,2022-12-17,16459,26,1327
잠실새내역,2023-01-31,2022-10-25 ~ 2022-12-24,2022-12-18,16483,24,1351
잠실새내역,2023-01-31,2022-10-25 ~ 2022-12-24,2022-12-19,16498,15,1366
잠실새내역,2023-01-31,2022-10-25 ~ 2022-12-24,2022-12-20,16518,20,1386
잠실새내역,2023-01-31,2022-10-25 ~ 2022-12-24,2022-12-21,16541,23,1409
잠실새내역,2023-01-31,2022-10-25 ~ 2022-12-24,2022-12-22,16562,21,1430
잠실새내역,2023-01-31,2022-10-25 ~ 2022-12-24,2022-12-23,16586,24,1454
잠실새내역,2023-01-31,2022-10-25 ~ 2022-12-24,2022-12-24,16610,24,1478
잠실새내역,2023-01-31,2022-10-25 ~ 2022-12-24,2022-12-25,16632,22,1500
잠실새내역,2023-03-31,2022-12-25 ~ 2023-02-24,2022-12-26,16652,20,20
잠실새내역,2023-02-28,2022-12-25 ~ 2023-01-24,2022-12-26,16652,20,20
잠실새내역,2023-02-28,2022-12-25 ~ 2023-01-24,2022-12-27,16673,21,41
잠실새내역,2023-03-31,2022-12-25 ~ 2023-02-24,2022-12-27,16673,21,41
잠실새내역,2023-03-31,2022-12-25 ~ 2023-02-24,2022-12-28,16695,22,63
잠실새내역,2023-02-28,2022-12-25 ~ 2023-01-24,2022-12-28,16695,22,63
잠실새내역,2023-03-31,2022-12-25 ~ 2023-02-24,2022-12-29,16718,23,86
잠실새내역,2023-02-28,2022-12-25 ~ 2023-01-24,2022-12-29,16718,23,86
잠실새내역,2023-03-31,2022-12-25 ~ 2023-02-24,2022-12-30,16742,24,110
잠실새내역,2023-02-28,2022-12-25 ~ 2023-01-24,2022-12-30,16742,24,110
잠실새내역,2023-02-28,2022-12-25 ~ 2023-01-24,2022-12-31,16766,24,134
잠실새내역,2023-03-31,2022-12-25 ~ 2023-02-24,2022-12-31,16766,24,134
잠실새내역,2023-02-28,2022-12-25 ~ 2023-01-24,2023-01-01,16789,23,157
잠실새내역,2023-03-31,2022-12-25 ~ 2023-02-24,2023-01-01,16789,23,157
잠실새내역,2023-03-31,2022-12-25 ~ 2023-02-24,2023-01-02,16806,17,174
잠실새내역,2023-02-28,2022-12-25 ~ 2023-01-24,2023-01-02,16806,17,174
잠실새내역,2023-02-28,2022-12-25 ~ 2023-01-24,2023-01-03,16826,20,194
잠실새내역,2023-03-31,2022-12-25 ~ 2023-02-24,2023-01-03,16826,20,194
잠실새내역,2023-03-31,2022-12-25 ~ 2023-02-24,2023-01-04,16847,21,215
잠실새내역,2023-02-28,2022-12-25 ~ 2023-01-24,2023-01-04,16847,21,215
잠실새내역,2023-02-28,2022-12-25 ~ 2023-01-24,2023-01-05,16869,22,237
잠실새내역,2023-03-31,2022-12-25 ~ 2023-02-24,2023-01-05,16869,22,237
잠실새내역,2023-02-28,2022-12-25 ~ 2023-01-24,2023-01-06,16894,25,262
잠실새내역,2023-03-31,2022-12-25 ~ 2023-02-24,2023-01-06,16894,25,262
잠실새내역,2023-02-28,2022-12-25 ~ 2023-01-24,2023-01-07,16923,29,291
잠실새내역,2023-03-31,2022-12-25 ~ 2023-02-24,2023-01-07,16923,29,291
잠실새내역,2023-02-28,2022-12-25 ~ 2023-01-24,2023-01-08,16949,26,317
잠실새내역,2023-03-31,2022-12-25 ~ 2023-02-24,2023-01-08,16949,26,317
잠실새내역,2023-02-28,2022-12-25 ~ 2023-01-24,2023-01-09,16969,20,337
잠실새내역,2023-03-31,2022-12-25 ~ 2023-02-24,2023-01-09,16969,20,337
잠실새내역,2023-03-31,2022-12-25 ~ 2023-02-24,2023-01-10,16990,21,358
잠실새내역,2023-02-28,2022-12-25 ~ 2023-01-24,2023-01-10,16990,21,358
잠실새내역,2023-02-28,2022-12-25 ~ 2023-01-24,2023-01-11,17014,24,382
잠실새내역,2023-03-31,2022-12-25 ~ 2023-02-24,2023-01-11,17014,24,382
잠실새내역,2023-03-31,2022-12-25 ~ 2023-02-24,2023-01-12,17037,23,405
잠실새내역,2023-02-28,2022-12-25 ~ 2023-01-24,2023-01-12,17037,23,405
잠실새내역,2023-03-31,2022-12-25 ~ 2023-02-24,2023-01-13,17063,26,431
잠실새내역,2023-02-28,2022-12-25 ~ 2023-01-24,2023-01-13,17063,26,431
잠실새내역,2023-03-31,2022-12-25 ~ 2023-02-24,2023-01-14,17088,25,456
잠실새내역,2023-02-28,2022-12-25 ~ 2023-01-24,2023-01-14,17088,25,456
잠실새내역,2023-03-31,2022-12-25 ~ 2023-02-24,2023-01-15,17113,25,481
잠실새내역,2023-02-28,2022-12-25 ~ 2023-01-24,2023-01-15,17113,25,481
잠실새내역,2023-03-31,2022-12-25 ~ 2023-02-24,2023-01-16,17132,19,500
잠실새내역,2023-02-28,2022-12-25 ~ 2023-01-24,2023-01-16,17132,19,500
잠실새내역,2023-03-31,2022-12-25 ~ 2023-02-24,2023-01-17,17152,20,520
잠실새내역,2023-02-28,2022-12-25 ~ 2023-01-24,2023-01-17,17152,20,520
잠실새내역,2023-03-31,2022-12-25 ~ 2023-02-24,2023-01-18,17174,22,542
잠실새내역,2023-02-28,2022-12-25 ~ 2023-01-24,2023-01-18,17174,22,542
잠실새내역,2023-02-28,2022-12-25 ~ 2023-01-24,2023-01-19,17197,23,565
잠실새내역,2023-03-31,2022-12-25 ~ 2023-02-24,2023-01-19,17197,23,565
잠실새내역,2023-02-28,2022-12-25 ~ 2023-01-24,2023-01-20,17223,26,591
잠실새내역,2023-03-31,2022-12-25 ~ 2023-02-24,2023-01-20,17223,26,591
잠실새내역,2023-02-28,2022-12-25 ~ 2023-01-24,2023-01-21,17247,24,615
잠실새내역,2023-03-31,2022-12-25 ~ 2023-02-24,2023-01-21,17247,24,615
잠실새내역,2023-02-28,2022-12-25 ~ 2023-01-24,2023-01-22,17261,14,629
잠실새내역,2023-03-31,2022-12-25 ~ 2023-02-24,2023-01-22,17261,14,629
잠실새내역,2023-02-28,2022-12-25 ~ 2023-01-24,2023-01-23,17272,11,640
잠실새내역,2023-03-31,2022-12-25 ~ 2023-02-24,2023-01-23,17272,11,640
잠실새내역,2023-02-28,2022-12-25 ~ 2023-01-24,2023-01-24,17286,14,654
잠실새내역,2023-03-31,2022-12-25 ~ 2023-02-24,2023-01-24,17286,14,654
잠실새내역,2023-03-31,2022-12-25 ~ 2023-02-24,2023-01-25,17299,13,667
잠실새내역,2023-02-28,2022-12-25 ~ 2023-01-24,2023-01-25,17299,13,667
잠실새내역,2023-03-31,2022-12-25 ~ 2023-02-24,2023-01-26,17319,20,687
잠실새내역,2023-03-31,2022-12-25 ~ 2023-02-24,2023-01-27,17343,24,711
잠실새내역,2023-03-31,2022-12-25 ~ 2023-02-24,2023-01-28,17368,25,736
잠실새내역,2023-03-31,2022-12-25 ~ 2023-02-24,2023-01-29,17393,25,761
잠실새내역,2023-03-31,2022-12-25 ~ 2023-02-24,2023-01-30,17411,18,779
잠실새내역,2023-03-31,2022-12-25 ~ 2023-02-24,2023-01-31,17436,25,804
잠실새내역,2023-03-31,2022-12-25 ~ 2023-02-24,2023-02-01,17459,23,827
잠실새내역,2023-03-31,2022-12-25 ~ 2023-02-24,2023-02-02,17484,25,852
잠실새내역,2023-03-31,2022-12-25 ~ 2023-02-24,2023-02-03,17508,24,876
잠실새내역,2023-03-31,2022-12-25 ~ 2023-02-24,2023-02-04,17535,27,903
잠실새내역,2023-03-31,2022-12-25 ~ 2023-02-24,2023-02-05,17566,31,934
잠실새내역,2023-03-31,2022-12-25 ~ 2023-02-24,2023-02-06,17586,20,954
잠실새내역,2023-03-31,2022-12-25 ~ 2023-02-24,2023-02-07,17610,24,978
잠실새내역,2023-03-31,2022-12-25 ~ 2023-02-24,2023-02-08,17637,27,1005
잠실새내역,2023-03-31,2022-12-25 ~ 2023-02-24,2023-02-09,17662,25,1030
잠실새내역,2023-03-31,2022-12-25 ~ 2023-02-24,2023-02-10,17686,24,1054
잠실새내역,2023-03-31,2022-12-25 ~ 2023-02-24,2023-02-11,17715,29,1083
잠실새내역,2023-03-31,2022-12-25 ~ 2023-02-24,2023-02-12,17744,29,1112
잠실새내역,2023-03-31,2022-12-25 ~ 2023-02-24,2023-02-13,17765,21,1133
잠실새내역,2023-03-31,2022-12-25 ~ 2023-02-24,2023-02-14,17790,25,1158
잠실새내역,2023-03-31,2022-12-25 ~ 2023-02-24,2023-02-15,17816,26,1184
잠실새내역,2023-03-31,2022-12-25 ~ 2023-02-24,2023-02-16,17842,26,1210
잠실새내역,2023-03-31,2022-12-25 ~ 2023-02-24,2023-02-17,17870,28,1238
잠실새내역,2023-03-31,2022-12-25 ~ 2023-02-24,2023-02-18,17897,27,1265
잠실새내역,2023-03-31,2022-12-25 ~ 2023-02-24,2023-02-19,17929,32,1297
잠실새내역,2023-03-31,2022-12-25 ~ 2023-02-24,2023-02-20,17950,21,1318
잠실새내역,2023-03-31,2022-12-25 ~ 2023-02-24,2023-02-21,17981,31,1349
잠실새내역,2023-03-31,2022-12-25 ~ 2023-02-24,2023-02-22,18008,27,1376
잠실새내역,2023-03-31,2022-12-25 ~ 2023-02-24,2023-02-23,18041,33,1409
잠실새내역,2023-03-31,2022-12-25 ~ 2023-02-24,2023-02-24,18069,28,1437
잠실새내역,2023-03-31,2022-12-25 ~ 2023-02-24,2023-02-25,18104,35,1472
잠실새내역,2023-04-30,2023-02-25 ~ 2023-03-24,2023-02-26,18130,26,26
잠실새내역,2023-05-31,2023-02-25 ~ 2023-04-24,2023-02-26,18130,26,26
잠실새내역,2023-04-30,2023-02-25 ~ 2023-03-24,2023-02-27,18155,25,51
잠실새내역,2023-05-31,2023-02-25 ~ 2023-04-24,2023-02-27,18155,25,51
잠실새내역,2023-04-30,2023-02-25 ~ 2023-03-24,2023-02-28,18180,25,76
잠실새내역,2023-05-31,2023-02-25 ~ 2023-04-24,2023-02-28,18180,25,76
잠실새내역,2023-04-30,2023-02-25 ~ 2023-03-24,2023-03-01,18210,30,106
잠실새내역,2023-05-31,2023-02-25 ~ 2023-04-24,2023-03-01,18210,30,106
잠실새내역,2023-04-30,2023-02-25 ~ 2023-03-24,2023-03-02,18237,27,133
잠실새내역,2023-05-31,2023-02-25 ~ 2023-04-24,2023-03-02,18237,27,133
잠실새내역,2023-05-31,2023-02-25 ~ 2023-04-24,2023-03-03,18269,32,165
잠실새내역,2023-04-30,2023-02-25 ~ 2023-03-24,2023-03-03,18269,32,165
잠실새내역,2023-04-30,2023-02-25 ~ 2023-03-24,2023-03-04,18299,30,195
잠실새내역,2023-05-31,2023-02-25 ~ 2023-04-24,2023-03-04,18299,30,195
잠실새내역,2023-04-30,2023-02-25 ~ 2023-03-24,2023-03-05,18332,33,228
잠실새내역,2023-05-31,2023-02-25 ~ 2023-04-24,2023-03-05,18332,33,228
잠실새내역,2023-05-31,2023-02-25 ~ 2023-04-24,2023-03-06,18355,23,251
잠실새내역,2023-04-30,2023-02-25 ~ 2023-03-24,2023-03-06,18355,23,251
잠실새내역,2023-04-30,2023-02-25 ~ 2023-03-24,2023-03-07,18379,24,275
잠실새내역,2023-05-31,2023-02-25 ~ 2023-04-24,2023-03-07,18379,24,275
잠실새내역,2023-05-31,2023-02-25 ~ 2023-04-24,2023-03-08,18408,29,304
잠실새내역,2023-04-30,2023-02-25 ~ 2023-03-24,2023-03-08,18408,29,304
잠실새내역,2023-05-31,2023-02-25 ~ 2023-04-24,2023-03-09,18438,30,334
잠실새내역,2023-04-30,2023-02-25 ~ 2023-03-24,2023-03-09,18438,30,334
잠실새내역,2023-05-31,2023-02-25 ~ 2023-04-24,2023-03-10,18465,27,361
잠실새내역,2023-04-30,2023-02-25 ~ 2023-03-24,2023-03-10,18465,27,361
잠실새내역,2023-05-31,2023-02-25 ~ 2023-04-24,2023-03-11,18495,30,391
잠실새내역,2023-04-30,2023-02-25 ~ 2023-03-24,2023-03-11,18495,30,391
잠실새내역,2023-05-31,2023-02-25 ~ 2023-04-24,2023-03-12,18527,32,423
잠실새내역,2023-04-30,2023-02-25 ~ 2023-03-24,2023-03-12,18527,32,423
잠실새내역,2023-04-30,2023-02-25 ~ 2023-03-24,2023-03-13,18556,29,452
잠실새내역,2023-05-31,2023-02-25 ~ 2023-04-24,2023-03-13,18556,29,452
잠실새내역,2023-04-30,2023-02-25 ~ 2023-03-24,2023-03-14,18585,29,481
잠실새내역,2023-05-31,2023-02-25 ~ 2023-04-24,2023-03-14,18585,29,481
잠실새내역,2023-04-30,2023-02-25 ~ 2023-03-24,2023-03-15,18613,28,509
잠실새내역,2023-05-31,2023-02-25 ~ 2023-04-24,2023-03-15,18613,28,509
잠실새내역,2023-05-31,2023-02-25 ~ 2023-04-24,2023-03-16,18648,35,544
잠실새내역,2023-04-30,2023-02-25 ~ 2023-03-24,2023-03-16,18648,35,544
잠실새내역,2023-04-30,2023-02-25 ~ 2023-03-24,2023-03-17,18688,40,584
잠실새내역,2023-05-31,2023-02-25 ~ 2023-04-24,2023-03-17,18688,40,584
잠실새내역,2023-05-31,2023-02-25 ~ 2023-04-24,2023-03-18,18729,41,625
잠실새내역,2023-04-30,2023-02-25 ~ 2023-03-24,2023-03-18,18729,41,625
잠실새내역,2023-04-30,2023-02-25 ~ 2023-03-24,2023-03-19,18758,29,654
잠실새내역,2023-05-31,2023-02-25 ~ 2023-04-24,2023-03-19,18758,29,654
잠실새내역,2023-04-30,2023-02-25 ~ 2023-03-24,2023-03-20,18784,26,680
잠실새내역,2023-05-31,2023-02-25 ~ 2023-04-24,2023-03-20,18784,26,680
잠실새내역,2023-05-31,2023-02-25 ~ 2023-04-24,2023-03-21,18813,29,709
잠실새내역,2023-04-30,2023-02-25 ~ 2023-03-24,2023-03-21,18813,29,709
잠실새내역,2023-04-30,2023-02-25 ~ 2023-03-24,2023-03-22,18852,39,748
잠실새내역,2023-05-31,2023-02-25 ~ 2023-04-24,2023-03-22,18852,39,748
잠실새내역,2023-05-31,2023-02-25 ~ 2023-04-24,2023-03-23,18888,36,784
잠실새내역,2023-04-30,2023-02-25 ~ 2023-03-24,2023-03-23,18888,36,784
잠실새내역,2023-05-31,2023-02-25 ~ 2023-04-24,2023-03-24,18916,28,812
잠실새내역,2023-04-30,2023-02-25 ~ 2023-03-24,2023-03-24,18916,28,812
잠실새내역,2023-05-31,2023-02-25 ~ 2023-04-24,2023-03-25,18948,32,844
잠실새내역,2023-04-30,2023-02-25 ~ 2023-03-24,2023-03-25,18948,32,844
잠실새내역,2023-05-31,2023-02-25 ~ 2023-04-24,2023-03-26,18977,29,873
잠실새내역,2023-05-31,2023-02-25 ~ 2023-04-24,2023-03-27,18997,20,893
잠실새내역,2023-05-31,2023-02-25 ~ 2023-04-24,2023-03-28,19023,26,919
잠실새내역,2023-05-31,2023-02-25 ~ 2023-04-24,2023-03-29,19049,26,945
잠실새내역,2023-05-31,2023-02-25 ~ 2023-04-24,2023-03-30,19075,26,971
잠실새내역,2023-05-31,2023-02-25 ~ 2023-04-24,2023-03-31,19103,28,999
잠실새내역,2023-05-31,2023-02-25 ~ 2023-04-24,2023-04-01,19135,32,1031
잠실새내역,2023-05-31,2023-02-25 ~ 2023-04-24,2023-04-02,19172,37,1068
잠실새내역,2023-05-31,2023-02-25 ~ 2023-04-24,2023-04-03,19199,27,1095
잠실새내역,2023-05-31,2023-02-25 ~ 2023-04-24,2023-04-04,19229,30,1125
잠실새내역,2023-05-31,2023-02-25 ~ 2023-04-24,2023-04-05,19262,33,1158
잠실새내역,2023-05-31,2023-02-25 ~ 2023-04-24,2023-04-06,19294,32,1190
잠실새내역,2023-05-31,2023-02-25 ~ 2023-04-24,2023-04-07,19349,55,1245
잠실새내역,2023-05-31,2023-02-25 ~ 2023-04-24,2023-04-08,19383,34,1279
잠실새내역,2023-05-31,2023-02-25 ~ 2023-04-24,2023-04-09,19416,33,1312
잠실새내역,2023-05-31,2023-02-25 ~ 2023-04-24,2023-04-10,19442,26,1338
잠실새내역,2023-05-31,2023-02-25 ~ 2023-04-24,2023-04-11,19469,27,1365
잠실새내역,2023-05-31,2023-02-25 ~ 2023-04-24,2023-04-12,19493,24,1389
잠실새내역,2023-05-31,2023-02-25 ~ 2023-04-24,2023-04-13,19527,34,1423
잠실새내역,2023-05-31,2023-02-25 ~ 2023-04-24,2023-04-14,19557,30,1453
잠실새내역,2023-05-31,2023-02-25 ~ 2023-04-24,2023-04-15,19588,31,1484
잠실새내역,2023-05-31,2023-02-25 ~ 2023-04-24,2023-04-16,19636,48,1532
잠실새내역,2023-05-31,2023-02-25 ~ 2023-04-24,2023-04-17,19666,30,1562
잠실새내역,2023-05-31,2023-02-25 ~ 2023-04-24,2023-04-18,19697,31,1593
잠실새내역,2023-05-31,2023-02-25 ~ 2023-04-24,2023-04-19,19727,30,1623
잠실새내역,2023-05-31,2023-02-25 ~ 2023-04-24,2023-04-20,19756,29,1652
잠실새내역,2023-05-31,2023-02-25 ~ 2023-04-24,2023-04-21,19785,29,1681
잠실새내역,2023-05-31,2023-02-25 ~ 2023-04-24,2023-04-22,19817,32,1713
잠실새내역,2023-05-31,2023-02-25 ~ 2023-04-24,2023-04-23,19850,33,1746
잠실새내역,2023-05-31,2023-02-25 ~ 2023-04-24,2023-04-24,19872,22,1768
잠실새내역,2023-05-31,2023-02-25 ~ 2023-04-24,2023-04-25,19898,26,1794
잠실새내역,2023-06-30,2023-04-25 ~ 2023-05-24,2023-04-26,19926,28,28
잠실새내역,2023-07-31,2023-04-25 ~ 2023-06-24,2023-04-26,19926,28,28
잠실새내역,2023-06-30,2023-04-25 ~ 2023-05-24,2023-04-27,19954,28,56
잠실새내역,2023-07-31,2023-04-25 ~ 2023-06-24,2023-04-27,19954,28,56
잠실새내역,2023-06-30,2023-04-25 ~ 2023-05-24,2023-04-28,19985,31,87
잠실새내역,2023-07-31,2023-04-25 ~ 2023-06-24,2023-04-28,19985,31,87
잠실새내역,2023-06-30,2023-04-25 ~ 2023-05-24,2023-04-29,20020,35,122
잠실새내역,2023-07-31,2023-04-25 ~ 2023-06-24,2023-04-29,20020,35,122
잠실새내역,2023-06-30,2023-04-25 ~ 2023-05-24,2023-04-30,20049,29,151
잠실새내역,2023-07-31,2023-04-25 ~ 2023-06-24,2023-04-30,20049,29,151
잠실새내역,2023-06-30,2023-04-25 ~ 2023-05-24,2023-05-01,20079,30,181
잠실새내역,2023-07-31,2023-04-25 ~ 2023-06-24,2023-05-01,20079,30,181
잠실새내역,2023-06-30,2023-04-25 ~ 2023-05-24,2023-05-02,20105,26,207
잠실새내역,2023-07-31,2023-04-25 ~ 2023-06-24,2023-05-02,20105,26,207
잠실새내역,2023-07-31,2023-04-25 ~ 2023-06-24,2023-05-03,20138,33,240
잠실새내역,2023-06-30,2023-04-25 ~ 2023-05-24,2023-05-03,20138,33,240
잠실새내역,2023-06-30,2023-04-25 ~ 2023-05-24,2023-05-04,20168,30,270
잠실새내역,2023-07-31,2023-04-25 ~ 2023-06-24,2023-05-04,20168,30,270
잠실새내역,2023-06-30,2023-04-25 ~ 2023-05-24,2023-05-05,20199,31,301
잠실새내역,2023-07-31,2023-04-25 ~ 2023-06-24,2023-05-05,20199,31,301
잠실새내역,2023-06-30,2023-04-25 ~ 2023-05-24,2023-05-06,20225,26,327
잠실새내역,2023-07-31,2023-04-25 ~ 2023-06-24,2023-05-06,20225,26,327
잠실새내역,2023-07-31,2023-04-25 ~ 2023-06-24,2023-05-07,20255,30,357
잠실새내역,2023-06-30,2023-04-25 ~ 2023-05-24,2023-05-07,20255,30,357
잠실새내역,2023-07-31,2023-04-25 ~ 2023-06-24,2023-05-08,20283,28,385
잠실새내역,2023-06-30,2023-04-25 ~ 2023-05-24,2023-05-08,20283,28,385
잠실새내역,2023-06-30,2023-04-25 ~ 2023-05-24,2023-05-09,20308,25,410
잠실새내역,2023-07-31,2023-04-25 ~ 2023-06-24,2023-05-09,20308,25,410
잠실새내역,2023-06-30,2023-04-25 ~ 2023-05-24,2023-05-10,20334,26,436
잠실새내역,2023-07-31,2023-04-25 ~ 2023-06-24,2023-05-10,20334,26,436
잠실새내역,2023-07-31,2023-04-25 ~ 2023-06-24,2023-05-11,20363,29,465
잠실새내역,2023-06-30,2023-04-25 ~ 2023-05-24,2023-05-11,20363,29,465
잠실새내역,2023-07-31,2023-04-25 ~ 2023-06-24,2023-05-12,20390,27,492
잠실새내역,2023-06-30,2023-04-25 ~ 2023-05-24,2023-05-12,20390,27,492
잠실새내역,2023-07-31,2023-04-25 ~ 2023-06-24,2023-05-13,20423,33,525
잠실새내역,2023-06-30,2023-04-25 ~ 2023-05-24,2023-05-13,20423,33,525
잠실새내역,2023-07-31,2023-04-25 ~ 2023-06-24,2023-05-14,20476,53,578
잠실새내역,2023-06-30,2023-04-25 ~ 2023-05-24,2023-05-14,20476,53,578
잠실새내역,2023-06-30,2023-04-25 ~ 2023-05-24,2023-05-15,20510,34,612
잠실새내역,2023-07-31,2023-04-25 ~ 2023-06-24,2023-05-15,20510,34,612
잠실새내역,2023-06-30,2023-04-25 ~ 2023-05-24,2023-05-16,20552,42,654
잠실새내역,2023-07-31,2023-04-25 ~ 2023-06-24,2023-05-16,20552,42,654
잠실새내역,2023-06-30,2023-04-25 ~ 2023-05-24,2023-05-17,20583,31,685
잠실새내역,2023-07-31,2023-04-25 ~ 2023-06-24,2023-05-17,20583,31,685
잠실새내역,2023-07-31,2023-04-25 ~ 2023-06-24,2023-05-18,20616,33,718
잠실새내역,2023-06-30,2023-04-25 ~ 2023-05-24,2023-05-18,20616,33,718
잠실새내역,2023-07-31,2023-04-25 ~ 2023-06-24,2023-05-19,20655,39,757
잠실새내역,2023-06-30,2023-04-25 ~ 2023-05-24,2023-05-19,20655,39,757
잠실새내역,2023-07-31,2023-04-25 ~ 2023-06-24,2023-05-20,20702,47,804
잠실새내역,2023-06-30,2023-04-25 ~ 2023-05-24,2023-05-20,20702,47,804
잠실새내역,2023-07-31,2023-04-25 ~ 2023-06-24,2023-05-21,20750,48,852
잠실새내역,2023-06-30,2023-04-25 ~ 2023-05-24,2023-05-21,20750,48,852
잠실새내역,2023-06-30,2023-04-25 ~ 2023-05-24,2023-05-22,20779,29,881
잠실새내역,2023-07-31,2023-04-25 ~ 2023-06-24,2023-05-22,20779,29,881
잠실새내역,2023-06-30,2023-04-25 ~ 2023-05-24,2023-05-23,20819,40,921
잠실새내역,2023-07-31,2023-04-25 ~ 2023-06-24,2023-05-23,20819,40,921
잠실새내역,2023-06-30,2023-04-25 ~ 2023-05-24,2023-05-24,20863,44,965
잠실새내역,2023-07-31,2023-04-25 ~ 2023-06-24,2023-05-24,20863,44,965
잠실새내역,2023-06-30,2023-04-25 ~ 2023-05-24,2023-05-25,20899,36,1001
잠실새내역,2023-07-31,2023-04-25 ~ 2023-06-24,2023-05-25,20899,36,1001
잠실새내역,2023-07-31,2023-04-25 ~ 2023-06-24,2023-05-26,20942,43,1044
잠실새내역,2023-07-31,2023-04-25 ~ 2023-06-24,2023-05-27,20981,39,1083
잠실새내역,2023-07-31,2023-04-25 ~ 2023-06-24,2023-05-28,21007,26,1109
잠실새내역,2023-07-31,2023-04-25 ~ 2023-06-24,2023-05-29,21027,20,1129
잠실새내역,2023-07-31,2023-04-25 ~ 2023-06-24,2023-05-30,21051,24,1153
잠실새내역,2023-07-31,2023-04-25 ~ 2023-06-24,2023-05-31,21080,29,1182
잠실새내역,2023-07-31,2023-04-25 ~ 2023-06-24,2023-06-01,21106,26,1208
잠실새내역,2023-07-31,2023-04-25 ~ 2023-06-24,2023-06-02,21135,29,1237
잠실새내역,2023-07-31,2023-04-25 ~ 2023-06-24,2023-06-03,21177,42,1279
잠실새내역,2023-07-31,2023-04-25 ~ 2023-06-24,2023-06-04,21213,36,1315
잠실새내역,2023-07-31,2023-04-25 ~ 2023-06-24,2023-06-05,21237,24,1339
잠실새내역,2023-07-31,2023-04-25 ~ 2023-06-24,2023-06-06,21271,34,1373
잠실새내역,2023-07-31,2023-04-25 ~ 2023-06-24,2023-06-07,21305,34,1407
잠실새내역,2023-07-31,2023-04-25 ~ 2023-06-24,2023-06-08,21348,43,1450
잠실새내역,2023-07-31,2023-04-25 ~ 2023-06-24,2023-06-09,21386,38,1488
잠실새내역,2023-07-31,2023-04-25 ~ 2023-06-24,2023-06-10,21423,37,1525
잠실새내역,2023-07-31,2023-04-25 ~ 2023-06-24,2023-06-11,21461,38,1563
잠실새내역,2023-07-31,2023-04-25 ~ 2023-06-24,2023-06-12,21488,27,1590
잠실새내역,2023-07-31,2023-04-25 ~ 2023-06-24,2023-06-13,21516,28,1618
잠실새내역,2023-07-31,2023-04-25 ~ 2023-06-24,2023-06-14,21557,41,1659
잠실새내역,2023-07-31,2023-04-25 ~ 2023-06-24,2023-06-15,21606,49,1708
잠실새내역,2023-07-31,2023-04-25 ~ 2023-06-24,2023-06-16,21652,46,1754
잠실새내역,2023-07-31,2023-04-25 ~ 2023-06-24,2023-06-17,21695,43,1797
잠실새내역,2023-07-31,2023-04-25 ~ 2023-06-24,2023-06-18,21755,60,1857
잠실새내역,2023-07-31,2023-04-25 ~ 2023-06-24,2023-06-19,21791,36,1893
잠실새내역,2023-07-31,2023-04-25 ~ 2023-06-24,2023-06-20,21831,40,1933
잠실새내역,2023-07-31,2023-04-25 ~ 2023-06-24,2023-06-21,21874,43,1976
잠실새내역,2023-07-31,2023-04-25 ~ 2023-06-24,2023-06-22,21911,37,2013
잠실새내역,2023-07-31,2023-04-25 ~ 2023-06-24,2023-06-23,21949,38,2051
잠실새내역,2023-07-31,2023-04-25 ~ 2023-06-24,2023-06-24,21990,41,2092
잠실새내역,2023-07-31,2023-04-25 ~ 2023-06-24,2023-06-25,22042,52,2144
잠실새내역,2023-08-31,2023-06-25 ~ 2023-07-24,2023-06-26,22085,43,43
잠실새내역,2023-09-30,2023-06-25 ~ 2023-08-24,2023-06-26,22085,43,43
잠실새내역,2023-08-31,2023-06-25 ~ 2023-07-24,2023-06-27,22127,42,85
잠실새내역,2023-09-30,2023-06-25 ~ 2023-08-24,2023-06-27,22127,42,85
잠실새내역,2023-08-31,2023-06-25 ~ 2023-07-24,2023-06-28,22181,54,139
잠실새내역,2023-09-30,2023-06-25 ~ 2023-08-24,2023-06-28,22181,54,139
잠실새내역,2023-09-30,2023-06-25 ~ 2023-08-24,2023-06-29,22228,47,186
잠실새내역,2023-08-31,2023-06-25 ~ 2023-07-24,2023-06-29,22228,47,186
잠실새내역,2023-09-30,2023-06-25 ~ 2023-08-24,2023-06-30,22265,37,223
잠실새내역,2023-08-31,2023-06-25 ~ 2023-07-24,2023-06-30,22265,37,223
잠실새내역,2023-08-31,2023-06-25 ~ 2023-07-24,2023-07-01,22314,49,272
잠실새내역,2023-09-30,2023-06-25 ~ 2023-08-24,2023-07-01,22314,49,272
잠실새내역,2023-09-30,2023-06-25 ~ 2023-08-24,2023-07-02,22360,46,318
잠실새내역,2023-08-31,2023-06-25 ~ 2023-07-24,2023-07-02,22360,46,318
잠실새내역,2023-08-31,2023-06-25 ~ 2023-07-24,2023-07-03,22401,41,359
잠실새내역,2023-09-30,2023-06-25 ~ 2023-08-24,2023-07-03,22401,41,359
잠실새내역,2023-08-31,2023-06-25 ~ 2023-07-24,2023-07-04,22442,41,400
잠실새내역,2023-09-30,2023-06-25 ~ 2023-08-24,2023-07-04,22442,41,400
잠실새내역,2023-08-31,2023-06-25 ~ 2023-07-24,2023-07-05,22482,40,440
잠실새내역,2023-09-30,2023-06-25 ~ 2023-08-24,2023-07-05,22482,40,440
잠실새내역,2023-09-30,2023-06-25 ~ 2023-08-24,2023-07-06,22526,44,484
잠실새내역,2023-08-31,2023-06-25 ~ 2023-07-24,2023-07-06,22526,44,484
잠실새내역,2023-09-30,2023-06-25 ~ 2023-08-24,2023-07-07,22569,43,527
잠실새내역,2023-08-31,2023-06-25 ~ 2023-07-24,2023-07-07,22569,43,527
잠실새내역,2023-08-31,2023-06-25 ~ 2023-07-24,2023-07-08,22615,46,573
잠실새내역,2023-09-30,2023-06-25 ~ 2023-08-24,2023-07-08,22615,46,573
잠실새내역,2023-09-30,2023-06-25 ~ 2023-08-24,2023-07-09,22662,47,620
잠실새내역,2023-08-31,2023-06-25 ~ 2023-07-24,2023-07-09,22662,47,620
잠실새내역,2023-09-30,2023-06-25 ~ 2023-08-24,2023-07-10,22698,36,656
잠실새내역,2023-08-31,2023-06-25 ~ 2023-07-24,2023-07-10,22698,36,656
잠실새내역,2023-09-30,2023-06-25 ~ 2023-08-24,2023-07-11,22736,38,694
잠실새내역,2023-08-31,2023-06-25 ~ 2023-07-24,2023-07-11,22736,38,694
잠실새내역,2023-09-30,2023-06-25 ~ 2023-08-24,2023-07-12,22773,37,731
잠실새내역,2023-08-31,2023-06-25 ~ 2023-07-24,2023-07-12,22773,37,731
잠실새내역,2023-08-31,2023-06-25 ~ 2023-07-24,2023-07-13,22814,41,772
잠실새내역,2023-09-30,2023-06-25 ~ 2023-08-24,2023-07-13,22814,41,772
잠실새내역,2023-09-30,2023-06-25 ~ 2023-08-24,2023-07-14,22850,36,808
잠실새내역,2023-08-31,2023-06-25 ~ 2023-07-24,2023-07-14,22850,36,808
잠실새내역,2023-09-30,2023-06-25 ~ 2023-08-24,2023-07-15,22887,37,845
잠실새내역,2023-08-31,2023-06-25 ~ 2023-07-24,2023-07-15,22887,37,845
잠실새내역,2023-09-30,2023-06-25 ~ 2023-08-24,2023-07-16,22927,40,885
잠실새내역,2023-08-31,2023-06-25 ~ 2023-07-24,2023-07-16,22927,40,885
잠실새내역,2023-08-31,2023-06-25 ~ 2023-07-24,2023-07-17,22962,35,920
잠실새내역,2023-09-30,2023-06-25 ~ 2023-08-24,2023-07-17,22962,35,920
잠실새내역,2023-08-31,2023-06-25 ~ 2023-07-24,2023-07-18,23000,38,958
잠실새내역,2023-09-30,2023-06-25 ~ 2023-08-24,2023-07-18,23000,38,958
잠실새내역,2023-08-31,2023-06-25 ~ 2023-07-24,2023-07-19,23038,38,996
잠실새내역,2023-09-30,2023-06-25 ~ 2023-08-24,2023-07-19,23038,38,996
잠실새내역,2023-08-31,2023-06-25 ~ 2023-07-24,2023-07-20,23079,41,1037
잠실새내역,2023-09-30,2023-06-25 ~ 2023-08-24,2023-07-20,23079,41,1037
잠실새내역,2023-09-30,2023-06-25 ~ 2023-08-24,2023-07-21,23120,41,1078
잠실새내역,2023-08-31,2023-06-25 ~ 2023-07-24,2023-07-21,23120,41,1078
잠실새내역,2023-09-30,2023-06-25 ~ 2023-08-24,2023-07-22,23164,44,1122
잠실새내역,2023-08-31,2023-06-25 ~ 2023-07-24,2023-07-22,23164,44,1122
잠실새내역,2023-08-31,2023-06-25 ~ 2023-07-24,2023-07-23,23208,44,1166
잠실새내역,2023-09-30,2023-06-25 ~ 2023-08-24,2023-07-23,23208,44,1166
잠실새내역,2023-09-30,2023-06-25 ~ 2023-08-24,2023-07-24,23242,34,1200
잠실새내역,2023-08-31,2023-06-25 ~ 2023-07-24,2023-07-24,23242,34,1200
잠실새내역,2023-09-30,2023-06-25 ~ 2023-08-24,2023-07-25,23281,39,1239
잠실새내역,2023-08-31,2023-06-25 ~ 2023-07-24,2023-07-25,23281,39,1239
잠실새내역,2023-09-30,2023-06-25 ~ 2023-08-24,2023-07-26,23321,40,1279
잠실새내역,2023-09-30,2023-06-25 ~ 2023-08-24,2023-07-27,23359,38,1317
잠실새내역,2023-09-30,2023-06-25 ~ 2023-08-24,2023-07-28,23398,39,1356
잠실새내역,2023-09-30,2023-06-25 ~ 2023-08-24,2023-07-29,23440,42,1398
잠실새내역,2023-09-30,2023-06-25 ~ 2023-08-24,2023-07-30,23479,39,1437
잠실새내역,2023-09-30,2023-06-25 ~ 2023-08-24,2023-07-31,23510,31,1468
잠실새내역,2023-09-30,2023-06-25 ~ 2023-08-24,2023-08-01,23547,37,1505
잠실새내역,2023-09-30,2023-06-25 ~ 2023-08-24,2023-08-02,23585,38,1543
잠실새내역,2023-09-30,2023-06-25 ~ 2023-08-24,2023-08-03,23626,41,1584
잠실새내역,2023-09-30,2023-06-25 ~ 2023-08-24,2023-08-04,23673,47,1631
잠실새내역,2023-09-30,2023-06-25 ~ 2023-08-24,2023-08-05,23714,41,1672
잠실새내역,2023-09-30,2023-06-25 ~ 2023-08-24,2023-08-06,23753,39,1711
잠실새내역,2023-09-30,2023-06-25 ~ 2023-08-24,2023-08-07,23782,29,1740
잠실새내역,2023-09-30,2023-06-25 ~ 2023-08-24,2023-08-08,23819,37,1777
잠실새내역,2023-09-30,2023-06-25 ~ 2023-08-24,2023-08-09,23856,37,1814
잠실새내역,2023-09-30,2023-06-25 ~ 2023-08-24,2023-08-10,23895,39,1853
잠실새내역,2023-09-30,2023-06-25 ~ 2023-08-24,2023-08-11,23925,30,1883
잠실새내역,2023-09-30,2023-06-25 ~ 2023-08-24,2023-08-12,23965,40,1923
잠실새내역,2023-09-30,2023-06-25 ~ 2023-08-24,2023-08-13,24004,39,1962
잠실새내역,2023-09-30,2023-06-25 ~ 2023-08-24,2023-08-14,24036,32,1994
잠실새내역,2023-09-30,2023-06-25 ~ 2023-08-24,2023-08-15,24073,37,2031
잠실새내역,2023-09-30,2023-06-25 ~ 2023-08-24,2023-08-16,24109,36,2067
잠실새내역,2023-09-30,2023-06-25 ~ 2023-08-24,2023-08-17,24149,40,2107
잠실새내역,2023-09-30,2023-06-25 ~ 2023-08-24,2023-08-18,24189,40,2147
잠실새내역,2023-09-30,2023-06-25 ~ 2023-08-24,2023-08-19,24231,42,2189
잠실새내역,2023-09-30,2023-06-25 ~ 2023-08-24,2023-08-20,24275,44,2233
잠실새내역,2023-09-30,2023-06-25 ~ 2023-08-24,2023-08-21,24307,32,2265
잠실새내역,2023-09-30,2023-06-25 ~ 2023-08-24,2023-08-22,24345,38,2303
잠실새내역,2023-09-30,2023-06-25 ~ 2023-08-24,2023-08-23,24382,37,2340
잠실새내역,2023-09-30,2023-06-25 ~ 2023-08-24,2023-08-24,24418,36,2376
잠실새내역,2023-09-30,2023-06-25 ~ 2023-08-24,2023-08-25,24457,39,2415
잠실새내역,2023-10-31,2023-08-25 ~ 2023-09-24,2023-08-26,24500,43,43
잠실새내역,2023-11-30,2023-08-25 ~ 2023-10-24,2023-08-26,24500,43,43
잠실새내역,2023-10-31,2023-08-25 ~ 2023-09-24,2023-08-27,24543,43,86
잠실새내역,2023-11-30,2023-08-25 ~ 2023-10-24,2023-08-27,24543,43,86
잠실새내역,2023-10-31,2023-08-25 ~ 2023-09-24,2023-08-28,24576,33,119
잠실새내역,2023-11-30,2023-08-25 ~ 2023-10-24,2023-08-28,24576,33,119
잠실새내역,2023-10-31,2023-08-25 ~ 2023-09-24,2023-08-29,24613,37,156
잠실새내역,2023-11-30,2023-08-25 ~ 2023-10-24,2023-08-29,24613,37,156
잠실새내역,2023-10-31,2023-08-25 ~ 2023-09-24,2023-08-30,24652,39,195
잠실새내역,2023-11-30,2023-08-25 ~ 2023-10-24,2023-08-30,24652,39,195
잠실새내역,2023-10-31,2023-08-25 ~ 2023-09-24,2023-08-31,24692,40,235
잠실새내역,2023-11-30,2023-08-25 ~ 2023-10-24,2023-08-31,24692,40,235
잠실새내역,2023-10-31,2023-08-25 ~ 2023-09-24,2023-09-01,24731,39,274
잠실새내역,2023-11-30,2023-08-25 ~ 2023-10-24,2023-09-01,24731,39,274
잠실새내역,2023-11-30,2023-08-25 ~ 2023-10-24,2023-09-02,24776,45,319
잠실새내역,2023-10-31,2023-08-25 ~ 2023-09-24,2023-09-02,24776,45,319
잠실새내역,2023-11-30,2023-08-25 ~ 2023-10-24,2023-09-03,24823,47,366
잠실새내역,2023-10-31,2023-08-25 ~ 2023-09-24,2023-09-03,24823,47,366
잠실새내역,2023-11-30,2023-08-25 ~ 2023-10-24,2023-09-04,24855,32,398
잠실새내역,2023-10-31,2023-08-25 ~ 2023-09-24,2023-09-04,24855,32,398
잠실새내역,2023-11-30,2023-08-25 ~ 2023-10-24,2023-09-05,24895,40,438
잠실새내역,2023-10-31,2023-08-25 ~ 2023-09-24,2023-09-05,24895,40,438
잠실새내역,2023-11-30,2023-08-25 ~ 2023-10-24,2023-09-06,24936,41,479
잠실새내역,2023-10-31,2023-08-25 ~ 2023-09-24,2023-09-06,24936,41,479
잠실새내역,2023-11-30,2023-08-25 ~ 2023-10-24,2023-09-07,24977,41,520
잠실새내역,2023-10-31,2023-08-25 ~ 2023-09-24,2023-09-07,24977,41,520
잠실새내역,2023-10-31,2023-08-25 ~ 2023-09-24,2023-09-08,25019,42,562
잠실새내역,2023-11-30,2023-08-25 ~ 2023-10-24,2023-09-08,25019,42,562
잠실새내역,2023-11-30,2023-08-25 ~ 2023-10-24,2023-09-09,25063,44,606
잠실새내역,2023-10-31,2023-08-25 ~ 2023-09-24,2023-09-09,25063,44,606
잠실새내역,2023-11-30,2023-08-25 ~ 2023-10-24,2023-09-10,25117,54,660
잠실새내역,2023-10-31,2023-08-25 ~ 2023-09-24,2023-09-10,25117,54,660
잠실새내역,2023-11-30,2023-08-25 ~ 2023-10-24,2023-09-11,25153,36,696
잠실새내역,2023-10-31,2023-08-25 ~ 2023-09-24,2023-09-11,25153,36,696
잠실새내역,2023-10-31,2023-08-25 ~ 2023-09-24,2023-09-12,25192,39,735
잠실새내역,2023-11-30,2023-08-25 ~ 2023-10-24,2023-09-12,25192,39,735
잠실새내역,2023-10-31,2023-08-25 ~ 2023-09-24,2023-09-13,25232,40,775
잠실새내역,2023-11-30,2023-08-25 ~ 2023-10-24,2023-09-13,25232,40,775
잠실새내역,2023-10-31,2023-08-25 ~ 2023-09-24,2023-09-14,25271,39,814
잠실새내역,2023-11-30,2023-08-25 ~ 2023-10-24,2023-09-14,25271,39,814
잠실새내역,2023-10-31,2023-08-25 ~ 2023-09-24,2023-09-15,25311,40,854
잠실새내역,2023-11-30,2023-08-25 ~ 2023-10-24,2023-09-15,25311,40,854
잠실새내역,2023-10-31,2023-08-25 ~ 2023-09-24,2023-09-16,25351,40,894
잠실새내역,2023-11-30,2023-08-25 ~ 2023-10-24,2023-09-16,25351,40,894
잠실새내역,2023-11-30,2023-08-25 ~ 2023-10-24,2023-09-17,25393,42,936
잠실새내역,2023-10-31,2023-08-25 ~ 2023-09-24,2023-09-17,25393,42,936
잠실새내역,2023-11-30,2023-08-25 ~ 2023-10-24,2023-09-18,25427,34,970
잠실새내역,2023-10-31,2023-08-25 ~ 2023-09-24,2023-09-18,25427,34,970
잠실새내역,2023-11-30,2023-08-25 ~ 2023-10-24,2023-09-19,25469,42,1012
잠실새내역,2023-10-31,2023-08-25 ~ 2023-09-24,2023-09-19,25469,42,1012
잠실새내역,2023-10-31,2023-08-25 ~ 2023-09-24,2023-09-20,25511,42,1054
잠실새내역,2023-11-30,2023-08-25 ~ 2023-10-24,2023-09-20,25511,42,1054
잠실새내역,2023-10-31,2023-08-25 ~ 2023-09-24,2023-09-21,25540,29,1083
잠실새내역,2023-11-30,2023-08-25 ~ 2023-10-24,2023-09-21,25540,29,1083
잠실새내역,2023-10-31,2023-08-25 ~ 2023-09-24,2023-09-22,25569,29,1112
잠실새내역,2023-11-30,2023-08-25 ~ 2023-10-24,2023-09-22,25569,29,1112
잠실새내역,2023-11-30,2023-08-25 ~ 2023-10-24,2023-09-23,25604,35,1147
잠실새내역,2023-10-31,2023-08-25 ~ 2023-09-24,2023-09-23,25604,35,1147
잠실새내역,2023-10-31,2023-08-25 ~ 2023-09-24,2023-09-24,25639,35,1182
잠실새내역,2023-11-30,2023-08-25 ~ 2023-10-24,2023-09-24,25639,35,1182
잠실새내역,2023-11-30,2023-08-25 ~ 2023-10-24,2023-09-25,25665,26,1208
잠실새내역,2023-10-31,2023-08-25 ~ 2023-09-24,2023-09-25,25665,26,1208
잠실새내역,2023-11-30,2023-08-25 ~ 2023-10-24,2023-09-26,25693,28,1236
잠실새내역,2023-11-30,2023-08-25 ~ 2023-10-24,2023-09-27,25721,28,1264
잠실새내역,2023-11-30,2023-08-25 ~ 2023-10-24,2023-09-28,25748,27,1291
잠실새내역,2023-11-30,2023-08-25 ~ 2023-10-24,2023-09-29,25770,22,1313
잠실새내역,2023-11-30,2023-08-25 ~ 2023-10-24,2023-09-30,25787,17,1330
잠실새내역,2023-11-30,2023-08-25 ~ 2023-10-24,2023-10-01,25806,19,1349
잠실새내역,2023-11-30,2023-08-25 ~ 2023-10-24,2023-10-02,25829,23,1372
잠실새내역,2023-11-30,2023-08-25 ~ 2023-10-24,2023-10-03,25854,25,1397
잠실새내역,2023-11-30,2023-08-25 ~ 2023-10-24,2023-10-04,25880,26,1423
잠실새내역,2023-11-30,2023-08-25 ~ 2023-10-24,2023-10-05,25907,27,1450
잠실새내역,2023-11-30,2023-08-25 ~ 2023-10-24,2023-10-06,25937,30,1480
잠실새내역,2023-11-30,2023-08-25 ~ 2023-10-24,2023-10-07,25970,33,1513
잠실새내역,2023-11-30,2023-08-25 ~ 2023-10-24,2023-10-08,26007,37,1550
잠실새내역,2023-11-30,2023-08-25 ~ 2023-10-24,2023-10-09,26037,30,1580
잠실새내역,2023-11-30,2023-08-25 ~ 2023-10-24,2023-10-10,26063,26,1606
잠실새내역,2023-11-30,2023-08-25 ~ 2023-10-24,2023-10-11,26090,27,1633
잠실새내역,2023-11-30,2023-08-25 ~ 2023-10-24,2023-10-12,26119,29,1662
잠실새내역,2023-11-30,2023-08-25 ~ 2023-10-24,2023-10-13,26146,27,1689
잠실새내역,2023-11-30,2023-08-25 ~ 2023-10-24,2023-10-14,26179,33,1722
잠실새내역,2023-11-30,2023-08-25 ~ 2023-10-24,2023-10-15,26212,33,1755
잠실새내역,2023-11-30,2023-08-25 ~ 2023-10-24,2023-10-16,26233,21,1776
잠실새내역,2023-11-30,2023-08-25 ~ 2023-10-24,2023-10-17,26262,29,1805
잠실새내역,2023-11-30,2023-08-25 ~ 2023-10-24,2023-10-18,26290,28,1833
잠실새내역,2023-11-30,2023-08-25 ~ 2023-10-24,2023-10-19,26320,30,1863
잠실새내역,2023-11-30,2023-08-25 ~ 2023-10-24,2023-10-20,26346,26,1889
잠실새내역,2023-11-30,2023-08-25 ~ 2023-10-24,2023-10-21,26376,30,1919
잠실새내역,2023-11-30,2023-08-25 ~ 2023-10-24,2023-10-22,26408,32,1951
잠실새내역,2023-11-30,2023-08-25 ~ 2023-10-24,2023-10-23,26430,22,1973
잠실새내역,2023-11-30,2023-08-25 ~ 2023-10-24,2023-10-24,26456,26,1999
잠실새내역,2023-11-30,2023-08-25 ~ 2023-10-24,2023-10-25,26485,29,2028
잠실새내역,2024-01-31,2023-10-25 ~ 2023-12-24,2023-10-26,26511,26,26
잠실새내역,2023-12-31,2023-10-25 ~ 2023-11-24,2023-10-26,26511,26,26
잠실새내역,2023-12-31,2023-10-25 ~ 2023-11-24,2023-10-27,26537,26,52
잠실새내역,2024-01-31,2023-10-25 ~ 2023-12-24,2023-10-27,26537,26,52
잠실새내역,2023-12-31,2023-10-25 ~ 2023-11-24,2023-10-28,26569,32,84
잠실새내역,2024-01-31,2023-10-25 ~ 2023-12-24,2023-10-28,26569,32,84
잠실새내역,2023-12-31,2023-10-25 ~ 2023-11-24,2023-10-29,26602,33,117
잠실새내역,2024-01-31,2023-10-25 ~ 2023-12-24,2023-10-29,26602,33,117
잠실새내역,2023-12-31,2023-10-25 ~ 2023-11-24,2023-10-30,26624,22,139
잠실새내역,2024-01-31,2023-10-25 ~ 2023-12-24,2023-10-30,26624,22,139
잠실새내역,2023-12-31,2023-10-25 ~ 2023-11-24,2023-10-31,26650,26,165
잠실새내역,2024-01-31,2023-10-25 ~ 2023-12-24,2023-10-31,26650,26,165
잠실새내역,2023-12-31,2023-10-25 ~ 2023-11-24,2023-11-01,26677,27,192
잠실새내역,2024-01-31,2023-10-25 ~ 2023-12-24,2023-11-01,26677,27,192
잠실새내역,2024-01-31,2023-10-25 ~ 2023-12-24,2023-11-02,26706,29,221
잠실새내역,2023-12-31,2023-10-25 ~ 2023-11-24,2023-11-02,26706,29,221
잠실새내역,2024-01-31,2023-10-25 ~ 2023-12-24,2023-11-03,26734,28,249
잠실새내역,2023-12-31,2023-10-25 ~ 2023-11-24,2023-11-03,26734,28,249
잠실새내역,2023-12-31,2023-10-25 ~ 2023-11-24,2023-11-04,26767,33,282
잠실새내역,2024-01-31,2023-10-25 ~ 2023-12-24,2023-11-04,26767,33,282
잠실새내역,2023-12-31,2023-10-25 ~ 2023-11-24,2023-11-05,26801,34,316
잠실새내역,2024-01-31,2023-10-25 ~ 2023-12-24,2023-11-05,26801,34,316
잠실새내역,2024-01-31,2023-10-25 ~ 2023-12-24,2023-11-06,26824,23,339
잠실새내역,2023-12-31,2023-10-25 ~ 2023-11-24,2023-11-06,26824,23,339
잠실새내역,2023-12-31,2023-10-25 ~ 2023-11-24,2023-11-07,26848,24,363
잠실새내역,2024-01-31,2023-10-25 ~ 2023-12-24,2023-11-07,26848,24,363
잠실새내역,2024-01-31,2023-10-25 ~ 2023-12-24,2023-11-08,26881,33,396
잠실새내역,2023-12-31,2023-10-25 ~ 2023-11-24,2023-11-08,26881,33,396
잠실새내역,2023-12-31,2023-10-25 ~ 2023-11-24,2023-11-09,26914,33,429
잠실새내역,2024-01-31,2023-10-25 ~ 2023-12-24,2023-11-09,26914,33,429
잠실새내역,2023-12-31,2023-10-25 ~ 2023-11-24,2023-11-10,26941,27,456
잠실새내역,2024-01-31,2023-10-25 ~ 2023-12-24,2023-11-10,26941,27,456
잠실새내역,2024-01-31,2023-10-25 ~ 2023-12-24,2023-11-11,26970,29,485
잠실새내역,2023-12-31,2023-10-25 ~ 2023-11-24,2023-11-11,26970,29,485
잠실새내역,2024-01-31,2023-10-25 ~ 2023-12-24,2023-11-12,26998,28,513
잠실새내역,2023-12-31,2023-10-25 ~ 2023-11-24,2023-11-12,26998,28,513
잠실새내역,2023-12-31,2023-10-25 ~ 2023-11-24,2023-11-13,27018,20,533
잠실새내역,2024-01-31,2023-10-25 ~ 2023-12-24,2023-11-13,27018,20,533
잠실새내역,2024-01-31,2023-10-25 ~ 2023-12-24,2023-11-14,27044,26,559
잠실새내역,2023-12-31,2023-10-25 ~ 2023-11-24,2023-11-14,27044,26,559
잠실새내역,2024-01-31,2023-10-25 ~ 2023-12-24,2023-11-15,27071,27,586
잠실새내역,2023-12-31,2023-10-25 ~ 2023-11-24,2023-11-15,27071,27,586
잠실새내역,2023-12-31,2023-10-25 ~ 2023-11-24,2023-11-16,27099,28,614
잠실새내역,2024-01-31,2023-10-25 ~ 2023-12-24,2023-11-16,27099,28,614
잠실새내역,2024-01-31,2023-10-25 ~ 2023-12-24,2023-11-17,27122,23,637
잠실새내역,2023-12-31,2023-10-25 ~ 2023-11-24,2023-11-17,27122,23,637
잠실새내역,2023-12-31,2023-10-25 ~ 2023-11-24,2023-11-18,27149,27,664
잠실새내역,2024-01-31,2023-10-25 ~ 2023-12-24,2023-11-18,27149,27,664
잠실새내역,2024-01-31,2023-10-25 ~ 2023-12-24,2023-11-19,27176,27,691
잠실새내역,2023-12-31,2023-10-25 ~ 2023-11-24,2023-11-19,27176,27,691
잠실새내역,2023-12-31,2023-10-25 ~ 2023-11-24,2023-11-20,27200,24,715
잠실새내역,2024-01-31,2023-10-25 ~ 2023-12-24,2023-11-20,27200,24,715
잠실새내역,2023-12-31,2023-10-25 ~ 2023-11-24,2023-11-21,27225,25,740
잠실새내역,2024-01-31,2023-10-25 ~ 2023-12-24,2023-11-21,27225,25,740
잠실새내역,2024-01-31,2023-10-25 ~ 2023-12-24,2023-11-22,27252,27,767
잠실새내역,2023-12-31,2023-10-25 ~ 2023-11-24,2023-11-22,27252,27,767
잠실새내역,2023-12-31,2023-10-25 ~ 2023-11-24,2023-11-23,27277,25,792
잠실새내역,2024-01-31,2023-10-25 ~ 2023-12-24,2023-11-23,27277,25,792
잠실새내역,2023-12-31,2023-10-25 ~ 2023-11-24,2023-11-24,27303,26,818
잠실새내역,2024-01-31,2023-10-25 ~ 2023-12-24,2023-11-24,27303,26,818
잠실새내역,2024-01-31,2023-10-25 ~ 2023-12-24,2023-11-25,27331,28,846
잠실새내역,2023-12-31,2023-10-25 ~ 2023-11-24,2023-11-25,27331,28,846
잠실새내역,2024-01-31,2023-10-25 ~ 2023-12-24,2023-11-26,27357,26,872
잠실새내역,2024-01-31,2023-10-25 ~ 2023-12-24,2023-11-27,27378,21,893
잠실새내역,2024-01-31,2023-10-25 ~ 2023-12-24,2023-11-28,27403,25,918
잠실새내역,2024-01-31,2023-10-25 ~ 2023-12-24,2023-11-29,27430,27,945
잠실새내역,2024-01-31,2023-10-25 ~ 2023-12-24,2023-11-30,27454,24,969
잠실새내역,2024-01-31,2023-10-25 ~ 2023-12-24,2023-12-01,27477,23,992
잠실새내역,2024-01-31,2023-10-25 ~ 2023-12-24,2023-12-02,27503,26,1018
잠실새내역,2024-01-31,2023-10-25 ~ 2023-12-24,2023-12-03,27530,27,1045
잠실새내역,2024-01-31,2023-10-25 ~ 2023-12-24,2023-12-04,27549,19,1064
잠실새내역,2024-01-31,2023-10-25 ~ 2023-12-24,2023-12-05,27573,24,1088
잠실새내역,2024-01-31,2023-10-25 ~ 2023-12-24,2023-12-06,27600,27,1115
잠실새내역,2024-01-31,2023-10-25 ~ 2023-12-24,2023-12-07,27624,24,1139
잠실새내역,2024-01-31,2023-10-25 ~ 2023-12-24,2023-12-08,27651,27,1166
잠실새내역,2024-01-31,2023-10-25 ~ 2023-12-24,2023-12-09,27679,28,1194
잠실새내역,2024-01-31,2023-10-25 ~ 2023-12-24,2023-12-10,27709,30,1224
잠실새내역,2024-01-31,2023-10-25 ~ 2023-12-24,2023-12-11,27734,25,1249
잠실새내역,2024-01-31,2023-10-25 ~ 2023-12-24,2023-12-12,27757,23,1272
잠실새내역,2024-01-31,2023-10-25 ~ 2023-12-24,2023-12-13,27783,26,1298
잠실새내역,2024-01-31,2023-10-25 ~ 2023-12-24,2023-12-14,27811,28,1326
잠실새내역,2024-01-31,2023-10-25 ~ 2023-12-24,2023-12-15,27837,26,1352
잠실새내역,2024-01-31,2023-10-25 ~ 2023-12-24,2023-12-16,27864,27,1379
잠실새내역,2024-01-31,2023-10-25 ~ 2023-12-24,2023-12-17,27891,27,1406
잠실새내역,2024-01-31,2023-10-25 ~ 2023-12-24,2023-12-18,27909,18,1424
잠실새내역,2024-01-31,2023-10-25 ~ 2023-12-24,2023-12-19,27931,22,1446
잠실새내역,2024-01-31,2023-10-25 ~ 2023-12-24,2023-12-20,27956,25,1471
잠실새내역,2024-01-31,2023-10-25 ~ 2023-12-24,2023-12-21,27979,23,1494
잠실새내역,2024-01-31,2023-10-25 ~ 2023-12-24,2023-12-22,28002,23,1517
잠실새내역,2024-01-31,2023-10-25 ~ 2023-12-24,2023-12-23,28027,25,1542
잠실새내역,2024-01-31,2023-10-25 ~ 2023-12-24,2023-12-24,28053,26,1568
잠실새내역,2024-01-31,2023-10-25 ~ 2023-12-24,2023-12-25,28077,24,1592
잠실새내역,2024-03-31,2023-12-25 ~ 2024-02-24,2023-12-26,28099,22,22
잠실새내역,2024-02-29,2023-12-25 ~ 2024-01-24,2023-12-26,28099,22,22
잠실새내역,2024-03-31,2023-12-25 ~ 2024-02-24,2023-12-27,28126,27,49
잠실새내역,2024-02-29,2023-12-25 ~ 2024-01-24,2023-12-27,28126,27,49
잠실새내역,2024-02-29,2023-12-25 ~ 2024-01-24,2023-12-28,28152,26,75
잠실새내역,2024-03-31,2023-12-25 ~ 2024-02-24,2023-12-28,28152,26,75
잠실새내역,2024-03-31,2023-12-25 ~ 2024-02-24,2023-12-29,28178,26,101
잠실새내역,2024-02-29,2023-12-25 ~ 2024-01-24,2023-12-29,28178,26,101
잠실새내역,2024-02-29,2023-12-25 ~ 2024-01-24,2023-12-30,28210,32,133
잠실새내역,2024-03-31,2023-12-25 ~ 2024-02-24,2023-12-30,28210,32,133
잠실새내역,2024-02-29,2023-12-25 ~ 2024-01-24,2023-12-31,28234,24,157
잠실새내역,2024-03-31,2023-12-25 ~ 2024-02-24,2023-12-31,28234,24,157
잠실새내역,2024-02-29,2023-12-25 ~ 2024-01-24,2024-01-01,28255,21,178
잠실새내역,2024-03-31,2023-12-25 ~ 2024-02-24,2024-01-01,28255,21,178
잠실새내역,2024-02-29,2023-12-25 ~ 2024-01-24,2024-01-02,28271,16,194
잠실새내역,2024-03-31,2023-12-25 ~ 2024-02-24,2024-01-02,28271,16,194
잠실새내역,2024-02-29,2023-12-25 ~ 2024-01-24,2024-01-03,28293,22,216
잠실새내역,2024-03-31,2023-12-25 ~ 2024-02-24,2024-01-03,28293,22,216
잠실새내역,2024-02-29,2023-12-25 ~ 2024-01-24,2024-01-04,28320,27,243
잠실새내역,2024-03-31,2023-12-25 ~ 2024-02-24,2024-01-04,28320,27,243
잠실새내역,2024-03-31,2023-12-25 ~ 2024-02-24,2024-01-05,28346,26,269
잠실새내역,2024-02-29,2023-12-25 ~ 2024-01-24,2024-01-05,28346,26,269
잠실새내역,2024-03-31,2023-12-25 ~ 2024-02-24,2024-01-06,28374,28,297
잠실새내역,2024-02-29,2023-12-25 ~ 2024-01-24,2024-01-06,28374,28,297
잠실새내역,2024-02-29,2023-12-25 ~ 2024-01-24,2024-01-07,28401,27,324
잠실새내역,2024-03-31,2023-12-25 ~ 2024-02-24,2024-01-07,28401,27,324
잠실새내역,2024-02-29,2023-12-25 ~ 2024-01-24,2024-01-08,28418,17,341
잠실새내역,2024-03-31,2023-12-25 ~ 2024-02-24,2024-01-08,28418,17,341
잠실새내역,2024-02-29,2023-12-25 ~ 2024-01-24,2024-01-09,28439,21,362
잠실새내역,2024-03-31,2023-12-25 ~ 2024-02-24,2024-01-09,28439,21,362
잠실새내역,2024-03-31,2023-12-25 ~ 2024-02-24,2024-01-10,28461,22,384
잠실새내역,2024-02-29,2023-12-25 ~ 2024-01-24,2024-01-10,28461,22,384
잠실새내역,2024-02-29,2023-12-25 ~ 2024-01-24,2024-01-11,28487,26,410
잠실새내역,2024-03-31,2023-12-25 ~ 2024-02-24,2024-01-11,28487,26,410
잠실새내역,2024-02-29,2023-12-25 ~ 2024-01-24,2024-01-12,28511,24,434
잠실새내역,2024-03-31,2023-12-25 ~ 2024-02-24,2024-01-12,28511,24,434
잠실새내역,2024-02-29,2023-12-25 ~ 2024-01-24,2024-01-13,28539,28,462
잠실새내역,2024-03-31,2023-12-25 ~ 2024-02-24,2024-01-13,28539,28,462
잠실새내역,2024-02-29,2023-12-25 ~ 2024-01-24,2024-01-14,28566,27,489
잠실새내역,2024-03-31,2023-12-25 ~ 2024-02-24,2024-01-14,28566,27,489
잠실새내역,2024-03-31,2023-12-25 ~ 2024-02-24,2024-01-15,28583,17,506
잠실새내역,2024-02-29,2023-12-25 ~ 2024-01-24,2024-01-15,28583,17,506
잠실새내역,2024-03-31,2023-12-25 ~ 2024-02-24,2024-01-16,28605,22,528
잠실새내역,2024-02-29,2023-12-25 ~ 2024-01-24,2024-01-16,28605,22,528
잠실새내역,2024-03-31,2023-12-25 ~ 2024-02-24,2024-01-17,28628,23,551
잠실새내역,2024-02-29,2023-12-25 ~ 2024-01-24,2024-01-17,28628,23,551
잠실새내역,2024-03-31,2023-12-25 ~ 2024-02-24,2024-01-18,28652,24,575
잠실새내역,2024-02-29,2023-12-25 ~ 2024-01-24,2024-01-18,28652,24,575
잠실새내역,2024-02-29,2023-12-25 ~ 2024-01-24,2024-01-19,28677,25,600
잠실새내역,2024-03-31,2023-12-25 ~ 2024-02-24,2024-01-19,28677,25,600
잠실새내역,2024-03-31,2023-12-25 ~ 2024-02-24,2024-01-20,28706,29,629
잠실새내역,2024-02-29,2023-12-25 ~ 2024-01-24,2024-01-20,28706,29,629
잠실새내역,2024-02-29,2023-12-25 ~ 2024-01-24,2024-01-21,28737,31,660
잠실새내역,2024-03-31,2023-12-25 ~ 2024-02-24,2024-01-21,28737,31,660
잠실새내역,2024-02-29,2023-12-25 ~ 2024-01-24,2024-01-22,28756,19,679
잠실새내역,2024-03-31,2023-12-25 ~ 2024-02-24,2024-01-22,28756,19,679
잠실새내역,2024-02-29,2023-12-25 ~ 2024-01-24,2024-01-23,28778,22,701
잠실새내역,2024-03-31,2023-12-25 ~ 2024-02-24,2024-01-23,28778,22,701
잠실새내역,2024-02-29,2023-12-25 ~ 2024-01-24,2024-01-24,28797,19,720
잠실새내역,2024-03-31,2023-12-25 ~ 2024-02-24,2024-01-24,28797,19,720
잠실새내역,2024-02-29,2023-12-25 ~ 2024-01-24,2024-01-25,28817,20,740
잠실새내역,2024-03-31,2023-12-25 ~ 2024-02-24,2024-01-25,28817,20,740
잠실새내역,2024-03-31,2023-12-25 ~ 2024-02-24,2024-01-26,28840,23,763
잠실새내역,2024-03-31,2023-12-25 ~ 2024-02-24,2024-01-27,28866,26,789
잠실새내역,2024-03-31,2023-12-25 ~ 2024-02-24,2024-01-28,28894,28,817
잠실새내역,2024-03-31,2023-12-25 ~ 2024-02-24,2024-01-29,28914,20,837
잠실새내역,2024-03-31,2023-12-25 ~ 2024-02-24,2024-01-30,28937,23,860
잠실새내역,2024-03-31,2023-12-25 ~ 2024-02-24,2024-01-31,28961,24,884
잠실새내역,2024-03-31,2023-12-25 ~ 2024-02-24,2024-02-01,28987,26,910
잠실새내역,2024-03-31,2023-12-25 ~ 2024-02-24,2024-02-02,29012,25,935
잠실새내역,2024-03-31,2023-12-25 ~ 2024-02-24,2024-02-03,29043,31,966
잠실새내역,2024-03-31,2023-12-25 ~ 2024-02-24,2024-02-04,29071,28,994
잠실새내역,2024-03-31,2023-12-25 ~ 2024-02-24,2024-02-05,29090,19,1013
잠실새내역,2024-03-31,2023-12-25 ~ 2024-02-24,2024-02-06,29112,22,1035
잠실새내역,2024-03-31,2023-12-25 ~ 2024-02-24,2024-02-07,29137,25,1060
잠실새내역,2024-03-31,2023-12-25 ~ 2024-02-24,2024-02-08,29165,28,1088
잠실새내역,2024-03-31,2023-12-25 ~ 2024-02-24,2024-02-09,29191,26,1114
잠실새내역,2024-03-31,2023-12-25 ~ 2024-02-24,2024-02-10,29206,15,1129
잠실새내역,2024-03-31,2023-12-25 ~ 2024-02-24,2024-02-11,29219,13,1142
잠실새내역,2024-03-31,2023-12-25 ~ 2024-02-24,2024-02-12,29235,16,1158
잠실새내역,2024-03-31,2023-12-25 ~ 2024-02-24,2024-02-13,29253,18,1176
잠실새내역,2024-03-31,2023-12-25 ~ 2024-02-24,2024-02-14,29277,24,1200
잠실새내역,2024-03-31,2023-12-25 ~ 2024-02-24,2024-02-15,29301,24,1224
잠실새내역,2024-03-31,2023-12-25 ~ 2024-02-24,2024-02-16,29327,26,1250
잠실새내역,2024-03-31,2023-12-25 ~ 2024-02-24,2024-02-17,29355,28,1278
잠실새내역,2024-03-31,2023-12-25 ~ 2024-02-24,2024-02-18,29384,29,1307
잠실새내역,2024-03-31,2023-12-25 ~ 2024-02-24,2024-02-19,29403,19,1326
잠실새내역,2024-03-31,2023-12-25 ~ 2024-02-24,2024-02-20,29426,23,1349
잠실새내역,2024-03-31,2023-12-25 ~ 2024-02-24,2024-02-21,29452,26,1375
잠실새내역,2024-03-31,2023-12-25 ~ 2024-02-24,2024-02-22,29478,26,1401
잠실새내역,2024-03-31,2023-12-25 ~ 2024-02-24,2024-02-23,29502,24,1425
잠실새내역,2024-03-31,2023-12-25 ~ 2024-02-24,2024-02-24,29529,27,1452
잠실새내역,2024-03-31,2023-12-25 ~ 2024-02-24,2024-02-25,29558,29,1481
잠실새내역,2024-05-31,2024-02-25 ~ 2024-04-24,2024-02-26,29577,19,19
잠실새내역,2024-04-30,2024-02-25 ~ 2024-03-24,2024-02-26,29577,19,19
잠실새내역,2024-04-30,2024-02-25 ~ 2024-03-24,2024-02-27,29603,26,45
잠실새내역,2024-05-31,2024-02-25 ~ 2024-04-24,2024-02-27,29603,26,45
잠실새내역,2024-05-31,2024-02-25 ~ 2024-04-24,2024-02-28,29629,26,71
잠실새내역,2024-04-30,2024-02-25 ~ 2024-03-24,2024-02-28,29629,26,71
잠실새내역,2024-05-31,2024-02-25 ~ 2024-04-24,2024-02-29,29656,27,98
잠실새내역,2024-04-30,2024-02-25 ~ 2024-03-24,2024-02-29,29656,27,98
잠실새내역,2024-04-30,2024-02-25 ~ 2024-03-24,2024-03-01,29683,27,125
잠실새내역,2024-05-31,2024-02-25 ~ 2024-04-24,2024-03-01,29683,27,125
잠실새내역,2024-04-30,2024-02-25 ~ 2024-03-24,2024-03-02,29706,23,148
잠실새내역,2024-05-31,2024-02-25 ~ 2024-04-24,2024-03-02,29706,23,148
잠실새내역,2024-04-30,2024-02-25 ~ 2024-03-24,2024-03-03,29728,22,170
잠실새내역,2024-05-31,2024-02-25 ~ 2024-04-24,2024-03-03,29728,22,170
잠실새내역,2024-04-30,2024-02-25 ~ 2024-03-24,2024-03-04,29747,19,189
잠실새내역,2024-05-31,2024-02-25 ~ 2024-04-24,2024-03-04,29747,19,189
잠실새내역,2024-04-30,2024-02-25 ~ 2024-03-24,2024-03-05,29772,25,214
잠실새내역,2024-05-31,2024-02-25 ~ 2024-04-24,2024-03-05,29772,25,214
잠실새내역,2024-04-30,2024-02-25 ~ 2024-03-24,2024-03-06,29796,24,238
잠실새내역,2024-05-31,2024-02-25 ~ 2024-04-24,2024-03-06,29796,24,238
잠실새내역,2024-04-30,2024-02-25 ~ 2024-03-24,2024-03-07,29820,24,262
잠실새내역,2024-05-31,2024-02-25 ~ 2024-04-24,2024-03-07,29820,24,262
잠실새내역,2024-05-31,2024-02-25 ~ 2024-04-24,2024-03-08,29845,25,287
잠실새내역,2024-04-30,2024-02-25 ~ 2024-03-24,2024-03-08,29845,25,287
잠실새내역,2024-05-31,2024-02-25 ~ 2024-04-24,2024-03-09,29874,29,316
잠실새내역,2024-04-30,2024-02-25 ~ 2024-03-24,2024-03-09,29874,29,316
잠실새내역,2024-04-30,2024-02-25 ~ 2024-03-24,2024-03-10,29902,28,344
잠실새내역,2024-05-31,2024-02-25 ~ 2024-04-24,2024-03-10,29902,28,344
잠실새내역,2024-05-31,2024-02-25 ~ 2024-04-24,2024-03-11,29921,19,363
잠실새내역,2024-04-30,2024-02-25 ~ 2024-03-24,2024-03-11,29921,19,363
잠실새내역,2024-04-30,2024-02-25 ~ 2024-03-24,2024-03-12,29944,23,386
잠실새내역,2024-05-31,2024-02-25 ~ 2024-04-24,2024-03-12,29944,23,386
잠실새내역,2024-05-31,2024-02-25 ~ 2024-04-24,2024-03-13,29967,23,409
잠실새내역,2024-04-30,2024-02-25 ~ 2024-03-24,2024-03-13,29967,23,409
잠실새내역,2024-04-30,2024-02-25 ~ 2024-03-24,2024-03-14,29995,28,437
잠실새내역,2024-05-31,2024-02-25 ~ 2024-04-24,2024-03-14,29995,28,437
잠실새내역,2024-04-30,2024-02-25 ~ 2024-03-24,2024-03-15,30023,28,465
잠실새내역,2024-05-31,2024-02-25 ~ 2024-04-24,2024-03-15,30023,28,465
잠실새내역,2024-04-30,2024-02-25 ~ 2024-03-24,2024-03-16,30053,30,495
잠실새내역,2024-05-31,2024-02-25 ~ 2024-04-24,2024-03-16,30053,30,495
잠실새내역,2024-05-31,2024-02-25 ~ 2024-04-24,2024-03-17,30085,32,527
잠실새내역,2024-04-30,2024-02-25 ~ 2024-03-24,2024-03-17,30085,32,527
잠실새내역,2024-04-30,2024-02-25 ~ 2024-03-24,2024-03-18,30110,25,552
잠실새내역,2024-05-31,2024-02-25 ~ 2024-04-24,2024-03-18,30110,25,552
잠실새내역,2024-04-30,2024-02-25 ~ 2024-03-24,2024-03-19,30135,25,577
잠실새내역,2024-05-31,2024-02-25 ~ 2024-04-24,2024-03-19,30135,25,577
잠실새내역,2024-04-30,2024-02-25 ~ 2024-03-24,2024-03-20,30160,25,602
잠실새내역,2024-05-31,2024-02-25 ~ 2024-04-24,2024-03-20,30160,25,602
잠실새내역,2024-05-31,2024-02-25 ~ 2024-04-24,2024-03-21,30194,34,636
잠실새내역,2024-04-30,2024-02-25 ~ 2024-03-24,2024-03-21,30194,34,636
잠실새내역,2024-04-30,2024-02-25 ~ 2024-03-24,2024-03-22,30224,30,666
잠실새내역,2024-05-31,2024-02-25 ~ 2024-04-24,2024-03-22,30224,30,666
잠실새내역,2024-05-31,2024-02-25 ~ 2024-04-24,2024-03-23,30249,25,691
잠실새내역,2024-04-30,2024-02-25 ~ 2024-03-24,2024-03-23,30249,25,691
잠실새내역,2024-05-31,2024-02-25 ~ 2024-04-24,2024-03-24,30291,42,733
잠실새내역,2024-04-30,2024-02-25 ~ 2024-03-24,2024-03-24,30291,42,733
잠실새내역,2024-04-30,2024-02-25 ~ 2024-03-24,2024-03-25,30316,25,758
잠실새내역,2024-05-31,2024-02-25 ~ 2024-04-24,2024-03-25,30316,25,758
잠실새내역,2024-05-31,2024-02-25 ~ 2024-04-24,2024-03-26,30339,23,781
잠실새내역,2024-05-31,2024-02-25 ~ 2024-04-24,2024-03-27,30364,25,806
잠실새내역,2024-05-31,2024-02-25 ~ 2024-04-24,2024-03-28,30390,26,832
잠실새내역,2024-05-31,2024-02-25 ~ 2024-04-24,2024-03-29,30415,25,857
잠실새내역,2024-05-31,2024-02-25 ~ 2024-04-24,2024-03-30,30446,31,888
잠실새내역,2024-05-31,2024-02-25 ~ 2024-04-24,2024-03-31,30483,37,925
잠실새내역,2024-05-31,2024-02-25 ~ 2024-04-24,2024-04-01,30509,26,951
잠실새내역,2024-05-31,2024-02-25 ~ 2024-04-24,2024-04-02,30534,25,976
잠실새내역,2024-05-31,2024-02-25 ~ 2024-04-24,2024-04-03,30563,29,1005
잠실새내역,2024-05-31,2024-02-25 ~ 2024-04-24,2024-04-04,30591,28,1033
잠실새내역,2024-05-31,2024-02-25 ~ 2024-04-24,2024-04-05,30623,32,1065
잠실새내역,2024-05-31,2024-02-25 ~ 2024-04-24,2024-04-06,30656,33,1098
잠실새내역,2024-05-31,2024-02-25 ~ 2024-04-24,2024-04-07,30694,38,1136
잠실새내역,2024-05-31,2024-02-25 ~ 2024-04-24,2024-04-08,30721,27,1163
잠실새내역,2024-05-31,2024-02-25 ~ 2024-04-24,2024-04-09,30746,25,1188
잠실새내역,2024-05-31,2024-02-25 ~ 2024-04-24,2024-04-10,30778,32,1220
잠실새내역,2024-05-31,2024-02-25 ~ 2024-04-24,2024-04-11,30807,29,1249
잠실새내역,2024-05-31,2024-02-25 ~ 2024-04-24,2024-04-12,30836,29,1278
잠실새내역,2024-05-31,2024-02-25 ~ 2024-04-24,2024-04-13,30870,34,1312
잠실새내역,2024-05-31,2024-02-25 ~ 2024-04-24,2024-04-14,30906,36,1348
잠실새내역,2024-05-31,2024-02-25 ~ 2024-04-24,2024-04-15,30934,28,1376
잠실새내역,2024-05-31,2024-02-25 ~ 2024-04-24,2024-04-16,30957,23,1399
잠실새내역,2024-05-31,2024-02-25 ~ 2024-04-24,2024-04-17,31002,45,1444
잠실새내역,2024-05-31,2024-02-25 ~ 2024-04-24,2024-04-18,31028,26,1470
잠실새내역,2024-05-31,2024-02-25 ~ 2024-04-24,2024-04-19,31056,28,1498
잠실새내역,2024-05-31,2024-02-25 ~ 2024-04-24,2024-04-20,31089,33,1531
잠실새내역,2024-05-31,2024-02-25 ~ 2024-04-24,2024-04-21,31124,35,1566
잠실새내역,2024-05-31,2024-02-25 ~ 2024-04-24,2024-04-22,31149,25,1591
잠실새내역,2024-05-31,2024-02-25 ~ 2024-04-24,2024-04-23,31176,27,1618
잠실새내역,2024-05-31,2024-02-25 ~ 2024-04-24,2024-04-24,31205,29,1647
잠실새내역,2024-05-31,2024-02-25 ~ 2024-04-24,2024-04-25,31230,25,1672
잠실새내역,2024-06-30,2024-04-25 ~ 2024-05-24,2024-04-26,31259,29,29
잠실새내역,2024-07-31,2024-04-25 ~ 2024-06-24,2024-04-26,31259,29,29
잠실새내역,2024-07-31,2024-04-25 ~ 2024-06-24,2024-04-27,31293,34,63
잠실새내역,2024-06-30,2024-04-25 ~ 2024-05-24,2024-04-27,31293,34,63
잠실새내역,2024-07-31,2024-04-25 ~ 2024-06-24,2024-04-28,31338,45,108
잠실새내역,2024-06-30,2024-04-25 ~ 2024-05-24,2024-04-28,31338,45,108
잠실새내역,2024-06-30,2024-04-25 ~ 2024-05-24,2024-04-29,31364,26,134
잠실새내역,2024-07-31,2024-04-25 ~ 2024-06-24,2024-04-29,31364,26,134
잠실새내역,2024-06-30,2024-04-25 ~ 2024-05-24,2024-04-30,31387,23,157
잠실새내역,2024-07-31,2024-04-25 ~ 2024-06-24,2024-04-30,31387,23,157
잠실새내역,2024-06-30,2024-04-25 ~ 2024-05-24,2024-05-01,31424,37,194
잠실새내역,2024-07-31,2024-04-25 ~ 2024-06-24,2024-05-01,31424,37,194
잠실새내역,2024-06-30,2024-04-25 ~ 2024-05-24,2024-05-02,31456,32,226
잠실새내역,2024-07-31,2024-04-25 ~ 2024-06-24,2024-05-02,31456,32,226
잠실새내역,2024-06-30,2024-04-25 ~ 2024-05-24,2024-05-03,31485,29,255
잠실새내역,2024-07-31,2024-04-25 ~ 2024-06-24,2024-05-03,31485,29,255
잠실새내역,2024-06-30,2024-04-25 ~ 2024-05-24,2024-05-04,31520,35,290
잠실새내역,2024-07-31,2024-04-25 ~ 2024-06-24,2024-05-04,31520,35,290
잠실새내역,2024-07-31,2024-04-25 ~ 2024-06-24,2024-05-05,31558,38,328
잠실새내역,2024-06-30,2024-04-25 ~ 2024-05-24,2024-05-05,31558,38,328
잠실새내역,2024-07-31,2024-04-25 ~ 2024-06-24,2024-05-06,31578,20,348
잠실새내역,2024-06-30,2024-04-25 ~ 2024-05-24,2024-05-06,31578,20,348
잠실새내역,2024-07-31,2024-04-25 ~ 2024-06-24,2024-05-07,31599,21,369
잠실새내역,2024-06-30,2024-04-25 ~ 2024-05-24,2024-05-07,31599,21,369
잠실새내역,2024-07-31,2024-04-25 ~ 2024-06-24,2024-05-08,31628,29,398
잠실새내역,2024-06-30,2024-04-25 ~ 2024-05-24,2024-05-08,31628,29,398
잠실새내역,2024-07-31,2024-04-25 ~ 2024-06-24,2024-05-09,31657,29,427
잠실새내역,2024-06-30,2024-04-25 ~ 2024-05-24,2024-05-09,31657,29,427
잠실새내역,2024-07-31,2024-04-25 ~ 2024-06-24,2024-05-10,31689,32,459
잠실새내역,2024-06-30,2024-04-25 ~ 2024-05-24,2024-05-10,31689,32,459
잠실새내역,2024-07-31,2024-04-25 ~ 2024-06-24,2024-05-11,31723,34,493
잠실새내역,2024-06-30,2024-04-25 ~ 2024-05-24,2024-05-11,31723,34,493
잠실새내역,2024-06-30,2024-04-25 ~ 2024-05-24,2024-05-12,31753,30,523
잠실새내역,2024-07-31,2024-04-25 ~ 2024-06-24,2024-05-12,31753,30,523
잠실새내역,2024-07-31,2024-04-25 ~ 2024-06-24,2024-05-13,31781,28,551
잠실새내역,2024-06-30,2024-04-25 ~ 2024-05-24,2024-05-13,31781,28,551
잠실새내역,2024-06-30,2024-04-25 ~ 2024-05-24,2024-05-14,31811,30,581
잠실새내역,2024-07-31,2024-04-25 ~ 2024-06-24,2024-05-14,31811,30,581
잠실새내역,2024-07-31,2024-04-25 ~ 2024-06-24,2024-05-15,31843,32,613
잠실새내역,2024-06-30,2024-04-25 ~ 2024-05-24,2024-05-15,31843,32,613
잠실새내역,2024-07-31,2024-04-25 ~ 2024-06-24,2024-05-16,31868,25,638
잠실새내역,2024-06-30,2024-04-25 ~ 2024-05-24,2024-05-16,31868,25,638
잠실새내역,2024-06-30,2024-04-25 ~ 2024-05-24,2024-05-17,31896,28,666
잠실새내역,2024-07-31,2024-04-25 ~ 2024-06-24,2024-05-17,31896,28,666
잠실새내역,2024-06-30,2024-04-25 ~ 2024-05-24,2024-05-18,31928,32,698
잠실새내역,2024-07-31,2024-04-25 ~ 2024-06-24,2024-05-18,31928,32,698
잠실새내역,2024-06-30,2024-04-25 ~ 2024-05-24,2024-05-19,31986,58,756
잠실새내역,2024-07-31,2024-04-25 ~ 2024-06-24,2024-05-19,31986,58,756
잠실새내역,2024-06-30,2024-04-25 ~ 2024-05-24,2024-05-20,32012,26,782
잠실새내역,2024-07-31,2024-04-25 ~ 2024-06-24,2024-05-20,32012,26,782
잠실새내역,2024-06-30,2024-04-25 ~ 2024-05-24,2024-05-21,32039,27,809
잠실새내역,2024-07-31,2024-04-25 ~ 2024-06-24,2024-05-21,32039,27,809
잠실새내역,2024-06-30,2024-04-25 ~ 2024-05-24,2024-05-22,32066,27,836
잠실새내역,2024-07-31,2024-04-25 ~ 2024-06-24,2024-05-22,32066,27,836
잠실새내역,2024-06-30,2024-04-25 ~ 2024-05-24,2024-05-23,32095,29,865
잠실새내역,2024-07-31,2024-04-25 ~ 2024-06-24,2024-05-23,32095,29,865
잠실새내역,2024-07-31,2024-04-25 ~ 2024-06-24,2024-05-24,32131,36,901
잠실새내역,2024-06-30,2024-04-25 ~ 2024-05-24,2024-05-24,32131,36,901
잠실새내역,2024-07-31,2024-04-25 ~ 2024-06-24,2024-05-25,32175,44,945
잠실새내역,2024-06-30,2024-04-25 ~ 2024-05-24,2024-05-25,32175,44,945
잠실새내역,2024-07-31,2024-04-25 ~ 2024-06-24,2024-05-26,32216,41,986
잠실새내역,2024-07-31,2024-04-25 ~ 2024-06-24,2024-05-27,32238,22,1008
잠실새내역,2024-07-31,2024-04-25 ~ 2024-06-24,2024-05-28,32268,30,1038
잠실새내역,2024-07-31,2024-04-25 ~ 2024-06-24,2024-05-29,32296,28,1066
잠실새내역,2024-07-31,2024-04-25 ~ 2024-06-24,2024-05-30,32324,28,1094
잠실새내역,2024-07-31,2024-04-25 ~ 2024-06-24,2024-05-31,32354,30,1124
잠실새내역,2024-07-31,2024-04-25 ~ 2024-06-24,2024-06-01,32387,33,1157
잠실새내역,2024-07-31,2024-04-25 ~ 2024-06-24,2024-06-02,32425,38,1195
잠실새내역,2024-07-31,2024-04-25 ~ 2024-06-24,2024-06-03,32450,25,1220
잠실새내역,2024-07-31,2024-04-25 ~ 2024-06-24,2024-06-04,32478,28,1248
잠실새내역,2024-07-31,2024-04-25 ~ 2024-06-24,2024-06-05,32506,28,1276
잠실새내역,2024-07-31,2024-04-25 ~ 2024-06-24,2024-06-06,32539,33,1309
잠실새내역,2024-07-31,2024-04-25 ~ 2024-06-24,2024-06-07,32567,28,1337
잠실새내역,2024-07-31,2024-04-25 ~ 2024-06-24,2024-06-08,32598,31,1368
잠실새내역,2024-07-31,2024-04-25 ~ 2024-06-24,2024-06-09,32630,32,1400
잠실새내역,2024-07-31,2024-04-25 ~ 2024-06-24,2024-06-10,32654,24,1424
잠실새내역,2024-07-31,2024-04-25 ~ 2024-06-24,2024-06-11,32682,28,1452
잠실새내역,2024-07-31,2024-04-25 ~ 2024-06-24,2024-06-12,32710,28,1480
잠실새내역,2024-07-31,2024-04-25 ~ 2024-06-24,2024-06-13,32739,29,1509
잠실새내역,2024-07-31,2024-04-25 ~ 2024-06-24,2024-06-14,32768,29,1538
잠실새내역,2024-07-31,2024-04-25 ~ 2024-06-24,2024-06-15,32802,34,1572
잠실새내역,2024-07-31,2024-04-25 ~ 2024-06-24,2024-06-16,32834,32,1604
잠실새내역,2024-07-31,2024-04-25 ~ 2024-06-24,2024-06-17,32856,22,1626
잠실새내역,2024-07-31,2024-04-25 ~ 2024-06-24,2024-06-18,32881,25,1651
잠실새내역,2024-07-31,2024-04-25 ~ 2024-06-24,2024-06-19,32908,27,1678
잠실새내역,2024-07-31,2024-04-25 ~ 2024-06-24,2024-06-20,32939,31,1709
잠실새내역,2024-07-31,2024-04-25 ~ 2024-06-24,2024-06-21,32980,41,1750
잠실새내역,2024-07-31,2024-04-25 ~ 2024-06-24,2024-06-22,33021,41,1791
잠실새내역,2024-07-31,2024-04-25 ~ 2024-06-24,2024-06-23,33063,42,1833
잠실새내역,2024-07-31,2024-04-25 ~ 2024-06-24,2024-06-24,33100,37,1870
잠실새내역,2024-07-31,2024-04-25 ~ 2024-06-24,2024-06-25,33137,37,1907
잠실새내역,2024-08-31,2024-06-25 ~ 2024-07-16,2024-06-26,33178,41,41
잠실새내역,2024-09-30,2024-06-25 ~ 2024-07-16,2024-06-26,33178,41,41
잠실새내역,2024-09-30,2024-06-25 ~ 2024-07-16,2024-06-27,33219,41,82
잠실새내역,2024-08-31,2024-06-25 ~ 2024-07-16,2024-06-27,33219,41,82
잠실새내역,2024-08-31,2024-06-25 ~ 2024-07-16,2024-06-28,33256,37,119
잠실새내역,2024-09-30,2024-06-25 ~ 2024-07-16,2024-06-28,33256,37,119
잠실새내역,2024-08-31,2024-06-25 ~ 2024-07-16,2024-06-29,33299,43,162
잠실새내역,2024-09-30,2024-06-25 ~ 2024-07-16,2024-06-29,33299,43,162
잠실새내역,2024-08-31,2024-06-25 ~ 2024-07-16,2024-06-30,33339,40,202
잠실새내역,2024-09-30,2024-06-25 ~ 2024-07-16,2024-06-30,33339,40,202
잠실새내역,2024-09-30,2024-06-25 ~ 2024-07-16,2024-07-01,33370,31,233
잠실새내역,2024-08-31,2024-06-25 ~ 2024-07-16,2024-07-01,33370,31,233
잠실새내역,2024-08-31,2024-06-25 ~ 2024-07-16,2024-07-02,33406,36,269
잠실새내역,2024-09-30,2024-06-25 ~ 2024-07-16,2024-07-02,33406,36,269
잠실새내역,2024-09-30,2024-06-25 ~ 2024-07-16,2024-07-03,33441,35,304
잠실새내역,2024-08-31,2024-06-25 ~ 2024-07-16,2024-07-03,33441,35,304
잠실새내역,2024-09-30,2024-06-25 ~ 2024-07-16,2024-07-04,33480,39,343
잠실새내역,2024-08-31,2024-06-25 ~ 2024-07-16,2024-07-04,33480,39,343
잠실새내역,2024-09-30,2024-06-25 ~ 2024-07-16,2024-07-05,33520,40,383
잠실새내역,2024-08-31,2024-06-25 ~ 2024-07-16,2024-07-05,33520,40,383
잠실새내역,2024-09-30,2024-06-25 ~ 2024-07-16,2024-07-06,33566,46,429
잠실새내역,2024-08-31,2024-06-25 ~ 2024-07-16,2024-07-06,33566,46,429
잠실새내역,2024-09-30,2024-06-25 ~ 2024-07-16,2024-07-07,33608,42,471
잠실새내역,2024-08-31,2024-06-25 ~ 2024-07-16,2024-07-07,33608,42,471
잠실새내역,2024-09-30,2024-06-25 ~ 2024-07-16,2024-07-08,33639,31,502
잠실새내역,2024-08-31,2024-06-25 ~ 2024-07-16,2024-07-08,33639,31,502
잠실새내역,2024-08-31,2024-06-25 ~ 2024-07-16,2024-07-09,33674,35,537
잠실새내역,2024-09-30,2024-06-25 ~ 2024-07-16,2024-07-09,33674,35,537
잠실새내역,2024-08-31,2024-06-25 ~ 2024-07-16,2024-07-10,33714,40,577
잠실새내역,2024-09-30,2024-06-25 ~ 2024-07-16,2024-07-10,33714,40,577
잠실새내역,2024-08-31,2024-06-25 ~ 2024-07-16,2024-07-11,33754,40,617
잠실새내역,2024-09-30,2024-06-25 ~ 2024-07-16,2024-07-11,33754,40,617
잠실새내역,2024-08-31,2024-06-25 ~ 2024-07-16,2024-07-12,33795,41,658
잠실새내역,2024-09-30,2024-06-25 ~ 2024-07-16,2024-07-12,33795,41,658
잠실새내역,2024-08-31,2024-06-25 ~ 2024-07-16,2024-07-13,33839,44,702
잠실새내역,2024-09-30,2024-06-25 ~ 2024-07-16,2024-07-13,33839,44,702
잠실새내역,2024-09-30,2024-06-25 ~ 2024-07-16,2024-07-14,33883,44,746
잠실새내역,2024-08-31,2024-06-25 ~ 2024-07-16,2024-07-14,33883,44,746
잠실새내역,2024-09-30,2024-06-25 ~ 2024-07-16,2024-07-15,33919,36,782
잠실새내역,2024-08-31,2024-06-25 ~ 2024-07-16,2024-07-15,33919,36,782
잠실새내역,2024-09-30,2024-06-25 ~ 2024-07-16,2024-07-16,33956,37,819
잠실새내역,2024-08-31,2024-06-25 ~ 2024-07-16,2024-07-16,33956,37,819
잠실새내역,2024-08-31,2024-06-25 ~ 2024-07-16,2024-07-17,33970,14,833
잠실새내역,2024-09-30,2024-06-25 ~ 2024-07-16,2024-07-17,33970,14,833
잠실새내역,2024-10-31,2024-08-26 ~ 2024-09-24,2024-08-27,35553,0,33
잠실새내역,2024-11-30,2024-08-26 ~ 2024-10-24,2024-08-27,35553,0,33
잠실새내역,2024-10-31,2024-08-26 ~ 2024-09-24,2024-08-28,35597,44,77
잠실새내역,2024-11-30,2024-08-26 ~ 2024-10-24,2024-08-28,35597,44,77
잠실새내역,2024-10-31,2024-08-26 ~ 2024-09-24,2024-08-29,35636,39,116
잠실새내역,2024-11-30,2024-08-26 ~ 2024-10-24,2024-08-29,35636,39,116
잠실새내역,2024-10-31,2024-08-26 ~ 2024-09-24,2024-08-30,35676,40,156
잠실새내역,2024-11-30,2024-08-26 ~ 2024-10-24,2024-08-30,35676,40,156
잠실새내역,2024-10-31,2024-08-26 ~ 2024-09-24,2024-08-31,35715,39,195
잠실새내역,2024-11-30,2024-08-26 ~ 2024-10-24,2024-08-31,35715,39,195
잠실새내역,2024-11-30,2024-08-26 ~ 2024-10-24,2024-09-01,35756,41,236
잠실새내역,2024-10-31,2024-08-26 ~ 2024-09-24,2024-09-01,35756,41,236
잠실새내역,2024-11-30,2024-08-26 ~ 2024-10-24,2024-09-02,35791,35,271
잠실새내역,2024-10-31,2024-08-26 ~ 2024-09-24,2024-09-02,35791,35,271
잠실새내역,2024-11-30,2024-08-26 ~ 2024-10-24,2024-09-03,35829,38,309
잠실새내역,2024-10-31,2024-08-26 ~ 2024-09-24,2024-09-03,35829,38,309
잠실새내역,2024-11-30,2024-08-26 ~ 2024-10-24,2024-09-04,35868,39,348
잠실새내역,2024-10-31,2024-08-26 ~ 2024-09-24,2024-09-04,35868,39,348
잠실새내역,2024-11-30,2024-08-26 ~ 2024-10-24,2024-09-05,35908,40,388
잠실새내역,2024-10-31,2024-08-26 ~ 2024-09-24,2024-09-05,35908,40,388
잠실새내역,2024-11-30,2024-08-26 ~ 2024-10-24,2024-09-06,35951,43,431
잠실새내역,2024-10-31,2024-08-26 ~ 2024-09-24,2024-09-06,35951,43,431
잠실새내역,2024-11-30,2024-08-26 ~ 2024-10-24,2024-09-07,35997,46,477
잠실새내역,2024-10-31,2024-08-26 ~ 2024-09-24,2024-09-07,35997,46,477
잠실새내역,2024-11-30,2024-08-26 ~ 2024-10-24,2024-09-08,36045,48,525
잠실새내역,2024-10-31,2024-08-26 ~ 2024-09-24,2024-09-08,36045,48,525
잠실새내역,2024-11-30,2024-08-26 ~ 2024-10-24,2024-09-09,36079,34,559
잠실새내역,2024-10-31,2024-08-26 ~ 2024-09-24,2024-09-09,36079,34,559
잠실새내역,2024-10-31,2024-08-26 ~ 2024-09-24,2024-09-10,36116,37,596
잠실새내역,2024-11-30,2024-08-26 ~ 2024-10-24,2024-09-10,36116,37,596
잠실새내역,2024-10-31,2024-08-26 ~ 2024-09-24,2024-09-11,36156,40,636
잠실새내역,2024-11-30,2024-08-26 ~ 2024-10-24,2024-09-11,36156,40,636
잠실새내역,2024-10-31,2024-08-26 ~ 2024-09-24,2024-09-12,36195,39,675
잠실새내역,2024-11-30,2024-08-26 ~ 2024-10-24,2024-09-12,36195,39,675
잠실새내역,2024-10-31,2024-08-26 ~ 2024-09-24,2024-09-13,36232,37,712
잠실새내역,2024-11-30,2024-08-26 ~ 2024-10-24,2024-09-13,36232,37,712
잠실새내역,2024-10-31,2024-08-26 ~ 2024-09-24,2024-09-14,36274,42,754
잠실새내역,2024-11-30,2024-08-26 ~ 2024-10-24,2024-09-14,36274,42,754
잠실새내역,2024-10-31,2024-08-26 ~ 2024-09-24,2024-09-15,36313,39,793
잠실새내역,2024-11-30,2024-08-26 ~ 2024-10-24,2024-09-15,36313,39,793
잠실새내역,2024-11-30,2024-08-26 ~ 2024-10-24,2024-09-16,36344,31,824
잠실새내역,2024-10-31,2024-08-26 ~ 2024-09-24,2024-09-16,36344,31,824
잠실새내역,2024-10-31,2024-08-26 ~ 2024-09-24,2024-09-17,36370,26,850
잠실새내역,2024-11-30,2024-08-26 ~ 2024-10-24,2024-09-17,36370,26,850
잠실새내역,2024-10-31,2024-08-26 ~ 2024-09-24,2024-09-18,36401,31,881
잠실새내역,2024-11-30,2024-08-26 ~ 2024-10-24,2024-09-18,36401,31,881
잠실새내역,2024-10-31,2024-08-26 ~ 2024-09-24,2024-09-19,36435,34,915
잠실새내역,2024-11-30,2024-08-26 ~ 2024-10-24,2024-09-19,36435,34,915
잠실새내역,2024-10-31,2024-08-26 ~ 2024-09-24,2024-09-20,36479,44,959
잠실새내역,2024-11-30,2024-08-26 ~ 2024-10-24,2024-09-20,36479,44,959
잠실새내역,2024-10-31,2024-08-26 ~ 2024-09-24,2024-09-21,36518,39,998
잠실새내역,2024-11-30,2024-08-26 ~ 2024-10-24,2024-09-21,36518,39,998
잠실새내역,2024-10-31,2024-08-26 ~ 2024-09-24,2024-09-22,36555,37,1035
잠실새내역,2024-11-30,2024-08-26 ~ 2024-10-24,2024-09-22,36555,37,1035
잠실새내역,2024-10-31,2024-08-26 ~ 2024-09-24,2024-09-23,36582,27,1062
잠실새내역,2024-11-30,2024-08-26 ~ 2024-10-24,2024-09-23,36582,27,1062
잠실새내역,2024-11-30,2024-08-26 ~ 2024-10-24,2024-09-24,36612,30,1092
잠실새내역,2024-10-31,2024-08-26 ~ 2024-09-24,2024-09-24,36612,30,1092
잠실새내역,2024-11-30,2024-08-26 ~ 2024-10-24,2024-09-25,36644,32,1124
잠실새내역,2024-10-31,2024-08-26 ~ 2024-09-24,2024-09-25,36644,32,1124
잠실새내역,2024-11-30,2024-08-26 ~ 2024-10-24,2024-09-26,36678,34,1158
잠실새내역,2024-11-30,2024-08-26 ~ 2024-10-24,2024-09-27,36706,28,1186
잠실새내역,2024-11-30,2024-08-26 ~ 2024-10-24,2024-09-28,36740,34,1220
잠실새내역,2024-11-30,2024-08-26 ~ 2024-10-24,2024-09-29,36776,36,1256
잠실새내역,2024-11-30,2024-08-26 ~ 2024-10-24,2024-09-30,36800,24,1280
잠실새내역,2024-11-30,2024-08-26 ~ 2024-10-24,2024-10-01,36831,31,1311
잠실새내역,2024-11-30,2024-08-26 ~ 2024-10-24,2024-10-02,36856,25,1336
잠실새내역,2024-11-30,2024-08-26 ~ 2024-10-24,2024-10-03,36889,33,1369
잠실새내역,2024-11-30,2024-08-26 ~ 2024-10-24,2024-10-04,36919,30,1399
잠실새내역,2024-11-30,2024-08-26 ~ 2024-10-24,2024-10-05,36952,33,1432
잠실새내역,2024-11-30,2024-08-26 ~ 2024-10-24,2024-10-06,36993,41,1473
잠실새내역,2024-11-30,2024-08-26 ~ 2024-10-24,2024-10-07,37022,29,1502
잠실새내역,2024-11-30,2024-08-26 ~ 2024-10-24,2024-10-08,37049,27,1529
잠실새내역,2024-11-30,2024-08-26 ~ 2024-10-24,2024-10-09,37081,32,1561
잠실새내역,2024-11-30,2024-08-26 ~ 2024-10-24,2024-10-10,37111,30,1591
잠실새내역,2024-11-30,2024-08-26 ~ 2024-10-24,2024-10-11,37141,30,1621
잠실새내역,2024-11-30,2024-08-26 ~ 2024-10-24,2024-10-12,37176,35,1656
잠실새내역,2024-11-30,2024-08-26 ~ 2024-10-24,2024-10-13,37210,34,1690
잠실새내역,2024-11-30,2024-08-26 ~ 2024-10-24,2024-10-14,37235,25,1715
잠실새내역,2024-11-30,2024-08-26 ~ 2024-10-24,2024-10-15,37264,29,1744
잠실새내역,2024-11-30,2024-08-26 ~ 2024-10-24,2024-10-16,37292,28,1772
잠실새내역,2024-11-30,2024-08-26 ~ 2024-10-24,2024-10-17,37320,28,1800
잠실새내역,2024-11-30,2024-08-26 ~ 2024-10-24,2024-10-18,37350,30,1830
잠실새내역,2024-11-30,2024-08-26 ~ 2024-10-24,2024-10-19,37378,28,1858
잠실새내역,2024-11-30,2024-08-26 ~ 2024-10-24,2024-10-20,37412,34,1892
잠실새내역,2024-11-30,2024-08-26 ~ 2024-10-24,2024-10-21,37436,24,1916
잠실새내역,2024-11-30,2024-08-26 ~ 2024-10-24,2024-10-22,37463,27,1943
잠실새내역,2024-11-30,2024-08-26 ~ 2024-10-24,2024-10-23,37488,25,1968
잠실새내역,2024-11-30,2024-08-26 ~ 2024-10-24,2024-10-24,37516,28,1996
잠실새내역,2024-11-30,2024-08-26 ~ 2024-10-24,2024-10-25,37549,33,2029
잠실새내역,2025-01-31,2024-10-25 ~ 2024-12-24,2024-10-26,37580,31,31
잠실새내역,2024-12-31,2024-10-25 ~ 2024-11-24,2024-10-26,37580,31,31
잠실새내역,2025-01-31,2024-10-25 ~ 2024-12-24,2024-10-27,37619,39,70
잠실새내역,2024-12-31,2024-10-25 ~ 2024-11-24,2024-10-27,37619,39,70
잠실새내역,2024-12-31,2024-10-25 ~ 2024-11-24,2024-10-28,37642,23,93
잠실새내역,2025-01-31,2024-10-25 ~ 2024-12-24,2024-10-28,37642,23,93
잠실새내역,2025-01-31,2024-10-25 ~ 2024-12-24,2024-10-29,37670,28,121
잠실새내역,2024-12-31,2024-10-25 ~ 2024-11-24,2024-10-29,37670,28,121
잠실새내역,2025-01-31,2024-10-25 ~ 2024-12-24,2024-10-30,37704,34,155
잠실새내역,2024-12-31,2024-10-25 ~ 2024-11-24,2024-10-30,37704,34,155
잠실새내역,2024-12-31,2024-10-25 ~ 2024-11-24,2024-10-31,37736,32,187
잠실새내역,2025-01-31,2024-10-25 ~ 2024-12-24,2024-10-31,37736,32,187
잠실새내역,2024-12-31,2024-10-25 ~ 2024-11-24,2024-11-01,37766,30,217
잠실새내역,2025-01-31,2024-10-25 ~ 2024-12-24,2024-11-01,37766,30,217
잠실새내역,2024-12-31,2024-10-25 ~ 2024-11-24,2024-11-02,37796,30,247
잠실새내역,2025-01-31,2024-10-25 ~ 2024-12-24,2024-11-02,37796,30,247
잠실새내역,2024-12-31,2024-10-25 ~ 2024-11-24,2024-11-03,37828,32,279
잠실새내역,2025-01-31,2024-10-25 ~ 2024-12-24,2024-11-03,37828,32,279
잠실새내역,2024-12-31,2024-10-25 ~ 2024-11-24,2024-11-04,37858,30,309
잠실새내역,2025-01-31,2024-10-25 ~ 2024-12-24,2024-11-04,37858,30,309
잠실새내역,2025-01-31,2024-10-25 ~ 2024-12-24,2024-11-05,37891,33,342
잠실새내역,2024-12-31,2024-10-25 ~ 2024-11-24,2024-11-05,37891,33,342
잠실새내역,2025-01-31,2024-10-25 ~ 2024-12-24,2024-11-06,37919,28,370
잠실새내역,2024-12-31,2024-10-25 ~ 2024-11-24,2024-11-06,37919,28,370
잠실새내역,2025-01-31,2024-10-25 ~ 2024-12-24,2024-11-07,37949,30,400
잠실새내역,2024-12-31,2024-10-25 ~ 2024-11-24,2024-11-07,37949,30,400
잠실새내역,2025-01-31,2024-10-25 ~ 2024-12-24,2024-11-08,37978,29,429
잠실새내역,2024-12-31,2024-10-25 ~ 2024-11-24,2024-11-08,37978,29,429
잠실새내역,2025-01-31,2024-10-25 ~ 2024-12-24,2024-11-09,38010,32,461
잠실새내역,2024-12-31,2024-10-25 ~ 2024-11-24,2024-11-09,38010,32,461
잠실새내역,2024-12-31,2024-10-25 ~ 2024-11-24,2024-11-10,38045,35,496
잠실새내역,2025-01-31,2024-10-25 ~ 2024-12-24,2024-11-10,38045,35,496
잠실새내역,2024-12-31,2024-10-25 ~ 2024-11-24,2024-11-11,38070,25,521
잠실새내역,2025-01-31,2024-10-25 ~ 2024-12-24,2024-11-11,38070,25,521
잠실새내역,2024-12-31,2024-10-25 ~ 2024-11-24,2024-11-12,38100,30,551
잠실새내역,2025-01-31,2024-10-25 ~ 2024-12-24,2024-11-12,38100,30,551
잠실새내역,2024-12-31,2024-10-25 ~ 2024-11-24,2024-11-13,38128,28,579
잠실새내역,2025-01-31,2024-10-25 ~ 2024-12-24,2024-11-13,38128,28,579
잠실새내역,2024-12-31,2024-10-25 ~ 2024-11-24,2024-11-14,38157,29,608
잠실새내역,2025-01-31,2024-10-25 ~ 2024-12-24,2024-11-14,38157,29,608
잠실새내역,2024-12-31,2024-10-25 ~ 2024-11-24,2024-11-15,38189,32,640
잠실새내역,2025-01-31,2024-10-25 ~ 2024-12-24,2024-11-15,38189,32,640
잠실새내역,2024-12-31,2024-10-25 ~ 2024-11-24,2024-11-16,38221,32,672
잠실새내역,2025-01-31,2024-10-25 ~ 2024-12-24,2024-11-16,38221,32,672
잠실새내역,2024-12-31,2024-10-25 ~ 2024-11-24,2024-11-17,38251,30,702
잠실새내역,2025-01-31,2024-10-25 ~ 2024-12-24,2024-11-17,38251,30,702
잠실새내역,2024-12-31,2024-10-25 ~ 2024-11-24,2024-11-18,38276,25,727
잠실새내역,2025-01-31,2024-10-25 ~ 2024-12-24,2024-11-18,38276,25,727
잠실새내역,2024-12-31,2024-10-25 ~ 2024-11-24,2024-11-19,38300,24,751
잠실새내역,2025-01-31,2024-10-25 ~ 2024-12-24,2024-11-19,38300,24,751
잠실새내역,2025-01-31,2024-10-25 ~ 2024-12-24,2024-11-20,38328,28,779
잠실새내역,2024-12-31,2024-10-25 ~ 2024-11-24,2024-11-20,38328,28,779
잠실새내역,2024-12-31,2024-10-25 ~ 2024-11-24,2024-11-21,38354,26,805
잠실새내역,2025-01-31,2024-10-25 ~ 2024-12-24,2024-11-21,38354,26,805
잠실새내역,2024-12-31,2024-10-25 ~ 2024-11-24,2024-11-22,38384,30,835
잠실새내역,2025-01-31,2024-10-25 ~ 2024-12-24,2024-11-22,38384,30,835
잠실새내역,2024-12-31,2024-10-25 ~ 2024-11-24,2024-11-23,38416,32,867
잠실새내역,2025-01-31,2024-10-25 ~ 2024-12-24,2024-11-23,38416,32,867
잠실새내역,2025-01-31,2024-10-25 ~ 2024-12-24,2024-11-24,38447,31,898
잠실새내역,2024-12-31,2024-10-25 ~ 2024-11-24,2024-11-24,38447,31,898
잠실새내역,2024-12-31,2024-10-25 ~ 2024-11-24,2024-11-25,38470,23,921
잠실새내역,2025-01-31,2024-10-25 ~ 2024-12-24,2024-11-25,38470,23,921
잠실새내역,2025-01-31,2024-10-25 ~ 2024-12-24,2024-11-26,38498,28,949
잠실새내역,2025-01-31,2024-10-25 ~ 2024-12-24,2024-11-27,38524,26,975
잠실새내역,2025-01-31,2024-10-25 ~ 2024-12-24,2024-11-28,38546,22,997
잠실새내역,2025-01-31,2024-10-25 ~ 2024-12-24,2024-11-29,38569,23,1020
잠실새내역,2025-01-31,2024-10-25 ~ 2024-12-24,2024-11-30,38597,28,1048
잠실새내역,2025-01-31,2024-10-25 ~ 2024-12-24,2024-12-01,38624,27,1075
잠실새내역,2025-01-31,2024-10-25 ~ 2024-12-24,2024-12-02,38647,23,1098
잠실새내역,2025-01-31,2024-10-25 ~ 2024-12-24,2024-12-03,38672,25,1123
잠실새내역,2025-01-31,2024-10-25 ~ 2024-12-24,2024-12-04,38697,25,1148
잠실새내역,2025-01-31,2024-10-25 ~ 2024-12-24,2024-12-05,38723,26,1174
잠실새내역,2025-01-31,2024-10-25 ~ 2024-12-24,2024-12-06,38748,25,1199
잠실새내역,2025-01-31,2024-10-25 ~ 2024-12-24,2024-12-07,38780,32,1231
잠실새내역,2025-01-31,2024-10-25 ~ 2024-12-24,2024-12-08,38808,28,1259
잠실새내역,2025-01-31,2024-10-25 ~ 2024-12-24,2024-12-09,38828,20,1279
잠실새내역,2025-01-31,2024-10-25 ~ 2024-12-24,2024-12-10,38852,24,1303
잠실새내역,2025-01-31,2024-10-25 ~ 2024-12-24,2024-12-11,38880,28,1331
잠실새내역,2025-01-31,2024-10-25 ~ 2024-12-24,2024-12-12,38906,26,1357
잠실새내역,2025-01-31,2024-10-25 ~ 2024-12-24,2024-12-13,38932,26,1383
잠실새내역,2025-01-31,2024-10-25 ~ 2024-12-24,2024-12-14,38960,28,1411
잠실새내역,2025-01-31,2024-10-25 ~ 2024-12-24,2024-12-15,38990,30,1441
잠실새내역,2025-01-31,2024-10-25 ~ 2024-12-24,2024-12-16,39014,24,1465
잠실새내역,2025-01-31,2024-10-25 ~ 2024-12-24,2024-12-17,39040,26,1491
잠실새내역,2025-01-31,2024-10-25 ~ 2024-12-24,2024-12-18,39067,27,1518
잠실새내역,2025-01-31,2024-10-25 ~ 2024-12-24,2024-12-19,39094,27,1545
잠실새내역,2025-01-31,2024-10-25 ~ 2024-12-24,2024-12-20,39120,26,1571
잠실새내역,2025-01-31,2024-10-25 ~ 2024-12-24,2024-12-21,39135,15,1586
잠실새내역,2025-01-31,2024-10-25 ~ 2024-12-24,2024-12-22,39164,29,1615
잠실새내역,2025-01-31,2024-10-25 ~ 2024-12-24,2024-12-23,39186,22,1637
잠실새내역,2025-01-31,2024-10-25 ~ 2024-12-24,2024-12-24,39213,27,1664
잠실새내역,2025-01-31,2024-10-25 ~ 2024-12-24,2024-12-25,39242,29,1693
잠실새내역,2025-03-31,2024-12-25 ~ 2025-02-24,2024-12-26,39270,28,28
잠실새내역,2025-02-28,2024-12-25 ~ 2025-01-24,2024-12-26,39270,28,28
잠실새내역,2025-02-28,2024-12-25 ~ 2025-01-24,2024-12-27,39299,29,57
잠실새내역,2025-03-31,2024-12-25 ~ 2025-02-24,2024-12-27,39299,29,57
잠실새내역,2025-03-31,2024-12-25 ~ 2025-02-24,2024-12-28,39330,31,88
잠실새내역,2025-02-28,2024-12-25 ~ 2025-01-24,2024-12-28,39330,31,88
잠실새내역,2025-03-31,2024-12-25 ~ 2025-02-24,2024-12-29,39358,28,116
잠실새내역,2025-02-28,2024-12-25 ~ 2025-01-24,2024-12-29,39358,28,116
잠실새내역,2025-03-31,2024-12-25 ~ 2025-02-24,2024-12-30,39379,21,137
잠실새내역,2025-02-28,2024-12-25 ~ 2025-01-24,2024-12-30,39379,21,137
잠실새내역,2025-03-31,2024-12-25 ~ 2025-02-24,2024-12-31,39407,28,165
잠실새내역,2025-02-28,2024-12-25 ~ 2025-01-24,2024-12-31,39407,28,165
잠실새내역,2025-03-31,2024-12-25 ~ 2025-02-24,2025-01-01,39433,26,191
잠실새내역,2025-02-28,2024-12-25 ~ 2025-01-24,2025-01-01,39433,26,191
잠실새내역,2025-03-31,2024-12-25 ~ 2025-02-24,2025-01-02,39448,15,206
잠실새내역,2025-02-28,2024-12-25 ~ 2025-01-24,2025-01-02,39448,15,206
잠실새내역,2025-03-31,2024-12-25 ~ 2025-02-24,2025-01-03,39472,24,230
잠실새내역,2025-02-28,2024-12-25 ~ 2025-01-24,2025-01-03,39472,24,230
잠실새내역,2025-02-28,2024-12-25 ~ 2025-01-24,2025-01-04,39498,26,256
잠실새내역,2025-03-31,2024-12-25 ~ 2025-02-24,2025-01-04,39498,26,256
잠실새내역,2025-03-31,2024-12-25 ~ 2025-02-24,2025-01-05,39523,25,281
잠실새내역,2025-02-28,2024-12-25 ~ 2025-01-24,2025-01-05,39523,25,281
잠실새내역,2025-03-31,2024-12-25 ~ 2025-02-24,2025-01-06,39540,17,298
잠실새내역,2025-02-28,2024-12-25 ~ 2025-01-24,2025-01-06,39540,17,298
잠실새내역,2025-02-28,2024-12-25 ~ 2025-01-24,2025-01-07,39560,20,318
잠실새내역,2025-03-31,2024-12-25 ~ 2025-02-24,2025-01-07,39560,20,318
잠실새내역,2025-03-31,2024-12-25 ~ 2025-02-24,2025-01-08,39580,20,338
잠실새내역,2025-02-28,2024-12-25 ~ 2025-01-24,2025-01-08,39580,20,338
잠실새내역,2025-03-31,2024-12-25 ~ 2025-02-24,2025-01-09,39600,20,358
잠실새내역,2025-02-28,2024-12-25 ~ 2025-01-24,2025-01-09,39600,20,358
잠실새내역,2025-03-31,2024-12-25 ~ 2025-02-24,2025-01-10,39618,18,376
잠실새내역,2025-02-28,2024-12-25 ~ 2025-01-24,2025-01-10,39618,18,376
잠실새내역,2025-03-31,2024-12-25 ~ 2025-02-24,2025-01-11,39638,20,396
잠실새내역,2025-02-28,2024-12-25 ~ 2025-01-24,2025-01-11,39638,20,396
잠실새내역,2025-03-31,2024-12-25 ~ 2025-02-24,2025-01-12,39660,22,418
잠실새내역,2025-02-28,2024-12-25 ~ 2025-01-24,2025-01-12,39660,22,418
잠실새내역,2025-02-28,2024-12-25 ~ 2025-01-24,2025-01-13,39670,10,428
잠실새내역,2025-03-31,2024-12-25 ~ 2025-02-24,2025-01-13,39670,10,428
잠실새내역,2025-03-31,2024-12-25 ~ 2025-02-24,2025-01-14,39689,19,447
잠실새내역,2025-02-28,2024-12-25 ~ 2025-01-24,2025-01-14,39689,19,447
잠실새내역,2025-02-28,2024-12-25 ~ 2025-01-24,2025-01-15,39705,16,463
잠실새내역,2025-03-31,2024-12-25 ~ 2025-02-24,2025-01-15,39705,16,463
잠실새내역,2025-02-28,2024-12-25 ~ 2025-01-24,2025-01-16,39755,50,513
잠실새내역,2025-03-31,2024-12-25 ~ 2025-02-24,2025-01-16,39755,50,513
잠실새내역,2025-02-28,2024-12-25 ~ 2025-01-24,2025-01-17,39779,24,537
잠실새내역,2025-03-31,2024-12-25 ~ 2025-02-24,2025-01-17,39779,24,537
잠실새내역,2025-02-28,2024-12-25 ~ 2025-01-24,2025-01-18,39802,23,560
잠실새내역,2025-03-31,2024-12-25 ~ 2025-02-24,2025-01-18,39802,23,560
잠실새내역,2025-02-28,2024-12-25 ~ 2025-01-24,2025-01-19,39828,26,586
잠실새내역,2025-03-31,2024-12-25 ~ 2025-02-24,2025-01-19,39828,26,586
잠실새내역,2025-03-31,2024-12-25 ~ 2025-02-24,2025-01-20,39872,44,630
잠실새내역,2025-02-28,2024-12-25 ~ 2025-01-24,2025-01-20,39872,44,630
잠실새내역,2025-02-28,2024-12-25 ~ 2025-01-24,2025-01-21,39893,21,651
잠실새내역,2025-03-31,2024-12-25 ~ 2025-02-24,2025-01-21,39893,21,651
잠실새내역,2025-03-31,2024-12-25 ~ 2025-02-24,2025-01-22,39913,20,671
잠실새내역,2025-02-28,2024-12-25 ~ 2025-01-24,2025-01-22,39913,20,671
잠실새내역,2025-02-28,2024-12-25 ~ 2025-01-24,2025-01-23,39936,23,694
잠실새내역,2025-03-31,2024-12-25 ~ 2025-02-24,2025-01-23,39936,23,694
잠실새내역,2025-03-31,2024-12-25 ~ 2025-02-24,2025-01-24,39959,23,717
잠실새내역,2025-02-28,2024-12-25 ~ 2025-01-24,2025-01-24,39959,23,717
잠실새내역,2025-03-31,2024-12-25 ~ 2025-02-24,2025-01-25,39983,24,741
잠실새내역,2025-02-28,2024-12-25 ~ 2025-01-24,2025-01-25,39983,24,741
잠실새내역,2025-03-31,2024-12-25 ~ 2025-02-24,2025-01-26,40006,23,764
잠실새내역,2025-03-31,2024-12-25 ~ 2025-02-24,2025-01-27,40024,18,782
잠실새내역,2025-03-31,2024-12-25 ~ 2025-02-24,2025-01-28,40041,17,799
잠실새내역,2025-03-31,2024-12-25 ~ 2025-02-24,2025-01-29,40052,11,810
잠실새내역,2025-03-31,2024-12-25 ~ 2025-02-24,2025-01-30,40062,10,820
잠실새내역,2025-03-31,2024-12-25 ~ 2025-02-24,2025-01-31,40072,10,830
잠실새내역,2025-03-31,2024-12-25 ~ 2025-02-24,2025-02-01,40091,19,849
잠실새내역,2025-03-31,2024-12-25 ~ 2025-02-24,2025-02-02,40112,21,870
잠실새내역,2025-03-31,2024-12-25 ~ 2025-02-24,2025-02-03,40128,16,886
잠실새내역,2025-03-31,2024-12-25 ~ 2025-02-24,2025-02-04,40148,20,906
잠실새내역,2025-03-31,2024-12-25 ~ 2025-02-24,2025-02-05,40164,16,922
잠실새내역,2025-03-31,2024-12-25 ~ 2025-02-24,2025-02-06,40183,19,941
잠실새내역,2025-03-31,2024-12-25 ~ 2025-02-24,2025-02-07,40204,21,962
잠실새내역,2025-03-31,2024-12-25 ~ 2025-02-24,2025-02-08,40226,22,984
잠실새내역,2025-03-31,2024-12-25 ~ 2025-02-24,2025-02-09,40249,23,1007
잠실새내역,2025-03-31,2024-12-25 ~ 2025-02-24,2025-02-10,40264,15,1022
잠실새내역,2025-03-31,2024-12-25 ~ 2025-02-24,2025-02-11,40284,20,1042
잠실새내역,2025-03-31,2024-12-25 ~ 2025-02-24,2025-02-12,40305,21,1063
잠실새내역,2025-03-31,2024-12-25 ~ 2025-02-24,2025-02-13,40320,15,1078
잠실새내역,2025-03-31,2024-12-25 ~ 2025-02-24,2025-02-14,40338,18,1096
잠실새내역,2025-03-31,2024-12-25 ~ 2025-02-24,2025-02-15,40362,24,1120
잠실새내역,2025-03-31,2024-12-25 ~ 2025-02-24,2025-02-16,40389,27,1147
잠실새내역,2025-03-31,2024-12-25 ~ 2025-02-24,2025-02-17,40406,17,1164
잠실새내역,2025-03-31,2024-12-25 ~ 2025-02-24,2025-02-18,40429,23,1187
잠실새내역,2025-03-31,2024-12-25 ~ 2025-02-24,2025-02-19,40451,22,1209
잠실새내역,2025-03-31,2024-12-25 ~ 2025-02-24,2025-02-20,40472,21,1230
잠실새내역,2025-03-31,2024-12-25 ~ 2025-02-24,2025-02-21,40493,21,1251
잠실새내역,2025-03-31,2024-12-25 ~ 2025-02-24,2025-02-22,40518,25,1276
잠실새내역,2025-03-31,2024-12-25 ~ 2025-02-24,2025-02-23,40542,24,1300
잠실새내역,2025-03-31,2024-12-25 ~ 2025-02-24,2025-02-24,40559,17,1317
잠실새내역,2025-03-31,2024-12-25 ~ 2025-02-24,2025-02-25,40580,21,1338
잠실새내역,2025-05-31,2025-02-25 ~ 2025-04-24,2025-02-26,40602,22,22
잠실새내역,2025-04-30,2025-02-25 ~ 2025-03-24,2025-02-26,40602,22,22
잠실새내역,2025-05-31,2025-02-25 ~ 2025-04-24,2025-02-27,40625,23,45
잠실새내역,2025-04-30,2025-02-25 ~ 2025-03-24,2025-02-27,40625,23,45
잠실새내역,2025-05-31,2025-02-25 ~ 2025-04-24,2025-02-28,40649,24,69
잠실새내역,2025-04-30,2025-02-25 ~ 2025-03-24,2025-02-28,40649,24,69
잠실새내역,2025-05-31,2025-02-25 ~ 2025-04-24,2025-03-01,40674,25,94
잠실새내역,2025-04-30,2025-02-25 ~ 2025-03-24,2025-03-01,40674,25,94
잠실새내역,2025-05-31,2025-02-25 ~ 2025-04-24,2025-03-02,40695,21,115
잠실새내역,2025-04-30,2025-02-25 ~ 2025-03-24,2025-03-02,40695,21,115
잠실새내역,2025-04-30,2025-02-25 ~ 2025-03-24,2025-03-03,40714,19,134
잠실새내역,2025-05-31,2025-02-25 ~ 2025-04-24,2025-03-03,40714,19,134
잠실새내역,2025-04-30,2025-02-25 ~ 2025-03-24,2025-03-04,40732,18,152
잠실새내역,2025-05-31,2025-02-25 ~ 2025-04-24,2025-03-04,40732,18,152
잠실새내역,2025-04-30,2025-02-25 ~ 2025-03-24,2025-03-05,40752,20,172
잠실새내역,2025-05-31,2025-02-25 ~ 2025-04-24,2025-03-05,40752,20,172
잠실새내역,2025-05-31,2025-02-25 ~ 2025-04-24,2025-03-06,40775,23,195
잠실새내역,2025-04-30,2025-02-25 ~ 2025-03-24,2025-03-06,40775,23,195
잠실새내역,2025-04-30,2025-02-25 ~ 2025-03-24,2025-03-07,40797,22,217
잠실새내역,2025-05-31,2025-02-25 ~ 2025-04-24,2025-03-07,40797,22,217
잠실새내역,2025-05-31,2025-02-25 ~ 2025-04-24,2025-03-08,40822,25,242
잠실새내역,2025-04-30,2025-02-25 ~ 2025-03-24,2025-03-08,40822,25,242
잠실새내역,2025-05-31,2025-02-25 ~ 2025-04-24,2025-03-09,40851,29,271
잠실새내역,2025-04-30,2025-02-25 ~ 2025-03-24,2025-03-09,40851,29,271
잠실새내역,2025-05-31,2025-02-25 ~ 2025-04-24,2025-03-10,40870,19,290
잠실새내역,2025-04-30,2025-02-25 ~ 2025-03-24,2025-03-10,40870,19,290
잠실새내역,2025-05-31,2025-02-25 ~ 2025-04-24,2025-03-11,40895,25,315
잠실새내역,2025-04-30,2025-02-25 ~ 2025-03-24,2025-03-11,40895,25,315
잠실새내역,2025-04-30,2025-02-25 ~ 2025-03-24,2025-03-12,40920,25,340
잠실새내역,2025-05-31,2025-02-25 ~ 2025-04-24,2025-03-12,40920,25,340
잠실새내역,2025-05-31,2025-02-25 ~ 2025-04-24,2025-03-13,40942,22,362
잠실새내역,2025-04-30,2025-02-25 ~ 2025-03-24,2025-03-13,40942,22,362
잠실새내역,2025-05-31,2025-02-25 ~ 2025-04-24,2025-03-14,40966,24,386
잠실새내역,2025-04-30,2025-02-25 ~ 2025-03-24,2025-03-14,40966,24,386
잠실새내역,2025-04-30,2025-02-25 ~ 2025-03-24,2025-03-15,40994,28,414
잠실새내역,2025-05-31,2025-02-25 ~ 2025-04-24,2025-03-15,40994,28,414
잠실새내역,2025-05-31,2025-02-25 ~ 2025-04-24,2025-03-16,41024,30,444
잠실새내역,2025-04-30,2025-02-25 ~ 2025-03-24,2025-03-16,41024,30,444
잠실새내역,2025-04-30,2025-02-25 ~ 2025-03-24,2025-03-17,41047,23,467
잠실새내역,2025-05-31,2025-02-25 ~ 2025-04-24,2025-03-17,41047,23,467
잠실새내역,2025-04-30,2025-02-25 ~ 2025-03-24,2025-03-18,41069,22,489
잠실새내역,2025-05-31,2025-02-25 ~ 2025-04-24,2025-03-18,41069,22,489
잠실새내역,2025-04-30,2025-02-25 ~ 2025-03-24,2025-03-19,41091,22,511
잠실새내역,2025-05-31,2025-02-25 ~ 2025-04-24,2025-03-19,41091,22,511
잠실새내역,2025-05-31,2025-02-25 ~ 2025-04-24,2025-03-20,41113,22,533
잠실새내역,2025-04-30,2025-02-25 ~ 2025-03-24,2025-03-20,41113,22,533
잠실새내역,2025-05-31,2025-02-25 ~ 2025-04-24,2025-03-21,41137,24,557
잠실새내역,2025-04-30,2025-02-25 ~ 2025-03-24,2025-03-21,41137,24,557
잠실새내역,2025-05-31,2025-02-25 ~ 2025-04-24,2025-03-22,41162,25,582
잠실새내역,2025-04-30,2025-02-25 ~ 2025-03-24,2025-03-22,41162,25,582
잠실새내역,2025-04-30,2025-02-25 ~ 2025-03-24,2025-03-23,41195,33,615
잠실새내역,2025-05-31,2025-02-25 ~ 2025-04-24,2025-03-23,41195,33,615
잠실새내역,2025-04-30,2025-02-25 ~ 2025-03-24,2025-03-24,41217,22,637
잠실새내역,2025-05-31,2025-02-25 ~ 2025-04-24,2025-03-24,41217,22,637
잠실새내역,2025-04-30,2025-02-25 ~ 2025-03-24,2025-03-25,41263,46,683
잠실새내역,2025-05-31,2025-02-25 ~ 2025-04-24,2025-03-25,41263,46,683
잠실새내역,2025-05-31,2025-02-25 ~ 2025-04-24,2025-03-26,41288,25,708
잠실새내역,2025-05-31,2025-02-25 ~ 2025-04-24,2025-03-27,41313,25,733
잠실새내역,2025-05-31,2025-02-25 ~ 2025-04-24,2025-03-28,41338,25,758
잠실새내역,2025-05-31,2025-02-25 ~ 2025-04-24,2025-03-29,41368,30,788
잠실새내역,2025-05-31,2025-02-25 ~ 2025-04-24,2025-03-30,41397,29,817
잠실새내역,2025-05-31,2025-02-25 ~ 2025-04-24,2025-03-31,41419,22,839
잠실새내역,2025-05-31,2025-02-25 ~ 2025-04-24,2025-04-01,41442,23,862
잠실새내역,2025-05-31,2025-02-25 ~ 2025-04-24,2025-04-02,41465,23,885
잠실새내역,2025-05-31,2025-02-25 ~ 2025-04-24,2025-04-03,41490,25,910
잠실새내역,2025-05-31,2025-02-25 ~ 2025-04-24,2025-04-04,41515,25,935
잠실새내역,2025-05-31,2025-02-25 ~ 2025-04-24,2025-04-05,41546,31,966
잠실새내역,2025-05-31,2025-02-25 ~ 2025-04-24,2025-04-06,41571,25,991
잠실새내역,2025-05-31,2025-02-25 ~ 2025-04-24,2025-04-07,41598,27,1018
잠실새내역,2025-05-31,2025-02-25 ~ 2025-04-24,2025-04-08,41621,23,1041
잠실새내역,2025-05-31,2025-02-25 ~ 2025-04-24,2025-04-09,41649,28,1069
잠실새내역,2025-05-31,2025-02-25 ~ 2025-04-24,2025-04-10,41677,28,1097
잠실새내역,2025-05-31,2025-02-25 ~ 2025-04-24,2025-04-11,41706,29,1126
잠실새내역,2025-05-31,2025-02-25 ~ 2025-04-24,2025-04-12,41739,33,1159
잠실새내역,2025-05-31,2025-02-25 ~ 2025-04-24,2025-04-13,41765,26,1185
잠실새내역,2025-05-31,2025-02-25 ~ 2025-04-24,2025-04-14,41785,20,1205
잠실새내역,2025-05-31,2025-02-25 ~ 2025-04-24,2025-04-15,41806,21,1226
잠실새내역,2025-05-31,2025-02-25 ~ 2025-04-24,2025-04-16,41832,26,1252
잠실새내역,2025-05-31,2025-02-25 ~ 2025-04-24,2025-04-17,41857,25,1277
잠실새내역,2025-05-31,2025-02-25 ~ 2025-04-24,2025-04-18,41883,26,1303
잠실새내역,2025-05-31,2025-02-25 ~ 2025-04-24,2025-04-19,41913,30,1333
잠실새내역,2025-05-31,2025-02-25 ~ 2025-04-24,2025-04-20,41940,27,1360
잠실새내역,2025-05-31,2025-02-25 ~ 2025-04-24,2025-04-21,41965,25,1385
잠실새내역,2025-05-31,2025-02-25 ~ 2025-04-24,2025-04-22,41988,23,1408
잠실새내역,2025-05-31,2025-02-25 ~ 2025-04-24,2025-04-23,42010,22,1430
잠실새내역,2025-05-31,2025-02-25 ~ 2025-04-24,2025-04-24,42039,29,1459
잠실새내역,2025-05-31,2025-02-25 ~ 2025-04-24,2025-04-25,42064,25,1484
잠실새내역,2025-07-31,2025-04-25 ~ 2025-06-24,2025-04-26,42095,31,31
잠실새내역,2025-06-30,2025-04-25 ~ 2025-05-24,2025-04-26,42095,31,31
잠실새내역,2025-06-30,2025-04-25 ~ 2025-05-24,2025-04-27,42129,34,65
잠실새내역,2025-07-31,2025-04-25 ~ 2025-06-24,2025-04-27,42129,34,65
잠실새내역,2025-07-31,2025-04-25 ~ 2025-06-24,2025-04-28,42154,25,90
잠실새내역,2025-06-30,2025-04-25 ~ 2025-05-24,2025-04-28,42154,25,90
잠실새내역,2025-06-30,2025-04-25 ~ 2025-05-24,2025-04-29,42180,26,116
잠실새내역,2025-07-31,2025-04-25 ~ 2025-06-24,2025-04-29,42180,26,116
잠실새내역,2025-06-30,2025-04-25 ~ 2025-05-24,2025-04-30,42209,29,145
잠실새내역,2025-07-31,2025-04-25 ~ 2025-06-24,2025-04-30,42209,29,145
잠실새내역,2025-07-31,2025-04-25 ~ 2025-06-24,2025-05-01,42237,28,173
잠실새내역,2025-06-30,2025-04-25 ~ 2025-05-24,2025-05-01,42237,28,173
잠실새내역,2025-07-31,2025-04-25 ~ 2025-06-24,2025-05-02,42261,24,197
잠실새내역,2025-06-30,2025-04-25 ~ 2025-05-24,2025-05-02,42261,24,197
잠실새내역,2025-06-30,2025-04-25 ~ 2025-05-24,2025-05-03,42291,30,227
잠실새내역,2025-07-31,2025-04-25 ~ 2025-06-24,2025-05-03,42291,30,227
잠실새내역,2025-07-31,2025-04-25 ~ 2025-06-24,2025-05-04,42319,28,255
잠실새내역,2025-06-30,2025-04-25 ~ 2025-05-24,2025-05-04,42319,28,255
잠실새내역,2025-06-30,2025-04-25 ~ 2025-05-24,2025-05-05,42344,25,280
잠실새내역,2025-07-31,2025-04-25 ~ 2025-06-24,2025-05-05,42344,25,280
잠실새내역,2025-06-30,2025-04-25 ~ 2025-05-24,2025-05-06,42370,26,306
잠실새내역,2025-07-31,2025-04-25 ~ 2025-06-24,2025-05-06,42370,26,306
잠실새내역,2025-06-30,2025-04-25 ~ 2025-05-24,2025-05-07,42395,25,331
잠실새내역,2025-07-31,2025-04-25 ~ 2025-06-24,2025-05-07,42395,25,331
잠실새내역,2025-06-30,2025-04-25 ~ 2025-05-24,2025-05-08,42425,30,361
잠실새내역,2025-07-31,2025-04-25 ~ 2025-06-24,2025-05-08,42425,30,361
잠실새내역,2025-07-31,2025-04-25 ~ 2025-06-24,2025-05-09,42450,25,386
잠실새내역,2025-06-30,2025-04-25 ~ 2025-05-24,2025-05-09,42450,25,386
잠실새내역,2025-07-31,2025-04-25 ~ 2025-06-24,2025-05-10,42479,29,415
잠실새내역,2025-06-30,2025-04-25 ~ 2025-05-24,2025-05-10,42479,29,415
잠실새내역,2025-07-31,2025-04-25 ~ 2025-06-24,2025-05-11,42508,29,444
잠실새내역,2025-06-30,2025-04-25 ~ 2025-05-24,2025-05-11,42508,29,444
잠실새내역,2025-07-31,2025-04-25 ~ 2025-06-24,2025-05-12,42533,25,469
잠실새내역,2025-06-30,2025-04-25 ~ 2025-05-24,2025-05-12,42533,25,469
잠실새내역,2025-07-31,2025-04-25 ~ 2025-06-24,2025-05-13,42558,25,494
잠실새내역,2025-06-30,2025-04-25 ~ 2025-05-24,2025-05-13,42558,25,494
잠실새내역,2025-06-30,2025-04-25 ~ 2025-05-24,2025-05-14,42585,27,521
잠실새내역,2025-07-31,2025-04-25 ~ 2025-06-24,2025-05-14,42585,27,521
잠실새내역,2025-07-31,2025-04-25 ~ 2025-06-24,2025-05-15,42614,29,550
잠실새내역,2025-06-30,2025-04-25 ~ 2025-05-24,2025-05-15,42614,29,550
잠실새내역,2025-07-31,2025-04-25 ~ 2025-06-24,2025-05-16,42643,29,579
잠실새내역,2025-06-30,2025-04-25 ~ 2025-05-24,2025-05-16,42643,29,579
잠실새내역,2025-07-31,2025-04-25 ~ 2025-06-24,2025-05-17,42669,26,605
잠실새내역,2025-06-30,2025-04-25 ~ 2025-05-24,2025-05-17,42669,26,605
잠실새내역,2025-07-31,2025-04-25 ~ 2025-06-24,2025-05-18,42698,29,634
잠실새내역,2025-06-30,2025-04-25 ~ 2025-05-24,2025-05-18,42698,29,634
잠실새내역,2025-07-31,2025-04-25 ~ 2025-06-24,2025-05-19,42724,26,660
잠실새내역,2025-06-30,2025-04-25 ~ 2025-05-24,2025-05-19,42724,26,660
잠실새내역,2025-07-31,2025-04-25 ~ 2025-06-24,2025-05-20,42749,25,685
잠실새내역,2025-06-30,2025-04-25 ~ 2025-05-24,2025-05-20,42749,25,685
잠실새내역,2025-06-30,2025-04-25 ~ 2025-05-24,2025-05-21,42775,26,711
잠실새내역,2025-07-31,2025-04-25 ~ 2025-06-24,2025-05-21,42775,26,711
잠실새내역,2025-07-31,2025-04-25 ~ 2025-06-24,2025-05-22,42802,27,738
잠실새내역,2025-06-30,2025-04-25 ~ 2025-05-24,2025-05-22,42802,27,738
잠실새내역,2025-07-31,2025-04-25 ~ 2025-06-24,2025-05-23,42829,27,765
잠실새내역,2025-06-30,2025-04-25 ~ 2025-05-24,2025-05-23,42829,27,765
잠실새내역,2025-07-31,2025-04-25 ~ 2025-06-24,2025-05-24,42857,28,793
잠실새내역,2025-06-30,2025-04-25 ~ 2025-05-24,2025-05-24,42857,28,793
잠실새내역,2025-07-31,2025-04-25 ~ 2025-06-24,2025-05-25,42889,32,825
잠실새내역,2025-06-30,2025-04-25 ~ 2025-05-24,2025-05-25,42889,32,825
잠실새내역,2025-07-31,2025-04-25 ~ 2025-06-24,2025-05-26,42914,25,850
잠실새내역,2025-07-31,2025-04-25 ~ 2025-06-24,2025-05-27,42937,23,873
잠실새내역,2025-07-31,2025-04-25 ~ 2025-06-24,2025-05-28,42965,28,901
잠실새내역,2025-07-31,2025-04-25 ~ 2025-06-24,2025-05-29,42993,28,929
잠실새내역,2025-07-31,2025-04-25 ~ 2025-06-24,2025-05-30,43019,26,955
잠실새내역,2025-07-31,2025-04-25 ~ 2025-06-24,2025-05-31,43049,30,985
잠실새내역,2025-07-31,2025-04-25 ~ 2025-06-24,2025-06-01,43082,33,1018
잠실새내역,2025-07-31,2025-04-25 ~ 2025-06-24,2025-06-02,43104,22,1040
잠실새내역,2025-07-31,2025-04-25 ~ 2025-06-24,2025-06-03,43129,25,1065
잠실새내역,2025-07-31,2025-04-25 ~ 2025-06-24,2025-06-04,43155,26,1091
잠실새내역,2025-07-31,2025-04-25 ~ 2025-06-24,2025-06-05,43181,26,1117
잠실새내역,2025-07-31,2025-04-25 ~ 2025-06-24,2025-06-06,43211,30,1147
잠실새내역,2025-07-31,2025-04-25 ~ 2025-06-24,2025-06-07,43238,27,1174
잠실새내역,2025-07-31,2025-04-25 ~ 2025-06-24,2025-06-08,43269,31,1205
잠실새내역,2025-07-31,2025-04-25 ~ 2025-06-24,2025-06-09,43294,25,1230
잠실새내역,2025-07-31,2025-04-25 ~ 2025-06-24,2025-06-10,43318,24,1254
잠실새내역,2025-07-31,2025-04-25 ~ 2025-06-24,2025-06-11,43346,28,1282
잠실새내역,2025-07-31,2025-04-25 ~ 2025-06-24,2025-06-12,43372,26,1308
잠실새내역,2025-07-31,2025-04-25 ~ 2025-06-24,2025-06-13,43399,27,1335
잠실새내역,2025-07-31,2025-04-25 ~ 2025-06-24,2025-06-14,43429,30,1365
잠실새내역,2025-07-31,2025-04-25 ~ 2025-06-24,2025-06-15,43461,32,1397
잠실새내역,2025-07-31,2025-04-25 ~ 2025-06-24,2025-06-16,43484,23,1420
잠실새내역,2025-07-31,2025-04-25 ~ 2025-06-24,2025-06-17,43509,25,1445
잠실새내역,2025-07-31,2025-04-25 ~ 2025-06-24,2025-06-18,43540,31,1476
잠실새내역,2025-07-31,2025-04-25 ~ 2025-06-24,2025-06-19,43578,38,1514
잠실새내역,2025-07-31,2025-04-25 ~ 2025-06-24,2025-06-20,43615,37,1551
잠실새내역,2025-07-31,2025-04-25 ~ 2025-06-24,2025-06-21,43652,37,1588
잠실새내역,2025-07-31,2025-04-25 ~ 2025-06-24,2025-06-22,43696,44,1632
잠실새내역,2025-07-31,2025-04-25 ~ 2025-06-24,2025-06-23,43726,30,1662
잠실새내역,2025-07-31,2025-04-25 ~ 2025-06-24,2025-06-24,43763,37,1699
잠실새내역,2025-07-31,2025-04-25 ~ 2025-06-24,2025-06-25,43800,37,1736
잠실새내역,2025-08-31,2025-06-25 ~ 2025-07-24,2025-06-26,43836,36,36
잠실새내역,2025-09-30,2025-06-25 ~ 2025-08-24,2025-06-26,43836,36,36
잠실새내역,2025-09-30,2025-06-25 ~ 2025-08-24,2025-06-27,43874,38,74
잠실새내역,2025-08-31,2025-06-25 ~ 2025-07-24,2025-06-27,43874,38,74
잠실새내역,2025-09-30,2025-06-25 ~ 2025-08-24,2025-06-28,43916,42,116
잠실새내역,2025-08-31,2025-06-25 ~ 2025-07-24,2025-06-28,43916,42,116
잠실새내역,2025-09-30,2025-06-25 ~ 2025-08-24,2025-06-29,43954,38,154
잠실새내역,2025-08-31,2025-06-25 ~ 2025-07-24,2025-06-29,43954,38,154
잠실새내역,2025-09-30,2025-06-25 ~ 2025-08-24,2025-06-30,43987,33,187
잠실새내역,2025-08-31,2025-06-25 ~ 2025-07-24,2025-06-30,43987,33,187
잠실새내역,2025-09-30,2025-06-25 ~ 2025-08-24,2025-07-01,44022,35,222
잠실새내역,2025-08-31,2025-06-25 ~ 2025-07-24,2025-07-01,44022,35,222
잠실새내역,2025-08-31,2025-06-25 ~ 2025-07-24,2025-07-02,44058,36,258
잠실새내역,2025-09-30,2025-06-25 ~ 2025-08-24,2025-07-02,44058,36,258
잠실새내역,2025-08-31,2025-06-25 ~ 2025-07-24,2025-07-03,44095,37,295
잠실새내역,2025-09-30,2025-06-25 ~ 2025-08-24,2025-07-03,44095,37,295
잠실새내역,2025-09-30,2025-06-25 ~ 2025-08-24,2025-07-04,44132,37,332
잠실새내역,2025-08-31,2025-06-25 ~ 2025-07-24,2025-07-04,44132,37,332
잠실새내역,2025-08-31,2025-06-25 ~ 2025-07-24,2025-07-05,44145,13,345
잠실새내역,2025-09-30,2025-06-25 ~ 2025-08-24,2025-07-05,44145,13,345
잠실새내역,2025-08-31,2025-06-25 ~ 2025-07-24,2025-07-06,44213,68,413
잠실새내역,2025-09-30,2025-06-25 ~ 2025-08-24,2025-07-06,44213,68,413
잠실새내역,2025-08-31,2025-06-25 ~ 2025-07-24,2025-07-07,44244,31,444
잠실새내역,2025-09-30,2025-06-25 ~ 2025-08-24,2025-07-07,44244,31,444
잠실새내역,2025-09-30,2025-06-25 ~ 2025-08-24,2025-07-08,44282,38,482
잠실새내역,2025-08-31,2025-06-25 ~ 2025-07-24,2025-07-08,44282,38,482
잠실새내역,2025-08-31,2025-06-25 ~ 2025-07-24,2025-07-09,44319,37,519
잠실새내역,2025-09-30,2025-06-25 ~ 2025-08-24,2025-07-09,44319,37,519
잠실새내역,2025-08-31,2025-06-25 ~ 2025-07-24,2025-07-10,44356,37,556
잠실새내역,2025-09-30,2025-06-25 ~ 2025-08-24,2025-07-10,44356,37,556
잠실새내역,2025-09-30,2025-06-25 ~ 2025-08-24,2025-07-11,44392,36,592
잠실새내역,2025-08-31,2025-06-25 ~ 2025-07-24,2025-07-11,44392,36,592
잠실새내역,2025-08-31,2025-06-25 ~ 2025-07-24,2025-07-12,44430,38,630
잠실새내역,2025-09-30,2025-06-25 ~ 2025-08-24,2025-07-12,44430,38,630
잠실새내역,2025-09-30,2025-06-25 ~ 2025-08-24,2025-07-13,44466,36,666
잠실새내역,2025-08-31,2025-06-25 ~ 2025-07-24,2025-07-13,44466,36,666
잠실새내역,2025-08-31,2025-06-25 ~ 2025-07-24,2025-07-14,44498,32,698
잠실새내역,2025-09-30,2025-06-25 ~ 2025-08-24,2025-07-14,44498,32,698
잠실새내역,2025-09-30,2025-06-25 ~ 2025-08-24,2025-07-15,44534,36,734
잠실새내역,2025-08-31,2025-06-25 ~ 2025-07-24,2025-07-15,44534,36,734
잠실새내역,2025-09-30,2025-06-25 ~ 2025-08-24,2025-07-16,44571,37,771
잠실새내역,2025-08-31,2025-06-25 ~ 2025-07-24,2025-07-16,44571,37,771
잠실새내역,2025-09-30,2025-06-25 ~ 2025-08-24,2025-07-17,44605,34,805
잠실새내역,2025-08-31,2025-06-25 ~ 2025-07-24,2025-07-17,44605,34,805
잠실새내역,2025-08-31,2025-06-25 ~ 2025-07-24,2025-07-18,44640,35,840
잠실새내역,2025-09-30,2025-06-25 ~ 2025-08-24,2025-07-18,44640,35,840
잠실새내역,2025-08-31,2025-06-25 ~ 2025-07-24,2025-07-19,44653,13,853
잠실새내역,2025-09-30,2025-06-25 ~ 2025-08-24,2025-07-19,44653,13,853
잠실새내역,2025-08-31,2025-06-25 ~ 2025-07-24,2025-07-21,44752,99,952
잠실새내역,2025-09-30,2025-06-25 ~ 2025-08-24,2025-07-21,44752,99,952
잠실새내역,2025-08-31,2025-06-25 ~ 2025-07-24,2025-07-22,44788,36,988
잠실새내역,2025-09-30,2025-06-25 ~ 2025-08-24,2025-07-22,44788,36,988
잠실새내역,2025-08-31,2025-06-25 ~ 2025-07-24,2025-07-23,44825,37,1025
잠실새내역,2025-09-30,2025-06-25 ~ 2025-08-24,2025-07-23,44825,37,1025
잠실새내역,2025-08-31,2025-06-25 ~ 2025-07-24,2025-07-24,44864,39,1064
잠실새내역,2025-09-30,2025-06-25 ~ 2025-08-24,2025-07-24,44864,39,1064
잠실새내역,2025-09-30,2025-06-25 ~ 2025-08-24,2025-07-25,44901,37,1101
잠실새내역,2025-08-31,2025-06-25 ~ 2025-07-24,2025-07-25,44901,37,1101
잠실새내역,2025-09-30,2025-06-25 ~ 2025-08-24,2025-07-26,44939,38,1139
잠실새내역,2025-09-30,2025-06-25 ~ 2025-08-24,2025-07-27,44977,38,1177
잠실새내역,2025-09-30,2025-06-25 ~ 2025-08-24,2025-07-28,45008,31,1208
잠실새내역,2025-09-30,2025-06-25 ~ 2025-08-24,2025-07-29,45043,35,1243
잠실새내역,2025-09-30,2025-06-25 ~ 2025-08-24,2025-07-30,45082,39,1282
잠실새내역,2025-09-30,2025-06-25 ~ 2025-08-24,2025-07-31,45119,37,1319
잠실새내역,2025-09-30,2025-06-25 ~ 2025-08-24,2025-08-01,45154,35,1354
잠실새내역,2025-09-30,2025-06-25 ~ 2025-08-24,2025-08-02,45191,37,1391
잠실새내역,2025-09-30,2025-06-25 ~ 2025-08-24,2025-08-03,45227,36,1427
잠실새내역,2025-09-30,2025-06-25 ~ 2025-08-24,2025-08-04,45257,30,1457
잠실새내역,2025-09-30,2025-06-25 ~ 2025-08-24,2025-08-05,45292,35,1492
잠실새내역,2025-09-30,2025-06-25 ~ 2025-08-24,2025-08-06,45331,39,1531
잠실새내역,2025-09-30,2025-06-25 ~ 2025-08-24,2025-08-07,45367,36,1567
잠실새내역,2025-09-30,2025-06-25 ~ 2025-08-24,2025-08-08,45407,40,1607
잠실새내역,2025-09-30,2025-06-25 ~ 2025-08-24,2025-08-09,45450,43,1650
잠실새내역,2025-09-30,2025-06-25 ~ 2025-08-24,2025-08-10,45495,45,1695
잠실새내역,2025-09-30,2025-06-25 ~ 2025-08-24,2025-08-11,45530,35,1730
잠실새내역,2025-09-30,2025-06-25 ~ 2025-08-24,2025-08-12,45570,40,1770
잠실새내역,2025-09-30,2025-06-25 ~ 2025-08-24,2025-08-13,45611,41,1811
잠실새내역,2025-09-30,2025-06-25 ~ 2025-08-24,2025-08-14,45647,36,1847
잠실새내역,2025-09-30,2025-06-25 ~ 2025-08-24,2025-08-15,45686,39,1886
잠실새내역,2025-09-30,2025-06-25 ~ 2025-08-24,2025-08-16,45725,39,1925
잠실새내역,2025-09-30,2025-06-25 ~ 2025-08-24,2025-08-17,45764,39,1964
잠실새내역,2025-09-30,2025-06-25 ~ 2025-08-24,2025-08-18,45797,33,1997
잠실새내역,2025-09-30,2025-06-25 ~ 2025-08-24,2025-08-19,45833,36,2033
잠실새내역,2025-09-30,2025-06-25 ~ 2025-08-24,2025-08-20,45871,38,2071
잠실새내역,2025-09-30,2025-06-25 ~ 2025-08-24,2025-08-21,45910,39,2110
잠실새내역,2025-09-30,2025-06-25 ~ 2025-08-24,2025-08-22,45949,39,2149
잠실새내역,2025-09-30,2025-06-25 ~ 2025-08-24,2025-08-23,45989,40,2189
잠실새내역,2025-09-30,2025-06-25 ~ 2025-08-24,2025-08-24,46028,39,2228
잠실새내역,2025-09-30,2025-06-25 ~ 2025-08-24,2025-08-25,46062,34,2262
잠실새내역,2025-11-30,2025-08-25 ~ 2025-10-24,2025-08-26,46101,39,39
잠실새내역,2025-10-31,2025-08-25 ~ 2025-09-24,2025-08-26,46101,39,39
잠실새내역,2025-10-31,2025-08-25 ~ 2025-09-24,2025-08-27,46137,36,75
잠실새내역,2025-11-30,2025-08-25 ~ 2025-10-24,2025-08-27,46137,36,75
잠실새내역,2025-11-30,2025-08-25 ~ 2025-10-24,2025-08-28,46176,39,114
잠실새내역,2025-10-31,2025-08-25 ~ 2025-09-24,2025-08-28,46176,39,114
잠실새내역,2025-11-30,2025-08-25 ~ 2025-10-24,2025-08-29,46215,39,153
잠실새내역,2025-10-31,2025-08-25 ~ 2025-09-24,2025-08-29,46215,39,153
잠실새내역,2025-10-31,2025-08-25 ~ 2025-09-24,2025-08-30,46256,41,194
잠실새내역,2025-11-30,2025-08-25 ~ 2025-10-24,2025-08-30,46256,41,194
잠실새내역,2025-10-31,2025-08-25 ~ 2025-09-24,2025-08-31,46299,43,237
잠실새내역,2025-11-30,2025-08-25 ~ 2025-10-24,2025-08-31,46299,43,237
잠실새내역,2025-10-31,2025-08-25 ~ 2025-09-24,2025-09-01,46330,31,268
잠실새내역,2025-11-30,2025-08-25 ~ 2025-10-24,2025-09-01,46330,31,268
잠실새내역,2025-10-31,2025-08-25 ~ 2025-09-24,2025-09-02,46365,35,303
잠실새내역,2025-11-30,2025-08-25 ~ 2025-10-24,2025-09-02,46365,35,303
잠실새내역,2025-11-30,2025-08-25 ~ 2025-10-24,2025-09-03,46404,39,342
잠실새내역,2025-10-31,2025-08-25 ~ 2025-09-24,2025-09-03,46404,39,342
잠실새내역,2025-11-30,2025-08-25 ~ 2025-10-24,2025-09-04,46441,37,379
잠실새내역,2025-10-31,2025-08-25 ~ 2025-09-24,2025-09-04,46441,37,379
잠실새내역,2025-11-30,2025-08-25 ~ 2025-10-24,2025-09-05,46479,38,417
잠실새내역,2025-10-31,2025-08-25 ~ 2025-09-24,2025-09-05,46479,38,417
잠실새내역,2025-11-30,2025-08-25 ~ 2025-10-24,2025-09-06,46519,40,457
잠실새내역,2025-10-31,2025-08-25 ~ 2025-09-24,2025-09-06,46519,40,457
잠실새내역,2025-11-30,2025-08-25 ~ 2025-10-24,2025-09-07,46557,38,495
잠실새내역,2025-10-31,2025-08-25 ~ 2025-09-24,2025-09-07,46557,38,495
잠실새내역,2025-10-31,2025-08-25 ~ 2025-09-24,2025-09-08,46589,32,527
잠실새내역,2025-11-30,2025-08-25 ~ 2025-10-24,2025-09-08,46589,32,527
잠실새내역,2025-11-30,2025-08-25 ~ 2025-10-24,2025-09-09,46626,37,564
잠실새내역,2025-10-31,2025-08-25 ~ 2025-09-24,2025-09-09,46626,37,564
잠실새내역,2025-11-30,2025-08-25 ~ 2025-10-24,2025-09-10,46665,39,603
잠실새내역,2025-10-31,2025-08-25 ~ 2025-09-24,2025-09-10,46665,39,603
잠실새내역,2025-11-30,2025-08-25 ~ 2025-10-24,2025-09-11,46703,38,641
잠실새내역,2025-10-31,2025-08-25 ~ 2025-09-24,2025-09-11,46703,38,641
잠실새내역,2025-11-30,2025-08-25 ~ 2025-10-24,2025-09-12,46742,39,680
잠실새내역,2025-10-31,2025-08-25 ~ 2025-09-24,2025-09-12,46742,39,680
잠실새내역,2025-11-30,2025-08-25 ~ 2025-10-24,2025-09-13,46784,42,722
잠실새내역,2025-10-31,2025-08-25 ~ 2025-09-24,2025-09-13,46784,42,722
잠실새내역,2025-10-31,2025-08-25 ~ 2025-09-24,2025-09-14,46827,43,765
잠실새내역,2025-11-30,2025-08-25 ~ 2025-10-24,2025-09-14,46827,43,765
잠실새내역,2025-11-30,2025-08-25 ~ 2025-10-24,2025-09-15,46860,33,798
잠실새내역,2025-10-31,2025-08-25 ~ 2025-09-24,2025-09-15,46860,33,798
잠실새내역,2025-10-31,2025-08-25 ~ 2025-09-24,2025-09-16,46896,36,834
잠실새내역,2025-11-30,2025-08-25 ~ 2025-10-24,2025-09-16,46896,36,834
잠실새내역,2025-11-30,2025-08-25 ~ 2025-10-24,2025-09-17,46931,35,869
잠실새내역,2025-10-31,2025-08-25 ~ 2025-09-24,2025-09-17,46931,35,869
잠실새내역,2025-11-30,2025-08-25 ~ 2025-10-24,2025-09-18,46965,34,903
잠실새내역,2025-10-31,2025-08-25 ~ 2025-09-24,2025-09-18,46965,34,903
잠실새내역,2025-11-30,2025-08-25 ~ 2025-10-24,2025-09-19,47005,40,943
잠실새내역,2025-10-31,2025-08-25 ~ 2025-09-24,2025-09-19,47005,40,943
잠실새내역,2025-10-31,2025-08-25 ~ 2025-09-24,2025-09-20,47045,40,983
잠실새내역,2025-11-30,2025-08-25 ~ 2025-10-24,2025-09-20,47045,40,983
잠실새내역,2025-10-31,2025-08-25 ~ 2025-09-24,2025-09-21,47087,42,1025
잠실새내역,2025-11-30,2025-08-25 ~ 2025-10-24,2025-09-21,47087,42,1025
잠실새내역,2025-10-31,2025-08-25 ~ 2025-09-24,2025-09-22,47124,37,1062
잠실새내역,2025-11-30,2025-08-25 ~ 2025-10-24,2025-09-22,47124,37,1062
잠실새내역,2025-10-31,2025-08-25 ~ 2025-09-24,2025-09-23,47151,27,1089
잠실새내역,2025-11-30,2025-08-25 ~ 2025-10-24,2025-09-23,47151,27,1089
잠실새내역,2025-10-31,2025-08-25 ~ 2025-09-24,2025-09-24,47182,31,1120
잠실새내역,2025-11-30,2025-08-25 ~ 2025-10-24,2025-09-24,47182,31,1120
잠실새내역,2025-10-31,2025-08-25 ~ 2025-09-24,2025-09-25,47205,23,1143
잠실새내역,2025-11-30,2025-08-25 ~ 2025-10-24,2025-09-25,47205,23,1143
잠실새내역,2025-11-30,2025-08-25 ~ 2025-10-24,2025-09-26,47233,28,1171
잠실새내역,2025-11-30,2025-08-25 ~ 2025-10-24,2025-09-27,47265,32,1203
잠실새내역,2025-11-30,2025-08-25 ~ 2025-10-24,2025-09-28,47297,32,1235
잠실새내역,2025-11-30,2025-08-25 ~ 2025-10-24,2025-09-29,47320,23,1258
잠실새내역,2025-11-30,2025-08-25 ~ 2025-10-24,2025-09-30,47347,27,1285
잠실새내역,2025-11-30,2025-08-25 ~ 2025-10-24,2025-10-01,47375,28,1313
잠실새내역,2025-11-30,2025-08-25 ~ 2025-10-24,2025-10-02,47402,27,1340
잠실새내역,2025-11-30,2025-08-25 ~ 2025-10-24,2025-10-03,47430,28,1368
잠실새내역,2025-11-30,2025-08-25 ~ 2025-10-24,2025-10-04,47453,23,1391
잠실새내역,2025-11-30,2025-08-25 ~ 2025-10-24,2025-10-05,47475,22,1413
잠실새내역,2025-11-30,2025-08-25 ~ 2025-10-24,2025-10-06,47493,18,1431
잠실새내역,2025-11-30,2025-08-25 ~ 2025-10-24,2025-10-07,47506,13,1444
잠실새내역,2025-11-30,2025-08-25 ~ 2025-10-24,2025-10-08,47520,14,1458
잠실새내역,2025-11-30,2025-08-25 ~ 2025-10-24,2025-10-09,47542,22,1480
잠실새내역,2025-11-30,2025-08-25 ~ 2025-10-24,2025-10-10,47566,24,1504
잠실새내역,2025-11-30,2025-08-25 ~ 2025-10-24,2025-10-11,47591,25,1529
잠실새내역,2025-11-30,2025-08-25 ~ 2025-10-24,2025-10-12,47621,30,1559
잠실새내역,2025-11-30,2025-08-25 ~ 2025-10-24,2025-10-13,47642,21,1580
잠실새내역,2025-11-30,2025-08-25 ~ 2025-10-24,2025-10-14,47665,23,1603
잠실새내역,2025-11-30,2025-08-25 ~ 2025-10-24,2025-10-15,47689,24,1627
잠실새내역,2025-11-30,2025-08-25 ~ 2025-10-24,2025-10-16,47714,25,1652
잠실새내역,2025-11-30,2025-08-25 ~ 2025-10-24,2025-10-17,47740,26,1678
잠실새내역,2025-11-30,2025-08-25 ~ 2025-10-24,2025-10-18,47767,27,1705
잠실새내역,2025-11-30,2025-08-25 ~ 2025-10-24,2025-10-19,47799,32,1737
잠실새내역,2025-11-30,2025-08-25 ~ 2025-10-24,2025-10-20,47823,24,1761
잠실새내역,2025-11-30,2025-08-25 ~ 2025-10-24,2025-10-21,47847,24,1785
잠실새내역,2025-11-30,2025-08-25 ~ 2025-10-24,2025-10-22,47873,26,1811
잠실새내역,2025-11-30,2025-08-25 ~ 2025-10-24,2025-10-23,47899,26,1837
잠실새내역,2025-11-30,2025-08-25 ~ 2025-10-24,2025-10-24,47926,27,1864
잠실새내역,2025-11-30,2025-08-25 ~ 2025-10-24,2025-10-25,47955,29,1893
잠실새내역,2025-12-31,2025-10-25 ~ 2025-11-24,2025-10-26,47987,32,32
잠실새내역,2026-01-31,2025-10-25 ~ 2025-12-24,2025-10-26,47987,32,32
잠실새내역,2026-01-31,2025-10-25 ~ 2025-12-24,2025-10-27,48020,33,65
잠실새내역,2025-12-31,2025-10-25 ~ 2025-11-24,2025-10-27,48020,33,65
잠실새내역,2025-12-31,2025-10-25 ~ 2025-11-24,2025-10-28,48046,26,91
잠실새내역,2026-01-31,2025-10-25 ~ 2025-12-24,2025-10-28,48046,26,91
잠실새내역,2026-01-31,2025-10-25 ~ 2025-12-24,2025-10-29,48072,26,117
잠실새내역,2025-12-31,2025-10-25 ~ 2025-11-24,2025-10-29,48072,26,117
잠실새내역,2026-01-31,2025-10-25 ~ 2025-12-24,2025-10-30,48098,26,143
잠실새내역,2025-12-31,2025-10-25 ~ 2025-11-24,2025-10-30,48098,26,143
잠실새내역,2026-01-31,2025-10-25 ~ 2025-12-24,2025-10-31,48124,26,169
잠실새내역,2025-12-31,2025-10-25 ~ 2025-11-24,2025-10-31,48124,26,169
잠실새내역,2025-12-31,2025-10-25 ~ 2025-11-24,2025-11-01,48153,29,198
잠실새내역,2026-01-31,2025-10-25 ~ 2025-12-24,2025-11-01,48153,29,198
잠실새내역,2025-12-31,2025-10-25 ~ 2025-11-24,2025-11-02,48183,30,228
잠실새내역,2026-01-31,2025-10-25 ~ 2025-12-24,2025-11-02,48183,30,228
잠실새내역,2025-12-31,2025-10-25 ~ 2025-11-24,2025-11-03,48208,25,253
잠실새내역,2026-01-31,2025-10-25 ~ 2025-12-24,2025-11-03,48208,25,253
잠실새내역,2026-01-31,2025-10-25 ~ 2025-12-24,2025-11-04,48232,24,277
잠실새내역,2025-12-31,2025-10-25 ~ 2025-11-24,2025-11-04,48232,24,277
잠실새내역,2026-01-31,2025-10-25 ~ 2025-12-24,2025-11-05,48257,25,302
잠실새내역,2025-12-31,2025-10-25 ~ 2025-11-24,2025-11-05,48257,25,302
잠실새내역,2025-12-31,2025-10-25 ~ 2025-11-24,2025-11-06,48282,25,327
잠실새내역,2026-01-31,2025-10-25 ~ 2025-12-24,2025-11-06,48282,25,327
잠실새내역,2026-01-31,2025-10-25 ~ 2025-12-24,2025-11-07,48307,25,352
잠실새내역,2025-12-31,2025-10-25 ~ 2025-11-24,2025-11-07,48307,25,352
잠실새내역,2025-12-31,2025-10-25 ~ 2025-11-24,2025-11-08,48337,30,382
잠실새내역,2026-01-31,2025-10-25 ~ 2025-12-24,2025-11-08,48337,30,382
잠실새내역,2026-01-31,2025-10-25 ~ 2025-12-24,2025-11-09,48366,29,411
잠실새내역,2025-12-31,2025-10-25 ~ 2025-11-24,2025-11-09,48366,29,411
잠실새내역,2026-01-31,2025-10-25 ~ 2025-12-24,2025-11-10,48391,25,436
잠실새내역,2025-12-31,2025-10-25 ~ 2025-11-24,2025-11-10,48391,25,436
잠실새내역,2025-12-31,2025-10-25 ~ 2025-11-24,2025-11-11,48416,25,461
잠실새내역,2026-01-31,2025-10-25 ~ 2025-12-24,2025-11-11,48416,25,461
잠실새내역,2026-01-31,2025-10-25 ~ 2025-12-24,2025-11-12,48458,42,503
잠실새내역,2025-12-31,2025-10-25 ~ 2025-11-24,2025-11-12,48458,42,503
잠실새내역,2025-12-31,2025-10-25 ~ 2025-11-24,2025-11-13,48485,27,530
잠실새내역,2026-01-31,2025-10-25 ~ 2025-12-24,2025-11-13,48485,27,530
잠실새내역,2026-01-31,2025-10-25 ~ 2025-12-24,2025-11-14,48510,25,555
잠실새내역,2025-12-31,2025-10-25 ~ 2025-11-24,2025-11-14,48510,25,555
잠실새내역,2026-01-31,2025-10-25 ~ 2025-12-24,2025-11-15,48538,28,583
잠실새내역,2025-12-31,2025-10-25 ~ 2025-11-24,2025-11-15,48538,28,583
잠실새내역,2026-01-31,2025-10-25 ~ 2025-12-24,2025-11-16,48568,30,613
잠실새내역,2025-12-31,2025-10-25 ~ 2025-11-24,2025-11-16,48568,30,613
잠실새내역,2025-12-31,2025-10-25 ~ 2025-11-24,2025-11-17,48591,23,636
잠실새내역,2026-01-31,2025-10-25 ~ 2025-12-24,2025-11-17,48591,23,636
잠실새내역,2026-01-31,2025-10-25 ~ 2025-12-24,2025-11-18,48615,24,660
잠실새내역,2025-12-31,2025-10-25 ~ 2025-11-24,2025-11-18,48615,24,660
잠실새내역,2026-01-31,2025-10-25 ~ 2025-12-24,2025-11-19,48639,24,684
잠실새내역,2025-12-31,2025-10-25 ~ 2025-11-24,2025-11-19,48639,24,684
잠실새내역,2025-12-31,2025-10-25 ~ 2025-11-24,2025-11-20,48665,26,710
잠실새내역,2026-01-31,2025-10-25 ~ 2025-12-24,2025-11-20,48665,26,710
잠실새내역,2025-12-31,2025-10-25 ~ 2025-11-24,2025-11-21,48690,25,735
잠실새내역,2026-01-31,2025-10-25 ~ 2025-12-24,2025-11-21,48690,25,735
잠실새내역,2025-12-31,2025-10-25 ~ 2025-11-24,2025-11-22,48717,27,762
잠실새내역,2026-01-31,2025-10-25 ~ 2025-12-24,2025-11-22,48717,27,762
잠실새내역,2025-12-31,2025-10-25 ~ 2025-11-24,2025-11-23,48747,30,792
잠실새내역,2026-01-31,2025-10-25 ~ 2025-12-24,2025-11-23,48747,30,792
잠실새내역,2025-12-31,2025-10-25 ~ 2025-11-24,2025-11-24,48766,19,811
잠실새내역,2026-01-31,2025-10-25 ~ 2025-12-24,2025-11-24,48766,19,811
잠실새내역,2025-12-31,2025-10-25 ~ 2025-11-24,2025-11-25,48792,26,837
잠실새내역,2026-01-31,2025-10-25 ~ 2025-12-24,2025-11-25,48792,26,837
잠실새내역,2026-01-31,2025-10-25 ~ 2025-12-24,2025-11-26,48815,23,860
잠실새내역,2026-01-31,2025-10-25 ~ 2025-12-24,2025-11-27,48840,25,885
잠실새내역,2026-01-31,2025-10-25 ~ 2025-12-24,2025-11-28,48862,22,907
잠실새내역,2026-01-31,2025-10-25 ~ 2025-12-24,2025-11-29,48889,27,934
잠실새내역,2026-01-31,2025-10-25 ~ 2025-12-24,2025-11-30,48915,26,960
잠실새내역,2026-01-31,2025-10-25 ~ 2025-12-24,2025-12-01,48935,20,980
잠실새내역,2026-01-31,2025-10-25 ~ 2025-12-24,2025-12-02,48957,22,1002
잠실새내역,2026-01-31,2025-10-25 ~ 2025-12-24,2025-12-03,48980,23,1025
잠실새내역,2026-01-31,2025-10-25 ~ 2025-12-24,2025-12-04,49001,21,1046
잠실새내역,2026-01-31,2025-10-25 ~ 2025-12-24,2025-12-05,49022,21,1067
잠실새내역,2026-01-31,2025-10-25 ~ 2025-12-24,2025-12-06,49048,26,1093
잠실새내역,2026-01-31,2025-10-25 ~ 2025-12-24,2025-12-07,49074,26,1119
잠실새내역,2026-01-31,2025-10-25 ~ 2025-12-24,2025-12-08,49093,19,1138
잠실새내역,2026-01-31,2025-10-25 ~ 2025-12-24,2025-12-09,49117,24,1162
잠실새내역,2026-01-31,2025-10-25 ~ 2025-12-24,2025-12-10,49142,25,1187
잠실새내역,2026-01-31,2025-10-25 ~ 2025-12-24,2025-12-11,49167,25,1212
잠실새내역,2026-01-31,2025-10-25 ~ 2025-12-24,2025-12-12,49191,24,1236
잠실새내역,2026-01-31,2025-10-25 ~ 2025-12-24,2025-12-13,49220,29,1265
잠실새내역,2026-01-31,2025-10-25 ~ 2025-12-24,2025-12-14,49245,25,1290
잠실새내역,2026-01-31,2025-10-25 ~ 2025-12-24,2025-12-15,49266,21,1311
잠실새내역,2026-01-31,2025-10-25 ~ 2025-12-24,2025-12-16,49290,24,1335
잠실새내역,2026-01-31,2025-10-25 ~ 2025-12-24,2025-12-17,49312,22,1357
잠실새내역,2026-01-31,2025-10-25 ~ 2025-12-24,2025-12-18,49337,25,1382
잠실새내역,2026-01-31,2025-10-25 ~ 2025-12-24,2025-12-19,49363,26,1408
잠실새내역,2026-01-31,2025-10-25 ~ 2025-12-24,2025-12-20,49391,28,1436
잠실새내역,2026-01-31,2025-10-25 ~ 2025-12-24,2025-12-21,49418,27,1463
잠실새내역,2026-01-31,2025-10-25 ~ 2025-12-24,2025-12-22,49437,19,1482
잠실새내역,2026-01-31,2025-10-25 ~ 2025-12-24,2025-12-23,49462,25,1507
잠실새내역,2026-01-31,2025-10-25 ~ 2025-12-24,2025-12-24,49487,25,1532
잠실새내역,2026-01-31,2025-10-25 ~ 2025-12-24,2025-12-25,49511,24,1556
잠실새내역,2026-02-28,2025-12-25 ~ 2026-01-24,2025-12-26,49534,23,23
잠실새내역,2026-03-31,2025-12-25 ~ 2026-02-24,2025-12-26,49534,23,23
잠실새내역,2026-02-28,2025-12-25 ~ 2026-01-24,2025-12-27,49562,28,51
잠실새내역,2026-03-31,2025-12-25 ~ 2026-02-24,2025-12-27,49562,28,51
잠실새내역,2026-02-28,2025-12-25 ~ 2026-01-24,2025-12-28,49586,24,75
잠실새내역,2026-03-31,2025-12-25 ~ 2026-02-24,2025-12-28,49586,24,75
잠실새내역,2026-02-28,2025-12-25 ~ 2026-01-24,2025-12-29,49607,21,96
잠실새내역,2026-03-31,2025-12-25 ~ 2026-02-24,2025-12-29,49607,21,96
잠실새내역,2026-03-31,2025-12-25 ~ 2026-02-24,2025-12-30,49633,26,122
잠실새내역,2026-02-28,2025-12-25 ~ 2026-01-24,2025-12-30,49633,26,122
잠실새내역,2026-02-28,2025-12-25 ~ 2026-01-24,2025-12-31,49656,23,145
잠실새내역,2026-03-31,2025-12-25 ~ 2026-02-24,2025-12-31,49656,23,145
잠실새내역,2026-03-31,2025-12-25 ~ 2026-02-24,2026-01-01,49678,22,167
잠실새내역,2026-02-28,2025-12-25 ~ 2026-01-24,2026-01-01,49678,22,167
잠실새내역,2026-03-31,2025-12-25 ~ 2026-02-24,2026-01-02,49692,14,181
잠실새내역,2026-02-28,2025-12-25 ~ 2026-01-24,2026-01-02,49692,14,181
잠실새내역,2026-03-31,2025-12-25 ~ 2026-02-24,2026-01-03,49711,19,200
잠실새내역,2026-02-28,2025-12-25 ~ 2026-01-24,2026-01-03,49711,19,200
잠실새내역,2026-03-31,2025-12-25 ~ 2026-02-24,2026-01-04,49732,21,221
잠실새내역,2026-02-28,2025-12-25 ~ 2026-01-24,2026-01-04,49732,21,221
잠실새내역,2026-02-28,2025-12-25 ~ 2026-01-24,2026-01-05,49748,16,237
잠실새내역,2026-03-31,2025-12-25 ~ 2026-02-24,2026-01-05,49748,16,237
잠실새내역,2026-03-31,2025-12-25 ~ 2026-02-24,2026-01-06,49771,23,260
잠실새내역,2026-02-28,2025-12-25 ~ 2026-01-24,2026-01-06,49771,23,260
잠실새내역,2026-03-31,2025-12-25 ~ 2026-02-24,2026-01-07,49792,21,281
잠실새내역,2026-02-28,2025-12-25 ~ 2026-01-24,2026-01-07,49792,21,281
잠실새내역,2026-03-31,2025-12-25 ~ 2026-02-24,2026-01-08,49814,22,303
잠실새내역,2026-02-28,2025-12-25 ~ 2026-01-24,2026-01-08,49814,22,303
잠실새내역,2026-02-28,2025-12-25 ~ 2026-01-24,2026-01-09,49834,20,323
잠실새내역,2026-03-31,2025-12-25 ~ 2026-02-24,2026-01-09,49834,20,323
잠실새내역,2026-03-31,2025-12-25 ~ 2026-02-24,2026-01-10,49857,23,346
잠실새내역,2026-02-28,2025-12-25 ~ 2026-01-24,2026-01-10,49857,23,346
잠실새내역,2026-03-31,2025-12-25 ~ 2026-02-24,2026-01-11,49881,24,370
잠실새내역,2026-02-28,2025-12-25 ~ 2026-01-24,2026-01-11,49881,24,370
잠실새내역,2026-03-31,2025-12-25 ~ 2026-02-24,2026-01-12,49896,15,385
잠실새내역,2026-02-28,2025-12-25 ~ 2026-01-24,2026-01-12,49896,15,385
잠실새내역,2026-02-28,2025-12-25 ~ 2026-01-24,2026-01-13,49917,21,406
잠실새내역,2026-03-31,2025-12-25 ~ 2026-02-24,2026-01-13,49917,21,406
잠실새내역,2026-02-28,2025-12-25 ~ 2026-01-24,2026-01-14,49940,23,429
잠실새내역,2026-03-31,2025-12-25 ~ 2026-02-24,2026-01-14,49940,23,429
잠실새내역,2026-02-28,2025-12-25 ~ 2026-01-24,2026-01-15,49962,22,451
잠실새내역,2026-03-31,2025-12-25 ~ 2026-02-24,2026-01-15,49962,22,451
잠실새내역,2026-02-28,2025-12-25 ~ 2026-01-24,2026-01-16,49985,23,474
잠실새내역,2026-03-31,2025-12-25 ~ 2026-02-24,2026-01-16,49985,23,474
잠실새내역,2026-02-28,2025-12-25 ~ 2026-01-24,2026-01-17,50009,24,498
잠실새내역,2026-03-31,2025-12-25 ~ 2026-02-24,2026-01-17,50009,24,498
잠실새내역,2026-02-28,2025-12-25 ~ 2026-01-24,2026-01-18,50034,25,523
잠실새내역,2026-03-31,2025-12-25 ~ 2026-02-24,2026-01-18,50034,25,523
잠실새내역,2026-02-28,2025-12-25 ~ 2026-01-24,2026-01-19,50051,17,540
잠실새내역,2026-03-31,2025-12-25 ~ 2026-02-24,2026-01-19,50051,17,540
잠실새내역,2026-02-28,2025-12-25 ~ 2026-01-24,2026-01-20,50074,23,563
잠실새내역,2026-03-31,2025-12-25 ~ 2026-02-24,2026-01-20,50074,23,563
잠실새내역,2026-03-31,2025-12-25 ~ 2026-02-24,2026-01-21,50094,20,583
잠실새내역,2026-02-28,2025-12-25 ~ 2026-01-24,2026-01-21,50094,20,583
잠실새내역,2026-03-31,2025-12-25 ~ 2026-02-24,2026-01-22,50113,19,602
잠실새내역,2026-02-28,2025-12-25 ~ 2026-01-24,2026-01-22,50113,19,602
잠실새내역,2026-03-31,2025-12-25 ~ 2026-02-24,2026-01-23,50130,17,619
잠실새내역,2026-02-28,2025-12-25 ~ 2026-01-24,2026-01-23,50130,17,619
잠실새내역,2026-03-31,2025-12-25 ~ 2026-02-24,2026-01-24,50150,20,639
잠실새내역,2026-02-28,2025-12-25 ~ 2026-01-24,2026-01-24,50150,20,639
잠실새내역,2026-03-31,2025-12-25 ~ 2026-02-24,2026-01-25,50171,21,660
잠실새내역,2026-02-28,2025-12-25 ~ 2026-01-24,2026-01-25,50171,21,660
잠실새내역,2026-03-31,2025-12-25 ~ 2026-02-24,2026-01-26,50188,17,677
잠실새내역,2026-03-31,2025-12-25 ~ 2026-02-24,2026-01-27,50209,21,698
잠실새내역,2026-03-31,2025-12-25 ~ 2026-02-24,2026-01-28,50228,19,717
잠실새내역,2026-03-31,2025-12-25 ~ 2026-02-24,2026-01-29,50250,22,739
잠실새내역,2026-03-31,2025-12-25 ~ 2026-02-24,2026-01-30,50271,21,760
잠실새내역,2026-03-31,2025-12-25 ~ 2026-02-24,2026-01-31,50293,22,782
잠실새내역,2026-03-31,2025-12-25 ~ 2026-02-24,2026-02-01,50316,23,805
잠실새내역,2026-03-31,2025-12-25 ~ 2026-02-24,2026-02-02,50331,15,820
잠실새내역,2026-03-31,2025-12-25 ~ 2026-02-24,2026-02-03,50350,19,839
잠실새내역,2026-03-31,2025-12-25 ~ 2026-02-24,2026-02-04,50372,22,861
잠실새내역,2026-03-31,2025-12-25 ~ 2026-02-24,2026-02-05,50393,21,882
잠실새내역,2026-03-31,2025-12-25 ~ 2026-02-24,2026-02-06,50415,22,904
잠실새내역,2026-03-31,2025-12-25 ~ 2026-02-24,2026-02-07,50438,23,927
잠실새내역,2026-03-31,2025-12-25 ~ 2026-02-24,2026-02-08,50459,21,948
잠실새내역,2026-03-31,2025-12-25 ~ 2026-02-24,2026-02-09,50475,16,964
잠실새내역,2026-03-31,2025-12-25 ~ 2026-02-24,2026-02-10,50496,21,985
잠실새내역,2026-03-31,2025-12-25 ~ 2026-02-24,2026-02-11,50517,21,1006
잠실새내역,2026-03-31,2025-12-25 ~ 2026-02-24,2026-02-12,50539,22,1028
잠실새내역,2026-03-31,2025-12-25 ~ 2026-02-24,2026-02-13,50564,25,1053
잠실새내역,2026-03-31,2025-12-25 ~ 2026-02-24,2026-02-14,50588,24,1077
잠실새내역,2026-03-31,2025-12-25 ~ 2026-02-24,2026-02-15,50610,22,1099
잠실새내역,2026-03-31,2025-12-25 ~ 2026-02-24,2026-02-16,50628,18,1117
잠실새내역,2026-03-31,2025-12-25 ~ 2026-02-24,2026-02-17,50640,12,1129
잠실새내역,2026-03-31,2025-12-25 ~ 2026-02-24,2026-02-18,50652,12,1141
잠실새내역,2026-03-31,2025-12-25 ~ 2026-02-24,2026-02-19,50666,14,1155
잠실새내역,2026-03-31,2025-12-25 ~ 2026-02-24,2026-02-20,50687,21,1176
잠실새내역,2026-03-31,2025-12-25 ~ 2026-02-24,2026-02-21,50710,23,1199
잠실새내역,2026-03-31,2025-12-25 ~ 2026-02-24,2026-02-22,50737,27,1226
잠실새내역,2026-03-31,2025-12-25 ~ 2026-02-24,2026-02-23,50754,17,1243
잠실새내역,2026-03-31,2025-12-25 ~ 2026-02-24,2026-02-24,50777,23,1266
잠실새내역,2026-03-31,2025-12-25 ~ 2026-02-24,2026-02-25,50800,23,1289
잠실새내역,2026-05-31,2026-02-25 ~ 2026-04-24,2026-02-26,50825,25,25
잠실새내역,2026-04-30,2026-02-25 ~ 2026-03-24,2026-02-26,50825,25,25
잠실새내역,2026-05-31,2026-02-25 ~ 2026-04-24,2026-02-27,50850,25,50
잠실새내역,2026-04-30,2026-02-25 ~ 2026-03-24,2026-02-27,50850,25,50
잠실새내역,2026-04-30,2026-02-25 ~ 2026-03-24,2026-02-28,50878,28,78
잠실새내역,2026-05-31,2026-02-25 ~ 2026-04-24,2026-02-28,50878,28,78
잠실새내역,2026-04-30,2026-02-25 ~ 2026-03-24,2026-03-01,50907,29,107
잠실새내역,2026-05-31,2026-02-25 ~ 2026-04-24,2026-03-01,50907,29,107
잠실새내역,2026-05-31,2026-02-25 ~ 2026-04-24,2026-03-02,50926,19,126
잠실새내역,2026-04-30,2026-02-25 ~ 2026-03-24,2026-03-02,50926,19,126
잠실새내역,2026-04-30,2026-02-25 ~ 2026-03-24,2026-03-03,50944,18,144
잠실새내역,2026-05-31,2026-02-25 ~ 2026-04-24,2026-03-03,50944,18,144
잠실새내역,2026-05-31,2026-02-25 ~ 2026-04-24,2026-03-04,50966,22,166
잠실새내역,2026-04-30,2026-02-25 ~ 2026-03-24,2026-03-04,50966,22,166
잠실새내역,2026-04-30,2026-02-25 ~ 2026-03-24,2026-03-05,50988,22,188
잠실새내역,2026-05-31,2026-02-25 ~ 2026-04-24,2026-03-05,50988,22,188
잠실새내역,2026-04-30,2026-02-25 ~ 2026-03-24,2026-03-06,51010,22,210
잠실새내역,2026-05-31,2026-02-25 ~ 2026-04-24,2026-03-06,51010,22,210
잠실새내역,2026-04-30,2026-02-25 ~ 2026-03-24,2026-03-07,51034,24,234
잠실새내역,2026-05-31,2026-02-25 ~ 2026-04-24,2026-03-07,51034,24,234
잠실새내역,2026-04-30,2026-02-25 ~ 2026-03-24,2026-03-08,51060,26,260
잠실새내역,2026-05-31,2026-02-25 ~ 2026-04-24,2026-03-08,51060,26,260
잠실새내역,2026-05-31,2026-02-25 ~ 2026-04-24,2026-03-09,51077,17,277
잠실새내역,2026-04-30,2026-02-25 ~ 2026-03-24,2026-03-09,51077,17,277
잠실새내역,2026-04-30,2026-02-25 ~ 2026-03-24,2026-03-10,51099,22,299
잠실새내역,2026-05-31,2026-02-25 ~ 2026-04-24,2026-03-10,51099,22,299
잠실새내역,2026-04-30,2026-02-25 ~ 2026-03-24,2026-03-11,51122,23,322
잠실새내역,2026-05-31,2026-02-25 ~ 2026-04-24,2026-03-11,51122,23,322
잠실새내역,2026-05-31,2026-02-25 ~ 2026-04-24,2026-03-12,51145,23,345
잠실새내역,2026-04-30,2026-02-25 ~ 2026-03-24,2026-03-12,51145,23,345
잠실새내역,2026-05-31,2026-02-25 ~ 2026-04-24,2026-03-13,51169,24,369
잠실새내역,2026-04-30,2026-02-25 ~ 2026-03-24,2026-03-13,51169,24,369
잠실새내역,2026-04-30,2026-02-25 ~ 2026-03-24,2026-03-14,51198,29,398
잠실새내역,2026-05-31,2026-02-25 ~ 2026-04-24,2026-03-14,51198,29,398
잠실새내역,2026-05-31,2026-02-25 ~ 2026-04-24,2026-03-15,51227,29,427
잠실새내역,2026-04-30,2026-02-25 ~ 2026-03-24,2026-03-15,51227,29,427
잠실새내역,2026-05-31,2026-02-25 ~ 2026-04-24,2026-03-16,51253,26,453
잠실새내역,2026-04-30,2026-02-25 ~ 2026-03-24,2026-03-16,51253,26,453
잠실새내역,2026-04-30,2026-02-25 ~ 2026-03-24,2026-03-17,51274,21,474
잠실새내역,2026-05-31,2026-02-25 ~ 2026-04-24,2026-03-17,51274,21,474
잠실새내역,2026-04-30,2026-02-25 ~ 2026-03-24,2026-03-18,51298,24,498
잠실새내역,2026-05-31,2026-02-25 ~ 2026-04-24,2026-03-18,51298,24,498
잠실새내역,2026-04-30,2026-02-25 ~ 2026-03-24,2026-03-19,51321,23,521
잠실새내역,2026-05-31,2026-02-25 ~ 2026-04-24,2026-03-19,51321,23,521
잠실새내역,2026-04-30,2026-02-25 ~ 2026-03-24,2026-03-20,51346,25,546
잠실새내역,2026-05-31,2026-02-25 ~ 2026-04-24,2026-03-20,51346,25,546
잠실새내역,2026-04-30,2026-02-25 ~ 2026-03-24,2026-03-21,51373,27,573
잠실새내역,2026-05-31,2026-02-25 ~ 2026-04-24,2026-03-21,51373,27,573
잠실새내역,2026-05-31,2026-02-25 ~ 2026-04-24,2026-03-22,51412,39,612
잠실새내역,2026-04-30,2026-02-25 ~ 2026-03-24,2026-03-22,51412,39,612
잠실새내역,2026-05-31,2026-02-25 ~ 2026-04-24,2026-03-23,51435,23,635
잠실새내역,2026-04-30,2026-02-25 ~ 2026-03-24,2026-03-23,51435,23,635
잠실새내역,2026-04-30,2026-02-25 ~ 2026-03-24,2026-03-24,51459,24,659
잠실새내역,2026-05-31,2026-02-25 ~ 2026-04-24,2026-03-24,51459,24,659
잠실새내역,2026-04-30,2026-02-25 ~ 2026-03-24,2026-03-25,51482,23,682
잠실새내역,2026-05-31,2026-02-25 ~ 2026-04-24,2026-03-25,51482,23,682
잠실새내역,2026-05-31,2026-02-25 ~ 2026-04-24,2026-03-26,51507,25,707
잠실새내역,2026-05-31,2026-02-25 ~ 2026-04-24,2026-03-27,51531,24,731
잠실새내역,2026-05-31,2026-02-25 ~ 2026-04-24,2026-03-28,51559,28,759
잠실새내역,2026-05-31,2026-02-25 ~ 2026-04-24,2026-03-29,51593,34,793
잠실새내역,2026-05-31,2026-02-25 ~ 2026-04-24,2026-03-30,51617,24,817
잠실새내역,2026-05-31,2026-02-25 ~ 2026-04-24,2026-03-31,51641,24,841
잠실새내역,2026-05-31,2026-02-25 ~ 2026-04-24,2026-04-01,51666,25,866
잠실새내역,2026-05-31,2026-02-25 ~ 2026-04-24,2026-04-02,51703,37,903
잠실새내역,2026-05-31,2026-02-25 ~ 2026-04-24,2026-04-03,51738,35,938
잠실새내역,2026-05-31,2026-02-25 ~ 2026-04-24,2026-04-04,51769,31,969
잠실새내역,2026-05-31,2026-02-25 ~ 2026-04-24,2026-04-05,51806,37,1006
잠실새내역,2026-05-31,2026-02-25 ~ 2026-04-24,2026-04-06,51833,27,1033
잠실새내역,2026-05-31,2026-02-25 ~ 2026-04-24,2026-04-07,51857,24,1057
잠실새내역,2026-05-31,2026-02-25 ~ 2026-04-24,2026-04-08,51885,28,1085
잠실새내역,2026-05-31,2026-02-25 ~ 2026-04-24,2026-04-09,51912,27,1112
잠실새내역,2026-05-31,2026-02-25 ~ 2026-04-24,2026-04-10,51933,21,1133
잠실새내역,2026-05-31,2026-02-25 ~ 2026-04-24,2026-04-11,51961,28,1161
잠실새내역,2026-05-31,2026-02-25 ~ 2026-04-24,2026-04-12,51994,33,1194
잠실새내역,2026-05-31,2026-02-25 ~ 2026-04-24,2026-04-13,52021,27,1221
잠실새내역,2026-05-31,2026-02-25 ~ 2026-04-24,2026-04-14,52048,27,1248
잠실새내역,2026-05-31,2026-02-25 ~ 2026-04-24,2026-04-15,52076,28,1276
잠실새내역,2026-05-31,2026-02-25 ~ 2026-04-24,2026-04-16,52103,27,1303
잠실새내역,2026-05-31,2026-02-25 ~ 2026-04-24,2026-04-17,52132,29,1332
잠실새내역,2026-05-31,2026-02-25 ~ 2026-04-24,2026-04-18,52164,32,1364
잠실새내역,2026-05-31,2026-02-25 ~ 2026-04-24,2026-04-19,52198,34,1398
잠실새내역,2026-05-31,2026-02-25 ~ 2026-04-24,2026-04-20,52224,26,1424
잠실새내역,2026-05-31,2026-02-25 ~ 2026-04-24,2026-04-21,52250,26,1450
잠실새내역,2026-05-31,2026-02-25 ~ 2026-04-24,2026-04-22,52279,29,1479
잠실새내역,2026-05-31,2026-02-25 ~ 2026-04-24,2026-04-23,52307,28,1507
잠실새내역,2026-05-31,2026-02-25 ~ 2026-04-24,2026-04-24,52335,28,1535
잠실새내역,2026-05-31,2026-02-25 ~ 2026-04-24,2026-04-25,52367,32,1567
