역명,납기,사용일,검침일자,지침값,일사용량(톤),납기별 누적사용량(톤)
강동역,2022-03-31,2022-01-01 ~ 2022-02-22,2022-01-02,47255,0,256
강동역,2022-03-31,2022-01-01 ~ 2022-02-22,2022-01-03,47274,19,275
강동역,2022-03-31,2022-01-01 ~ 2022-02-22,2022-01-04,47304,30,305
강동역,2022-03-31,2022-01-01 ~ 2022-02-22,2022-01-05,47334,30,335
강동역,2022-03-31,2022-01-01 ~ 2022-02-22,2022-01-06,47366,32,367
강동역,2022-03-31,2022-01-01 ~ 2022-02-22,2022-01-07,47378,12,379
강동역,2022-03-31,2022-01-01 ~ 2022-02-22,2022-01-08,47431,53,432
강동역,2022-03-31,2022-01-01 ~ 2022-02-22,2022-01-09,47460,29,461
강동역,2022-03-31,2022-01-01 ~ 2022-02-22,2022-01-10,47482,22,483
강동역,2022-03-31,2022-01-01 ~ 2022-02-22,2022-01-11,47512,30,513
강동역,2022-03-31,2022-01-01 ~ 2022-02-22,2022-01-12,47543,31,544
강동역,2022-03-31,2022-01-01 ~ 2022-02-22,2022-01-13,47571,28,572
강동역,2022-03-31,2022-01-01 ~ 2022-02-22,2022-01-14,47602,31,603
강동역,2022-03-31,2022-01-01 ~ 2022-02-22,2022-01-15,47633,31,634
강동역,2022-03-31,2022-01-01 ~ 2022-02-22,2022-01-16,47661,28,662
강동역,2022-03-31,2022-01-01 ~ 2022-02-22,2022-01-17,47681,20,682
강동역,2022-03-31,2022-01-01 ~ 2022-02-22,2022-01-18,47710,29,711
강동역,2022-03-31,2022-01-01 ~ 2022-02-22,2022-01-19,47741,31,742
강동역,2022-03-31,2022-01-01 ~ 2022-02-22,2022-01-20,47771,30,772
강동역,2022-03-31,2022-01-01 ~ 2022-02-22,2022-01-21,47803,32,804
강동역,2022-03-31,2022-01-01 ~ 2022-02-22,2022-01-22,47839,36,840
강동역,2022-03-31,2022-01-01 ~ 2022-02-22,2022-01-23,47867,28,868
강동역,2022-03-31,2022-01-01 ~ 2022-02-22,2022-01-24,47889,22,890
강동역,2022-03-31,2022-01-01 ~ 2022-02-22,2022-01-25,47921,32,922
강동역,2022-03-31,2022-01-01 ~ 2022-02-22,2022-01-26,47952,31,953
강동역,2022-03-31,2022-01-01 ~ 2022-02-22,2022-01-27,47984,32,985
강동역,2022-03-31,2022-01-01 ~ 2022-02-22,2022-01-28,48017,33,1018
강동역,2022-03-31,2022-01-01 ~ 2022-02-22,2022-01-29,48045,28,1046
강동역,2022-03-31,2022-01-01 ~ 2022-02-22,2022-01-30,48068,23,1069
강동역,2022-03-31,2022-01-01 ~ 2022-02-22,2022-01-31,48088,20,1089
강동역,2022-03-31,2022-01-01 ~ 2022-02-22,2022-02-01,48104,16,1105
강동역,2022-03-31,2022-01-01 ~ 2022-02-22,2022-02-02,48120,16,1121
강동역,2022-03-31,2022-01-01 ~ 2022-02-22,2022-02-03,48139,19,1140
강동역,2022-03-31,2022-01-01 ~ 2022-02-22,2022-02-04,48167,28,1168
강동역,2022-03-31,2022-01-01 ~ 2022-02-22,2022-02-05,48197,30,1198
강동역,2022-03-31,2022-01-01 ~ 2022-02-22,2022-02-06,48224,27,1225
강동역,2022-03-31,2022-01-01 ~ 2022-02-22,2022-02-07,48247,23,1248
강동역,2022-03-31,2022-01-01 ~ 2022-02-22,2022-02-08,48279,32,1280
강동역,2022-03-31,2022-01-01 ~ 2022-02-22,2022-02-09,48310,31,1311
강동역,2022-03-31,2022-01-01 ~ 2022-02-22,2022-02-10,48339,29,1340
강동역,2022-03-31,2022-01-01 ~ 2022-02-22,2022-02-11,48369,30,1370
강동역,2022-03-31,2022-01-01 ~ 2022-02-22,2022-02-12,48399,30,1400
강동역,2022-03-31,2022-01-01 ~ 2022-02-22,2022-02-13,48428,29,1429
강동역,2022-03-31,2022-01-01 ~ 2022-02-22,2022-02-14,48452,24,1453
강동역,2022-03-31,2022-01-01 ~ 2022-02-22,2022-02-15,48481,29,1482
강동역,2022-03-31,2022-01-01 ~ 2022-02-22,2022-02-16,48508,27,1509
강동역,2022-03-31,2022-01-01 ~ 2022-02-22,2022-02-17,48538,30,1539
강동역,2022-03-31,2022-01-01 ~ 2022-02-22,2022-02-18,48567,29,1568
강동역,2022-03-31,2022-01-01 ~ 2022-02-22,2022-02-19,48598,31,1599
강동역,2022-03-31,2022-01-01 ~ 2022-02-22,2022-02-20,48628,30,1629
강동역,2022-03-31,2022-01-01 ~ 2022-02-22,2022-02-21,48648,20,1649
강동역,2022-03-31,2022-01-01 ~ 2022-02-22,2022-02-22,48677,29,1678
강동역,2022-03-31,2022-01-01 ~ 2022-02-22,2022-02-23,48706,29,1707
강동역,2022-05-31,2022-02-23 ~ 2022-04-22,2022-02-24,48733,27,27
강동역,2022-05-31,2022-02-23 ~ 2022-04-22,2022-02-25,48759,26,53
강동역,2022-05-31,2022-02-23 ~ 2022-04-22,2022-02-26,48793,34,87
강동역,2022-05-31,2022-02-23 ~ 2022-04-22,2022-02-27,48819,26,113
강동역,2022-05-31,2022-02-23 ~ 2022-04-22,2022-02-28,48841,22,135
강동역,2022-05-31,2022-02-23 ~ 2022-04-22,2022-03-01,48870,29,164
강동역,2022-05-31,2022-02-23 ~ 2022-04-22,2022-03-02,48933,63,227
강동역,2022-05-31,2022-02-23 ~ 2022-04-22,2022-03-03,48964,31,258
강동역,2022-05-31,2022-02-23 ~ 2022-04-22,2022-03-04,48992,28,286
강동역,2022-05-31,2022-02-23 ~ 2022-04-22,2022-03-05,49022,30,316
강동역,2022-05-31,2022-02-23 ~ 2022-04-22,2022-03-06,49048,26,342
강동역,2022-05-31,2022-02-23 ~ 2022-04-22,2022-03-07,49072,24,366
강동역,2022-05-31,2022-02-23 ~ 2022-04-22,2022-03-08,49103,31,397
강동역,2022-05-31,2022-02-23 ~ 2022-04-22,2022-03-09,49134,31,428
강동역,2022-05-31,2022-02-23 ~ 2022-04-22,2022-03-10,49159,25,453
강동역,2022-05-31,2022-02-23 ~ 2022-04-22,2022-03-11,49187,28,481
강동역,2022-05-31,2022-02-23 ~ 2022-04-22,2022-03-12,49218,31,512
강동역,2022-05-31,2022-02-23 ~ 2022-04-22,2022-03-13,49248,30,542
강동역,2022-05-31,2022-02-23 ~ 2022-04-22,2022-03-14,49268,20,562
강동역,2022-05-31,2022-02-23 ~ 2022-04-22,2022-03-15,49296,28,590
강동역,2022-05-31,2022-02-23 ~ 2022-04-22,2022-03-16,49326,30,620
강동역,2022-05-31,2022-02-23 ~ 2022-04-22,2022-03-17,49355,29,649
강동역,2022-05-31,2022-02-23 ~ 2022-04-22,2022-03-18,49385,30,679
강동역,2022-05-31,2022-02-23 ~ 2022-04-22,2022-03-19,49416,31,710
강동역,2022-05-31,2022-02-23 ~ 2022-04-22,2022-03-20,49441,25,735
강동역,2022-05-31,2022-02-23 ~ 2022-04-22,2022-03-21,49461,20,755
강동역,2022-05-31,2022-02-23 ~ 2022-04-22,2022-03-22,49491,30,785
강동역,2022-05-31,2022-02-23 ~ 2022-04-22,2022-03-23,49519,28,813
강동역,2022-05-31,2022-02-23 ~ 2022-04-22,2022-03-24,49549,30,843
강동역,2022-05-31,2022-02-23 ~ 2022-04-22,2022-03-25,49580,31,874
강동역,2022-05-31,2022-02-23 ~ 2022-04-22,2022-03-26,49611,31,905
강동역,2022-05-31,2022-02-23 ~ 2022-04-22,2022-03-27,49639,28,933
강동역,2022-05-31,2022-02-23 ~ 2022-04-22,2022-03-28,49665,26,959
강동역,2022-05-31,2022-02-23 ~ 2022-04-22,2022-03-29,49694,29,988
강동역,2022-05-31,2022-02-23 ~ 2022-04-22,2022-03-30,49724,30,1018
강동역,2022-05-31,2022-02-23 ~ 2022-04-22,2022-03-31,49754,30,1048
강동역,2022-05-31,2022-02-23 ~ 2022-04-22,2022-04-01,49784,30,1078
강동역,2022-05-31,2022-02-23 ~ 2022-04-22,2022-04-02,49815,31,1109
강동역,2022-05-31,2022-02-23 ~ 2022-04-22,2022-04-03,49844,29,1138
강동역,2022-05-31,2022-02-23 ~ 2022-04-22,2022-04-04,49868,24,1162
강동역,2022-05-31,2022-02-23 ~ 2022-04-22,2022-04-05,49901,33,1195
강동역,2022-05-31,2022-02-23 ~ 2022-04-22,2022-04-06,49931,30,1225
강동역,2022-05-31,2022-02-23 ~ 2022-04-22,2022-04-07,49966,35,1260
강동역,2022-05-31,2022-02-23 ~ 2022-04-22,2022-04-08,50001,35,1295
강동역,2022-05-31,2022-02-23 ~ 2022-04-22,2022-04-09,50034,33,1328
강동역,2022-05-31,2022-02-23 ~ 2022-04-22,2022-04-10,50063,29,1357
강동역,2022-05-31,2022-02-23 ~ 2022-04-22,2022-04-11,50088,25,1382
강동역,2022-05-31,2022-02-23 ~ 2022-04-22,2022-04-12,50118,30,1412
강동역,2022-05-31,2022-02-23 ~ 2022-04-22,2022-04-13,50174,56,1468
강동역,2022-05-31,2022-02-23 ~ 2022-04-22,2022-04-14,50225,51,1519
강동역,2022-05-31,2022-02-23 ~ 2022-04-22,2022-04-15,50260,35,1554
강동역,2022-05-31,2022-02-23 ~ 2022-04-22,2022-04-16,50296,36,1590
강동역,2022-05-31,2022-02-23 ~ 2022-04-22,2022-04-17,50328,32,1622
강동역,2022-05-31,2022-02-23 ~ 2022-04-22,2022-04-18,50354,26,1648
강동역,2022-05-31,2022-02-23 ~ 2022-04-22,2022-04-19,50387,33,1681
강동역,2022-05-31,2022-02-23 ~ 2022-04-22,2022-04-20,50399,12,1693
강동역,2022-05-31,2022-02-23 ~ 2022-04-22,2022-04-21,50459,60,1753
강동역,2022-05-31,2022-02-23 ~ 2022-04-22,2022-04-22,50496,37,1790
강동역,2022-05-31,2022-02-23 ~ 2022-04-22,2022-04-23,50532,36,1826
강동역,2022-07-31,2022-04-23 ~ 2022-06-22,2022-04-24,50570,38,38
강동역,2022-07-31,2022-04-23 ~ 2022-06-22,2022-04-25,50599,29,67
강동역,2022-07-31,2022-04-23 ~ 2022-06-22,2022-04-26,50642,43,110
강동역,2022-07-31,2022-04-23 ~ 2022-06-22,2022-04-27,50683,41,151
강동역,2022-07-31,2022-04-23 ~ 2022-06-22,2022-04-28,50722,39,190
강동역,2022-07-31,2022-04-23 ~ 2022-06-22,2022-04-29,50763,41,231
강동역,2022-07-31,2022-04-23 ~ 2022-06-22,2022-04-30,50804,41,272
강동역,2022-07-31,2022-04-23 ~ 2022-06-22,2022-05-01,50842,38,310
강동역,2022-07-31,2022-04-23 ~ 2022-06-22,2022-05-02,50868,26,336
강동역,2022-07-31,2022-04-23 ~ 2022-06-22,2022-05-03,50907,39,375
강동역,2022-07-31,2022-04-23 ~ 2022-06-22,2022-05-04,50946,39,414
강동역,2022-07-31,2022-04-23 ~ 2022-06-22,2022-05-05,50988,42,456
강동역,2022-07-31,2022-04-23 ~ 2022-06-22,2022-05-06,51016,28,484
강동역,2022-07-31,2022-04-23 ~ 2022-06-22,2022-05-07,51057,41,525
강동역,2022-07-31,2022-04-23 ~ 2022-06-22,2022-05-08,51095,38,563
강동역,2022-07-31,2022-04-23 ~ 2022-06-22,2022-05-09,51118,23,586
강동역,2022-07-31,2022-04-23 ~ 2022-06-22,2022-05-10,51156,38,624
강동역,2022-07-31,2022-04-23 ~ 2022-06-22,2022-05-11,51196,40,664
강동역,2022-07-31,2022-04-23 ~ 2022-06-22,2022-05-12,51237,41,705
강동역,2022-07-31,2022-04-23 ~ 2022-06-22,2022-05-13,51279,42,747
강동역,2022-07-31,2022-04-23 ~ 2022-06-22,2022-05-14,51323,44,791
강동역,2022-07-31,2022-04-23 ~ 2022-06-22,2022-05-15,51363,40,831
강동역,2022-07-31,2022-04-23 ~ 2022-06-22,2022-05-16,51392,29,860
강동역,2022-07-31,2022-04-23 ~ 2022-06-22,2022-05-17,51434,42,902
강동역,2022-07-31,2022-04-23 ~ 2022-06-22,2022-05-18,51485,51,953
강동역,2022-07-31,2022-04-23 ~ 2022-06-22,2022-05-19,51528,43,996
강동역,2022-07-31,2022-04-23 ~ 2022-06-22,2022-05-20,51572,44,1040
강동역,2022-07-31,2022-04-23 ~ 2022-06-22,2022-05-21,51616,44,1084
강동역,2022-07-31,2022-04-23 ~ 2022-06-22,2022-05-22,51659,43,1127
강동역,2022-07-31,2022-04-23 ~ 2022-06-22,2022-05-23,51689,30,1157
강동역,2022-07-31,2022-04-23 ~ 2022-06-22,2022-05-24,51734,45,1202
강동역,2022-07-31,2022-04-23 ~ 2022-06-22,2022-05-25,51780,46,1248
강동역,2022-07-31,2022-04-23 ~ 2022-06-22,2022-05-26,51824,44,1292
강동역,2022-07-31,2022-04-23 ~ 2022-06-22,2022-05-27,51868,44,1336
강동역,2022-07-31,2022-04-23 ~ 2022-06-22,2022-05-28,51913,45,1381
강동역,2022-07-31,2022-04-23 ~ 2022-06-22,2022-05-29,51955,42,1423
강동역,2022-07-31,2022-04-23 ~ 2022-06-22,2022-05-30,51983,28,1451
강동역,2022-07-31,2022-04-23 ~ 2022-06-22,2022-05-31,52027,44,1495
강동역,2022-07-31,2022-04-23 ~ 2022-06-22,2022-06-01,52074,47,1542
강동역,2022-07-31,2022-04-23 ~ 2022-06-22,2022-06-02,52101,27,1569
강동역,2022-07-31,2022-04-23 ~ 2022-06-22,2022-06-03,52146,45,1614
강동역,2022-07-31,2022-04-23 ~ 2022-06-22,2022-06-04,52198,52,1666
강동역,2022-07-31,2022-04-23 ~ 2022-06-22,2022-06-05,52240,42,1708
강동역,2022-07-31,2022-04-23 ~ 2022-06-22,2022-06-06,52266,26,1734
강동역,2022-07-31,2022-04-23 ~ 2022-06-22,2022-06-07,52297,31,1765
강동역,2022-07-31,2022-04-23 ~ 2022-06-22,2022-06-08,52343,46,1811
강동역,2022-07-31,2022-04-23 ~ 2022-06-22,2022-06-09,52386,43,1854
강동역,2022-07-31,2022-04-23 ~ 2022-06-22,2022-06-10,52432,46,1900
강동역,2022-07-31,2022-04-23 ~ 2022-06-22,2022-06-11,52480,48,1948
강동역,2022-07-31,2022-04-23 ~ 2022-06-22,2022-06-12,52524,44,1992
강동역,2022-07-31,2022-04-23 ~ 2022-06-22,2022-06-13,52554,30,2022
강동역,2022-07-31,2022-04-23 ~ 2022-06-22,2022-06-14,52604,50,2072
강동역,2022-07-31,2022-04-23 ~ 2022-06-22,2022-06-15,52655,51,2123
강동역,2022-07-31,2022-04-23 ~ 2022-06-22,2022-06-16,52703,48,2171
강동역,2022-07-31,2022-04-23 ~ 2022-06-22,2022-06-17,52758,55,2226
강동역,2022-07-31,2022-04-23 ~ 2022-06-22,2022-06-18,52810,52,2278
강동역,2022-07-31,2022-04-23 ~ 2022-06-22,2022-06-19,52856,46,2324
강동역,2022-07-31,2022-04-23 ~ 2022-06-22,2022-06-20,52883,27,2351
강동역,2022-07-31,2022-04-23 ~ 2022-06-22,2022-06-21,52938,55,2406
강동역,2022-07-31,2022-04-23 ~ 2022-06-22,2022-06-22,52992,54,2460
강동역,2022-07-31,2022-04-23 ~ 2022-06-22,2022-06-23,53046,54,2514
강동역,2022-09-30,2022-06-23 ~ 2022-08-22,2022-06-24,53099,53,53
강동역,2022-09-30,2022-06-23 ~ 2022-08-22,2022-06-25,53155,56,109
강동역,2022-09-30,2022-06-23 ~ 2022-08-22,2022-06-26,53202,47,156
강동역,2022-09-30,2022-06-23 ~ 2022-08-22,2022-06-27,53233,31,187
강동역,2022-09-30,2022-06-23 ~ 2022-08-22,2022-06-28,53288,55,242
강동역,2022-09-30,2022-06-23 ~ 2022-08-22,2022-06-29,53342,54,296
강동역,2022-09-30,2022-06-23 ~ 2022-08-22,2022-06-30,53398,56,352
강동역,2022-09-30,2022-06-23 ~ 2022-08-22,2022-07-01,53465,67,419
강동역,2022-09-30,2022-06-23 ~ 2022-08-22,2022-07-02,53530,65,484
강동역,2022-09-30,2022-06-23 ~ 2022-08-22,2022-07-03,53582,52,536
강동역,2022-09-30,2022-06-23 ~ 2022-08-22,2022-07-04,53621,39,575
강동역,2022-09-30,2022-06-23 ~ 2022-08-22,2022-07-05,53689,68,643
강동역,2022-09-30,2022-06-23 ~ 2022-08-22,2022-07-06,53761,72,715
강동역,2022-09-30,2022-06-23 ~ 2022-08-22,2022-07-07,53838,77,792
강동역,2022-09-30,2022-06-23 ~ 2022-08-22,2022-07-08,53917,79,871
강동역,2022-09-30,2022-06-23 ~ 2022-08-22,2022-07-09,53988,71,942
강동역,2022-09-30,2022-06-23 ~ 2022-08-22,2022-07-10,54049,61,1003
강동역,2022-09-30,2022-06-23 ~ 2022-08-22,2022-07-11,54098,49,1052
강동역,2022-09-30,2022-06-23 ~ 2022-08-22,2022-07-12,54162,64,1116
강동역,2022-09-30,2022-06-23 ~ 2022-08-22,2022-07-13,54232,70,1186
강동역,2022-09-30,2022-06-23 ~ 2022-08-22,2022-07-14,54294,62,1248
강동역,2022-09-30,2022-06-23 ~ 2022-08-22,2022-07-15,54369,75,1323
강동역,2022-09-30,2022-06-23 ~ 2022-08-22,2022-07-16,54444,75,1398
강동역,2022-09-30,2022-06-23 ~ 2022-08-22,2022-07-17,54500,56,1454
강동역,2022-09-30,2022-06-23 ~ 2022-08-22,2022-07-18,54541,41,1495
강동역,2022-09-30,2022-06-23 ~ 2022-08-22,2022-07-19,54609,68,1563
강동역,2022-09-30,2022-06-23 ~ 2022-08-22,2022-07-20,54680,71,1634
강동역,2022-09-30,2022-06-23 ~ 2022-08-22,2022-07-21,54754,74,1708
강동역,2022-09-30,2022-06-23 ~ 2022-08-22,2022-07-22,54824,70,1778
강동역,2022-09-30,2022-06-23 ~ 2022-08-22,2022-07-23,54894,70,1848
강동역,2022-09-30,2022-06-23 ~ 2022-08-22,2022-07-24,54949,55,1903
강동역,2022-09-30,2022-06-23 ~ 2022-08-22,2022-07-25,54986,37,1940
강동역,2022-09-30,2022-06-23 ~ 2022-08-22,2022-07-26,55053,67,2007
강동역,2022-09-30,2022-06-23 ~ 2022-08-22,2022-07-27,55127,74,2081
강동역,2022-09-30,2022-06-23 ~ 2022-08-22,2022-07-28,55204,77,2158
강동역,2022-09-30,2022-06-23 ~ 2022-08-22,2022-07-29,55277,73,2231
강동역,2022-09-30,2022-06-23 ~ 2022-08-22,2022-07-30,55356,79,2310
강동역,2022-09-30,2022-06-23 ~ 2022-08-22,2022-07-31,55412,56,2366
강동역,2022-09-30,2022-06-23 ~ 2022-08-22,2022-08-01,55461,49,2415
강동역,2022-09-30,2022-06-23 ~ 2022-08-22,2022-08-02,55521,60,2475
강동역,2022-09-30,2022-06-23 ~ 2022-08-22,2022-08-03,55602,81,2556
강동역,2022-09-30,2022-06-23 ~ 2022-08-22,2022-08-04,55682,80,2636
강동역,2022-09-30,2022-06-23 ~ 2022-08-22,2022-08-05,55761,79,2715
강동역,2022-09-30,2022-06-23 ~ 2022-08-22,2022-08-06,55842,81,2796
강동역,2022-09-30,2022-06-23 ~ 2022-08-22,2022-08-07,55912,70,2866
강동역,2022-09-30,2022-06-23 ~ 2022-08-22,2022-08-08,55965,53,2919
강동역,2022-09-30,2022-06-23 ~ 2022-08-22,2022-08-09,56042,77,2996
강동역,2022-09-30,2022-06-23 ~ 2022-08-22,2022-08-10,56115,73,3069
강동역,2022-09-30,2022-06-23 ~ 2022-08-22,2022-08-11,56186,71,3140
강동역,2022-09-30,2022-06-23 ~ 2022-08-22,2022-08-12,56256,70,3210
강동역,2022-09-30,2022-06-23 ~ 2022-08-22,2022-08-13,56330,74,3284
강동역,2022-09-30,2022-06-23 ~ 2022-08-22,2022-08-14,56377,47,3331
강동역,2022-09-30,2022-06-23 ~ 2022-08-22,2022-08-15,56428,51,3382
강동역,2022-09-30,2022-06-23 ~ 2022-08-22,2022-08-16,56482,54,3436
강동역,2022-09-30,2022-06-23 ~ 2022-08-22,2022-08-17,56552,70,3506
강동역,2022-09-30,2022-06-23 ~ 2022-08-22,2022-08-18,56627,75,3581
강동역,2022-09-30,2022-06-23 ~ 2022-08-22,2022-08-19,56699,72,3653
강동역,2022-09-30,2022-06-23 ~ 2022-08-22,2022-08-20,56776,77,3730
강동역,2022-09-30,2022-06-23 ~ 2022-08-22,2022-08-21,56849,73,3803
강동역,2022-09-30,2022-06-23 ~ 2022-08-22,2022-08-22,56900,51,3854
강동역,2022-09-30,2022-06-23 ~ 2022-08-22,2022-08-23,56974,74,3928
강동역,2022-11-30,2022-08-23 ~ 2022-10-22,2022-08-24,57047,73,73
강동역,2022-11-30,2022-08-23 ~ 2022-10-22,2022-08-25,57117,70,143
강동역,2022-11-30,2022-08-23 ~ 2022-10-22,2022-08-26,57185,68,211
강동역,2022-11-30,2022-08-23 ~ 2022-10-22,2022-08-27,57253,68,279
강동역,2022-11-30,2022-08-23 ~ 2022-10-22,2022-08-28,57314,61,340
강동역,2022-11-30,2022-08-23 ~ 2022-10-22,2022-08-29,57345,31,371
강동역,2022-11-30,2022-08-23 ~ 2022-10-22,2022-08-30,57404,59,430
강동역,2022-11-30,2022-08-23 ~ 2022-10-22,2022-08-31,57463,59,489
강동역,2022-11-30,2022-08-23 ~ 2022-10-22,2022-09-01,57524,61,550
강동역,2022-11-30,2022-08-23 ~ 2022-10-22,2022-09-02,57584,60,610
강동역,2022-11-30,2022-08-23 ~ 2022-10-22,2022-09-03,57652,68,678
강동역,2022-11-30,2022-08-23 ~ 2022-10-22,2022-09-04,57703,51,729
강동역,2022-11-30,2022-08-23 ~ 2022-10-22,2022-09-05,57737,34,763
강동역,2022-11-30,2022-08-23 ~ 2022-10-22,2022-09-06,57795,58,821
강동역,2022-11-30,2022-08-23 ~ 2022-10-22,2022-09-07,57851,56,877
강동역,2022-11-30,2022-08-23 ~ 2022-10-22,2022-09-08,57912,61,938
강동역,2022-11-30,2022-08-23 ~ 2022-10-22,2022-09-09,57968,56,994
강동역,2022-11-30,2022-08-23 ~ 2022-10-22,2022-09-10,57995,27,1021
강동역,2022-11-30,2022-08-23 ~ 2022-10-22,2022-09-11,58018,23,1044
강동역,2022-11-30,2022-08-23 ~ 2022-10-22,2022-09-12,58049,31,1075
강동역,2022-11-30,2022-08-23 ~ 2022-10-22,2022-09-13,58088,39,1114
강동역,2022-11-30,2022-08-23 ~ 2022-10-22,2022-09-14,58145,57,1171
강동역,2022-11-30,2022-08-23 ~ 2022-10-22,2022-09-15,58207,62,1233
강동역,2022-11-30,2022-08-23 ~ 2022-10-22,2022-09-16,58270,63,1296
강동역,2022-11-30,2022-08-23 ~ 2022-10-22,2022-09-17,58334,64,1360
강동역,2022-11-30,2022-08-23 ~ 2022-10-22,2022-09-18,58403,69,1429
강동역,2022-11-30,2022-08-23 ~ 2022-10-22,2022-09-19,58439,36,1465
강동역,2022-11-30,2022-08-23 ~ 2022-10-22,2022-09-20,58503,64,1529
강동역,2022-11-30,2022-08-23 ~ 2022-10-22,2022-09-21,58559,56,1585
강동역,2022-11-30,2022-08-23 ~ 2022-10-22,2022-09-22,58613,54,1639
강동역,2022-11-30,2022-08-23 ~ 2022-10-22,2022-09-23,58665,52,1691
강동역,2022-11-30,2022-08-23 ~ 2022-10-22,2022-09-24,58720,55,1746
강동역,2022-11-30,2022-08-23 ~ 2022-10-22,2022-09-25,58773,53,1799
강동역,2022-11-30,2022-08-23 ~ 2022-10-22,2022-09-26,58808,35,1834
강동역,2022-11-30,2022-08-23 ~ 2022-10-22,2022-09-27,58854,46,1880
강동역,2022-11-30,2022-08-23 ~ 2022-10-22,2022-09-28,58908,54,1934
강동역,2022-11-30,2022-08-23 ~ 2022-10-22,2022-09-29,58963,55,1989
강동역,2022-11-30,2022-08-23 ~ 2022-10-22,2022-09-30,59017,54,2043
강동역,2022-11-30,2022-08-23 ~ 2022-10-22,2022-10-01,59076,59,2102
강동역,2022-11-30,2022-08-23 ~ 2022-10-22,2022-10-02,59128,52,2154
강동역,2022-11-30,2022-08-23 ~ 2022-10-22,2022-10-03,59158,30,2184
강동역,2022-11-30,2022-08-23 ~ 2022-10-22,2022-10-04,59187,29,2213
강동역,2022-11-30,2022-08-23 ~ 2022-10-22,2022-10-05,59244,57,2270
강동역,2022-11-30,2022-08-23 ~ 2022-10-22,2022-10-06,59294,50,2320
강동역,2022-11-30,2022-08-23 ~ 2022-10-22,2022-10-07,59342,48,2368
강동역,2022-11-30,2022-08-23 ~ 2022-10-22,2022-10-08,59390,48,2416
강동역,2022-11-30,2022-08-23 ~ 2022-10-22,2022-10-09,59435,45,2461
강동역,2022-11-30,2022-08-23 ~ 2022-10-22,2022-10-10,59461,26,2487
강동역,2022-11-30,2022-08-23 ~ 2022-10-22,2022-10-11,59488,27,2514
강동역,2022-11-30,2022-08-23 ~ 2022-10-22,2022-10-12,59527,39,2553
강동역,2022-11-30,2022-08-23 ~ 2022-10-22,2022-10-13,59568,41,2594
강동역,2022-11-30,2022-08-23 ~ 2022-10-22,2022-10-14,59608,40,2634
강동역,2022-11-30,2022-08-23 ~ 2022-10-22,2022-10-15,59646,38,2672
강동역,2022-11-30,2022-08-23 ~ 2022-10-22,2022-10-16,59682,36,2708
강동역,2022-11-30,2022-08-23 ~ 2022-10-22,2022-10-17,59710,28,2736
강동역,2022-11-30,2022-08-23 ~ 2022-10-22,2022-10-18,59748,38,2774
강동역,2022-11-30,2022-08-23 ~ 2022-10-22,2022-10-19,59784,36,2810
강동역,2022-11-30,2022-08-23 ~ 2022-10-22,2022-10-20,59818,34,2844
강동역,2022-11-30,2022-08-23 ~ 2022-10-22,2022-10-21,59855,37,2881
강동역,2022-11-30,2022-08-23 ~ 2022-10-22,2022-10-22,59890,35,2916
강동역,2022-11-30,2022-08-23 ~ 2022-10-22,2022-10-23,59924,34,2950
강동역,2023-01-31,2022-10-23 ~ 2022-12-22,2022-10-24,59950,26,26
강동역,2023-01-31,2022-10-23 ~ 2022-12-22,2022-10-25,59983,33,59
강동역,2023-01-31,2022-10-23 ~ 2022-12-22,2022-10-26,60015,32,91
강동역,2023-01-31,2022-10-23 ~ 2022-12-22,2022-10-27,60049,34,125
강동역,2023-01-31,2022-10-23 ~ 2022-12-22,2022-10-28,60083,34,159
강동역,2023-01-31,2022-10-23 ~ 2022-12-22,2022-10-29,60117,34,193
강동역,2023-01-31,2022-10-23 ~ 2022-12-22,2022-10-30,60153,36,229
강동역,2023-01-31,2022-10-23 ~ 2022-12-22,2022-10-31,60178,25,254
강동역,2023-01-31,2022-10-23 ~ 2022-12-22,2022-11-01,60212,34,288
강동역,2023-01-31,2022-10-23 ~ 2022-12-22,2022-11-02,60248,36,324
강동역,2023-01-31,2022-10-23 ~ 2022-12-22,2022-11-03,60281,33,357
강동역,2023-01-31,2022-10-23 ~ 2022-12-22,2022-11-04,60313,32,389
강동역,2023-01-31,2022-10-23 ~ 2022-12-22,2022-11-05,60346,33,422
강동역,2023-01-31,2022-10-23 ~ 2022-12-22,2022-11-06,60378,32,454
강동역,2023-01-31,2022-10-23 ~ 2022-12-22,2022-11-07,60405,27,481
강동역,2023-01-31,2022-10-23 ~ 2022-12-22,2022-11-08,60438,33,514
강동역,2023-01-31,2022-10-23 ~ 2022-12-22,2022-11-09,60473,35,549
강동역,2023-01-31,2022-10-23 ~ 2022-12-22,2022-11-10,60508,35,584
강동역,2023-01-31,2022-10-23 ~ 2022-12-22,2022-11-11,60542,34,618
강동역,2023-01-31,2022-10-23 ~ 2022-12-22,2022-11-12,60577,35,653
강동역,2023-01-31,2022-10-23 ~ 2022-12-22,2022-11-13,60609,32,685
강동역,2023-01-31,2022-10-23 ~ 2022-12-22,2022-11-14,60637,28,713
강동역,2023-01-31,2022-10-23 ~ 2022-12-22,2022-11-15,60673,36,749
강동역,2023-01-31,2022-10-23 ~ 2022-12-22,2022-11-16,60705,32,781
강동역,2023-01-31,2022-10-23 ~ 2022-12-22,2022-11-17,60738,33,814
강동역,2023-01-31,2022-10-23 ~ 2022-12-22,2022-11-18,60770,32,846
강동역,2023-01-31,2022-10-23 ~ 2022-12-22,2022-11-19,60801,31,877
강동역,2023-01-31,2022-10-23 ~ 2022-12-22,2022-11-20,60833,32,909
강동역,2023-01-31,2022-10-23 ~ 2022-12-22,2022-11-21,60859,26,935
강동역,2023-01-31,2022-10-23 ~ 2022-12-22,2022-11-22,60890,31,966
강동역,2023-01-31,2022-10-23 ~ 2022-12-22,2022-11-23,60924,34,1000
강동역,2023-01-31,2022-10-23 ~ 2022-12-22,2022-11-24,60957,33,1033
강동역,2023-01-31,2022-10-23 ~ 2022-12-22,2022-11-25,60988,31,1064
강동역,2023-01-31,2022-10-23 ~ 2022-12-22,2022-11-26,61001,13,1077
강동역,2023-01-31,2022-10-23 ~ 2022-12-22,2022-11-28,61082,81,1158
강동역,2023-01-31,2022-10-23 ~ 2022-12-22,2022-11-29,61111,29,1187
강동역,2023-01-31,2022-10-23 ~ 2022-12-22,2022-11-30,61145,34,1221
강동역,2023-01-31,2022-10-23 ~ 2022-12-22,2022-12-01,61167,22,1243
강동역,2023-01-31,2022-10-23 ~ 2022-12-22,2022-12-02,61184,17,1260
강동역,2023-01-31,2022-10-23 ~ 2022-12-22,2022-12-03,61246,62,1322
강동역,2023-01-31,2022-10-23 ~ 2022-12-22,2022-12-04,61280,34,1356
강동역,2023-01-31,2022-10-23 ~ 2022-12-22,2022-12-05,61306,26,1382
강동역,2023-01-31,2022-10-23 ~ 2022-12-22,2022-12-06,61335,29,1411
강동역,2023-01-31,2022-10-23 ~ 2022-12-22,2022-12-07,61371,36,1447
강동역,2023-01-31,2022-10-23 ~ 2022-12-22,2022-12-08,61411,40,1487
강동역,2023-01-31,2022-10-23 ~ 2022-12-22,2022-12-09,61444,33,1520
강동역,2023-01-31,2022-10-23 ~ 2022-12-22,2022-12-10,61479,35,1555
강동역,2023-01-31,2022-10-23 ~ 2022-12-22,2022-12-11,61512,33,1588
강동역,2023-01-31,2022-10-23 ~ 2022-12-22,2022-12-12,61539,27,1615
강동역,2023-01-31,2022-10-23 ~ 2022-12-22,2022-12-13,61572,33,1648
강동역,2023-01-31,2022-10-23 ~ 2022-12-22,2022-12-14,61606,34,1682
강동역,2023-01-31,2022-10-23 ~ 2022-12-22,2022-12-15,61637,31,1713
강동역,2023-01-31,2022-10-23 ~ 2022-12-22,2022-12-16,61669,32,1745
강동역,2023-01-31,2022-10-23 ~ 2022-12-22,2022-12-17,61700,31,1776
강동역,2023-01-31,2022-10-23 ~ 2022-12-22,2022-12-18,61733,33,1809
강동역,2023-01-31,2022-10-23 ~ 2022-12-22,2022-12-19,61757,24,1833
강동역,2023-01-31,2022-10-23 ~ 2022-12-22,2022-12-20,61787,30,1863
강동역,2023-01-31,2022-10-23 ~ 2022-12-22,2022-12-21,61822,35,1898
강동역,2023-01-31,2022-10-23 ~ 2022-12-22,2022-12-22,61855,33,1931
강동역,2023-01-31,2022-10-23 ~ 2022-12-22,2022-12-23,61887,32,1963
강동역,2023-03-31,2022-12-23 ~ 2023-02-22,2022-12-24,61918,31,31
강동역,2023-03-31,2022-12-23 ~ 2023-02-22,2022-12-25,61946,28,59
강동역,2023-03-31,2022-12-23 ~ 2023-02-22,2022-12-26,61970,24,83
강동역,2023-03-31,2022-12-23 ~ 2023-02-22,2022-12-27,62002,32,115
강동역,2023-03-31,2022-12-23 ~ 2023-02-22,2022-12-28,62034,32,147
강동역,2023-03-31,2022-12-23 ~ 2023-02-22,2022-12-29,62066,32,179
강동역,2023-03-31,2022-12-23 ~ 2023-02-22,2022-12-30,62100,34,213
강동역,2023-03-31,2022-12-23 ~ 2023-02-22,2022-12-31,62132,32,245
강동역,2023-03-31,2022-12-23 ~ 2023-02-22,2023-01-01,62161,29,274
강동역,2023-03-31,2022-12-23 ~ 2023-02-22,2023-01-02,62182,21,295
강동역,2023-03-31,2022-12-23 ~ 2023-02-22,2023-01-03,62212,30,325
강동역,2023-03-31,2022-12-23 ~ 2023-02-22,2023-01-04,62242,30,355
강동역,2023-03-31,2022-12-23 ~ 2023-02-22,2023-01-05,62273,31,386
강동역,2023-03-31,2022-12-23 ~ 2023-02-22,2023-01-06,62305,32,418
강동역,2023-03-31,2022-12-23 ~ 2023-02-22,2023-01-07,62337,32,450
강동역,2023-03-31,2022-12-23 ~ 2023-02-22,2023-01-08,62380,43,493
강동역,2023-03-31,2022-12-23 ~ 2023-02-22,2023-01-09,62405,25,518
강동역,2023-03-31,2022-12-23 ~ 2023-02-22,2023-01-10,62438,33,551
강동역,2023-03-31,2022-12-23 ~ 2023-02-22,2023-01-11,62471,33,584
강동역,2023-03-31,2022-12-23 ~ 2023-02-22,2023-01-12,62503,32,616
강동역,2023-03-31,2022-12-23 ~ 2023-02-22,2023-01-13,62538,35,651
강동역,2023-03-31,2022-12-23 ~ 2023-02-22,2023-01-14,62570,32,683
강동역,2023-03-31,2022-12-23 ~ 2023-02-22,2023-01-15,62602,32,715
강동역,2023-03-31,2022-12-23 ~ 2023-02-22,2023-01-16,62627,25,740
강동역,2023-03-31,2022-12-23 ~ 2023-02-22,2023-01-17,62659,32,772
강동역,2023-03-31,2022-12-23 ~ 2023-02-22,2023-01-18,62690,31,803
강동역,2023-03-31,2022-12-23 ~ 2023-02-22,2023-01-19,62721,31,834
강동역,2023-03-31,2022-12-23 ~ 2023-02-22,2023-01-20,62754,33,867
강동역,2023-03-31,2022-12-23 ~ 2023-02-22,2023-01-21,62784,30,897
강동역,2023-03-31,2022-12-23 ~ 2023-02-22,2023-01-22,62801,17,914
강동역,2023-03-31,2022-12-23 ~ 2023-02-22,2023-01-23,62818,17,931
강동역,2023-03-31,2022-12-23 ~ 2023-02-22,2023-01-24,62838,20,951
강동역,2023-03-31,2022-12-23 ~ 2023-02-22,2023-01-25,62856,18,969
강동역,2023-03-31,2022-12-23 ~ 2023-02-22,2023-01-26,62884,28,997
강동역,2023-03-31,2022-12-23 ~ 2023-02-22,2023-01-27,62916,32,1029
강동역,2023-03-31,2022-12-23 ~ 2023-02-22,2023-01-28,62950,34,1063
강동역,2023-03-31,2022-12-23 ~ 2023-02-22,2023-01-29,62983,33,1096
강동역,2023-03-31,2022-12-23 ~ 2023-02-22,2023-01-30,63010,27,1123
강동역,2023-03-31,2022-12-23 ~ 2023-02-22,2023-01-31,63045,35,1158
강동역,2023-03-31,2022-12-23 ~ 2023-02-22,2023-02-01,63078,33,1191
강동역,2023-03-31,2022-12-23 ~ 2023-02-22,2023-02-02,63111,33,1224
강동역,2023-03-31,2022-12-23 ~ 2023-02-22,2023-02-03,63146,35,1259
강동역,2023-03-31,2022-12-23 ~ 2023-02-22,2023-02-04,63182,36,1295
강동역,2023-03-31,2022-12-23 ~ 2023-02-22,2023-02-05,63213,31,1326
강동역,2023-03-31,2022-12-23 ~ 2023-02-22,2023-02-06,63239,26,1352
강동역,2023-03-31,2022-12-23 ~ 2023-02-22,2023-02-07,63274,35,1387
강동역,2023-03-31,2022-12-23 ~ 2023-02-22,2023-02-08,63311,37,1424
강동역,2023-03-31,2022-12-23 ~ 2023-02-22,2023-02-09,63344,33,1457
강동역,2023-03-31,2022-12-23 ~ 2023-02-22,2023-02-10,63377,33,1490
강동역,2023-03-31,2022-12-23 ~ 2023-02-22,2023-02-11,63411,34,1524
강동역,2023-03-31,2022-12-23 ~ 2023-02-22,2023-02-12,63444,33,1557
강동역,2023-03-31,2022-12-23 ~ 2023-02-22,2023-02-13,63471,27,1584
강동역,2023-03-31,2022-12-23 ~ 2023-02-22,2023-02-14,63504,33,1617
강동역,2023-03-31,2022-12-23 ~ 2023-02-22,2023-02-15,63537,33,1650
강동역,2023-03-31,2022-12-23 ~ 2023-02-22,2023-02-16,63571,34,1684
강동역,2023-03-31,2022-12-23 ~ 2023-02-22,2023-02-17,63604,33,1717
강동역,2023-03-31,2022-12-23 ~ 2023-02-22,2023-02-18,63638,34,1751
강동역,2023-03-31,2022-12-23 ~ 2023-02-22,2023-02-19,63674,36,1787
강동역,2023-03-31,2022-12-23 ~ 2023-02-22,2023-02-20,63700,26,1813
강동역,2023-03-31,2022-12-23 ~ 2023-02-22,2023-02-21,63736,36,1849
강동역,2023-03-31,2022-12-23 ~ 2023-02-22,2023-02-22,63768,32,1881
강동역,2023-03-31,2022-12-23 ~ 2023-02-22,2023-02-23,63801,33,1914
강동역,2023-05-31,2023-02-23 ~ 2023-04-22,2023-02-24,63836,35,35
강동역,2023-05-31,2023-02-23 ~ 2023-04-22,2023-02-25,63872,36,71
강동역,2023-05-31,2023-02-23 ~ 2023-04-22,2023-02-26,63904,32,103
강동역,2023-05-31,2023-02-23 ~ 2023-04-22,2023-02-27,63931,27,130
강동역,2023-05-31,2023-02-23 ~ 2023-04-22,2023-02-28,63964,33,163
강동역,2023-05-31,2023-02-23 ~ 2023-04-22,2023-03-01,63999,35,198
강동역,2023-05-31,2023-02-23 ~ 2023-04-22,2023-03-02,64027,28,226
강동역,2023-05-31,2023-02-23 ~ 2023-04-22,2023-03-03,64060,33,259
강동역,2023-05-31,2023-02-23 ~ 2023-04-22,2023-03-04,64093,33,292
강동역,2023-05-31,2023-02-23 ~ 2023-04-22,2023-03-05,64127,34,326
강동역,2023-05-31,2023-02-23 ~ 2023-04-22,2023-03-06,64154,27,353
강동역,2023-05-31,2023-02-23 ~ 2023-04-22,2023-03-07,64193,39,392
강동역,2023-05-31,2023-02-23 ~ 2023-04-22,2023-03-08,64228,35,427
강동역,2023-05-31,2023-02-23 ~ 2023-04-22,2023-03-09,64261,33,460
강동역,2023-05-31,2023-02-23 ~ 2023-04-22,2023-03-10,64295,34,494
강동역,2023-05-31,2023-02-23 ~ 2023-04-22,2023-03-11,64330,35,529
강동역,2023-05-31,2023-02-23 ~ 2023-04-22,2023-03-12,64365,35,564
강동역,2023-05-31,2023-02-23 ~ 2023-04-22,2023-03-13,64390,25,589
강동역,2023-05-31,2023-02-23 ~ 2023-04-22,2023-03-14,64421,31,620
강동역,2023-05-31,2023-02-23 ~ 2023-04-22,2023-03-15,64456,35,655
강동역,2023-05-31,2023-02-23 ~ 2023-04-22,2023-03-16,64490,34,689
강동역,2023-05-31,2023-02-23 ~ 2023-04-22,2023-03-17,64526,36,725
강동역,2023-05-31,2023-02-23 ~ 2023-04-22,2023-03-18,64561,35,760
강동역,2023-05-31,2023-02-23 ~ 2023-04-22,2023-03-19,64595,34,794
강동역,2023-05-31,2023-02-23 ~ 2023-04-22,2023-03-20,64623,28,822
강동역,2023-05-31,2023-02-23 ~ 2023-04-22,2023-03-21,64657,34,856
강동역,2023-05-31,2023-02-23 ~ 2023-04-22,2023-03-22,64691,34,890
강동역,2023-05-31,2023-02-23 ~ 2023-04-22,2023-03-23,64726,35,925
강동역,2023-05-31,2023-02-23 ~ 2023-04-22,2023-03-24,64759,33,958
강동역,2023-05-31,2023-02-23 ~ 2023-04-22,2023-03-25,64797,38,996
강동역,2023-05-31,2023-02-23 ~ 2023-04-22,2023-03-26,64833,36,1032
강동역,2023-05-31,2023-02-23 ~ 2023-04-22,2023-03-27,64861,28,1060
강동역,2023-05-31,2023-02-23 ~ 2023-04-22,2023-03-28,64895,34,1094
강동역,2023-05-31,2023-02-23 ~ 2023-04-22,2023-03-29,64929,34,1128
강동역,2023-05-31,2023-02-23 ~ 2023-04-22,2023-03-30,64966,37,1165
강동역,2023-05-31,2023-02-23 ~ 2023-04-22,2023-03-31,65005,39,1204
강동역,2023-05-31,2023-02-23 ~ 2023-04-22,2023-04-01,65039,34,1238
강동역,2023-05-31,2023-02-23 ~ 2023-04-22,2023-04-02,65072,33,1271
강동역,2023-05-31,2023-02-23 ~ 2023-04-22,2023-04-03,65097,25,1296
강동역,2023-05-31,2023-02-23 ~ 2023-04-22,2023-04-04,65130,33,1329
강동역,2023-05-31,2023-02-23 ~ 2023-04-22,2023-04-05,65162,32,1361
강동역,2023-05-31,2023-02-23 ~ 2023-04-22,2023-04-06,65201,39,1400
강동역,2023-05-31,2023-02-23 ~ 2023-04-22,2023-04-07,65265,64,1464
강동역,2023-05-31,2023-02-23 ~ 2023-04-22,2023-04-08,65298,33,1497
강동역,2023-05-31,2023-02-23 ~ 2023-04-22,2023-04-09,65330,32,1529
강동역,2023-05-31,2023-02-23 ~ 2023-04-22,2023-04-10,65358,28,1557
강동역,2023-05-31,2023-02-23 ~ 2023-04-22,2023-04-11,65391,33,1590
강동역,2023-05-31,2023-02-23 ~ 2023-04-22,2023-04-12,65445,54,1644
강동역,2023-05-31,2023-02-23 ~ 2023-04-22,2023-04-13,65495,50,1694
강동역,2023-05-31,2023-02-23 ~ 2023-04-22,2023-04-14,65529,34,1728
강동역,2023-05-31,2023-02-23 ~ 2023-04-22,2023-04-15,65564,35,1763
강동역,2023-05-31,2023-02-23 ~ 2023-04-22,2023-04-16,65594,30,1793
강동역,2023-05-31,2023-02-23 ~ 2023-04-22,2023-04-17,65621,27,1820
강동역,2023-05-31,2023-02-23 ~ 2023-04-22,2023-04-18,65654,33,1853
강동역,2023-05-31,2023-02-23 ~ 2023-04-22,2023-04-19,65686,32,1885
강동역,2023-05-31,2023-02-23 ~ 2023-04-22,2023-04-20,65718,32,1917
강동역,2023-05-31,2023-02-23 ~ 2023-04-22,2023-04-21,65756,38,1955
강동역,2023-05-31,2023-02-23 ~ 2023-04-22,2023-04-22,65792,36,1991
강동역,2023-05-31,2023-02-23 ~ 2023-04-22,2023-04-23,65824,32,2023
강동역,2023-07-31,2023-04-23 ~ 2023-06-22,2023-04-24,65850,26,26
강동역,2023-07-31,2023-04-23 ~ 2023-06-22,2023-04-25,65885,35,61
강동역,2023-07-31,2023-04-23 ~ 2023-06-22,2023-04-26,65918,33,94
강동역,2023-07-31,2023-04-23 ~ 2023-06-22,2023-04-27,65952,34,128
강동역,2023-07-31,2023-04-23 ~ 2023-06-22,2023-04-28,65986,34,162
강동역,2023-07-31,2023-04-23 ~ 2023-06-22,2023-04-29,66020,34,196
강동역,2023-07-31,2023-04-23 ~ 2023-06-22,2023-04-30,66052,32,228
강동역,2023-07-31,2023-04-23 ~ 2023-06-22,2023-05-01,66078,26,254
강동역,2023-07-31,2023-04-23 ~ 2023-06-22,2023-05-02,66107,29,283
강동역,2023-07-31,2023-04-23 ~ 2023-06-22,2023-05-03,66140,33,316
강동역,2023-07-31,2023-04-23 ~ 2023-06-22,2023-05-04,66175,35,351
강동역,2023-07-31,2023-04-23 ~ 2023-06-22,2023-05-05,66217,42,393
강동역,2023-07-31,2023-04-23 ~ 2023-06-22,2023-05-06,66239,22,415
강동역,2023-07-31,2023-04-23 ~ 2023-06-22,2023-05-07,66269,30,445
강동역,2023-07-31,2023-04-23 ~ 2023-06-22,2023-05-08,66294,25,470
강동역,2023-07-31,2023-04-23 ~ 2023-06-22,2023-05-09,66327,33,503
강동역,2023-07-31,2023-04-23 ~ 2023-06-22,2023-05-10,66362,35,538
강동역,2023-07-31,2023-04-23 ~ 2023-06-22,2023-05-11,66395,33,571
강동역,2023-07-31,2023-04-23 ~ 2023-06-22,2023-05-12,66428,33,604
강동역,2023-07-31,2023-04-23 ~ 2023-06-22,2023-05-13,66462,34,638
강동역,2023-07-31,2023-04-23 ~ 2023-06-22,2023-05-14,66494,32,670
강동역,2023-07-31,2023-04-23 ~ 2023-06-22,2023-05-15,66521,27,697
강동역,2023-07-31,2023-04-23 ~ 2023-06-22,2023-05-16,66555,34,731
강동역,2023-07-31,2023-04-23 ~ 2023-06-22,2023-05-17,66588,33,764
강동역,2023-07-31,2023-04-23 ~ 2023-06-22,2023-05-19,66665,77,841
강동역,2023-07-31,2023-04-23 ~ 2023-06-22,2023-05-20,66707,42,883
강동역,2023-07-31,2023-04-23 ~ 2023-06-22,2023-05-21,66742,35,918
강동역,2023-07-31,2023-04-23 ~ 2023-06-22,2023-05-22,66771,29,947
강동역,2023-07-31,2023-04-23 ~ 2023-06-22,2023-05-23,66809,38,985
강동역,2023-07-31,2023-04-23 ~ 2023-06-22,2023-05-24,66851,42,1027
강동역,2023-07-31,2023-04-23 ~ 2023-06-22,2023-05-25,66891,40,1067
강동역,2023-07-31,2023-04-23 ~ 2023-06-22,2023-05-26,66933,42,1109
강동역,2023-07-31,2023-04-23 ~ 2023-06-22,2023-05-27,66974,41,1150
강동역,2023-07-31,2023-04-23 ~ 2023-06-22,2023-05-28,67002,28,1178
강동역,2023-07-31,2023-04-23 ~ 2023-06-22,2023-05-29,67031,29,1207
강동역,2023-07-31,2023-04-23 ~ 2023-06-22,2023-05-30,67061,30,1237
강동역,2023-07-31,2023-04-23 ~ 2023-06-22,2023-05-31,67102,41,1278
강동역,2023-07-31,2023-04-23 ~ 2023-06-22,2023-06-01,67144,42,1320
강동역,2023-07-31,2023-04-23 ~ 2023-06-22,2023-06-02,67191,47,1367
강동역,2023-07-31,2023-04-23 ~ 2023-06-22,2023-06-03,67235,44,1411
강동역,2023-07-31,2023-04-23 ~ 2023-06-22,2023-06-04,67272,37,1448
강동역,2023-07-31,2023-04-23 ~ 2023-06-22,2023-06-05,67298,26,1474
강동역,2023-07-31,2023-04-23 ~ 2023-06-22,2023-06-06,67339,41,1515
강동역,2023-07-31,2023-04-23 ~ 2023-06-22,2023-06-07,67372,33,1548
강동역,2023-07-31,2023-04-23 ~ 2023-06-22,2023-06-08,67420,48,1596
강동역,2023-07-31,2023-04-23 ~ 2023-06-22,2023-06-09,67463,43,1639
강동역,2023-07-31,2023-04-23 ~ 2023-06-22,2023-06-10,67508,45,1684
강동역,2023-07-31,2023-04-23 ~ 2023-06-22,2023-06-11,67550,42,1726
강동역,2023-07-31,2023-04-23 ~ 2023-06-22,2023-06-12,67578,28,1754
강동역,2023-07-31,2023-04-23 ~ 2023-06-22,2023-06-13,67622,44,1798
강동역,2023-07-31,2023-04-23 ~ 2023-06-22,2023-06-14,67668,46,1844
강동역,2023-07-31,2023-04-23 ~ 2023-06-22,2023-06-15,67713,45,1889
강동역,2023-07-31,2023-04-23 ~ 2023-06-22,2023-06-16,67758,45,1934
강동역,2023-07-31,2023-04-23 ~ 2023-06-22,2023-06-17,67807,49,1983
강동역,2023-07-31,2023-04-23 ~ 2023-06-22,2023-06-18,67846,39,2022
강동역,2023-07-31,2023-04-23 ~ 2023-06-22,2023-06-19,67878,32,2054
강동역,2023-07-31,2023-04-23 ~ 2023-06-22,2023-06-20,67921,43,2097
강동역,2023-07-31,2023-04-23 ~ 2023-06-22,2023-06-21,67968,47,2144
강동역,2023-07-31,2023-04-23 ~ 2023-06-22,2023-06-22,68017,49,2193
강동역,2023-07-31,2023-04-23 ~ 2023-06-22,2023-06-23,68068,51,2244
강동역,2023-09-30,2023-06-23 ~ 2023-08-22,2023-06-24,68119,51,51
강동역,2023-09-30,2023-06-23 ~ 2023-08-22,2023-06-25,68162,43,94
강동역,2023-09-30,2023-06-23 ~ 2023-08-22,2023-06-26,68200,38,132
강동역,2023-09-30,2023-06-23 ~ 2023-08-22,2023-06-27,68247,47,179
강동역,2023-09-30,2023-06-23 ~ 2023-08-22,2023-06-28,68298,51,230
강동역,2023-09-30,2023-06-23 ~ 2023-08-22,2023-06-29,68350,52,282
강동역,2023-09-30,2023-06-23 ~ 2023-08-22,2023-06-30,68399,49,331
강동역,2023-09-30,2023-06-23 ~ 2023-08-22,2023-07-01,68453,54,385
강동역,2023-09-30,2023-06-23 ~ 2023-08-22,2023-07-02,68501,48,433
강동역,2023-09-30,2023-06-23 ~ 2023-08-22,2023-07-03,68537,36,469
강동역,2023-09-30,2023-06-23 ~ 2023-08-22,2023-07-04,68595,58,527
강동역,2023-09-30,2023-06-23 ~ 2023-08-22,2023-07-05,68654,59,586
강동역,2023-09-30,2023-06-23 ~ 2023-08-22,2023-07-06,68707,53,639
강동역,2023-09-30,2023-06-23 ~ 2023-08-22,2023-07-07,68769,62,701
강동역,2023-09-30,2023-06-23 ~ 2023-08-22,2023-07-08,68812,43,744
강동역,2023-09-30,2023-06-23 ~ 2023-08-22,2023-07-09,68886,74,818
강동역,2023-09-30,2023-06-23 ~ 2023-08-22,2023-07-10,68924,38,856
강동역,2023-09-30,2023-06-23 ~ 2023-08-22,2023-07-11,68979,55,911
강동역,2023-09-30,2023-06-23 ~ 2023-08-22,2023-07-12,69030,51,962
강동역,2023-09-30,2023-06-23 ~ 2023-08-22,2023-07-13,69084,54,1016
강동역,2023-09-30,2023-06-23 ~ 2023-08-22,2023-07-14,69142,58,1074
강동역,2023-09-30,2023-06-23 ~ 2023-08-22,2023-07-15,69199,57,1131
강동역,2023-09-30,2023-06-23 ~ 2023-08-22,2023-07-16,69254,55,1186
강동역,2023-09-30,2023-06-23 ~ 2023-08-22,2023-07-17,69298,44,1230
강동역,2023-09-30,2023-06-23 ~ 2023-08-22,2023-07-18,69357,59,1289
강동역,2023-09-30,2023-06-23 ~ 2023-08-22,2023-07-19,69418,61,1350
강동역,2023-09-30,2023-06-23 ~ 2023-08-22,2023-07-20,69476,58,1408
강동역,2023-09-30,2023-06-23 ~ 2023-08-22,2023-07-21,69539,63,1471
강동역,2023-09-30,2023-06-23 ~ 2023-08-22,2023-07-22,69600,61,1532
강동역,2023-09-30,2023-06-23 ~ 2023-08-22,2023-07-23,69652,52,1584
강동역,2023-09-30,2023-06-23 ~ 2023-08-22,2023-07-24,69696,44,1628
강동역,2023-09-30,2023-06-23 ~ 2023-08-22,2023-07-25,69756,60,1688
강동역,2023-09-30,2023-06-23 ~ 2023-08-22,2023-07-26,69816,60,1748
강동역,2023-09-30,2023-06-23 ~ 2023-08-22,2023-07-27,69880,64,1812
강동역,2023-09-30,2023-06-23 ~ 2023-08-22,2023-07-28,69944,64,1876
강동역,2023-09-30,2023-06-23 ~ 2023-08-22,2023-07-29,70001,57,1933
강동역,2023-09-30,2023-06-23 ~ 2023-08-22,2023-07-30,70054,53,1986
강동역,2023-09-30,2023-06-23 ~ 2023-08-22,2023-07-31,70100,46,2032
강동역,2023-09-30,2023-06-23 ~ 2023-08-22,2023-08-01,70163,63,2095
강동역,2023-09-30,2023-06-23 ~ 2023-08-22,2023-08-02,70225,62,2157
강동역,2023-09-30,2023-06-23 ~ 2023-08-22,2023-08-03,70289,64,2221
강동역,2023-09-30,2023-06-23 ~ 2023-08-22,2023-08-04,70353,64,2285
강동역,2023-09-30,2023-06-23 ~ 2023-08-22,2023-08-05,70418,65,2350
강동역,2023-09-30,2023-06-23 ~ 2023-08-22,2023-08-06,70471,53,2403
강동역,2023-09-30,2023-06-23 ~ 2023-08-22,2023-08-07,70521,50,2453
강동역,2023-09-30,2023-06-23 ~ 2023-08-22,2023-08-08,70587,66,2519
강동역,2023-09-30,2023-06-23 ~ 2023-08-22,2023-08-09,70648,61,2580
강동역,2023-09-30,2023-06-23 ~ 2023-08-22,2023-08-10,70709,61,2641
강동역,2023-09-30,2023-06-23 ~ 2023-08-22,2023-08-11,70765,56,2697
강동역,2023-09-30,2023-06-23 ~ 2023-08-22,2023-08-12,70827,62,2759
강동역,2023-09-30,2023-06-23 ~ 2023-08-22,2023-08-13,70880,53,2812
강동역,2023-09-30,2023-06-23 ~ 2023-08-22,2023-08-14,70927,47,2859
강동역,2023-09-30,2023-06-23 ~ 2023-08-22,2023-08-15,70984,57,2916
강동역,2023-09-30,2023-06-23 ~ 2023-08-22,2023-08-16,71036,52,2968
강동역,2023-09-30,2023-06-23 ~ 2023-08-22,2023-08-17,71096,60,3028
강동역,2023-09-30,2023-06-23 ~ 2023-08-22,2023-08-18,71157,61,3089
강동역,2023-09-30,2023-06-23 ~ 2023-08-22,2023-08-19,71219,62,3151
강동역,2023-09-30,2023-06-23 ~ 2023-08-22,2023-08-20,71276,57,3208
강동역,2023-09-30,2023-06-23 ~ 2023-08-22,2023-08-21,71325,49,3257
강동역,2023-09-30,2023-06-23 ~ 2023-08-22,2023-08-22,71385,60,3317
강동역,2023-09-30,2023-06-23 ~ 2023-08-22,2023-08-23,71442,57,3374
강동역,2023-11-30,2023-08-23 ~ 2023-10-22,2023-08-24,71503,61,61
강동역,2023-11-30,2023-08-23 ~ 2023-10-22,2023-08-25,71568,65,126
강동역,2023-11-30,2023-08-23 ~ 2023-10-22,2023-08-26,71633,65,191
강동역,2023-11-30,2023-08-23 ~ 2023-10-22,2023-08-27,71689,56,247
강동역,2023-11-30,2023-08-23 ~ 2023-10-22,2023-08-28,71738,49,296
강동역,2023-11-30,2023-08-23 ~ 2023-10-22,2023-08-29,71798,60,356
강동역,2023-11-30,2023-08-23 ~ 2023-10-22,2023-08-30,71858,60,416
강동역,2023-11-30,2023-08-23 ~ 2023-10-22,2023-08-31,71922,64,480
강동역,2023-11-30,2023-08-23 ~ 2023-10-22,2023-09-01,71988,66,546
강동역,2023-11-30,2023-08-23 ~ 2023-10-22,2023-09-02,72050,62,608
강동역,2023-11-30,2023-08-23 ~ 2023-10-22,2023-09-03,72100,50,658
강동역,2023-11-30,2023-08-23 ~ 2023-10-22,2023-09-04,72147,47,705
강동역,2023-11-30,2023-08-23 ~ 2023-10-22,2023-09-05,72209,62,767
강동역,2023-11-30,2023-08-23 ~ 2023-10-22,2023-09-06,72272,63,830
강동역,2023-11-30,2023-08-23 ~ 2023-10-22,2023-09-07,72340,68,898
강동역,2023-11-30,2023-08-23 ~ 2023-10-22,2023-09-08,72405,65,963
강동역,2023-11-30,2023-08-23 ~ 2023-10-22,2023-09-09,72470,65,1028
강동역,2023-11-30,2023-08-23 ~ 2023-10-22,2023-09-10,72527,57,1085
강동역,2023-11-30,2023-08-23 ~ 2023-10-22,2023-09-11,72577,50,1135
강동역,2023-11-30,2023-08-23 ~ 2023-10-22,2023-09-12,72637,60,1195
강동역,2023-11-30,2023-08-23 ~ 2023-10-22,2023-09-13,72701,64,1259
강동역,2023-11-30,2023-08-23 ~ 2023-10-22,2023-09-14,72764,63,1322
강동역,2023-11-30,2023-08-23 ~ 2023-10-22,2023-09-15,72829,65,1387
강동역,2023-11-30,2023-08-23 ~ 2023-10-22,2023-09-16,72894,65,1452
강동역,2023-11-30,2023-08-23 ~ 2023-10-22,2023-09-17,72950,56,1508
강동역,2023-11-30,2023-08-23 ~ 2023-10-22,2023-09-18,72997,47,1555
강동역,2023-11-30,2023-08-23 ~ 2023-10-22,2023-09-19,73058,61,1616
강동역,2023-11-30,2023-08-23 ~ 2023-10-22,2023-09-20,73119,61,1677
강동역,2023-11-30,2023-08-23 ~ 2023-10-22,2023-09-21,73182,63,1740
강동역,2023-11-30,2023-08-23 ~ 2023-10-22,2023-09-22,73247,65,1805
강동역,2023-11-30,2023-08-23 ~ 2023-10-22,2023-09-23,73308,61,1866
강동역,2023-11-30,2023-08-23 ~ 2023-10-22,2023-09-24,73359,51,1917
강동역,2023-11-30,2023-08-23 ~ 2023-10-22,2023-09-25,73402,43,1960
강동역,2023-11-30,2023-08-23 ~ 2023-10-22,2023-09-26,73458,56,2016
강동역,2023-11-30,2023-08-23 ~ 2023-10-22,2023-09-27,73514,56,2072
강동역,2023-11-30,2023-08-23 ~ 2023-10-22,2023-09-28,73572,58,2130
강동역,2023-11-30,2023-08-23 ~ 2023-10-22,2023-09-29,73612,40,2170
강동역,2023-11-30,2023-08-23 ~ 2023-10-22,2023-09-30,73642,30,2200
강동역,2023-11-30,2023-08-23 ~ 2023-10-22,2023-10-01,73671,29,2229
강동역,2023-11-30,2023-08-23 ~ 2023-10-22,2023-10-02,73704,33,2262
강동역,2023-11-30,2023-08-23 ~ 2023-10-22,2023-10-03,73739,35,2297
강동역,2023-11-30,2023-08-23 ~ 2023-10-22,2023-10-04,73771,32,2329
강동역,2023-11-30,2023-08-23 ~ 2023-10-22,2023-10-05,73818,47,2376
강동역,2023-11-30,2023-08-23 ~ 2023-10-22,2023-10-06,73864,46,2422
강동역,2023-11-30,2023-08-23 ~ 2023-10-22,2023-10-07,73912,48,2470
강동역,2023-11-30,2023-08-23 ~ 2023-10-22,2023-10-08,73959,47,2517
강동역,2023-11-30,2023-08-23 ~ 2023-10-22,2023-10-09,73994,35,2552
강동역,2023-11-30,2023-08-23 ~ 2023-10-22,2023-10-10,74026,32,2584
강동역,2023-11-30,2023-08-23 ~ 2023-10-22,2023-10-11,74068,42,2626
강동역,2023-11-30,2023-08-23 ~ 2023-10-22,2023-10-12,74112,44,2670
강동역,2023-11-30,2023-08-23 ~ 2023-10-22,2023-10-13,74164,52,2722
강동역,2023-11-30,2023-08-23 ~ 2023-10-22,2023-10-14,74203,39,2761
강동역,2023-11-30,2023-08-23 ~ 2023-10-22,2023-10-15,74242,39,2800
강동역,2023-11-30,2023-08-23 ~ 2023-10-22,2023-10-16,74272,30,2830
강동역,2023-11-30,2023-08-23 ~ 2023-10-22,2023-10-17,74317,45,2875
강동역,2023-11-30,2023-08-23 ~ 2023-10-22,2023-10-18,74354,37,2912
강동역,2023-11-30,2023-08-23 ~ 2023-10-22,2023-10-19,74403,49,2961
강동역,2023-11-30,2023-08-23 ~ 2023-10-22,2023-10-20,74447,44,3005
강동역,2023-11-30,2023-08-23 ~ 2023-10-22,2023-10-21,74490,43,3048
강동역,2023-11-30,2023-08-23 ~ 2023-10-22,2023-10-22,74527,37,3085
강동역,2023-11-30,2023-08-23 ~ 2023-10-22,2023-10-23,74556,29,3114
강동역,2024-01-31,2023-10-23 ~ 2023-12-22,2023-10-24,74597,41,41
강동역,2024-01-31,2023-10-23 ~ 2023-12-22,2023-10-25,74638,41,82
강동역,2024-01-31,2023-10-23 ~ 2023-12-22,2023-10-26,74682,44,126
강동역,2024-01-31,2023-10-23 ~ 2023-12-22,2023-10-27,74723,41,167
강동역,2024-01-31,2023-10-23 ~ 2023-12-22,2023-10-28,74768,45,212
강동역,2024-01-31,2023-10-23 ~ 2023-12-22,2023-10-29,74810,42,254
강동역,2024-01-31,2023-10-23 ~ 2023-12-22,2023-10-30,74839,29,283
강동역,2024-01-31,2023-10-23 ~ 2023-12-22,2023-10-31,74884,45,328
강동역,2024-01-31,2023-10-23 ~ 2023-12-22,2023-11-01,74929,45,373
강동역,2024-01-31,2023-10-23 ~ 2023-12-22,2023-11-02,74974,45,418
강동역,2024-01-31,2023-10-23 ~ 2023-12-22,2023-11-03,75015,41,459
강동역,2024-01-31,2023-10-23 ~ 2023-12-22,2023-11-04,75063,48,507
강동역,2024-01-31,2023-10-23 ~ 2023-12-22,2023-11-05,75108,45,552
강동역,2024-01-31,2023-10-23 ~ 2023-12-22,2023-11-06,75137,29,581
강동역,2024-01-31,2023-10-23 ~ 2023-12-22,2023-11-07,75179,42,623
강동역,2024-01-31,2023-10-23 ~ 2023-12-22,2023-11-08,75221,42,665
강동역,2024-01-31,2023-10-23 ~ 2023-12-22,2023-11-09,75263,42,707
강동역,2024-01-31,2023-10-23 ~ 2023-12-22,2023-11-10,75305,42,749
강동역,2024-01-31,2023-10-23 ~ 2023-12-22,2023-11-11,75343,38,787
강동역,2024-01-31,2023-10-23 ~ 2023-12-22,2023-11-12,75377,34,821
강동역,2024-01-31,2023-10-23 ~ 2023-12-22,2023-11-13,75404,27,848
강동역,2024-01-31,2023-10-23 ~ 2023-12-22,2023-11-14,75434,30,878
강동역,2024-01-31,2023-10-23 ~ 2023-12-22,2023-11-15,75469,35,913
강동역,2024-01-31,2023-10-23 ~ 2023-12-22,2023-11-16,75503,34,947
강동역,2024-01-31,2023-10-23 ~ 2023-12-22,2023-11-17,75532,29,976
강동역,2024-01-31,2023-10-23 ~ 2023-12-22,2023-11-18,75565,33,1009
강동역,2024-01-31,2023-10-23 ~ 2023-12-22,2023-11-19,75596,31,1040
강동역,2024-01-31,2023-10-23 ~ 2023-12-22,2023-11-20,75622,26,1066
강동역,2024-01-31,2023-10-23 ~ 2023-12-22,2023-11-21,75655,33,1099
강동역,2024-01-31,2023-10-23 ~ 2023-12-22,2023-11-22,75687,32,1131
강동역,2024-01-31,2023-10-23 ~ 2023-12-22,2023-11-23,75720,33,1164
강동역,2024-01-31,2023-10-23 ~ 2023-12-22,2023-11-24,75753,33,1197
강동역,2024-01-31,2023-10-23 ~ 2023-12-22,2023-11-25,75785,32,1229
강동역,2024-01-31,2023-10-23 ~ 2023-12-22,2023-11-26,75817,32,1261
강동역,2024-01-31,2023-10-23 ~ 2023-12-22,2023-11-27,75843,26,1287
강동역,2024-01-31,2023-10-23 ~ 2023-12-22,2023-11-28,75873,30,1317
강동역,2024-01-31,2023-10-23 ~ 2023-12-22,2023-11-29,75905,32,1349
강동역,2024-01-31,2023-10-23 ~ 2023-12-22,2023-11-30,75938,33,1382
강동역,2024-01-31,2023-10-23 ~ 2023-12-22,2023-12-01,75967,29,1411
강동역,2024-01-31,2023-10-23 ~ 2023-12-22,2023-12-02,75999,32,1443
강동역,2024-01-31,2023-10-23 ~ 2023-12-22,2023-12-03,76031,32,1475
강동역,2024-01-31,2023-10-23 ~ 2023-12-22,2023-12-04,76056,25,1500
강동역,2024-01-31,2023-10-23 ~ 2023-12-22,2023-12-05,76087,31,1531
강동역,2024-01-31,2023-10-23 ~ 2023-12-22,2023-12-06,76121,34,1565
강동역,2024-01-31,2023-10-23 ~ 2023-12-22,2023-12-07,76153,32,1597
강동역,2024-01-31,2023-10-23 ~ 2023-12-22,2023-12-08,76184,31,1628
강동역,2024-01-31,2023-10-23 ~ 2023-12-22,2023-12-09,76216,32,1660
강동역,2024-01-31,2023-10-23 ~ 2023-12-22,2023-12-10,76248,32,1692
강동역,2024-01-31,2023-10-23 ~ 2023-12-22,2023-12-11,76275,27,1719
강동역,2024-01-31,2023-10-23 ~ 2023-12-22,2023-12-12,76305,30,1749
강동역,2024-01-31,2023-10-23 ~ 2023-12-22,2023-12-13,76339,34,1783
강동역,2024-01-31,2023-10-23 ~ 2023-12-22,2023-12-14,76372,33,1816
강동역,2024-01-31,2023-10-23 ~ 2023-12-22,2023-12-15,76402,30,1846
강동역,2024-01-31,2023-10-23 ~ 2023-12-22,2023-12-16,76433,31,1877
강동역,2024-01-31,2023-10-23 ~ 2023-12-22,2023-12-17,76467,34,1911
강동역,2024-01-31,2023-10-23 ~ 2023-12-22,2023-12-18,76494,27,1938
강동역,2024-01-31,2023-10-23 ~ 2023-12-22,2023-12-19,76526,32,1970
강동역,2024-01-31,2023-10-23 ~ 2023-12-22,2023-12-20,76564,38,2008
강동역,2024-01-31,2023-10-23 ~ 2023-12-22,2023-12-21,76607,43,2051
강동역,2024-01-31,2023-10-23 ~ 2023-12-22,2023-12-22,76646,39,2090
강동역,2024-01-31,2023-10-23 ~ 2023-12-22,2023-12-23,76675,29,2119
강동역,2024-03-31,2023-12-23 ~ 2024-02-22,2023-12-24,76702,27,27
강동역,2024-03-31,2023-12-23 ~ 2024-02-22,2023-12-25,76727,25,52
강동역,2024-03-31,2023-12-23 ~ 2024-02-22,2023-12-26,76749,22,74
강동역,2024-03-31,2023-12-23 ~ 2024-02-22,2023-12-27,76781,32,106
강동역,2024-03-31,2023-12-23 ~ 2024-02-22,2023-12-28,76813,32,138
강동역,2024-03-31,2023-12-23 ~ 2024-02-22,2023-12-29,76850,37,175
강동역,2024-03-31,2023-12-23 ~ 2024-02-22,2023-12-30,76883,33,208
강동역,2024-03-31,2023-12-23 ~ 2024-02-22,2023-12-31,76912,29,237
강동역,2024-03-31,2023-12-23 ~ 2024-02-22,2024-01-01,76934,22,259
강동역,2024-03-31,2023-12-23 ~ 2024-02-22,2024-01-02,76955,21,280
강동역,2024-03-31,2023-12-23 ~ 2024-02-22,2024-01-03,76984,29,309
강동역,2024-03-31,2023-12-23 ~ 2024-02-22,2024-01-04,77019,35,344
강동역,2024-03-31,2023-12-23 ~ 2024-02-22,2024-01-05,77051,32,376
강동역,2024-03-31,2023-12-23 ~ 2024-02-22,2024-01-06,77083,32,408
강동역,2024-03-31,2023-12-23 ~ 2024-02-22,2024-01-07,77117,34,442
강동역,2024-03-31,2023-12-23 ~ 2024-02-22,2024-01-08,77144,27,469
강동역,2024-03-31,2023-12-23 ~ 2024-02-22,2024-01-09,77174,30,499
강동역,2024-03-31,2023-12-23 ~ 2024-02-22,2024-01-10,77205,31,530
강동역,2024-03-31,2023-12-23 ~ 2024-02-22,2024-01-11,77240,35,565
강동역,2024-03-31,2023-12-23 ~ 2024-02-22,2024-01-12,77274,34,599
강동역,2024-03-31,2023-12-23 ~ 2024-02-22,2024-01-13,77309,35,634
강동역,2024-03-31,2023-12-23 ~ 2024-02-22,2024-01-14,77344,35,669
강동역,2024-03-31,2023-12-23 ~ 2024-02-22,2024-01-15,77371,27,696
강동역,2024-03-31,2023-12-23 ~ 2024-02-22,2024-01-16,77401,30,726
강동역,2024-03-31,2023-12-23 ~ 2024-02-22,2024-01-17,77433,32,758
강동역,2024-03-31,2023-12-23 ~ 2024-02-22,2024-01-18,77465,32,790
강동역,2024-03-31,2023-12-23 ~ 2024-02-22,2024-01-19,77501,36,826
강동역,2024-03-31,2023-12-23 ~ 2024-02-22,2024-01-20,77534,33,859
강동역,2024-03-31,2023-12-23 ~ 2024-02-22,2024-01-21,77567,33,892
강동역,2024-03-31,2023-12-23 ~ 2024-02-22,2024-01-22,77592,25,917
강동역,2024-03-31,2023-12-23 ~ 2024-02-22,2024-01-23,77624,32,949
강동역,2024-03-31,2023-12-23 ~ 2024-02-22,2024-01-24,77654,30,979
강동역,2024-03-31,2023-12-23 ~ 2024-02-22,2024-01-25,77686,32,1011
강동역,2024-03-31,2023-12-23 ~ 2024-02-22,2024-01-26,77718,32,1043
강동역,2024-03-31,2023-12-23 ~ 2024-02-22,2024-01-27,77751,33,1076
강동역,2024-03-31,2023-12-23 ~ 2024-02-22,2024-01-28,77788,37,1113
강동역,2024-03-31,2023-12-23 ~ 2024-02-22,2024-01-29,77817,29,1142
강동역,2024-03-31,2023-12-23 ~ 2024-02-22,2024-01-30,77853,36,1178
강동역,2024-03-31,2023-12-23 ~ 2024-02-22,2024-01-31,77891,38,1216
강동역,2024-03-31,2023-12-23 ~ 2024-02-22,2024-02-01,77924,33,1249
강동역,2024-03-31,2023-12-23 ~ 2024-02-22,2024-02-02,77958,34,1283
강동역,2024-03-31,2023-12-23 ~ 2024-02-22,2024-02-03,77990,32,1315
강동역,2024-03-31,2023-12-23 ~ 2024-02-22,2024-02-04,78019,29,1344
강동역,2024-03-31,2023-12-23 ~ 2024-02-22,2024-02-05,78046,27,1371
강동역,2024-03-31,2023-12-23 ~ 2024-02-22,2024-02-06,78077,31,1402
강동역,2024-03-31,2023-12-23 ~ 2024-02-22,2024-02-07,78110,33,1435
강동역,2024-03-31,2023-12-23 ~ 2024-02-22,2024-02-08,78142,32,1467
강동역,2024-03-31,2023-12-23 ~ 2024-02-22,2024-02-09,78174,32,1499
강동역,2024-03-31,2023-12-23 ~ 2024-02-22,2024-02-10,78192,18,1517
강동역,2024-03-31,2023-12-23 ~ 2024-02-22,2024-02-11,78211,19,1536
강동역,2024-03-31,2023-12-23 ~ 2024-02-22,2024-02-12,78235,24,1560
강동역,2024-03-31,2023-12-23 ~ 2024-02-22,2024-02-13,78259,24,1584
강동역,2024-03-31,2023-12-23 ~ 2024-02-22,2024-02-14,78289,30,1614
강동역,2024-03-31,2023-12-23 ~ 2024-02-22,2024-02-15,78322,33,1647
강동역,2024-03-31,2023-12-23 ~ 2024-02-22,2024-02-16,78355,33,1680
강동역,2024-03-31,2023-12-23 ~ 2024-02-22,2024-02-17,78389,34,1714
강동역,2024-03-31,2023-12-23 ~ 2024-02-22,2024-02-18,78422,33,1747
강동역,2024-03-31,2023-12-23 ~ 2024-02-22,2024-02-19,78450,28,1775
강동역,2024-03-31,2023-12-23 ~ 2024-02-22,2024-02-20,78482,32,1807
강동역,2024-03-31,2023-12-23 ~ 2024-02-22,2024-02-21,78516,34,1841
강동역,2024-03-31,2023-12-23 ~ 2024-02-22,2024-02-22,78549,33,1874
강동역,2024-03-31,2023-12-23 ~ 2024-02-22,2024-02-23,78582,33,1907
강동역,2024-05-31,2024-02-23 ~ 2024-04-22,2024-02-24,78616,34,34
강동역,2024-05-31,2024-02-23 ~ 2024-04-22,2024-02-25,78649,33,67
강동역,2024-05-31,2024-02-23 ~ 2024-04-22,2024-02-26,78677,28,95
강동역,2024-05-31,2024-02-23 ~ 2024-04-22,2024-02-27,78710,33,128
강동역,2024-05-31,2024-02-23 ~ 2024-04-22,2024-02-28,78744,34,162
강동역,2024-05-31,2024-02-23 ~ 2024-04-22,2024-02-29,78780,36,198
강동역,2024-05-31,2024-02-23 ~ 2024-04-22,2024-03-01,78816,36,234
강동역,2024-05-31,2024-02-23 ~ 2024-04-22,2024-03-02,78846,30,264
강동역,2024-05-31,2024-02-23 ~ 2024-04-22,2024-03-03,78875,29,293
강동역,2024-05-31,2024-02-23 ~ 2024-04-22,2024-03-04,78903,28,321
강동역,2024-05-31,2024-02-23 ~ 2024-04-22,2024-03-05,78934,31,352
강동역,2024-05-31,2024-02-23 ~ 2024-04-22,2024-03-06,78968,34,386
강동역,2024-05-31,2024-02-23 ~ 2024-04-22,2024-03-07,79000,32,418
강동역,2024-05-31,2024-02-23 ~ 2024-04-22,2024-03-08,79033,33,451
강동역,2024-05-31,2024-02-23 ~ 2024-04-22,2024-03-09,79066,33,484
강동역,2024-05-31,2024-02-23 ~ 2024-04-22,2024-03-10,79100,34,518
강동역,2024-05-31,2024-02-23 ~ 2024-04-22,2024-03-11,79129,29,547
강동역,2024-05-31,2024-02-23 ~ 2024-04-22,2024-03-12,79162,33,580
강동역,2024-05-31,2024-02-23 ~ 2024-04-22,2024-03-13,79194,32,612
강동역,2024-05-31,2024-02-23 ~ 2024-04-22,2024-03-14,79228,34,646
강동역,2024-05-31,2024-02-23 ~ 2024-04-22,2024-03-15,79261,33,679
강동역,2024-05-31,2024-02-23 ~ 2024-04-22,2024-03-16,79295,34,713
강동역,2024-05-31,2024-02-23 ~ 2024-04-22,2024-03-17,79330,35,748
강동역,2024-05-31,2024-02-23 ~ 2024-04-22,2024-03-18,79356,26,774
강동역,2024-05-31,2024-02-23 ~ 2024-04-22,2024-03-19,79388,32,806
강동역,2024-05-31,2024-02-23 ~ 2024-04-22,2024-03-20,79419,31,837
강동역,2024-05-31,2024-02-23 ~ 2024-04-22,2024-03-21,79454,35,872
강동역,2024-05-31,2024-02-23 ~ 2024-04-22,2024-03-22,79491,37,909
강동역,2024-05-31,2024-02-23 ~ 2024-04-22,2024-03-23,79526,35,944
강동역,2024-05-31,2024-02-23 ~ 2024-04-22,2024-03-24,79562,36,980
강동역,2024-05-31,2024-02-23 ~ 2024-04-22,2024-03-25,79590,28,1008
강동역,2024-05-31,2024-02-23 ~ 2024-04-22,2024-03-26,79622,32,1040
강동역,2024-05-31,2024-02-23 ~ 2024-04-22,2024-03-27,79659,37,1077
강동역,2024-05-31,2024-02-23 ~ 2024-04-22,2024-03-28,79693,34,1111
강동역,2024-05-31,2024-02-23 ~ 2024-04-22,2024-03-29,79735,42,1153
강동역,2024-05-31,2024-02-23 ~ 2024-04-22,2024-03-30,79769,34,1187
강동역,2024-05-31,2024-02-23 ~ 2024-04-22,2024-03-31,79801,32,1219
강동역,2024-05-31,2024-02-23 ~ 2024-04-22,2024-04-01,79828,27,1246
강동역,2024-05-31,2024-02-23 ~ 2024-04-22,2024-04-02,79860,32,1278
강동역,2024-05-31,2024-02-23 ~ 2024-04-22,2024-04-03,79892,32,1310
강동역,2024-05-31,2024-02-23 ~ 2024-04-22,2024-04-04,79925,33,1343
강동역,2024-05-31,2024-02-23 ~ 2024-04-22,2024-04-05,79959,34,1377
강동역,2024-05-31,2024-02-23 ~ 2024-04-22,2024-04-06,79995,36,1413
강동역,2024-05-31,2024-02-23 ~ 2024-04-22,2024-04-07,80029,34,1447
강동역,2024-05-31,2024-02-23 ~ 2024-04-22,2024-04-08,80057,28,1475
강동역,2024-05-31,2024-02-23 ~ 2024-04-22,2024-04-09,80091,34,1509
강동역,2024-05-31,2024-02-23 ~ 2024-04-22,2024-04-10,80126,35,1544
강동역,2024-05-31,2024-02-23 ~ 2024-04-22,2024-04-11,80156,30,1574
강동역,2024-05-31,2024-02-23 ~ 2024-04-22,2024-04-12,80188,32,1606
강동역,2024-05-31,2024-02-23 ~ 2024-04-22,2024-04-13,80224,36,1642
강동역,2024-05-31,2024-02-23 ~ 2024-04-22,2024-04-14,80259,35,1677
강동역,2024-05-31,2024-02-23 ~ 2024-04-22,2024-04-15,80287,28,1705
강동역,2024-05-31,2024-02-23 ~ 2024-04-22,2024-04-16,80318,31,1736
강동역,2024-05-31,2024-02-23 ~ 2024-04-22,2024-04-17,80376,58,1794
강동역,2024-05-31,2024-02-23 ~ 2024-04-22,2024-04-18,80427,51,1845
강동역,2024-05-31,2024-02-23 ~ 2024-04-22,2024-04-19,80461,34,1879
강동역,2024-05-31,2024-02-23 ~ 2024-04-22,2024-04-20,80506,45,1924
강동역,2024-05-31,2024-02-23 ~ 2024-04-22,2024-04-21,80547,41,1965
강동역,2024-05-31,2024-02-23 ~ 2024-04-22,2024-04-22,80574,27,1992
강동역,2024-05-31,2024-02-23 ~ 2024-04-22,2024-04-23,80608,34,2026
강동역,2024-07-31,2024-04-23 ~ 2024-06-22,2024-04-24,80642,34,34
강동역,2024-07-31,2024-04-23 ~ 2024-06-22,2024-04-25,80678,36,70
강동역,2024-07-31,2024-04-23 ~ 2024-06-22,2024-04-26,80729,51,121
강동역,2024-07-31,2024-04-23 ~ 2024-06-22,2024-04-27,80767,38,159
강동역,2024-07-31,2024-04-23 ~ 2024-06-22,2024-04-28,80804,37,196
강동역,2024-07-31,2024-04-23 ~ 2024-06-22,2024-04-29,80834,30,226
강동역,2024-07-31,2024-04-23 ~ 2024-06-22,2024-04-30,80869,35,261
강동역,2024-07-31,2024-04-23 ~ 2024-06-22,2024-05-01,80909,40,301
강동역,2024-07-31,2024-04-23 ~ 2024-06-22,2024-05-02,80943,34,335
강동역,2024-07-31,2024-04-23 ~ 2024-06-22,2024-05-03,80979,36,371
강동역,2024-07-31,2024-04-23 ~ 2024-06-22,2024-05-04,81018,39,410
강동역,2024-07-31,2024-04-23 ~ 2024-06-22,2024-05-05,81051,33,443
강동역,2024-07-31,2024-04-23 ~ 2024-06-22,2024-05-06,81079,28,471
강동역,2024-07-31,2024-04-23 ~ 2024-06-22,2024-05-07,81106,27,498
강동역,2024-07-31,2024-04-23 ~ 2024-06-22,2024-05-08,81140,34,532
강동역,2024-07-31,2024-04-23 ~ 2024-06-22,2024-05-09,81176,36,568
강동역,2024-07-31,2024-04-23 ~ 2024-06-22,2024-05-10,81212,36,604
강동역,2024-07-31,2024-04-23 ~ 2024-06-22,2024-05-11,81253,41,645
강동역,2024-07-31,2024-04-23 ~ 2024-06-22,2024-05-12,81288,35,680
강동역,2024-07-31,2024-04-23 ~ 2024-06-22,2024-05-13,81319,31,711
강동역,2024-07-31,2024-04-23 ~ 2024-06-22,2024-05-14,81346,27,738
강동역,2024-07-31,2024-04-23 ~ 2024-06-22,2024-05-15,81390,44,782
강동역,2024-07-31,2024-04-23 ~ 2024-06-22,2024-05-16,81420,30,812
강동역,2024-07-31,2024-04-23 ~ 2024-06-22,2024-05-17,81457,37,849
강동역,2024-07-31,2024-04-23 ~ 2024-06-22,2024-05-18,81495,38,887
강동역,2024-07-31,2024-04-23 ~ 2024-06-22,2024-05-19,81533,38,925
강동역,2024-07-31,2024-04-23 ~ 2024-06-22,2024-05-20,81563,30,955
강동역,2024-07-31,2024-04-23 ~ 2024-06-22,2024-05-21,81600,37,992
강동역,2024-07-31,2024-04-23 ~ 2024-06-22,2024-05-22,81635,35,1027
강동역,2024-07-31,2024-04-23 ~ 2024-06-22,2024-05-23,81674,39,1066
강동역,2024-07-31,2024-04-23 ~ 2024-06-22,2024-05-24,81715,41,1107
강동역,2024-07-31,2024-04-23 ~ 2024-06-22,2024-05-25,81757,42,1149
강동역,2024-07-31,2024-04-23 ~ 2024-06-22,2024-05-26,81799,42,1191
강동역,2024-07-31,2024-04-23 ~ 2024-06-22,2024-05-27,81831,32,1223
강동역,2024-07-31,2024-04-23 ~ 2024-06-22,2024-05-28,81870,39,1262
강동역,2024-07-31,2024-04-23 ~ 2024-06-22,2024-05-29,81908,38,1300
강동역,2024-07-31,2024-04-23 ~ 2024-06-22,2024-05-30,81955,47,1347
강동역,2024-07-31,2024-04-23 ~ 2024-06-22,2024-05-31,81992,37,1384
강동역,2024-07-31,2024-04-23 ~ 2024-06-22,2024-06-01,82039,47,1431
강동역,2024-07-31,2024-04-23 ~ 2024-06-22,2024-06-02,82074,35,1466
강동역,2024-07-31,2024-04-23 ~ 2024-06-22,2024-06-03,82104,30,1496
강동역,2024-07-31,2024-04-23 ~ 2024-06-22,2024-06-04,82145,41,1537
강동역,2024-07-31,2024-04-23 ~ 2024-06-22,2024-06-05,82189,44,1581
강동역,2024-07-31,2024-04-23 ~ 2024-06-22,2024-06-06,82236,47,1628
강동역,2024-07-31,2024-04-23 ~ 2024-06-22,2024-06-07,82271,35,1663
강동역,2024-07-31,2024-04-23 ~ 2024-06-22,2024-06-08,82314,43,1706
강동역,2024-07-31,2024-04-23 ~ 2024-06-22,2024-06-09,82350,36,1742
강동역,2024-07-31,2024-04-23 ~ 2024-06-22,2024-06-10,82385,35,1777
강동역,2024-07-31,2024-04-23 ~ 2024-06-22,2024-06-11,82430,45,1822
강동역,2024-07-31,2024-04-23 ~ 2024-06-22,2024-06-12,82475,45,1867
강동역,2024-07-31,2024-04-23 ~ 2024-06-22,2024-06-13,82524,49,1916
강동역,2024-07-31,2024-04-23 ~ 2024-06-22,2024-06-14,82570,46,1962
강동역,2024-07-31,2024-04-23 ~ 2024-06-22,2024-06-15,82620,50,2012
강동역,2024-07-31,2024-04-23 ~ 2024-06-22,2024-06-16,82670,50,2062
강동역,2024-07-31,2024-04-23 ~ 2024-06-22,2024-06-17,82709,39,2101
강동역,2024-07-31,2024-04-23 ~ 2024-06-22,2024-06-18,82752,43,2144
강동역,2024-07-31,2024-04-23 ~ 2024-06-22,2024-06-19,82803,51,2195
강동역,2024-07-31,2024-04-23 ~ 2024-06-22,2024-06-20,82856,53,2248
강동역,2024-07-31,2024-04-23 ~ 2024-06-22,2024-06-21,82914,58,2306
강동역,2024-07-31,2024-04-23 ~ 2024-06-22,2024-06-22,82970,56,2362
강동역,2024-07-31,2024-04-23 ~ 2024-06-22,2024-06-23,83016,46,2408
강동역,2024-09-30,2024-06-23 ~ 2024-08-22,2024-06-24,83057,41,41
강동역,2024-09-30,2024-06-23 ~ 2024-08-22,2024-06-25,83105,48,89
강동역,2024-09-30,2024-06-23 ~ 2024-08-22,2024-06-26,83154,49,138
강동역,2024-09-30,2024-06-23 ~ 2024-08-22,2024-06-27,83204,50,188
강동역,2024-09-30,2024-06-23 ~ 2024-08-22,2024-06-28,83254,50,238
강동역,2024-09-30,2024-06-23 ~ 2024-08-22,2024-06-29,83316,62,300
강동역,2024-09-30,2024-06-23 ~ 2024-08-22,2024-06-30,83361,45,345
강동역,2024-09-30,2024-06-23 ~ 2024-08-22,2024-07-01,83400,39,384
강동역,2024-09-30,2024-06-23 ~ 2024-08-22,2024-07-02,83450,50,434
강동역,2024-09-30,2024-06-23 ~ 2024-08-22,2024-07-03,83494,44,478
강동역,2024-09-30,2024-06-23 ~ 2024-08-22,2024-07-04,83545,51,529
강동역,2024-09-30,2024-06-23 ~ 2024-08-22,2024-07-05,83602,57,586
강동역,2024-09-30,2024-06-23 ~ 2024-08-22,2024-07-06,83624,22,608
강동역,2024-09-30,2024-06-23 ~ 2024-08-22,2024-07-07,83706,82,690
강동역,2024-09-30,2024-06-23 ~ 2024-08-22,2024-07-08,83749,43,733
강동역,2024-09-30,2024-06-23 ~ 2024-08-22,2024-07-09,83800,51,784
강동역,2024-09-30,2024-06-23 ~ 2024-08-22,2024-07-10,83850,50,834
강동역,2024-09-30,2024-06-23 ~ 2024-08-22,2024-07-11,83901,51,885
강동역,2024-09-30,2024-06-23 ~ 2024-08-22,2024-07-12,83957,56,941
강동역,2024-09-30,2024-06-23 ~ 2024-08-22,2024-07-13,84010,53,994
강동역,2024-09-30,2024-06-23 ~ 2024-08-22,2024-07-14,84063,53,1047
강동역,2024-09-30,2024-06-23 ~ 2024-08-22,2024-07-15,84110,47,1094
강동역,2024-09-30,2024-06-23 ~ 2024-08-22,2024-07-16,84164,54,1148
강동역,2024-09-30,2024-06-23 ~ 2024-08-22,2024-07-17,84221,57,1205
강동역,2024-09-30,2024-06-23 ~ 2024-08-22,2024-07-18,84271,50,1255
강동역,2024-09-30,2024-06-23 ~ 2024-08-22,2024-07-19,84324,53,1308
강동역,2024-09-30,2024-06-23 ~ 2024-08-22,2024-07-20,84378,54,1362
강동역,2024-09-30,2024-06-23 ~ 2024-08-22,2024-07-21,84433,55,1417
강동역,2024-09-30,2024-06-23 ~ 2024-08-22,2024-07-22,84480,47,1464
강동역,2024-09-30,2024-06-23 ~ 2024-08-22,2024-07-23,84536,56,1520
강동역,2024-09-30,2024-06-23 ~ 2024-08-22,2024-07-24,84594,58,1578
강동역,2024-09-30,2024-06-23 ~ 2024-08-22,2024-07-25,84659,65,1643
강동역,2024-09-30,2024-06-23 ~ 2024-08-22,2024-07-26,84723,64,1707
강동역,2024-09-30,2024-06-23 ~ 2024-08-22,2024-07-27,84788,65,1772
강동역,2024-09-30,2024-06-23 ~ 2024-08-22,2024-07-28,84847,59,1831
강동역,2024-09-30,2024-06-23 ~ 2024-08-22,2024-07-29,84900,53,1884
강동역,2024-09-30,2024-06-23 ~ 2024-08-22,2024-07-30,84960,60,1944
강동역,2024-09-30,2024-06-23 ~ 2024-08-22,2024-07-31,85024,64,2008
강동역,2024-09-30,2024-06-23 ~ 2024-08-22,2024-08-01,85089,65,2073
강동역,2024-09-30,2024-06-23 ~ 2024-08-22,2024-08-02,85151,62,2135
강동역,2024-09-30,2024-06-23 ~ 2024-08-22,2024-08-03,85216,65,2200
강동역,2024-09-30,2024-06-23 ~ 2024-08-22,2024-08-04,85276,60,2260
강동역,2024-09-30,2024-06-23 ~ 2024-08-22,2024-08-05,85327,51,2311
강동역,2024-09-30,2024-06-23 ~ 2024-08-22,2024-08-06,85390,63,2374
강동역,2024-09-30,2024-06-23 ~ 2024-08-22,2024-08-07,85456,66,2440
강동역,2024-09-30,2024-06-23 ~ 2024-08-22,2024-08-08,85521,65,2505
강동역,2024-09-30,2024-06-23 ~ 2024-08-22,2024-08-09,85582,61,2566
강동역,2024-09-30,2024-06-23 ~ 2024-08-22,2024-08-10,85647,65,2631
강동역,2024-09-30,2024-06-23 ~ 2024-08-22,2024-08-11,85708,61,2692
강동역,2024-09-30,2024-06-23 ~ 2024-08-22,2024-08-12,85754,46,2738
강동역,2024-09-30,2024-06-23 ~ 2024-08-22,2024-08-13,85814,60,2798
강동역,2024-09-30,2024-06-23 ~ 2024-08-22,2024-08-14,85875,61,2859
강동역,2024-09-30,2024-06-23 ~ 2024-08-22,2024-08-15,85937,62,2921
강동역,2024-09-30,2024-06-23 ~ 2024-08-22,2024-08-16,85994,57,2978
강동역,2024-09-30,2024-06-23 ~ 2024-08-22,2024-08-17,86052,58,3036
강동역,2024-09-30,2024-06-23 ~ 2024-08-22,2024-08-18,86107,55,3091
강동역,2024-09-30,2024-06-23 ~ 2024-08-22,2024-08-19,86158,51,3142
강동역,2024-09-30,2024-06-23 ~ 2024-08-22,2024-08-20,86221,63,3205
강동역,2024-09-30,2024-06-23 ~ 2024-08-22,2024-08-21,86285,64,3269
강동역,2024-09-30,2024-06-23 ~ 2024-08-22,2024-08-22,86348,63,3332
강동역,2024-09-30,2024-06-23 ~ 2024-08-22,2024-08-23,86415,67,3399
강동역,2024-11-30,2024-08-23 ~ 2024-10-22,2024-08-24,86487,72,72
강동역,2024-11-30,2024-08-23 ~ 2024-10-22,2024-08-25,86545,58,130
강동역,2024-11-30,2024-08-23 ~ 2024-10-22,2024-08-26,86601,56,186
강동역,2024-11-30,2024-08-23 ~ 2024-10-22,2024-08-27,86664,63,249
강동역,2024-11-30,2024-08-23 ~ 2024-10-22,2024-08-28,86725,61,310
강동역,2024-11-30,2024-08-23 ~ 2024-10-22,2024-08-29,86790,65,375
강동역,2024-11-30,2024-08-23 ~ 2024-10-22,2024-08-30,86848,58,433
강동역,2024-11-30,2024-08-23 ~ 2024-10-22,2024-08-31,86910,62,495
강동역,2024-11-30,2024-08-23 ~ 2024-10-22,2024-09-01,86970,60,555
강동역,2024-11-30,2024-08-23 ~ 2024-10-22,2024-09-02,87023,53,608
강동역,2024-11-30,2024-08-23 ~ 2024-10-22,2024-09-03,87085,62,670
강동역,2024-11-30,2024-08-23 ~ 2024-10-22,2024-09-04,87148,63,733
강동역,2024-11-30,2024-08-23 ~ 2024-10-22,2024-09-05,87214,66,799
강동역,2024-11-30,2024-08-23 ~ 2024-10-22,2024-09-06,87272,58,857
강동역,2024-11-30,2024-08-23 ~ 2024-10-22,2024-09-07,87332,60,917
강동역,2024-11-30,2024-08-23 ~ 2024-10-22,2024-09-08,87393,61,978
강동역,2024-11-30,2024-08-23 ~ 2024-10-22,2024-09-09,87446,53,1031
강동역,2024-11-30,2024-08-23 ~ 2024-10-22,2024-09-10,87508,62,1093
강동역,2024-11-30,2024-08-23 ~ 2024-10-22,2024-09-11,87573,65,1158
강동역,2024-11-30,2024-08-23 ~ 2024-10-22,2024-09-12,87637,64,1222
강동역,2024-11-30,2024-08-23 ~ 2024-10-22,2024-09-13,87698,61,1283
강동역,2024-11-30,2024-08-23 ~ 2024-10-22,2024-09-14,87758,60,1343
강동역,2024-11-30,2024-08-23 ~ 2024-10-22,2024-09-15,87807,49,1392
강동역,2024-11-30,2024-08-23 ~ 2024-10-22,2024-09-16,87859,52,1444
강동역,2024-11-30,2024-08-23 ~ 2024-10-22,2024-09-17,87906,47,1491
강동역,2024-11-30,2024-08-23 ~ 2024-10-22,2024-09-18,87952,46,1537
강동역,2024-11-30,2024-08-23 ~ 2024-10-22,2024-09-19,88002,50,1587
강동역,2024-11-30,2024-08-23 ~ 2024-10-22,2024-09-20,88057,55,1642
강동역,2024-11-30,2024-08-23 ~ 2024-10-22,2024-09-21,88115,58,1700
강동역,2024-11-30,2024-08-23 ~ 2024-10-22,2024-09-22,88163,48,1748
강동역,2024-11-30,2024-08-23 ~ 2024-10-22,2024-09-23,88212,49,1797
강동역,2024-11-30,2024-08-23 ~ 2024-10-22,2024-09-24,88272,60,1857
강동역,2024-11-30,2024-08-23 ~ 2024-10-22,2024-09-25,88329,57,1914
강동역,2024-11-30,2024-08-23 ~ 2024-10-22,2024-09-26,88384,55,1969
강동역,2024-11-30,2024-08-23 ~ 2024-10-22,2024-09-27,88445,61,2030
강동역,2024-11-30,2024-08-23 ~ 2024-10-22,2024-09-28,88504,59,2089
강동역,2024-11-30,2024-08-23 ~ 2024-10-22,2024-09-29,88555,51,2140
강동역,2024-11-30,2024-08-23 ~ 2024-10-22,2024-09-30,88591,36,2176
강동역,2024-11-30,2024-08-23 ~ 2024-10-22,2024-10-01,88645,54,2230
강동역,2024-11-30,2024-08-23 ~ 2024-10-22,2024-10-02,88687,42,2272
강동역,2024-11-30,2024-08-23 ~ 2024-10-22,2024-10-03,88728,41,2313
강동역,2024-11-30,2024-08-23 ~ 2024-10-22,2024-10-04,88761,33,2346
강동역,2024-11-30,2024-08-23 ~ 2024-10-22,2024-10-05,88811,50,2396
강동역,2024-11-30,2024-08-23 ~ 2024-10-22,2024-10-06,88849,38,2434
강동역,2024-11-30,2024-08-23 ~ 2024-10-22,2024-10-07,88881,32,2466
강동역,2024-11-30,2024-08-23 ~ 2024-10-22,2024-10-08,88922,41,2507
강동역,2024-11-30,2024-08-23 ~ 2024-10-22,2024-10-09,88970,48,2555
강동역,2024-11-30,2024-08-23 ~ 2024-10-22,2024-10-10,89008,38,2593
강동역,2024-11-30,2024-08-23 ~ 2024-10-22,2024-10-11,89053,45,2638
강동역,2024-11-30,2024-08-23 ~ 2024-10-22,2024-10-12,89096,43,2681
강동역,2024-11-30,2024-08-23 ~ 2024-10-22,2024-10-13,89136,40,2721
강동역,2024-11-30,2024-08-23 ~ 2024-10-22,2024-10-14,89168,32,2753
강동역,2024-11-30,2024-08-23 ~ 2024-10-22,2024-10-15,89211,43,2796
강동역,2024-11-30,2024-08-23 ~ 2024-10-22,2024-10-16,89255,44,2840
강동역,2024-11-30,2024-08-23 ~ 2024-10-22,2024-10-17,89294,39,2879
강동역,2024-11-30,2024-08-23 ~ 2024-10-22,2024-10-18,89341,47,2926
강동역,2024-11-30,2024-08-23 ~ 2024-10-22,2024-10-19,89385,44,2970
강동역,2024-11-30,2024-08-23 ~ 2024-10-22,2024-10-20,89429,44,3014
강동역,2024-11-30,2024-08-23 ~ 2024-10-22,2024-10-21,89459,30,3044
강동역,2024-11-30,2024-08-23 ~ 2024-10-22,2024-10-22,89500,41,3085
강동역,2024-11-30,2024-08-23 ~ 2024-10-22,2024-10-23,89543,43,3128
강동역,2025-01-31,2024-10-23 ~ 2024-12-22,2024-10-24,89588,45,45
강동역,2025-01-31,2024-10-23 ~ 2024-12-22,2024-10-25,89630,42,87
강동역,2025-01-31,2024-10-23 ~ 2024-12-22,2024-10-26,89667,37,124
강동역,2025-01-31,2024-10-23 ~ 2024-12-22,2024-10-27,89706,39,163
강동역,2025-01-31,2024-10-23 ~ 2024-12-22,2024-10-28,89743,37,200
강동역,2025-01-31,2024-10-23 ~ 2024-12-22,2024-10-29,89779,36,236
강동역,2025-01-31,2024-10-23 ~ 2024-12-22,2024-10-30,89819,40,276
강동역,2025-01-31,2024-10-23 ~ 2024-12-22,2024-10-31,89866,47,323
강동역,2025-01-31,2024-10-23 ~ 2024-12-22,2024-11-01,89901,35,358
강동역,2025-01-31,2024-10-23 ~ 2024-12-22,2024-11-02,89943,42,400
강동역,2025-01-31,2024-10-23 ~ 2024-12-22,2024-11-03,89978,35,435
강동역,2025-01-31,2024-10-23 ~ 2024-12-22,2024-11-04,90012,34,469
강동역,2025-01-31,2024-10-23 ~ 2024-12-22,2024-11-05,90045,33,502
강동역,2025-01-31,2024-10-23 ~ 2024-12-22,2024-11-06,90078,33,535
강동역,2025-01-31,2024-10-23 ~ 2024-12-22,2024-11-07,90114,36,571
강동역,2025-01-31,2024-10-23 ~ 2024-12-22,2024-11-08,90148,34,605
강동역,2025-01-31,2024-10-23 ~ 2024-12-22,2024-11-09,90187,39,644
강동역,2025-01-31,2024-10-23 ~ 2024-12-22,2024-11-10,90223,36,680
강동역,2025-01-31,2024-10-23 ~ 2024-12-22,2024-11-11,90252,29,709
강동역,2025-01-31,2024-10-23 ~ 2024-12-22,2024-11-12,90286,34,743
강동역,2025-01-31,2024-10-23 ~ 2024-12-22,2024-11-13,90321,35,778
강동역,2025-01-31,2024-10-23 ~ 2024-12-22,2024-11-14,90359,38,816
강동역,2025-01-31,2024-10-23 ~ 2024-12-22,2024-11-15,90394,35,851
강동역,2025-01-31,2024-10-23 ~ 2024-12-22,2024-11-16,90429,35,886
강동역,2025-01-31,2024-10-23 ~ 2024-12-22,2024-11-17,90466,37,923
강동역,2025-01-31,2024-10-23 ~ 2024-12-22,2024-11-18,90496,30,953
강동역,2025-01-31,2024-10-23 ~ 2024-12-22,2024-11-19,90532,36,989
강동역,2025-01-31,2024-10-23 ~ 2024-12-22,2024-11-20,90566,34,1023
강동역,2025-01-31,2024-10-23 ~ 2024-12-22,2024-11-21,90606,40,1063
강동역,2025-01-31,2024-10-23 ~ 2024-12-22,2024-11-22,90644,38,1101
강동역,2025-01-31,2024-10-23 ~ 2024-12-22,2024-11-23,90685,41,1142
강동역,2025-01-31,2024-10-23 ~ 2024-12-22,2024-11-24,90726,41,1183
강동역,2025-01-31,2024-10-23 ~ 2024-12-22,2024-11-25,90764,38,1221
강동역,2025-01-31,2024-10-23 ~ 2024-12-22,2024-11-26,90800,36,1257
강동역,2025-01-31,2024-10-23 ~ 2024-12-22,2024-11-27,90829,29,1286
강동역,2025-01-31,2024-10-23 ~ 2024-12-22,2024-11-28,90861,32,1318
강동역,2025-01-31,2024-10-23 ~ 2024-12-22,2024-11-29,90893,32,1350
강동역,2025-01-31,2024-10-23 ~ 2024-12-22,2024-11-30,90922,29,1379
강동역,2025-01-31,2024-10-23 ~ 2024-12-22,2024-12-01,90953,31,1410
강동역,2025-01-31,2024-10-23 ~ 2024-12-22,2024-12-02,90979,26,1436
강동역,2025-01-31,2024-10-23 ~ 2024-12-22,2024-12-03,91008,29,1465
강동역,2025-01-31,2024-10-23 ~ 2024-12-22,2024-12-04,91038,30,1495
강동역,2025-01-31,2024-10-23 ~ 2024-12-22,2024-12-05,91069,31,1526
강동역,2025-01-31,2024-10-23 ~ 2024-12-22,2024-12-06,91102,33,1559
강동역,2025-01-31,2024-10-23 ~ 2024-12-22,2024-12-07,91133,31,1590
강동역,2025-01-31,2024-10-23 ~ 2024-12-22,2024-12-08,91167,34,1624
강동역,2025-01-31,2024-10-23 ~ 2024-12-22,2024-12-09,91193,26,1650
강동역,2025-01-31,2024-10-23 ~ 2024-12-22,2024-12-10,91223,30,1680
강동역,2025-01-31,2024-10-23 ~ 2024-12-22,2024-12-11,91258,35,1715
강동역,2025-01-31,2024-10-23 ~ 2024-12-22,2024-12-12,91293,35,1750
강동역,2025-01-31,2024-10-23 ~ 2024-12-22,2024-12-13,91325,32,1782
강동역,2025-01-31,2024-10-23 ~ 2024-12-22,2024-12-14,91355,30,1812
강동역,2025-01-31,2024-10-23 ~ 2024-12-22,2024-12-15,91387,32,1844
강동역,2025-01-31,2024-10-23 ~ 2024-12-22,2024-12-16,91413,26,1870
강동역,2025-01-31,2024-10-23 ~ 2024-12-22,2024-12-17,91441,28,1898
강동역,2025-01-31,2024-10-23 ~ 2024-12-22,2024-12-18,91470,29,1927
강동역,2025-01-31,2024-10-23 ~ 2024-12-22,2024-12-19,91501,31,1958
강동역,2025-01-31,2024-10-23 ~ 2024-12-22,2024-12-20,91531,30,1988
강동역,2025-01-31,2024-10-23 ~ 2024-12-22,2024-12-21,91562,31,2019
강동역,2025-01-31,2024-10-23 ~ 2024-12-22,2024-12-22,91593,31,2050
강동역,2025-01-31,2024-10-23 ~ 2024-12-22,2024-12-23,91617,24,2074
강동역,2025-03-31,2024-12-23 ~ 2025-02-22,2024-12-24,91645,28,28
강동역,2025-03-31,2024-12-23 ~ 2025-02-22,2024-12-25,91676,31,59
강동역,2025-03-31,2024-12-23 ~ 2025-02-22,2024-12-26,91703,27,86
강동역,2025-03-31,2024-12-23 ~ 2025-02-22,2024-12-27,91733,30,116
강동역,2025-03-31,2024-12-23 ~ 2025-02-22,2024-12-28,91765,32,148
강동역,2025-03-31,2024-12-23 ~ 2025-02-22,2024-12-29,91794,29,177
강동역,2025-03-31,2024-12-23 ~ 2025-02-22,2024-12-30,91820,26,203
강동역,2025-03-31,2024-12-23 ~ 2025-02-22,2024-12-31,91847,27,230
강동역,2025-03-31,2024-12-23 ~ 2025-02-22,2025-01-01,91878,31,261
강동역,2025-03-31,2024-12-23 ~ 2025-02-22,2025-01-02,91898,20,281
강동역,2025-03-31,2024-12-23 ~ 2025-02-22,2025-01-03,91928,30,311
강동역,2025-03-31,2024-12-23 ~ 2025-02-22,2025-01-04,91957,29,340
강동역,2025-03-31,2024-12-23 ~ 2025-02-22,2025-01-05,91984,27,367
강동역,2025-03-31,2024-12-23 ~ 2025-02-22,2025-01-06,92009,25,392
강동역,2025-03-31,2024-12-23 ~ 2025-02-22,2025-01-07,92038,29,421
강동역,2025-03-31,2024-12-23 ~ 2025-02-22,2025-01-08,92067,29,450
강동역,2025-03-31,2024-12-23 ~ 2025-02-22,2025-01-09,92098,31,481
강동역,2025-03-31,2024-12-23 ~ 2025-02-22,2025-01-10,92125,27,508
강동역,2025-03-31,2024-12-23 ~ 2025-02-22,2025-01-11,92153,28,536
강동역,2025-03-31,2024-12-23 ~ 2025-02-22,2025-01-12,92186,33,569
강동역,2025-03-31,2024-12-23 ~ 2025-02-22,2025-01-13,92212,26,595
강동역,2025-03-31,2024-12-23 ~ 2025-02-22,2025-01-14,92241,29,624
강동역,2025-03-31,2024-12-23 ~ 2025-02-22,2025-01-15,92270,29,653
강동역,2025-03-31,2024-12-23 ~ 2025-02-22,2025-01-16,92302,32,685
강동역,2025-03-31,2024-12-23 ~ 2025-02-22,2025-01-17,92335,33,718
강동역,2025-03-31,2024-12-23 ~ 2025-02-22,2025-01-18,92372,37,755
강동역,2025-03-31,2024-12-23 ~ 2025-02-22,2025-01-19,92408,36,791
강동역,2025-03-31,2024-12-23 ~ 2025-02-22,2025-01-20,92437,29,820
강동역,2025-03-31,2024-12-23 ~ 2025-02-22,2025-01-21,92470,33,853
강동역,2025-03-31,2024-12-23 ~ 2025-02-22,2025-01-22,92504,34,887
강동역,2025-03-31,2024-12-23 ~ 2025-02-22,2025-01-23,92538,34,921
강동역,2025-03-31,2024-12-23 ~ 2025-02-22,2025-01-24,92573,35,956
강동역,2025-03-31,2024-12-23 ~ 2025-02-22,2025-01-25,92607,34,990
강동역,2025-03-31,2024-12-23 ~ 2025-02-22,2025-01-26,92636,29,1019
강동역,2025-03-31,2024-12-23 ~ 2025-02-22,2025-01-27,92660,24,1043
강동역,2025-03-31,2024-12-23 ~ 2025-02-22,2025-01-28,92680,20,1063
강동역,2025-03-31,2024-12-23 ~ 2025-02-22,2025-01-29,92697,17,1080
강동역,2025-03-31,2024-12-23 ~ 2025-02-22,2025-01-30,92714,17,1097
강동역,2025-03-31,2024-12-23 ~ 2025-02-22,2025-01-31,92734,20,1117
강동역,2025-03-31,2024-12-23 ~ 2025-02-22,2025-02-01,92764,30,1147
강동역,2025-03-31,2024-12-23 ~ 2025-02-22,2025-02-02,92795,31,1178
강동역,2025-03-31,2024-12-23 ~ 2025-02-22,2025-02-03,92822,27,1205
강동역,2025-03-31,2024-12-23 ~ 2025-02-22,2025-02-04,92853,31,1236
강동역,2025-03-31,2024-12-23 ~ 2025-02-22,2025-02-05,92885,32,1268
강동역,2025-03-31,2024-12-23 ~ 2025-02-22,2025-02-06,92918,33,1301
강동역,2025-03-31,2024-12-23 ~ 2025-02-22,2025-02-07,92950,32,1333
강동역,2025-03-31,2024-12-23 ~ 2025-02-22,2025-02-08,92983,33,1366
강동역,2025-03-31,2024-12-23 ~ 2025-02-22,2025-02-09,93017,34,1400
강동역,2025-03-31,2024-12-23 ~ 2025-02-22,2025-02-10,93045,28,1428
강동역,2025-03-31,2024-12-23 ~ 2025-02-22,2025-02-11,93076,31,1459
강동역,2025-03-31,2024-12-23 ~ 2025-02-22,2025-02-12,93109,33,1492
강동역,2025-03-31,2024-12-23 ~ 2025-02-22,2025-02-13,93145,36,1528
강동역,2025-03-31,2024-12-23 ~ 2025-02-22,2025-02-14,93181,36,1564
강동역,2025-03-31,2024-12-23 ~ 2025-02-22,2025-02-15,93218,37,1601
강동역,2025-03-31,2024-12-23 ~ 2025-02-22,2025-02-16,93253,35,1636
강동역,2025-03-31,2024-12-23 ~ 2025-02-22,2025-02-17,93284,31,1667
강동역,2025-03-31,2024-12-23 ~ 2025-02-22,2025-02-18,93318,34,1701
강동역,2025-03-31,2024-12-23 ~ 2025-02-22,2025-02-19,93352,34,1735
강동역,2025-03-31,2024-12-23 ~ 2025-02-22,2025-02-20,93388,36,1771
강동역,2025-03-31,2024-12-23 ~ 2025-02-22,2025-02-21,93423,35,1806
강동역,2025-03-31,2024-12-23 ~ 2025-02-22,2025-02-22,93458,35,1841
강동역,2025-03-31,2024-12-23 ~ 2025-02-22,2025-02-23,93494,36,1877
강동역,2025-05-31,2025-02-23 ~ 2025-04-22,2025-02-24,93523,29,29
강동역,2025-05-31,2025-02-23 ~ 2025-04-22,2025-02-25,93555,32,61
강동역,2025-05-31,2025-02-23 ~ 2025-04-22,2025-02-26,93588,33,94
강동역,2025-05-31,2025-02-23 ~ 2025-04-22,2025-02-27,93622,34,128
강동역,2025-05-31,2025-02-23 ~ 2025-04-22,2025-02-28,93656,34,162
강동역,2025-05-31,2025-02-23 ~ 2025-04-22,2025-03-01,93691,35,197
강동역,2025-05-31,2025-02-23 ~ 2025-04-22,2025-03-02,93725,34,231
강동역,2025-05-31,2025-02-23 ~ 2025-04-22,2025-03-03,93752,27,258
강동역,2025-05-31,2025-02-23 ~ 2025-04-22,2025-03-04,93776,24,282
강동역,2025-05-31,2025-02-23 ~ 2025-04-22,2025-03-05,93811,35,317
강동역,2025-05-31,2025-02-23 ~ 2025-04-22,2025-03-06,93845,34,351
강동역,2025-05-31,2025-02-23 ~ 2025-04-22,2025-03-07,93878,33,384
강동역,2025-05-31,2025-02-23 ~ 2025-04-22,2025-03-08,93914,36,420
강동역,2025-05-31,2025-02-23 ~ 2025-04-22,2025-03-09,93950,36,456
강동역,2025-05-31,2025-02-23 ~ 2025-04-22,2025-03-10,93982,32,488
강동역,2025-05-31,2025-02-23 ~ 2025-04-22,2025-03-11,94014,32,520
강동역,2025-05-31,2025-02-23 ~ 2025-04-22,2025-03-12,94047,33,553
강동역,2025-05-31,2025-02-23 ~ 2025-04-22,2025-03-13,94081,34,587
강동역,2025-05-31,2025-02-23 ~ 2025-04-22,2025-03-14,94116,35,622
강동역,2025-05-31,2025-02-23 ~ 2025-04-22,2025-03-15,94151,35,657
강동역,2025-05-31,2025-02-23 ~ 2025-04-22,2025-03-16,94187,36,693
강동역,2025-05-31,2025-02-23 ~ 2025-04-22,2025-03-17,94214,27,720
강동역,2025-05-31,2025-02-23 ~ 2025-04-22,2025-03-18,94246,32,752
강동역,2025-05-31,2025-02-23 ~ 2025-04-22,2025-03-19,94279,33,785
강동역,2025-05-31,2025-02-23 ~ 2025-04-22,2025-03-20,94312,33,818
강동역,2025-05-31,2025-02-23 ~ 2025-04-22,2025-03-21,94348,36,854
강동역,2025-05-31,2025-02-23 ~ 2025-04-22,2025-03-22,94385,37,891
강동역,2025-05-31,2025-02-23 ~ 2025-04-22,2025-03-23,94421,36,927
강동역,2025-05-31,2025-02-23 ~ 2025-04-22,2025-03-24,94449,28,955
강동역,2025-05-31,2025-02-23 ~ 2025-04-22,2025-03-25,94481,32,987
강동역,2025-05-31,2025-02-23 ~ 2025-04-22,2025-03-26,94516,35,1022
강동역,2025-05-31,2025-02-23 ~ 2025-04-22,2025-03-27,94549,33,1055
강동역,2025-05-31,2025-02-23 ~ 2025-04-22,2025-03-28,94591,42,1097
강동역,2025-05-31,2025-02-23 ~ 2025-04-22,2025-03-29,94631,40,1137
강동역,2025-05-31,2025-02-23 ~ 2025-04-22,2025-03-30,94663,32,1169
강동역,2025-05-31,2025-02-23 ~ 2025-04-22,2025-03-31,94688,25,1194
강동역,2025-05-31,2025-02-23 ~ 2025-04-22,2025-04-01,94720,32,1226
강동역,2025-05-31,2025-02-23 ~ 2025-04-22,2025-04-02,94753,33,1259
강동역,2025-05-31,2025-02-23 ~ 2025-04-22,2025-04-03,94794,41,1300
강동역,2025-05-31,2025-02-23 ~ 2025-04-22,2025-04-04,94829,35,1335
강동역,2025-05-31,2025-02-23 ~ 2025-04-22,2025-04-05,94862,33,1368
강동역,2025-05-31,2025-02-23 ~ 2025-04-22,2025-04-06,94892,30,1398
강동역,2025-05-31,2025-02-23 ~ 2025-04-22,2025-04-07,94918,26,1424
강동역,2025-05-31,2025-02-23 ~ 2025-04-22,2025-04-08,94948,30,1454
강동역,2025-05-31,2025-02-23 ~ 2025-04-22,2025-04-09,94983,35,1489
강동역,2025-05-31,2025-02-23 ~ 2025-04-22,2025-04-10,95019,36,1525
강동역,2025-05-31,2025-02-23 ~ 2025-04-22,2025-04-11,95053,34,1559
강동역,2025-05-31,2025-02-23 ~ 2025-04-22,2025-04-12,95086,33,1592
강동역,2025-05-31,2025-02-23 ~ 2025-04-22,2025-04-13,95119,33,1625
강동역,2025-05-31,2025-02-23 ~ 2025-04-22,2025-04-14,95144,25,1650
강동역,2025-05-31,2025-02-23 ~ 2025-04-22,2025-04-15,95177,33,1683
강동역,2025-05-31,2025-02-23 ~ 2025-04-22,2025-04-16,95230,53,1736
강동역,2025-05-31,2025-02-23 ~ 2025-04-22,2025-04-17,95282,52,1788
강동역,2025-05-31,2025-02-23 ~ 2025-04-22,2025-04-18,95315,33,1821
강동역,2025-05-31,2025-02-23 ~ 2025-04-22,2025-04-19,95366,51,1872
강동역,2025-05-31,2025-02-23 ~ 2025-04-22,2025-04-20,95411,45,1917
강동역,2025-05-31,2025-02-23 ~ 2025-04-22,2025-04-21,95440,29,1946
강동역,2025-05-31,2025-02-23 ~ 2025-04-22,2025-04-22,95474,34,1980
강동역,2025-05-31,2025-02-23 ~ 2025-04-22,2025-04-23,95505,31,2011
강동역,2025-07-31,2025-04-23 ~ 2025-06-22,2025-04-24,95540,35,35
강동역,2025-07-31,2025-04-23 ~ 2025-06-22,2025-04-25,95573,33,68
강동역,2025-07-31,2025-04-23 ~ 2025-06-22,2025-04-26,95609,36,104
강동역,2025-07-31,2025-04-23 ~ 2025-06-22,2025-04-27,95646,37,141
강동역,2025-07-31,2025-04-23 ~ 2025-06-22,2025-04-28,95676,30,171
강동역,2025-07-31,2025-04-23 ~ 2025-06-22,2025-04-29,95710,34,205
강동역,2025-07-31,2025-04-23 ~ 2025-06-22,2025-04-30,95743,33,238
강동역,2025-07-31,2025-04-23 ~ 2025-06-22,2025-05-01,95781,38,276
강동역,2025-07-31,2025-04-23 ~ 2025-06-22,2025-05-02,95808,27,303
강동역,2025-07-31,2025-04-23 ~ 2025-06-22,2025-05-03,95842,34,337
강동역,2025-07-31,2025-04-23 ~ 2025-06-22,2025-05-04,95873,31,368
강동역,2025-07-31,2025-04-23 ~ 2025-06-22,2025-05-05,95901,28,396
강동역,2025-07-31,2025-04-23 ~ 2025-06-22,2025-05-06,95925,24,420
강동역,2025-07-31,2025-04-23 ~ 2025-06-22,2025-05-07,95949,24,444
강동역,2025-07-31,2025-04-23 ~ 2025-06-22,2025-05-08,95981,32,476
강동역,2025-07-31,2025-04-23 ~ 2025-06-22,2025-05-09,96015,34,510
강동역,2025-07-31,2025-04-23 ~ 2025-06-22,2025-05-10,96048,33,543
강동역,2025-07-31,2025-04-23 ~ 2025-06-22,2025-05-11,96081,33,576
강동역,2025-07-31,2025-04-23 ~ 2025-06-22,2025-05-12,96108,27,603
강동역,2025-07-31,2025-04-23 ~ 2025-06-22,2025-05-13,96143,35,638
강동역,2025-07-31,2025-04-23 ~ 2025-06-22,2025-05-14,96178,35,673
강동역,2025-07-31,2025-04-23 ~ 2025-06-22,2025-05-15,96213,35,708
강동역,2025-07-31,2025-04-23 ~ 2025-06-22,2025-05-16,96246,33,741
강동역,2025-07-31,2025-04-23 ~ 2025-06-22,2025-05-17,96282,36,777
강동역,2025-07-31,2025-04-23 ~ 2025-06-22,2025-05-18,96318,36,813
강동역,2025-07-31,2025-04-23 ~ 2025-06-22,2025-05-19,96349,31,844
강동역,2025-07-31,2025-04-23 ~ 2025-06-22,2025-05-20,96382,33,877
강동역,2025-07-31,2025-04-23 ~ 2025-06-22,2025-05-21,96420,38,915
강동역,2025-07-31,2025-04-23 ~ 2025-06-22,2025-05-22,96469,49,964
강동역,2025-07-31,2025-04-23 ~ 2025-06-22,2025-05-23,96513,44,1008
강동역,2025-07-31,2025-04-23 ~ 2025-06-22,2025-05-24,96556,43,1051
강동역,2025-07-31,2025-04-23 ~ 2025-06-22,2025-05-25,96589,33,1084
강동역,2025-07-31,2025-04-23 ~ 2025-06-22,2025-05-26,96620,31,1115
강동역,2025-07-31,2025-04-23 ~ 2025-06-22,2025-05-27,96662,42,1157
강동역,2025-07-31,2025-04-23 ~ 2025-06-22,2025-05-28,96704,42,1199
강동역,2025-07-31,2025-04-23 ~ 2025-06-22,2025-05-29,96747,43,1242
강동역,2025-07-31,2025-04-23 ~ 2025-06-22,2025-05-30,96795,48,1290
강동역,2025-07-31,2025-04-23 ~ 2025-06-22,2025-05-31,96841,46,1336
강동역,2025-07-31,2025-04-23 ~ 2025-06-22,2025-06-01,96876,35,1371
강동역,2025-07-31,2025-04-23 ~ 2025-06-22,2025-06-02,96905,29,1400
강동역,2025-07-31,2025-04-23 ~ 2025-06-22,2025-06-03,96946,41,1441
강동역,2025-07-31,2025-04-23 ~ 2025-06-22,2025-06-04,96979,33,1474
강동역,2025-07-31,2025-04-23 ~ 2025-06-22,2025-06-05,97030,51,1525
강동역,2025-07-31,2025-04-23 ~ 2025-06-22,2025-06-06,97078,48,1573
강동역,2025-07-31,2025-04-23 ~ 2025-06-22,2025-06-07,97115,37,1610
강동역,2025-07-31,2025-04-23 ~ 2025-06-22,2025-06-08,97156,41,1651
강동역,2025-07-31,2025-04-23 ~ 2025-06-22,2025-06-09,97193,37,1688
강동역,2025-07-31,2025-04-23 ~ 2025-06-22,2025-06-10,97242,49,1737
강동역,2025-07-31,2025-04-23 ~ 2025-06-22,2025-06-11,97291,49,1786
강동역,2025-07-31,2025-04-23 ~ 2025-06-22,2025-06-12,97340,49,1835
강동역,2025-07-31,2025-04-23 ~ 2025-06-22,2025-06-13,97388,48,1883
강동역,2025-07-31,2025-04-23 ~ 2025-06-22,2025-06-14,97435,47,1930
강동역,2025-07-31,2025-04-23 ~ 2025-06-22,2025-06-15,97478,43,1973
강동역,2025-07-31,2025-04-23 ~ 2025-06-22,2025-06-16,97517,39,2012
강동역,2025-07-31,2025-04-23 ~ 2025-06-22,2025-06-17,97566,49,2061
강동역,2025-07-31,2025-04-23 ~ 2025-06-22,2025-06-18,97618,52,2113
강동역,2025-07-31,2025-04-23 ~ 2025-06-22,2025-06-19,97669,51,2164
강동역,2025-07-31,2025-04-23 ~ 2025-06-22,2025-06-20,97728,59,2223
강동역,2025-07-31,2025-04-23 ~ 2025-06-22,2025-06-21,97787,59,2282
강동역,2025-07-31,2025-04-23 ~ 2025-06-22,2025-06-22,97835,48,2330
강동역,2025-07-31,2025-04-23 ~ 2025-06-22,2025-06-23,97874,39,2369
강동역,2025-09-30,2025-06-23 ~ 2025-08-22,2025-06-24,97924,50,50
강동역,2025-09-30,2025-06-23 ~ 2025-08-22,2025-06-25,97978,54,104
강동역,2025-09-30,2025-06-23 ~ 2025-08-22,2025-06-26,98047,69,173
강동역,2025-09-30,2025-06-23 ~ 2025-08-22,2025-06-27,98102,55,228
강동역,2025-09-30,2025-06-23 ~ 2025-08-22,2025-06-28,98156,54,282
강동역,2025-09-30,2025-06-23 ~ 2025-08-22,2025-06-29,98202,46,328
강동역,2025-09-30,2025-06-23 ~ 2025-08-22,2025-06-30,98241,39,367
강동역,2025-09-30,2025-06-23 ~ 2025-08-22,2025-07-01,98303,62,429
강동역,2025-09-30,2025-06-23 ~ 2025-08-22,2025-07-02,98361,58,487
강동역,2025-09-30,2025-06-23 ~ 2025-08-22,2025-07-03,98424,63,550
강동역,2025-09-30,2025-06-23 ~ 2025-08-22,2025-07-04,98491,67,617
강동역,2025-09-30,2025-06-23 ~ 2025-08-22,2025-07-05,98512,21,638
강동역,2025-09-30,2025-06-23 ~ 2025-08-22,2025-07-06,98601,89,727
강동역,2025-09-30,2025-06-23 ~ 2025-08-22,2025-07-07,98644,43,770
강동역,2025-09-30,2025-06-23 ~ 2025-08-22,2025-07-08,98705,61,831
강동역,2025-09-30,2025-06-23 ~ 2025-08-22,2025-07-09,98766,61,892
강동역,2025-09-30,2025-06-23 ~ 2025-08-22,2025-07-10,98830,64,956
강동역,2025-09-30,2025-06-23 ~ 2025-08-22,2025-07-11,98893,63,1019
강동역,2025-09-30,2025-06-23 ~ 2025-08-22,2025-07-12,98954,61,1080
강동역,2025-09-30,2025-06-23 ~ 2025-08-22,2025-07-13,99007,53,1133
강동역,2025-09-30,2025-06-23 ~ 2025-08-22,2025-07-14,99054,47,1180
강동역,2025-09-30,2025-06-23 ~ 2025-08-22,2025-07-15,99107,53,1233
강동역,2025-09-30,2025-06-23 ~ 2025-08-22,2025-07-16,99168,61,1294
강동역,2025-09-30,2025-06-23 ~ 2025-08-22,2025-07-17,99238,70,1364
강동역,2025-09-30,2025-06-23 ~ 2025-08-22,2025-07-18,99303,65,1429
강동역,2025-09-30,2025-06-23 ~ 2025-08-22,2025-07-19,99328,25,1454
강동역,2025-09-30,2025-06-23 ~ 2025-08-22,2025-07-20,99441,113,1567
강동역,2025-09-30,2025-06-23 ~ 2025-08-22,2025-07-21,99499,58,1625
강동역,2025-09-30,2025-06-23 ~ 2025-08-22,2025-07-22,99570,71,1696
강동역,2025-09-30,2025-06-23 ~ 2025-08-22,2025-07-23,99637,67,1763
강동역,2025-09-30,2025-06-23 ~ 2025-08-22,2025-07-24,99713,76,1839
강동역,2025-09-30,2025-06-23 ~ 2025-08-22,2025-07-25,99785,72,1911
강동역,2025-09-30,2025-06-23 ~ 2025-08-22,2025-07-26,99858,73,1984
강동역,2025-09-30,2025-06-23 ~ 2025-08-22,2025-07-27,99921,63,2047
강동역,2025-09-30,2025-06-23 ~ 2025-08-22,2025-07-28,99979,58,2105
강동역,2025-09-30,2025-06-23 ~ 2025-08-22,2025-07-29,100049,70,2175
강동역,2025-09-30,2025-06-23 ~ 2025-08-22,2025-07-30,100124,75,2250
강동역,2025-09-30,2025-06-23 ~ 2025-08-22,2025-07-31,100204,80,2330
강동역,2025-09-30,2025-06-23 ~ 2025-08-22,2025-08-01,100280,76,2406
강동역,2025-09-30,2025-06-23 ~ 2025-08-22,2025-08-02,100353,73,2479
강동역,2025-09-30,2025-06-23 ~ 2025-08-22,2025-08-03,100415,62,2541
강동역,2025-09-30,2025-06-23 ~ 2025-08-22,2025-08-04,100473,58,2599
강동역,2025-09-30,2025-06-23 ~ 2025-08-22,2025-08-05,100543,70,2669
강동역,2025-09-30,2025-06-23 ~ 2025-08-22,2025-08-06,100613,70,2739
강동역,2025-09-30,2025-06-23 ~ 2025-08-22,2025-08-07,100687,74,2813
강동역,2025-09-30,2025-06-23 ~ 2025-08-22,2025-08-08,100762,75,2888
강동역,2025-09-30,2025-06-23 ~ 2025-08-22,2025-08-09,100836,74,2962
강동역,2025-09-30,2025-06-23 ~ 2025-08-22,2025-08-10,100901,65,3027
강동역,2025-09-30,2025-06-23 ~ 2025-08-22,2025-08-11,100956,55,3082
강동역,2025-09-30,2025-06-23 ~ 2025-08-22,2025-08-12,101026,70,3152
강동역,2025-09-30,2025-06-23 ~ 2025-08-22,2025-08-13,101099,73,3225
강동역,2025-09-30,2025-06-23 ~ 2025-08-22,2025-08-14,101177,78,3303
강동역,2025-09-30,2025-06-23 ~ 2025-08-22,2025-08-15,101251,74,3377
강동역,2025-09-30,2025-06-23 ~ 2025-08-22,2025-08-16,101301,50,3427
강동역,2025-09-30,2025-06-23 ~ 2025-08-22,2025-08-17,101383,82,3509
강동역,2025-09-30,2025-06-23 ~ 2025-08-22,2025-08-18,101442,59,3568
강동역,2025-09-30,2025-06-23 ~ 2025-08-22,2025-08-19,101512,70,3638
강동역,2025-09-30,2025-06-23 ~ 2025-08-22,2025-08-20,101584,72,3710
강동역,2025-09-30,2025-06-23 ~ 2025-08-22,2025-08-21,101659,75,3785
강동역,2025-09-30,2025-06-23 ~ 2025-08-22,2025-08-22,101733,74,3859
강동역,2025-09-30,2025-06-23 ~ 2025-08-22,2025-08-23,101805,72,3931
강동역,2025-11-30,2025-08-23 ~ 2025-10-22,2025-08-24,101871,66,66
강동역,2025-11-30,2025-08-23 ~ 2025-10-22,2025-08-25,101932,61,127
강동역,2025-11-30,2025-08-23 ~ 2025-10-22,2025-08-26,102001,69,196
강동역,2025-11-30,2025-08-23 ~ 2025-10-22,2025-08-27,102072,71,267
강동역,2025-11-30,2025-08-23 ~ 2025-10-22,2025-08-28,102144,72,339
강동역,2025-11-30,2025-08-23 ~ 2025-10-22,2025-08-29,102219,75,414
강동역,2025-11-30,2025-08-23 ~ 2025-10-22,2025-08-30,102293,74,488
강동역,2025-11-30,2025-08-23 ~ 2025-10-22,2025-08-31,102362,69,557
강동역,2025-11-30,2025-08-23 ~ 2025-10-22,2025-09-01,102421,59,616
강동역,2025-11-30,2025-08-23 ~ 2025-10-22,2025-09-02,102489,68,684
강동역,2025-11-30,2025-08-23 ~ 2025-10-22,2025-09-03,102564,75,759
강동역,2025-11-30,2025-08-23 ~ 2025-10-22,2025-09-04,102646,82,841
강동역,2025-11-30,2025-08-23 ~ 2025-10-22,2025-09-05,102717,71,912
강동역,2025-11-30,2025-08-23 ~ 2025-10-22,2025-09-06,102790,73,985
강동역,2025-11-30,2025-08-23 ~ 2025-10-22,2025-09-07,102855,65,1050
강동역,2025-11-30,2025-08-23 ~ 2025-10-22,2025-09-08,102916,61,1111
강동역,2025-11-30,2025-08-23 ~ 2025-10-22,2025-09-09,102982,66,1177
강동역,2025-11-30,2025-08-23 ~ 2025-10-22,2025-09-10,103045,63,1240
강동역,2025-11-30,2025-08-23 ~ 2025-10-22,2025-09-11,103107,62,1302
강동역,2025-11-30,2025-08-23 ~ 2025-10-22,2025-09-12,103166,59,1361
강동역,2025-11-30,2025-08-23 ~ 2025-10-22,2025-09-13,103229,63,1424
강동역,2025-11-30,2025-08-23 ~ 2025-10-22,2025-09-14,103293,64,1488
강동역,2025-11-30,2025-08-23 ~ 2025-10-22,2025-09-15,103345,52,1540
강동역,2025-11-30,2025-08-23 ~ 2025-10-22,2025-09-16,103403,58,1598
강동역,2025-11-30,2025-08-23 ~ 2025-10-22,2025-09-17,103462,59,1657
강동역,2025-11-30,2025-08-23 ~ 2025-10-22,2025-09-18,103528,66,1723
강동역,2025-11-30,2025-08-23 ~ 2025-10-22,2025-09-19,103593,65,1788
강동역,2025-11-30,2025-08-23 ~ 2025-10-22,2025-09-20,103655,62,1850
강동역,2025-11-30,2025-08-23 ~ 2025-10-22,2025-09-21,103713,58,1908
강동역,2025-11-30,2025-08-23 ~ 2025-10-22,2025-09-22,103758,45,1953
강동역,2025-11-30,2025-08-23 ~ 2025-10-22,2025-09-23,103819,61,2014
강동역,2025-11-30,2025-08-23 ~ 2025-10-22,2025-09-24,103883,64,2078
강동역,2025-11-30,2025-08-23 ~ 2025-10-22,2025-09-25,103946,63,2141
강동역,2025-11-30,2025-08-23 ~ 2025-10-22,2025-09-26,104009,63,2204
강동역,2025-11-30,2025-08-23 ~ 2025-10-22,2025-09-27,104069,60,2264
강동역,2025-11-30,2025-08-23 ~ 2025-10-22,2025-09-28,104127,58,2322
강동역,2025-11-30,2025-08-23 ~ 2025-10-22,2025-09-29,104170,43,2365
강동역,2025-11-30,2025-08-23 ~ 2025-10-22,2025-09-30,104230,60,2425
강동역,2025-11-30,2025-08-23 ~ 2025-10-22,2025-10-01,104292,62,2487
강동역,2025-11-30,2025-08-23 ~ 2025-10-22,2025-10-02,104340,48,2535
강동역,2025-11-30,2025-08-23 ~ 2025-10-22,2025-10-03,104387,47,2582
강동역,2025-11-30,2025-08-23 ~ 2025-10-22,2025-10-04,104420,33,2615
강동역,2025-11-30,2025-08-23 ~ 2025-10-22,2025-10-05,104449,29,2644
강동역,2025-11-30,2025-08-23 ~ 2025-10-22,2025-10-06,104472,23,2667
강동역,2025-11-30,2025-08-23 ~ 2025-10-22,2025-10-07,104501,29,2696
강동역,2025-11-30,2025-08-23 ~ 2025-10-22,2025-10-08,104533,32,2728
강동역,2025-11-30,2025-08-23 ~ 2025-10-22,2025-10-09,104567,34,2762
강동역,2025-11-30,2025-08-23 ~ 2025-10-22,2025-10-10,104599,32,2794
강동역,2025-11-30,2025-08-23 ~ 2025-10-22,2025-10-11,104636,37,2831
강동역,2025-11-30,2025-08-23 ~ 2025-10-22,2025-10-12,104676,40,2871
강동역,2025-11-30,2025-08-23 ~ 2025-10-22,2025-10-13,104709,33,2904
강동역,2025-11-30,2025-08-23 ~ 2025-10-22,2025-10-14,104752,43,2947
강동역,2025-11-30,2025-08-23 ~ 2025-10-22,2025-10-15,104803,51,2998
강동역,2025-11-30,2025-08-23 ~ 2025-10-22,2025-10-16,104856,53,3051
강동역,2025-11-30,2025-08-23 ~ 2025-10-22,2025-10-17,104905,49,3100
강동역,2025-11-30,2025-08-23 ~ 2025-10-22,2025-10-18,104949,44,3144
강동역,2025-11-30,2025-08-23 ~ 2025-10-22,2025-10-19,104988,39,3183
강동역,2025-11-30,2025-08-23 ~ 2025-10-22,2025-10-20,105019,31,3214
강동역,2025-11-30,2025-08-23 ~ 2025-10-22,2025-10-21,105060,41,3255
강동역,2025-11-30,2025-08-23 ~ 2025-10-22,2025-10-22,105103,43,3298
강동역,2025-11-30,2025-08-23 ~ 2025-10-22,2025-10-23,105149,46,3344
강동역,2026-01-31,2025-10-23 ~ 2025-12-22,2025-10-24,105199,50,50
강동역,2026-01-31,2025-10-23 ~ 2025-12-22,2025-10-25,105247,48,98
강동역,2026-01-31,2025-10-23 ~ 2025-12-22,2025-10-26,105293,46,144
강동역,2026-01-31,2025-10-23 ~ 2025-12-22,2025-10-27,105330,37,181
강동역,2026-01-31,2025-10-23 ~ 2025-12-22,2025-10-28,105370,40,221
강동역,2026-01-31,2025-10-23 ~ 2025-12-22,2025-10-29,105403,33,254
강동역,2026-01-31,2025-10-23 ~ 2025-12-22,2025-10-30,105440,37,291
강동역,2026-01-31,2025-10-23 ~ 2025-12-22,2025-10-31,105454,14,305
강동역,2026-01-31,2025-10-23 ~ 2025-12-22,2025-11-01,105513,59,364
강동역,2026-01-31,2025-10-23 ~ 2025-12-22,2025-11-02,105548,35,399
강동역,2026-01-31,2025-10-23 ~ 2025-12-22,2025-11-03,105577,29,428
강동역,2026-01-31,2025-10-23 ~ 2025-12-22,2025-11-04,105608,31,459
강동역,2026-01-31,2025-10-23 ~ 2025-12-22,2025-11-05,105642,34,493
강동역,2026-01-31,2025-10-23 ~ 2025-12-22,2025-11-06,105675,33,526
강동역,2026-01-31,2025-10-23 ~ 2025-12-22,2025-11-07,105711,36,562
강동역,2026-01-31,2025-10-23 ~ 2025-12-22,2025-11-08,105746,35,597
강동역,2026-01-31,2025-10-23 ~ 2025-12-22,2025-11-09,105778,32,629
강동역,2026-01-31,2025-10-23 ~ 2025-12-22,2025-11-10,105804,26,655
강동역,2026-01-31,2025-10-23 ~ 2025-12-22,2025-11-11,105836,32,687
강동역,2026-01-31,2025-10-23 ~ 2025-12-22,2025-11-12,105871,35,722
강동역,2026-01-31,2025-10-23 ~ 2025-12-22,2025-11-13,105906,35,757
강동역,2026-01-31,2025-10-23 ~ 2025-12-22,2025-11-14,105938,32,789
강동역,2026-01-31,2025-10-23 ~ 2025-12-22,2025-11-15,105972,34,823
강동역,2026-01-31,2025-10-23 ~ 2025-12-22,2025-11-16,106005,33,856
강동역,2026-01-31,2025-10-23 ~ 2025-12-22,2025-11-17,106033,28,884
강동역,2026-01-31,2025-10-23 ~ 2025-12-22,2025-11-18,106064,31,915
강동역,2026-01-31,2025-10-23 ~ 2025-12-22,2025-11-19,106094,30,945
강동역,2026-01-31,2025-10-23 ~ 2025-12-22,2025-11-20,106127,33,978
강동역,2026-01-31,2025-10-23 ~ 2025-12-22,2025-11-21,106160,33,1011
강동역,2026-01-31,2025-10-23 ~ 2025-12-22,2025-11-22,106195,35,1046
강동역,2026-01-31,2025-10-23 ~ 2025-12-22,2025-11-23,106225,30,1076
강동역,2026-01-31,2025-10-23 ~ 2025-12-22,2025-11-24,106252,27,1103
강동역,2026-01-31,2025-10-23 ~ 2025-12-22,2025-11-25,106281,29,1132
강동역,2026-01-31,2025-10-23 ~ 2025-12-22,2025-11-26,106313,32,1164
강동역,2026-01-31,2025-10-23 ~ 2025-12-22,2025-11-27,106349,36,1200
강동역,2026-01-31,2025-10-23 ~ 2025-12-22,2025-11-28,106382,33,1233
강동역,2026-01-31,2025-10-23 ~ 2025-12-22,2025-11-29,106415,33,1266
강동역,2026-01-31,2025-10-23 ~ 2025-12-22,2025-11-30,106447,32,1298
강동역,2026-01-31,2025-10-23 ~ 2025-12-22,2025-12-01,106474,27,1325
강동역,2026-01-31,2025-10-23 ~ 2025-12-22,2025-12-02,106505,31,1356
강동역,2026-01-31,2025-10-23 ~ 2025-12-22,2025-12-03,106542,37,1393
강동역,2026-01-31,2025-10-23 ~ 2025-12-22,2025-12-04,106575,33,1426
강동역,2026-01-31,2025-10-23 ~ 2025-12-22,2025-12-05,106606,31,1457
강동역,2026-01-31,2025-10-23 ~ 2025-12-22,2025-12-06,106638,32,1489
강동역,2026-01-31,2025-10-23 ~ 2025-12-22,2025-12-07,106672,34,1523
강동역,2026-01-31,2025-10-23 ~ 2025-12-22,2025-12-08,106699,27,1550
강동역,2026-01-31,2025-10-23 ~ 2025-12-22,2025-12-09,106729,30,1580
강동역,2026-01-31,2025-10-23 ~ 2025-12-22,2025-12-10,106763,34,1614
강동역,2026-01-31,2025-10-23 ~ 2025-12-22,2025-12-11,106798,35,1649
강동역,2026-01-31,2025-10-23 ~ 2025-12-22,2025-12-12,106833,35,1684
강동역,2026-01-31,2025-10-23 ~ 2025-12-22,2025-12-13,106865,32,1716
강동역,2026-01-31,2025-10-23 ~ 2025-12-22,2025-12-14,106898,33,1749
강동역,2026-01-31,2025-10-23 ~ 2025-12-22,2025-12-15,106925,27,1776
강동역,2026-01-31,2025-10-23 ~ 2025-12-22,2025-12-16,106957,32,1808
강동역,2026-01-31,2025-10-23 ~ 2025-12-22,2025-12-17,106986,29,1837
강동역,2026-01-31,2025-10-23 ~ 2025-12-22,2025-12-18,107021,35,1872
강동역,2026-01-31,2025-10-23 ~ 2025-12-22,2025-12-19,107055,34,1906
강동역,2026-01-31,2025-10-23 ~ 2025-12-22,2025-12-20,107092,37,1943
강동역,2026-01-31,2025-10-23 ~ 2025-12-22,2025-12-21,107127,35,1978
강동역,2026-01-31,2025-10-23 ~ 2025-12-22,2025-12-22,107156,29,2007
강동역,2026-01-31,2025-10-23 ~ 2025-12-22,2025-12-23,107189,33,2040
강동역,2026-03-31,2025-12-23 ~ 2026-02-22,2025-12-24,107222,33,33
강동역,2026-03-31,2025-12-23 ~ 2026-02-22,2025-12-25,107258,36,69
강동역,2026-03-31,2025-12-23 ~ 2026-02-22,2025-12-26,107282,24,93
강동역,2026-03-31,2025-12-23 ~ 2026-02-22,2025-12-27,107312,30,123
강동역,2026-03-31,2025-12-23 ~ 2026-02-22,2025-12-28,107343,31,154
강동역,2026-03-31,2025-12-23 ~ 2026-02-22,2025-12-29,107369,26,180
강동역,2026-03-31,2025-12-23 ~ 2026-02-22,2025-12-30,107400,31,211
강동역,2026-03-31,2025-12-23 ~ 2026-02-22,2025-12-31,107432,32,243
강동역,2026-03-31,2025-12-23 ~ 2026-02-22,2026-01-01,107467,35,278
강동역,2026-03-31,2025-12-23 ~ 2026-02-22,2026-01-02,107488,21,299
강동역,2026-03-31,2025-12-23 ~ 2026-02-22,2026-01-03,107520,32,331
강동역,2026-03-31,2025-12-23 ~ 2026-02-22,2026-01-04,107550,30,361
강동역,2026-03-31,2025-12-23 ~ 2026-02-22,2026-01-05,107577,27,388
강동역,2026-03-31,2025-12-23 ~ 2026-02-22,2026-01-06,107609,32,420
강동역,2026-03-31,2025-12-23 ~ 2026-02-22,2026-01-07,107643,34,454
강동역,2026-03-31,2025-12-23 ~ 2026-02-22,2026-01-08,107680,37,491
강동역,2026-03-31,2025-12-23 ~ 2026-02-22,2026-01-09,107712,32,523
강동역,2026-03-31,2025-12-23 ~ 2026-02-22,2026-01-10,107746,34,557
강동역,2026-03-31,2025-12-23 ~ 2026-02-22,2026-01-11,107777,31,588
강동역,2026-03-31,2025-12-23 ~ 2026-02-22,2026-01-12,107806,29,617
강동역,2026-03-31,2025-12-23 ~ 2026-02-22,2026-01-13,107837,31,648
강동역,2026-03-31,2025-12-23 ~ 2026-02-22,2026-01-14,107872,35,683
강동역,2026-03-31,2025-12-23 ~ 2026-02-22,2026-01-15,107908,36,719
강동역,2026-03-31,2025-12-23 ~ 2026-02-22,2026-01-16,107941,33,752
강동역,2026-03-31,2025-12-23 ~ 2026-02-22,2026-01-17,107977,36,788
강동역,2026-03-31,2025-12-23 ~ 2026-02-22,2026-01-18,108010,33,821
강동역,2026-03-31,2025-12-23 ~ 2026-02-22,2026-01-19,108038,28,849
강동역,2026-03-31,2025-12-23 ~ 2026-02-22,2026-01-20,108070,32,881
강동역,2026-03-31,2025-12-23 ~ 2026-02-22,2026-01-21,108101,31,912
강동역,2026-03-31,2025-12-23 ~ 2026-02-22,2026-01-22,108136,35,947
강동역,2026-03-31,2025-12-23 ~ 2026-02-22,2026-01-23,108168,32,979
강동역,2026-03-31,2025-12-23 ~ 2026-02-22,2026-01-24,108201,33,1012
강동역,2026-03-31,2025-12-23 ~ 2026-02-22,2026-01-25,108233,32,1044
강동역,2026-03-31,2025-12-23 ~ 2026-02-22,2026-01-26,108258,25,1069
강동역,2026-03-31,2025-12-23 ~ 2026-02-22,2026-01-27,108288,30,1099
강동역,2026-03-31,2025-12-23 ~ 2026-02-22,2026-01-28,108319,31,1130
강동역,2026-03-31,2025-12-23 ~ 2026-02-22,2026-01-29,108351,32,1162
강동역,2026-03-31,2025-12-23 ~ 2026-02-22,2026-01-30,108383,32,1194
강동역,2026-03-31,2025-12-23 ~ 2026-02-22,2026-01-31,108394,11,1205
강동역,2026-03-31,2025-12-23 ~ 2026-02-22,2026-02-01,108446,52,1257
강동역,2026-03-31,2025-12-23 ~ 2026-02-22,2026-02-02,108472,26,1283
강동역,2026-03-31,2025-12-23 ~ 2026-02-22,2026-02-03,108501,29,1312
강동역,2026-03-31,2025-12-23 ~ 2026-02-22,2026-02-04,108534,33,1345
강동역,2026-03-31,2025-12-23 ~ 2026-02-22,2026-02-05,108569,35,1380
강동역,2026-03-31,2025-12-23 ~ 2026-02-22,2026-02-06,108601,32,1412
강동역,2026-03-31,2025-12-23 ~ 2026-02-22,2026-02-07,108634,33,1445
강동역,2026-03-31,2025-12-23 ~ 2026-02-22,2026-02-08,108663,29,1474
강동역,2026-03-31,2025-12-23 ~ 2026-02-22,2026-02-09,108687,24,1498
강동역,2026-03-31,2025-12-23 ~ 2026-02-22,2026-02-10,108716,29,1527
강동역,2026-03-31,2025-12-23 ~ 2026-02-22,2026-02-11,108746,30,1557
강동역,2026-03-31,2025-12-23 ~ 2026-02-22,2026-02-12,108779,33,1590
강동역,2026-03-31,2025-12-23 ~ 2026-02-22,2026-02-13,108811,32,1622
강동역,2026-03-31,2025-12-23 ~ 2026-02-22,2026-02-14,108842,31,1653
강동역,2026-03-31,2025-12-23 ~ 2026-02-22,2026-02-15,108866,24,1677
강동역,2026-03-31,2025-12-23 ~ 2026-02-22,2026-02-16,108886,20,1697
강동역,2026-03-31,2025-12-23 ~ 2026-02-22,2026-02-17,108901,15,1712
강동역,2026-03-31,2025-12-23 ~ 2026-02-22,2026-02-18,108916,15,1727
강동역,2026-03-31,2025-12-23 ~ 2026-02-22,2026-02-19,108938,22,1749
강동역,2026-03-31,2025-12-23 ~ 2026-02-22,2026-02-20,108969,31,1780
강동역,2026-03-31,2025-12-23 ~ 2026-02-22,2026-02-21,108999,30,1810
강동역,2026-03-31,2025-12-23 ~ 2026-02-22,2026-02-22,109028,29,1839
강동역,2026-03-31,2025-12-23 ~ 2026-02-22,2026-02-23,109054,26,1865
강동역,2026-05-31,2026-02-23 ~ 2026-04-22,2026-02-24,109084,30,30
강동역,2026-05-31,2026-02-23 ~ 2026-04-22,2026-02-25,109116,32,62
강동역,2026-05-31,2026-02-23 ~ 2026-04-22,2026-02-26,109150,34,96
강동역,2026-05-31,2026-02-23 ~ 2026-04-22,2026-02-27,109184,34,130
강동역,2026-05-31,2026-02-23 ~ 2026-04-22,2026-02-28,109218,34,164
강동역,2026-05-31,2026-02-23 ~ 2026-04-22,2026-03-01,109252,34,198
강동역,2026-05-31,2026-02-23 ~ 2026-04-22,2026-03-02,109279,27,225
강동역,2026-05-31,2026-02-23 ~ 2026-04-22,2026-03-03,109303,24,249
강동역,2026-05-31,2026-02-23 ~ 2026-04-22,2026-03-04,109333,30,279
강동역,2026-05-31,2026-02-23 ~ 2026-04-22,2026-03-05,109367,34,313
강동역,2026-05-31,2026-02-23 ~ 2026-04-22,2026-03-06,109401,34,347
강동역,2026-05-31,2026-02-23 ~ 2026-04-22,2026-03-07,109434,33,380
강동역,2026-05-31,2026-02-23 ~ 2026-04-22,2026-03-08,109465,31,411
강동역,2026-05-31,2026-02-23 ~ 2026-04-22,2026-03-09,109492,27,438
강동역,2026-05-31,2026-02-23 ~ 2026-04-22,2026-03-10,109523,31,469
강동역,2026-05-31,2026-02-23 ~ 2026-04-22,2026-03-11,109558,35,504
강동역,2026-05-31,2026-02-23 ~ 2026-04-22,2026-03-12,109593,35,539
강동역,2026-05-31,2026-02-23 ~ 2026-04-22,2026-03-13,109629,36,575
강동역,2026-05-31,2026-02-23 ~ 2026-04-22,2026-03-14,109665,36,611
강동역,2026-05-31,2026-02-23 ~ 2026-04-22,2026-03-15,109699,34,645
강동역,2026-05-31,2026-02-23 ~ 2026-04-22,2026-03-16,109726,27,672
강동역,2026-05-31,2026-02-23 ~ 2026-04-22,2026-03-17,109760,34,706
강동역,2026-05-31,2026-02-23 ~ 2026-04-22,2026-03-18,109794,34,740
강동역,2026-05-31,2026-02-23 ~ 2026-04-22,2026-03-19,109829,35,775
강동역,2026-05-31,2026-02-23 ~ 2026-04-22,2026-03-20,109866,37,812
강동역,2026-05-31,2026-02-23 ~ 2026-04-22,2026-03-21,109902,36,848
강동역,2026-05-31,2026-02-23 ~ 2026-04-22,2026-03-22,109938,36,884
강동역,2026-05-31,2026-02-23 ~ 2026-04-22,2026-03-23,109969,31,915
강동역,2026-05-31,2026-02-23 ~ 2026-04-22,2026-03-24,110001,32,947
강동역,2026-05-31,2026-02-23 ~ 2026-04-22,2026-03-25,110037,36,983
강동역,2026-05-31,2026-02-23 ~ 2026-04-22,2026-03-26,110072,35,1018
강동역,2026-05-31,2026-02-23 ~ 2026-04-22,2026-03-27,110107,35,1053
강동역,2026-05-31,2026-02-23 ~ 2026-04-22,2026-03-28,110143,36,1089
강동역,2026-05-31,2026-02-23 ~ 2026-04-22,2026-03-29,110180,37,1126
강동역,2026-05-31,2026-02-23 ~ 2026-04-22,2026-03-30,110208,28,1154
강동역,2026-05-31,2026-02-23 ~ 2026-04-22,2026-03-31,110240,32,1186
강동역,2026-05-31,2026-02-23 ~ 2026-04-22,2026-04-01,110275,35,1221
강동역,2026-05-31,2026-02-23 ~ 2026-04-22,2026-04-02,110310,35,1256
강동역,2026-05-31,2026-02-23 ~ 2026-04-22,2026-04-03,110345,35,1291
강동역,2026-05-31,2026-02-23 ~ 2026-04-22,2026-04-04,110380,35,1326
강동역,2026-05-31,2026-02-23 ~ 2026-04-22,2026-04-05,110415,35,1361
강동역,2026-05-31,2026-02-23 ~ 2026-04-22,2026-04-06,110444,29,1390
강동역,2026-05-31,2026-02-23 ~ 2026-04-22,2026-04-07,110476,32,1422
강동역,2026-05-31,2026-02-23 ~ 2026-04-22,2026-04-08,110511,35,1457
강동역,2026-05-31,2026-02-23 ~ 2026-04-22,2026-04-09,110545,34,1491
강동역,2026-05-31,2026-02-23 ~ 2026-04-22,2026-04-10,110580,35,1526
강동역,2026-05-31,2026-02-23 ~ 2026-04-22,2026-04-11,110613,33,1559
강동역,2026-05-31,2026-02-23 ~ 2026-04-22,2026-04-12,110649,36,1595
강동역,2026-05-31,2026-02-23 ~ 2026-04-22,2026-04-13,110679,30,1625
강동역,2026-05-31,2026-02-23 ~ 2026-04-22,2026-04-14,110712,33,1658
강동역,2026-05-31,2026-02-23 ~ 2026-04-22,2026-04-15,110773,61,1719
강동역,2026-05-31,2026-02-23 ~ 2026-04-22,2026-04-16,110833,60,1779
강동역,2026-05-31,2026-02-23 ~ 2026-04-22,2026-04-17,110867,34,1813
강동역,2026-05-31,2026-02-23 ~ 2026-04-22,2026-04-18,110907,40,1853
강동역,2026-05-31,2026-02-23 ~ 2026-04-22,2026-04-19,110945,38,1891
강동역,2026-05-31,2026-02-23 ~ 2026-04-22,2026-04-20,110975,30,1921
강동역,2026-05-31,2026-02-23 ~ 2026-04-22,2026-04-21,111010,35,1956
강동역,2026-05-31,2026-02-23 ~ 2026-04-22,2026-04-22,111047,37,1993
강동역,2026-05-31,2026-02-23 ~ 2026-04-22,2026-04-23,111087,40,2033
