역명,납기,사용일,검침일자,지침값,일사용량(톤),납기별 누적사용량(톤)
상계역,2022-05-31,2022-03-21 ~ 2022-04-20,2022-03-22,2711,20,14
상계역,2022-06-30,2022-03-21 ~ 2022-05-20,2022-03-22,2711,20,14
상계역,2022-05-31,2022-03-21 ~ 2022-04-20,2022-03-23,2732,21,35
상계역,2022-06-30,2022-03-21 ~ 2022-05-20,2022-03-23,2732,21,35
상계역,2022-06-30,2022-03-21 ~ 2022-05-20,2022-03-24,2753,21,56
상계역,2022-05-31,2022-03-21 ~ 2022-04-20,2022-03-24,2753,21,56
상계역,2022-06-30,2022-03-21 ~ 2022-05-20,2022-03-25,2770,17,73
상계역,2022-05-31,2022-03-21 ~ 2022-04-20,2022-03-25,2770,17,73
상계역,2022-05-31,2022-03-21 ~ 2022-04-20,2022-03-26,2788,18,91
상계역,2022-06-30,2022-03-21 ~ 2022-05-20,2022-03-26,2788,18,91
상계역,2022-05-31,2022-03-21 ~ 2022-04-20,2022-03-27,2804,16,107
상계역,2022-06-30,2022-03-21 ~ 2022-05-20,2022-03-27,2804,16,107
상계역,2022-06-30,2022-03-21 ~ 2022-05-20,2022-03-28,2820,16,123
상계역,2022-05-31,2022-03-21 ~ 2022-04-20,2022-03-28,2820,16,123
상계역,2022-05-31,2022-03-21 ~ 2022-04-20,2022-03-29,2837,17,140
상계역,2022-06-30,2022-03-21 ~ 2022-05-20,2022-03-29,2837,17,140
상계역,2022-05-31,2022-03-21 ~ 2022-04-20,2022-03-30,2856,19,159
상계역,2022-06-30,2022-03-21 ~ 2022-05-20,2022-03-30,2856,19,159
상계역,2022-05-31,2022-03-21 ~ 2022-04-20,2022-03-31,2875,19,178
상계역,2022-06-30,2022-03-21 ~ 2022-05-20,2022-03-31,2875,19,178
상계역,2022-05-31,2022-03-21 ~ 2022-04-20,2022-04-01,2893,18,196
상계역,2022-06-30,2022-03-21 ~ 2022-05-20,2022-04-01,2893,18,196
상계역,2022-05-31,2022-03-21 ~ 2022-04-20,2022-04-02,2912,19,215
상계역,2022-06-30,2022-03-21 ~ 2022-05-20,2022-04-02,2912,19,215
상계역,2022-06-30,2022-03-21 ~ 2022-05-20,2022-04-03,2931,19,234
상계역,2022-05-31,2022-03-21 ~ 2022-04-20,2022-04-03,2931,19,234
상계역,2022-05-31,2022-03-21 ~ 2022-04-20,2022-04-04,2947,16,250
상계역,2022-06-30,2022-03-21 ~ 2022-05-20,2022-04-04,2947,16,250
상계역,2022-06-30,2022-03-21 ~ 2022-05-20,2022-04-05,2965,18,268
상계역,2022-05-31,2022-03-21 ~ 2022-04-20,2022-04-05,2965,18,268
상계역,2022-06-30,2022-03-21 ~ 2022-05-20,2022-04-06,2984,19,287
상계역,2022-05-31,2022-03-21 ~ 2022-04-20,2022-04-06,2984,19,287
상계역,2022-06-30,2022-03-21 ~ 2022-05-20,2022-04-07,3005,21,308
상계역,2022-05-31,2022-03-21 ~ 2022-04-20,2022-04-07,3005,21,308
상계역,2022-05-31,2022-03-21 ~ 2022-04-20,2022-04-08,3027,22,330
상계역,2022-06-30,2022-03-21 ~ 2022-05-20,2022-04-08,3027,22,330
상계역,2022-05-31,2022-03-21 ~ 2022-04-20,2022-04-09,3047,20,350
상계역,2022-06-30,2022-03-21 ~ 2022-05-20,2022-04-09,3047,20,350
상계역,2022-05-31,2022-03-21 ~ 2022-04-20,2022-04-10,3067,20,370
상계역,2022-06-30,2022-03-21 ~ 2022-05-20,2022-04-10,3067,20,370
상계역,2022-06-30,2022-03-21 ~ 2022-05-20,2022-04-11,3084,17,387
상계역,2022-05-31,2022-03-21 ~ 2022-04-20,2022-04-11,3084,17,387
상계역,2022-06-30,2022-03-21 ~ 2022-05-20,2022-04-12,3105,21,408
상계역,2022-05-31,2022-03-21 ~ 2022-04-20,2022-04-12,3105,21,408
상계역,2022-06-30,2022-03-21 ~ 2022-05-20,2022-04-13,3126,21,429
상계역,2022-05-31,2022-03-21 ~ 2022-04-20,2022-04-13,3126,21,429
상계역,2022-05-31,2022-03-21 ~ 2022-04-20,2022-04-14,3147,21,450
상계역,2022-06-30,2022-03-21 ~ 2022-05-20,2022-04-14,3147,21,450
상계역,2022-06-30,2022-03-21 ~ 2022-05-20,2022-04-15,3169,22,472
상계역,2022-05-31,2022-03-21 ~ 2022-04-20,2022-04-15,3169,22,472
상계역,2022-05-31,2022-03-21 ~ 2022-04-20,2022-04-16,3195,26,498
상계역,2022-06-30,2022-03-21 ~ 2022-05-20,2022-04-16,3195,26,498
상계역,2022-06-30,2022-03-21 ~ 2022-05-20,2022-04-17,3225,30,528
상계역,2022-05-31,2022-03-21 ~ 2022-04-20,2022-04-17,3225,30,528
상계역,2022-06-30,2022-03-21 ~ 2022-05-20,2022-04-18,3244,19,547
상계역,2022-05-31,2022-03-21 ~ 2022-04-20,2022-04-18,3244,19,547
상계역,2022-05-31,2022-03-21 ~ 2022-04-20,2022-04-19,3264,20,567
상계역,2022-06-30,2022-03-21 ~ 2022-05-20,2022-04-19,3264,20,567
상계역,2022-06-30,2022-03-21 ~ 2022-05-20,2022-04-20,3286,22,589
상계역,2022-05-31,2022-03-21 ~ 2022-04-20,2022-04-20,3286,22,589
상계역,2022-06-30,2022-03-21 ~ 2022-05-20,2022-04-21,3307,21,610
상계역,2022-05-31,2022-03-21 ~ 2022-04-20,2022-04-21,3307,21,610
상계역,2022-06-30,2022-03-21 ~ 2022-05-20,2022-04-22,3331,24,634
상계역,2022-06-30,2022-03-21 ~ 2022-05-20,2022-04-23,3353,22,656
상계역,2022-06-30,2022-03-21 ~ 2022-05-20,2022-04-24,3378,25,681
상계역,2022-06-30,2022-03-21 ~ 2022-05-20,2022-04-25,3399,21,702
상계역,2022-06-30,2022-03-21 ~ 2022-05-20,2022-04-26,3420,21,723
상계역,2022-06-30,2022-03-21 ~ 2022-05-20,2022-04-27,3442,22,745
상계역,2022-06-30,2022-03-21 ~ 2022-05-20,2022-04-28,3464,22,767
상계역,2022-06-30,2022-03-21 ~ 2022-05-20,2022-04-29,3489,25,792
상계역,2022-06-30,2022-03-21 ~ 2022-05-20,2022-04-30,3512,23,815
상계역,2022-06-30,2022-03-21 ~ 2022-05-20,2022-05-01,3542,30,845
상계역,2022-06-30,2022-03-21 ~ 2022-05-20,2022-05-02,3571,29,874
상계역,2022-06-30,2022-03-21 ~ 2022-05-20,2022-05-03,3596,25,899
상계역,2022-06-30,2022-03-21 ~ 2022-05-20,2022-05-04,3620,24,923
상계역,2022-06-30,2022-03-21 ~ 2022-05-20,2022-05-05,3643,23,946
상계역,2022-06-30,2022-03-21 ~ 2022-05-20,2022-05-06,3667,24,970
상계역,2022-06-30,2022-03-21 ~ 2022-05-20,2022-05-07,3690,23,993
상계역,2022-06-30,2022-03-21 ~ 2022-05-20,2022-05-08,3715,25,1018
상계역,2022-06-30,2022-03-21 ~ 2022-05-20,2022-05-09,3734,19,1037
상계역,2022-06-30,2022-03-21 ~ 2022-05-20,2022-05-10,3755,21,1058
상계역,2022-06-30,2022-03-21 ~ 2022-05-20,2022-05-11,3775,20,1078
상계역,2022-06-30,2022-03-21 ~ 2022-05-20,2022-05-12,3798,23,1101
상계역,2022-06-30,2022-03-21 ~ 2022-05-20,2022-05-13,3821,23,1124
상계역,2022-06-30,2022-03-21 ~ 2022-05-20,2022-05-14,3845,24,1148
상계역,2022-06-30,2022-03-21 ~ 2022-05-20,2022-05-15,3871,26,1174
상계역,2022-06-30,2022-03-21 ~ 2022-05-20,2022-05-16,3893,22,1196
상계역,2022-06-30,2022-03-21 ~ 2022-05-20,2022-05-17,3915,22,1218
상계역,2022-06-30,2022-03-21 ~ 2022-05-20,2022-05-18,3938,23,1241
상계역,2022-06-30,2022-03-21 ~ 2022-05-20,2022-05-19,3962,24,1265
상계역,2022-06-30,2022-03-21 ~ 2022-05-20,2022-05-20,3987,25,1290
상계역,2022-06-30,2022-03-21 ~ 2022-05-20,2022-05-21,4012,25,1315
상계역,2022-07-31,2022-05-21 ~ 2022-06-20,2022-05-22,4037,25,25
상계역,2022-08-31,2022-05-21 ~ 2022-07-20,2022-05-22,4037,25,25
상계역,2022-07-31,2022-05-21 ~ 2022-06-20,2022-05-23,4055,18,43
상계역,2022-08-31,2022-05-21 ~ 2022-07-20,2022-05-23,4055,18,43
상계역,2022-07-31,2022-05-21 ~ 2022-06-20,2022-05-24,4078,23,66
상계역,2022-08-31,2022-05-21 ~ 2022-07-20,2022-05-24,4078,23,66
상계역,2022-07-31,2022-05-21 ~ 2022-06-20,2022-05-25,4101,23,89
상계역,2022-08-31,2022-05-21 ~ 2022-07-20,2022-05-25,4101,23,89
상계역,2022-07-31,2022-05-21 ~ 2022-06-20,2022-05-26,4125,24,113
상계역,2022-08-31,2022-05-21 ~ 2022-07-20,2022-05-26,4125,24,113
상계역,2022-07-31,2022-05-21 ~ 2022-06-20,2022-05-27,4150,25,138
상계역,2022-08-31,2022-05-21 ~ 2022-07-20,2022-05-27,4150,25,138
상계역,2022-07-31,2022-05-21 ~ 2022-06-20,2022-05-28,4174,24,162
상계역,2022-08-31,2022-05-21 ~ 2022-07-20,2022-05-28,4174,24,162
상계역,2022-08-31,2022-05-21 ~ 2022-07-20,2022-05-29,4200,26,188
상계역,2022-07-31,2022-05-21 ~ 2022-06-20,2022-05-29,4200,26,188
상계역,2022-08-31,2022-05-21 ~ 2022-07-20,2022-05-30,4220,20,208
상계역,2022-07-31,2022-05-21 ~ 2022-06-20,2022-05-30,4220,20,208
상계역,2022-07-31,2022-05-21 ~ 2022-06-20,2022-05-31,4242,22,230
상계역,2022-08-31,2022-05-21 ~ 2022-07-20,2022-05-31,4242,22,230
상계역,2022-08-31,2022-05-21 ~ 2022-07-20,2022-06-01,4267,25,255
상계역,2022-07-31,2022-05-21 ~ 2022-06-20,2022-06-01,4267,25,255
상계역,2022-07-31,2022-05-21 ~ 2022-06-20,2022-06-02,4291,24,279
상계역,2022-08-31,2022-05-21 ~ 2022-07-20,2022-06-02,4291,24,279
상계역,2022-08-31,2022-05-21 ~ 2022-07-20,2022-06-03,4316,25,304
상계역,2022-07-31,2022-05-21 ~ 2022-06-20,2022-06-03,4316,25,304
상계역,2022-08-31,2022-05-21 ~ 2022-07-20,2022-06-04,4342,26,330
상계역,2022-07-31,2022-05-21 ~ 2022-06-20,2022-06-04,4342,26,330
상계역,2022-08-31,2022-05-21 ~ 2022-07-20,2022-06-05,4366,24,354
상계역,2022-07-31,2022-05-21 ~ 2022-06-20,2022-06-05,4366,24,354
상계역,2022-08-31,2022-05-21 ~ 2022-07-20,2022-06-06,4386,20,374
상계역,2022-07-31,2022-05-21 ~ 2022-06-20,2022-06-06,4386,20,374
상계역,2022-08-31,2022-05-21 ~ 2022-07-20,2022-06-07,4408,22,396
상계역,2022-07-31,2022-05-21 ~ 2022-06-20,2022-06-07,4408,22,396
상계역,2022-08-31,2022-05-21 ~ 2022-07-20,2022-06-08,4435,27,423
상계역,2022-07-31,2022-05-21 ~ 2022-06-20,2022-06-08,4435,27,423
상계역,2022-08-31,2022-05-21 ~ 2022-07-20,2022-06-09,4461,26,449
상계역,2022-07-31,2022-05-21 ~ 2022-06-20,2022-06-09,4461,26,449
상계역,2022-07-31,2022-05-21 ~ 2022-06-20,2022-06-10,4487,26,475
상계역,2022-08-31,2022-05-21 ~ 2022-07-20,2022-06-10,4487,26,475
상계역,2022-07-31,2022-05-21 ~ 2022-06-20,2022-06-11,4511,24,499
상계역,2022-08-31,2022-05-21 ~ 2022-07-20,2022-06-11,4511,24,499
상계역,2022-07-31,2022-05-21 ~ 2022-06-20,2022-06-12,4536,25,524
상계역,2022-08-31,2022-05-21 ~ 2022-07-20,2022-06-12,4536,25,524
상계역,2022-07-31,2022-05-21 ~ 2022-06-20,2022-06-13,4557,21,545
상계역,2022-08-31,2022-05-21 ~ 2022-07-20,2022-06-13,4557,21,545
상계역,2022-07-31,2022-05-21 ~ 2022-06-20,2022-06-14,4580,23,568
상계역,2022-08-31,2022-05-21 ~ 2022-07-20,2022-06-14,4580,23,568
상계역,2022-08-31,2022-05-21 ~ 2022-07-20,2022-06-15,4604,24,592
상계역,2022-07-31,2022-05-21 ~ 2022-06-20,2022-06-15,4604,24,592
상계역,2022-07-31,2022-05-21 ~ 2022-06-20,2022-06-16,4626,22,614
상계역,2022-08-31,2022-05-21 ~ 2022-07-20,2022-06-16,4626,22,614
상계역,2022-08-31,2022-05-21 ~ 2022-07-20,2022-06-17,4651,25,639
상계역,2022-07-31,2022-05-21 ~ 2022-06-20,2022-06-17,4651,25,639
상계역,2022-08-31,2022-05-21 ~ 2022-07-20,2022-06-18,4677,26,665
상계역,2022-07-31,2022-05-21 ~ 2022-06-20,2022-06-18,4677,26,665
상계역,2022-08-31,2022-05-21 ~ 2022-07-20,2022-06-19,4704,27,692
상계역,2022-07-31,2022-05-21 ~ 2022-06-20,2022-06-19,4704,27,692
상계역,2022-07-31,2022-05-21 ~ 2022-06-20,2022-06-20,4724,20,712
상계역,2022-08-31,2022-05-21 ~ 2022-07-20,2022-06-20,4724,20,712
상계역,2022-07-31,2022-05-21 ~ 2022-06-20,2022-06-21,4750,26,738
상계역,2022-08-31,2022-05-21 ~ 2022-07-20,2022-06-21,4750,26,738
상계역,2022-08-31,2022-05-21 ~ 2022-07-20,2022-06-22,4776,26,764
상계역,2022-08-31,2022-05-21 ~ 2022-07-20,2022-06-23,4802,26,790
상계역,2022-08-31,2022-05-21 ~ 2022-07-20,2022-06-24,4825,23,813
상계역,2022-08-31,2022-05-21 ~ 2022-07-20,2022-06-25,4850,25,838
상계역,2022-08-31,2022-05-21 ~ 2022-07-20,2022-06-26,4874,24,862
상계역,2022-08-31,2022-05-21 ~ 2022-07-20,2022-06-27,4893,19,881
상계역,2022-08-31,2022-05-21 ~ 2022-07-20,2022-06-28,4915,22,903
상계역,2022-08-31,2022-05-21 ~ 2022-07-20,2022-06-29,4937,22,925
상계역,2022-08-31,2022-05-21 ~ 2022-07-20,2022-06-30,4972,35,960
상계역,2022-08-31,2022-05-21 ~ 2022-07-20,2022-07-01,5009,37,997
상계역,2022-08-31,2022-05-21 ~ 2022-07-20,2022-07-02,5035,26,1023
상계역,2022-08-31,2022-05-21 ~ 2022-07-20,2022-07-03,5057,22,1045
상계역,2022-08-31,2022-05-21 ~ 2022-07-20,2022-07-04,5075,18,1063
상계역,2022-08-31,2022-05-21 ~ 2022-07-20,2022-07-05,5097,22,1085
상계역,2022-08-31,2022-05-21 ~ 2022-07-20,2022-07-06,5121,24,1109
상계역,2022-08-31,2022-05-21 ~ 2022-07-20,2022-07-07,5146,25,1134
상계역,2022-08-31,2022-05-21 ~ 2022-07-20,2022-07-08,5170,24,1158
상계역,2022-08-31,2022-05-21 ~ 2022-07-20,2022-07-09,5196,26,1184
상계역,2022-08-31,2022-05-21 ~ 2022-07-20,2022-07-10,5222,26,1210
상계역,2022-08-31,2022-05-21 ~ 2022-07-20,2022-07-11,5263,41,1251
상계역,2022-08-31,2022-05-21 ~ 2022-07-20,2022-07-12,5295,32,1283
상계역,2022-08-31,2022-05-21 ~ 2022-07-20,2022-07-13,5320,25,1308
상계역,2022-08-31,2022-05-21 ~ 2022-07-20,2022-07-14,5344,24,1332
상계역,2022-08-31,2022-05-21 ~ 2022-07-20,2022-07-15,5370,26,1358
상계역,2022-08-31,2022-05-21 ~ 2022-07-20,2022-07-16,5400,30,1388
상계역,2022-08-31,2022-05-21 ~ 2022-07-20,2022-07-17,5423,23,1411
상계역,2022-08-31,2022-05-21 ~ 2022-07-20,2022-07-18,5445,22,1433
상계역,2022-08-31,2022-05-21 ~ 2022-07-20,2022-07-19,5469,24,1457
상계역,2022-08-31,2022-05-21 ~ 2022-07-20,2022-07-20,5495,26,1483
상계역,2022-08-31,2022-05-21 ~ 2022-07-20,2022-07-21,5520,25,1508
상계역,2022-09-30,2022-07-21 ~ 2022-08-20,2022-07-22,5546,26,26
상계역,2022-10-31,2022-07-21 ~ 2022-09-20,2022-07-22,5546,26,26
상계역,2022-10-31,2022-07-21 ~ 2022-09-20,2022-07-23,5572,26,52
상계역,2022-09-30,2022-07-21 ~ 2022-08-20,2022-07-23,5572,26,52
상계역,2022-09-30,2022-07-21 ~ 2022-08-20,2022-07-24,5596,24,76
상계역,2022-10-31,2022-07-21 ~ 2022-09-20,2022-07-24,5596,24,76
상계역,2022-09-30,2022-07-21 ~ 2022-08-20,2022-07-25,5614,18,94
상계역,2022-10-31,2022-07-21 ~ 2022-09-20,2022-07-25,5614,18,94
상계역,2022-09-30,2022-07-21 ~ 2022-08-20,2022-07-26,5637,23,117
상계역,2022-10-31,2022-07-21 ~ 2022-09-20,2022-07-26,5637,23,117
상계역,2022-09-30,2022-07-21 ~ 2022-08-20,2022-07-27,5661,24,141
상계역,2022-10-31,2022-07-21 ~ 2022-09-20,2022-07-27,5661,24,141
상계역,2022-10-31,2022-07-21 ~ 2022-09-20,2022-07-28,5685,24,165
상계역,2022-09-30,2022-07-21 ~ 2022-08-20,2022-07-28,5685,24,165
상계역,2022-09-30,2022-07-21 ~ 2022-08-20,2022-07-29,5708,23,188
상계역,2022-10-31,2022-07-21 ~ 2022-09-20,2022-07-29,5708,23,188
상계역,2022-09-30,2022-07-21 ~ 2022-08-20,2022-07-30,5732,24,212
상계역,2022-10-31,2022-07-21 ~ 2022-09-20,2022-07-30,5732,24,212
상계역,2022-09-30,2022-07-21 ~ 2022-08-20,2022-07-31,5751,19,231
상계역,2022-10-31,2022-07-21 ~ 2022-09-20,2022-07-31,5751,19,231
상계역,2022-09-30,2022-07-21 ~ 2022-08-20,2022-08-01,5769,18,249
상계역,2022-10-31,2022-07-21 ~ 2022-09-20,2022-08-01,5769,18,249
상계역,2022-10-31,2022-07-21 ~ 2022-09-20,2022-08-02,5792,23,272
상계역,2022-09-30,2022-07-21 ~ 2022-08-20,2022-08-02,5792,23,272
상계역,2022-09-30,2022-07-21 ~ 2022-08-20,2022-08-03,5816,24,296
상계역,2022-10-31,2022-07-21 ~ 2022-09-20,2022-08-03,5816,24,296
상계역,2022-09-30,2022-07-21 ~ 2022-08-20,2022-08-04,5838,22,318
상계역,2022-10-31,2022-07-21 ~ 2022-09-20,2022-08-04,5838,22,318
상계역,2022-10-31,2022-07-21 ~ 2022-09-20,2022-08-05,5862,24,342
상계역,2022-09-30,2022-07-21 ~ 2022-08-20,2022-08-05,5862,24,342
상계역,2022-10-31,2022-07-21 ~ 2022-09-20,2022-08-06,5887,25,367
상계역,2022-09-30,2022-07-21 ~ 2022-08-20,2022-08-06,5887,25,367
상계역,2022-09-30,2022-07-21 ~ 2022-08-20,2022-08-07,5911,24,391
상계역,2022-10-31,2022-07-21 ~ 2022-09-20,2022-08-07,5911,24,391
상계역,2022-10-31,2022-07-21 ~ 2022-09-20,2022-08-08,5930,19,410
상계역,2022-09-30,2022-07-21 ~ 2022-08-20,2022-08-08,5930,19,410
상계역,2022-09-30,2022-07-21 ~ 2022-08-20,2022-08-09,5953,23,433
상계역,2022-10-31,2022-07-21 ~ 2022-09-20,2022-08-09,5953,23,433
상계역,2022-09-30,2022-07-21 ~ 2022-08-20,2022-08-10,5975,22,455
상계역,2022-10-31,2022-07-21 ~ 2022-09-20,2022-08-10,5975,22,455
상계역,2022-10-31,2022-07-21 ~ 2022-09-20,2022-08-11,5998,23,478
상계역,2022-09-30,2022-07-21 ~ 2022-08-20,2022-08-11,5998,23,478
상계역,2022-10-31,2022-07-21 ~ 2022-09-20,2022-08-12,6022,24,502
상계역,2022-09-30,2022-07-21 ~ 2022-08-20,2022-08-12,6022,24,502
상계역,2022-10-31,2022-07-21 ~ 2022-09-20,2022-08-13,6046,24,526
상계역,2022-09-30,2022-07-21 ~ 2022-08-20,2022-08-13,6046,24,526
상계역,2022-10-31,2022-07-21 ~ 2022-09-20,2022-08-14,6065,19,545
상계역,2022-09-30,2022-07-21 ~ 2022-08-20,2022-08-14,6065,19,545
상계역,2022-10-31,2022-07-21 ~ 2022-09-20,2022-08-15,6083,18,563
상계역,2022-09-30,2022-07-21 ~ 2022-08-20,2022-08-15,6083,18,563
상계역,2022-10-31,2022-07-21 ~ 2022-09-20,2022-08-16,6105,22,585
상계역,2022-09-30,2022-07-21 ~ 2022-08-20,2022-08-16,6105,22,585
상계역,2022-09-30,2022-07-21 ~ 2022-08-20,2022-08-17,6128,23,608
상계역,2022-10-31,2022-07-21 ~ 2022-09-20,2022-08-17,6128,23,608
상계역,2022-09-30,2022-07-21 ~ 2022-08-20,2022-08-18,6152,24,632
상계역,2022-10-31,2022-07-21 ~ 2022-09-20,2022-08-18,6152,24,632
상계역,2022-10-31,2022-07-21 ~ 2022-09-20,2022-08-19,6178,26,658
상계역,2022-09-30,2022-07-21 ~ 2022-08-20,2022-08-19,6178,26,658
상계역,2022-09-30,2022-07-21 ~ 2022-08-20,2022-08-20,6204,26,684
상계역,2022-10-31,2022-07-21 ~ 2022-09-20,2022-08-20,6204,26,684
상계역,2022-10-31,2022-07-21 ~ 2022-09-20,2022-08-21,6227,23,707
상계역,2022-09-30,2022-07-21 ~ 2022-08-20,2022-08-21,6227,23,707
상계역,2022-10-31,2022-07-21 ~ 2022-09-20,2022-08-22,6247,20,727
상계역,2022-10-31,2022-07-21 ~ 2022-09-20,2022-08-23,6273,26,753
상계역,2022-10-31,2022-07-21 ~ 2022-09-20,2022-08-24,6300,27,780
상계역,2022-10-31,2022-07-21 ~ 2022-09-20,2022-08-25,6326,26,806
상계역,2022-10-31,2022-07-21 ~ 2022-09-20,2022-08-26,6351,25,831
상계역,2022-10-31,2022-07-21 ~ 2022-09-20,2022-08-27,6378,27,858
상계역,2022-10-31,2022-07-21 ~ 2022-09-20,2022-08-28,6404,26,884
상계역,2022-10-31,2022-07-21 ~ 2022-09-20,2022-08-29,6427,23,907
상계역,2022-10-31,2022-07-21 ~ 2022-09-20,2022-08-30,6454,27,934
상계역,2022-10-31,2022-07-21 ~ 2022-09-20,2022-08-31,6476,22,956
상계역,2022-10-31,2022-07-21 ~ 2022-09-20,2022-09-01,6501,25,981
상계역,2022-10-31,2022-07-21 ~ 2022-09-20,2022-09-02,6525,24,1005
상계역,2022-10-31,2022-07-21 ~ 2022-09-20,2022-09-03,6551,26,1031
상계역,2022-10-31,2022-07-21 ~ 2022-09-20,2022-09-04,6579,28,1059
상계역,2022-10-31,2022-07-21 ~ 2022-09-20,2022-09-05,6596,17,1076
상계역,2022-10-31,2022-07-21 ~ 2022-09-20,2022-09-06,6620,24,1100
상계역,2022-10-31,2022-07-21 ~ 2022-09-20,2022-09-07,6641,21,1121
상계역,2022-10-31,2022-07-21 ~ 2022-09-20,2022-09-08,6665,24,1145
상계역,2022-10-31,2022-07-21 ~ 2022-09-20,2022-09-09,6688,23,1168
상계역,2022-10-31,2022-07-21 ~ 2022-09-20,2022-09-10,6705,17,1185
상계역,2022-10-31,2022-07-21 ~ 2022-09-20,2022-09-11,6722,17,1202
상계역,2022-10-31,2022-07-21 ~ 2022-09-20,2022-09-12,6740,18,1220
상계역,2022-10-31,2022-07-21 ~ 2022-09-20,2022-09-13,6758,18,1238
상계역,2022-10-31,2022-07-21 ~ 2022-09-20,2022-09-14,6779,21,1259
상계역,2022-10-31,2022-07-21 ~ 2022-09-20,2022-09-15,6803,24,1283
상계역,2022-10-31,2022-07-21 ~ 2022-09-20,2022-09-16,6827,24,1307
상계역,2022-10-31,2022-07-21 ~ 2022-09-20,2022-09-17,6850,23,1330
상계역,2022-10-31,2022-07-21 ~ 2022-09-20,2022-09-18,6873,23,1353
상계역,2022-10-31,2022-07-21 ~ 2022-09-20,2022-09-19,6894,21,1374
상계역,2022-10-31,2022-07-21 ~ 2022-09-20,2022-09-20,6917,23,1397
상계역,2022-10-31,2022-07-21 ~ 2022-09-20,2022-09-21,6942,25,1422
상계역,2022-12-31,2022-09-21 ~ 2022-11-20,2022-09-22,6969,27,27
상계역,2022-11-30,2022-09-21 ~ 2022-10-20,2022-09-22,6969,27,27
상계역,2022-12-31,2022-09-21 ~ 2022-11-20,2022-09-23,6997,28,55
상계역,2022-11-30,2022-09-21 ~ 2022-10-20,2022-09-23,6997,28,55
상계역,2022-11-30,2022-09-21 ~ 2022-10-20,2022-09-24,7025,28,83
상계역,2022-12-31,2022-09-21 ~ 2022-11-20,2022-09-24,7025,28,83
상계역,2022-11-30,2022-09-21 ~ 2022-10-20,2022-09-25,7053,28,111
상계역,2022-12-31,2022-09-21 ~ 2022-11-20,2022-09-25,7053,28,111
상계역,2022-12-31,2022-09-21 ~ 2022-11-20,2022-09-26,7074,21,132
상계역,2022-11-30,2022-09-21 ~ 2022-10-20,2022-09-26,7074,21,132
상계역,2022-11-30,2022-09-21 ~ 2022-10-20,2022-09-27,7101,27,159
상계역,2022-12-31,2022-09-21 ~ 2022-11-20,2022-09-27,7101,27,159
상계역,2022-11-30,2022-09-21 ~ 2022-10-20,2022-09-28,7127,26,185
상계역,2022-12-31,2022-09-21 ~ 2022-11-20,2022-09-28,7127,26,185
상계역,2022-11-30,2022-09-21 ~ 2022-10-20,2022-09-29,7154,27,212
상계역,2022-12-31,2022-09-21 ~ 2022-11-20,2022-09-29,7154,27,212
상계역,2022-11-30,2022-09-21 ~ 2022-10-20,2022-09-30,7179,25,237
상계역,2022-12-31,2022-09-21 ~ 2022-11-20,2022-09-30,7179,25,237
상계역,2022-11-30,2022-09-21 ~ 2022-10-20,2022-10-01,7205,26,263
상계역,2022-12-31,2022-09-21 ~ 2022-11-20,2022-10-01,7205,26,263
상계역,2022-11-30,2022-09-21 ~ 2022-10-20,2022-10-02,7231,26,289
상계역,2022-12-31,2022-09-21 ~ 2022-11-20,2022-10-02,7231,26,289
상계역,2022-12-31,2022-09-21 ~ 2022-11-20,2022-10-03,7252,21,310
상계역,2022-11-30,2022-09-21 ~ 2022-10-20,2022-10-03,7252,21,310
상계역,2022-11-30,2022-09-21 ~ 2022-10-20,2022-10-04,7269,17,327
상계역,2022-12-31,2022-09-21 ~ 2022-11-20,2022-10-04,7269,17,327
상계역,2022-11-30,2022-09-21 ~ 2022-10-20,2022-10-05,7293,24,351
상계역,2022-12-31,2022-09-21 ~ 2022-11-20,2022-10-05,7293,24,351
상계역,2022-12-31,2022-09-21 ~ 2022-11-20,2022-10-06,7316,23,374
상계역,2022-11-30,2022-09-21 ~ 2022-10-20,2022-10-06,7316,23,374
상계역,2022-11-30,2022-09-21 ~ 2022-10-20,2022-10-07,7343,27,401
상계역,2022-12-31,2022-09-21 ~ 2022-11-20,2022-10-07,7343,27,401
상계역,2022-12-31,2022-09-21 ~ 2022-11-20,2022-10-08,7372,29,430
상계역,2022-11-30,2022-09-21 ~ 2022-10-20,2022-10-08,7372,29,430
상계역,2022-12-31,2022-09-21 ~ 2022-11-20,2022-10-09,7404,32,462
상계역,2022-11-30,2022-09-21 ~ 2022-10-20,2022-10-09,7404,32,462
상계역,2022-12-31,2022-09-21 ~ 2022-11-20,2022-10-10,7423,19,481
상계역,2022-11-30,2022-09-21 ~ 2022-10-20,2022-10-10,7423,19,481
상계역,2022-11-30,2022-09-21 ~ 2022-10-20,2022-10-11,7442,19,500
상계역,2022-12-31,2022-09-21 ~ 2022-11-20,2022-10-11,7442,19,500
상계역,2022-12-31,2022-09-21 ~ 2022-11-20,2022-10-12,7467,25,525
상계역,2022-11-30,2022-09-21 ~ 2022-10-20,2022-10-12,7467,25,525
상계역,2022-12-31,2022-09-21 ~ 2022-11-20,2022-10-13,7492,25,550
상계역,2022-11-30,2022-09-21 ~ 2022-10-20,2022-10-13,7492,25,550
상계역,2022-12-31,2022-09-21 ~ 2022-11-20,2022-10-14,7517,25,575
상계역,2022-11-30,2022-09-21 ~ 2022-10-20,2022-10-14,7517,25,575
상계역,2022-12-31,2022-09-21 ~ 2022-11-20,2022-10-15,7543,26,601
상계역,2022-11-30,2022-09-21 ~ 2022-10-20,2022-10-15,7543,26,601
상계역,2022-11-30,2022-09-21 ~ 2022-10-20,2022-10-16,7570,27,628
상계역,2022-12-31,2022-09-21 ~ 2022-11-20,2022-10-16,7570,27,628
상계역,2022-12-31,2022-09-21 ~ 2022-11-20,2022-10-17,7592,22,650
상계역,2022-11-30,2022-09-21 ~ 2022-10-20,2022-10-17,7592,22,650
상계역,2022-11-30,2022-09-21 ~ 2022-10-20,2022-10-18,7616,24,674
상계역,2022-12-31,2022-09-21 ~ 2022-11-20,2022-10-18,7616,24,674
상계역,2022-11-30,2022-09-21 ~ 2022-10-20,2022-10-19,7640,24,698
상계역,2022-12-31,2022-09-21 ~ 2022-11-20,2022-10-19,7640,24,698
상계역,2022-12-31,2022-09-21 ~ 2022-11-20,2022-10-20,7666,26,724
상계역,2022-11-30,2022-09-21 ~ 2022-10-20,2022-10-20,7666,26,724
상계역,2022-12-31,2022-09-21 ~ 2022-11-20,2022-10-21,7691,25,749
상계역,2022-11-30,2022-09-21 ~ 2022-10-20,2022-10-21,7691,25,749
상계역,2022-12-31,2022-09-21 ~ 2022-11-20,2022-10-22,7718,27,776
상계역,2022-12-31,2022-09-21 ~ 2022-11-20,2022-10-23,7751,33,809
상계역,2022-12-31,2022-09-21 ~ 2022-11-20,2022-10-24,7772,21,830
상계역,2022-12-31,2022-09-21 ~ 2022-11-20,2022-10-25,7797,25,855
상계역,2022-12-31,2022-09-21 ~ 2022-11-20,2022-10-26,7823,26,881
상계역,2022-12-31,2022-09-21 ~ 2022-11-20,2022-10-27,7848,25,906
상계역,2022-12-31,2022-09-21 ~ 2022-11-20,2022-10-28,7873,25,931
상계역,2022-12-31,2022-09-21 ~ 2022-11-20,2022-10-29,7900,27,958
상계역,2022-12-31,2022-09-21 ~ 2022-11-20,2022-10-30,7925,25,983
상계역,2022-12-31,2022-09-21 ~ 2022-11-20,2022-10-31,7945,20,1003
상계역,2022-12-31,2022-09-21 ~ 2022-11-20,2022-11-01,7968,23,1026
상계역,2022-12-31,2022-09-21 ~ 2022-11-20,2022-11-02,7992,24,1050
상계역,2022-12-31,2022-09-21 ~ 2022-11-20,2022-11-03,8017,25,1075
상계역,2022-12-31,2022-09-21 ~ 2022-11-20,2022-11-04,8042,25,1100
상계역,2022-12-31,2022-09-21 ~ 2022-11-20,2022-11-05,8067,25,1125
상계역,2022-12-31,2022-09-21 ~ 2022-11-20,2022-11-06,8093,26,1151
상계역,2022-12-31,2022-09-21 ~ 2022-11-20,2022-11-07,8112,19,1170
상계역,2022-12-31,2022-09-21 ~ 2022-11-20,2022-11-08,8136,24,1194
상계역,2022-12-31,2022-09-21 ~ 2022-11-20,2022-11-09,8163,27,1221
상계역,2022-12-31,2022-09-21 ~ 2022-11-20,2022-11-10,8189,26,1247
상계역,2022-12-31,2022-09-21 ~ 2022-11-20,2022-11-11,8215,26,1273
상계역,2022-12-31,2022-09-21 ~ 2022-11-20,2022-11-12,8240,25,1298
상계역,2022-12-31,2022-09-21 ~ 2022-11-20,2022-11-13,8262,22,1320
상계역,2022-12-31,2022-09-21 ~ 2022-11-20,2022-11-14,8281,19,1339
상계역,2022-12-31,2022-09-21 ~ 2022-11-20,2022-11-15,8304,23,1362
상계역,2022-12-31,2022-09-21 ~ 2022-11-20,2022-11-16,8328,24,1386
상계역,2022-12-31,2022-09-21 ~ 2022-11-20,2022-11-17,8352,24,1410
상계역,2022-12-31,2022-09-21 ~ 2022-11-20,2022-11-18,8376,24,1434
상계역,2022-12-31,2022-09-21 ~ 2022-11-20,2022-11-19,8401,25,1459
상계역,2022-12-31,2022-09-21 ~ 2022-11-20,2022-11-20,8428,27,1486
상계역,2022-12-31,2022-09-21 ~ 2022-11-20,2022-11-21,8448,20,1506
상계역,2023-01-31,2022-11-21 ~ 2022-12-20,2022-11-22,8471,23,23
상계역,2023-02-28,2022-11-21 ~ 2023-01-20,2022-11-22,8471,23,23
상계역,2023-01-31,2022-11-21 ~ 2022-12-20,2022-11-23,8496,25,48
상계역,2023-02-28,2022-11-21 ~ 2023-01-20,2022-11-23,8496,25,48
상계역,2023-02-28,2022-11-21 ~ 2023-01-20,2022-11-24,8521,25,73
상계역,2023-01-31,2022-11-21 ~ 2022-12-20,2022-11-24,8521,25,73
상계역,2023-02-28,2022-11-21 ~ 2023-01-20,2022-11-25,8546,25,98
상계역,2023-01-31,2022-11-21 ~ 2022-12-20,2022-11-25,8546,25,98
상계역,2023-01-31,2022-11-21 ~ 2022-12-20,2022-11-26,8556,10,108
상계역,2023-02-28,2022-11-21 ~ 2023-01-20,2022-11-26,8556,10,108
상계역,2023-01-31,2022-11-21 ~ 2022-12-20,2022-11-28,8619,63,171
상계역,2023-02-28,2022-11-21 ~ 2023-01-20,2022-11-28,8619,63,171
상계역,2023-01-31,2022-11-21 ~ 2022-12-20,2022-11-29,8640,21,192
상계역,2023-02-28,2022-11-21 ~ 2023-01-20,2022-11-29,8640,21,192
상계역,2023-01-31,2022-11-21 ~ 2022-12-20,2022-11-30,8664,24,216
상계역,2023-02-28,2022-11-21 ~ 2023-01-20,2022-11-30,8664,24,216
상계역,2023-02-28,2022-11-21 ~ 2023-01-20,2022-12-01,8679,15,231
상계역,2023-01-31,2022-11-21 ~ 2022-12-20,2022-12-01,8679,15,231
상계역,2023-02-28,2022-11-21 ~ 2023-01-20,2022-12-02,8706,27,258
상계역,2023-01-31,2022-11-21 ~ 2022-12-20,2022-12-02,8706,27,258
상계역,2023-02-28,2022-11-21 ~ 2023-01-20,2022-12-03,8728,22,280
상계역,2023-01-31,2022-11-21 ~ 2022-12-20,2022-12-03,8728,22,280
상계역,2023-02-28,2022-11-21 ~ 2023-01-20,2022-12-04,8750,22,302
상계역,2023-01-31,2022-11-21 ~ 2022-12-20,2022-12-04,8750,22,302
상계역,2023-02-28,2022-11-21 ~ 2023-01-20,2022-12-05,8769,19,321
상계역,2023-01-31,2022-11-21 ~ 2022-12-20,2022-12-05,8769,19,321
상계역,2023-02-28,2022-11-21 ~ 2023-01-20,2022-12-06,8791,22,343
상계역,2023-01-31,2022-11-21 ~ 2022-12-20,2022-12-06,8791,22,343
상계역,2023-02-28,2022-11-21 ~ 2023-01-20,2022-12-07,8813,22,365
상계역,2023-01-31,2022-11-21 ~ 2022-12-20,2022-12-07,8813,22,365
상계역,2023-02-28,2022-11-21 ~ 2023-01-20,2022-12-08,8835,22,387
상계역,2023-01-31,2022-11-21 ~ 2022-12-20,2022-12-08,8835,22,387
상계역,2023-02-28,2022-11-21 ~ 2023-01-20,2022-12-09,8858,23,410
상계역,2023-01-31,2022-11-21 ~ 2022-12-20,2022-12-09,8858,23,410
상계역,2023-02-28,2022-11-21 ~ 2023-01-20,2022-12-10,8882,24,434
상계역,2023-01-31,2022-11-21 ~ 2022-12-20,2022-12-10,8882,24,434
상계역,2023-02-28,2022-11-21 ~ 2023-01-20,2022-12-11,8905,23,457
상계역,2023-01-31,2022-11-21 ~ 2022-12-20,2022-12-11,8905,23,457
상계역,2023-02-28,2022-11-21 ~ 2023-01-20,2022-12-12,8924,19,476
상계역,2023-01-31,2022-11-21 ~ 2022-12-20,2022-12-12,8924,19,476
상계역,2023-02-28,2022-11-21 ~ 2023-01-20,2022-12-13,8944,20,496
상계역,2023-01-31,2022-11-21 ~ 2022-12-20,2022-12-13,8944,20,496
상계역,2023-02-28,2022-11-21 ~ 2023-01-20,2022-12-14,8967,23,519
상계역,2023-01-31,2022-11-21 ~ 2022-12-20,2022-12-14,8967,23,519
상계역,2023-02-28,2022-11-21 ~ 2023-01-20,2022-12-15,8987,20,539
상계역,2023-01-31,2022-11-21 ~ 2022-12-20,2022-12-15,8987,20,539
상계역,2023-01-31,2022-11-21 ~ 2022-12-20,2022-12-16,9006,19,558
상계역,2023-02-28,2022-11-21 ~ 2023-01-20,2022-12-16,9006,19,558
상계역,2023-01-31,2022-11-21 ~ 2022-12-20,2022-12-17,9028,22,580
상계역,2023-02-28,2022-11-21 ~ 2023-01-20,2022-12-17,9028,22,580
상계역,2023-01-31,2022-11-21 ~ 2022-12-20,2022-12-18,9050,22,602
상계역,2023-02-28,2022-11-21 ~ 2023-01-20,2022-12-18,9050,22,602
상계역,2023-02-28,2022-11-21 ~ 2023-01-20,2022-12-19,9069,19,621
상계역,2023-01-31,2022-11-21 ~ 2022-12-20,2022-12-19,9069,19,621
상계역,2023-01-31,2022-11-21 ~ 2022-12-20,2022-12-20,9091,22,643
상계역,2023-02-28,2022-11-21 ~ 2023-01-20,2022-12-20,9091,22,643
상계역,2023-01-31,2022-11-21 ~ 2022-12-20,2022-12-21,9113,22,665
상계역,2023-02-28,2022-11-21 ~ 2023-01-20,2022-12-21,9113,22,665
상계역,2023-02-28,2022-11-21 ~ 2023-01-20,2022-12-22,9135,22,687
상계역,2023-02-28,2022-11-21 ~ 2023-01-20,2022-12-23,9160,25,712
상계역,2023-02-28,2022-11-21 ~ 2023-01-20,2022-12-24,9180,20,732
상계역,2023-02-28,2022-11-21 ~ 2023-01-20,2022-12-25,9200,20,752
상계역,2023-02-28,2022-11-21 ~ 2023-01-20,2022-12-26,9216,16,768
상계역,2023-02-28,2022-11-21 ~ 2023-01-20,2022-12-27,9239,23,791
상계역,2023-02-28,2022-11-21 ~ 2023-01-20,2022-12-28,9261,22,813
상계역,2023-02-28,2022-11-21 ~ 2023-01-20,2022-12-29,9283,22,835
상계역,2023-02-28,2022-11-21 ~ 2023-01-20,2022-12-30,9304,21,856
상계역,2023-02-28,2022-11-21 ~ 2023-01-20,2022-12-31,9327,23,879
상계역,2023-02-28,2022-11-21 ~ 2023-01-20,2023-01-01,9349,22,901
상계역,2023-02-28,2022-11-21 ~ 2023-01-20,2023-01-02,9366,17,918
상계역,2023-02-28,2022-11-21 ~ 2023-01-20,2023-01-03,9385,19,937
상계역,2023-02-28,2022-11-21 ~ 2023-01-20,2023-01-04,9405,20,957
상계역,2023-02-28,2022-11-21 ~ 2023-01-20,2023-01-05,9427,22,979
상계역,2023-02-28,2022-11-21 ~ 2023-01-20,2023-01-06,9449,22,1001
상계역,2023-02-28,2022-11-21 ~ 2023-01-20,2023-01-07,9472,23,1024
상계역,2023-02-28,2022-11-21 ~ 2023-01-20,2023-01-08,9492,20,1044
상계역,2023-02-28,2022-11-21 ~ 2023-01-20,2023-01-09,9509,17,1061
상계역,2023-02-28,2022-11-21 ~ 2023-01-20,2023-01-10,9530,21,1082
상계역,2023-02-28,2022-11-21 ~ 2023-01-20,2023-01-11,9552,22,1104
상계역,2023-02-28,2022-11-21 ~ 2023-01-20,2023-01-12,9575,23,1127
상계역,2023-02-28,2022-11-21 ~ 2023-01-20,2023-01-13,9597,22,1149
상계역,2023-02-28,2022-11-21 ~ 2023-01-20,2023-01-14,9620,23,1172
상계역,2023-02-28,2022-11-21 ~ 2023-01-20,2023-01-15,9642,22,1194
상계역,2023-02-28,2022-11-21 ~ 2023-01-20,2023-01-16,9658,16,1210
상계역,2023-02-28,2022-11-21 ~ 2023-01-20,2023-01-17,9680,22,1232
상계역,2023-02-28,2022-11-21 ~ 2023-01-20,2023-01-18,9702,22,1254
상계역,2023-02-28,2022-11-21 ~ 2023-01-20,2023-01-19,9726,24,1278
상계역,2023-02-28,2022-11-21 ~ 2023-01-20,2023-01-20,9748,22,1300
상계역,2023-02-28,2022-11-21 ~ 2023-01-20,2023-01-21,9772,24,1324
상계역,2023-04-30,2023-01-21 ~ 2023-03-20,2023-01-22,9792,20,20
상계역,2023-03-31,2023-01-21 ~ 2023-02-20,2023-01-22,9792,20,20
상계역,2023-03-31,2023-01-21 ~ 2023-02-20,2023-01-23,9806,14,34
상계역,2023-04-30,2023-01-21 ~ 2023-03-20,2023-01-23,9806,14,34
상계역,2023-03-31,2023-01-21 ~ 2023-02-20,2023-01-24,9823,17,51
상계역,2023-04-30,2023-01-21 ~ 2023-03-20,2023-01-24,9823,17,51
상계역,2023-04-30,2023-01-21 ~ 2023-03-20,2023-01-25,9840,17,68
상계역,2023-03-31,2023-01-21 ~ 2023-02-20,2023-01-25,9840,17,68
상계역,2023-03-31,2023-01-21 ~ 2023-02-20,2023-01-26,9861,21,89
상계역,2023-04-30,2023-01-21 ~ 2023-03-20,2023-01-26,9861,21,89
상계역,2023-04-30,2023-01-21 ~ 2023-03-20,2023-01-27,9883,22,111
상계역,2023-03-31,2023-01-21 ~ 2023-02-20,2023-01-27,9883,22,111
상계역,2023-04-30,2023-01-21 ~ 2023-03-20,2023-01-28,9928,45,156
상계역,2023-03-31,2023-01-21 ~ 2023-02-20,2023-01-28,9928,45,156
상계역,2023-03-31,2023-01-21 ~ 2023-02-20,2023-01-29,9952,24,180
상계역,2023-04-30,2023-01-21 ~ 2023-03-20,2023-01-29,9952,24,180
상계역,2023-04-30,2023-01-21 ~ 2023-03-20,2023-01-30,9973,21,201
상계역,2023-03-31,2023-01-21 ~ 2023-02-20,2023-01-30,9973,21,201
상계역,2023-03-31,2023-01-21 ~ 2023-02-20,2023-01-31,9997,24,225
상계역,2023-04-30,2023-01-21 ~ 2023-03-20,2023-01-31,9997,24,225
상계역,2023-04-30,2023-01-21 ~ 2023-03-20,2023-02-01,10018,21,246
상계역,2023-03-31,2023-01-21 ~ 2023-02-20,2023-02-01,10018,21,246
상계역,2023-04-30,2023-01-21 ~ 2023-03-20,2023-02-02,10042,24,270
상계역,2023-03-31,2023-01-21 ~ 2023-02-20,2023-02-02,10042,24,270
상계역,2023-04-30,2023-01-21 ~ 2023-03-20,2023-02-03,10062,20,290
상계역,2023-03-31,2023-01-21 ~ 2023-02-20,2023-02-03,10062,20,290
상계역,2023-04-30,2023-01-21 ~ 2023-03-20,2023-02-04,10085,23,313
상계역,2023-03-31,2023-01-21 ~ 2023-02-20,2023-02-04,10085,23,313
상계역,2023-03-31,2023-01-21 ~ 2023-02-20,2023-02-05,10107,22,335
상계역,2023-04-30,2023-01-21 ~ 2023-03-20,2023-02-05,10107,22,335
상계역,2023-04-30,2023-01-21 ~ 2023-03-20,2023-02-06,10127,20,355
상계역,2023-03-31,2023-01-21 ~ 2023-02-20,2023-02-06,10127,20,355
상계역,2023-04-30,2023-01-21 ~ 2023-03-20,2023-02-07,10150,23,378
상계역,2023-03-31,2023-01-21 ~ 2023-02-20,2023-02-07,10150,23,378
상계역,2023-03-31,2023-01-21 ~ 2023-02-20,2023-02-08,10171,21,399
상계역,2023-04-30,2023-01-21 ~ 2023-03-20,2023-02-08,10171,21,399
상계역,2023-04-30,2023-01-21 ~ 2023-03-20,2023-02-09,10192,21,420
상계역,2023-03-31,2023-01-21 ~ 2023-02-20,2023-02-09,10192,21,420
상계역,2023-04-30,2023-01-21 ~ 2023-03-20,2023-02-10,10216,24,444
상계역,2023-03-31,2023-01-21 ~ 2023-02-20,2023-02-10,10216,24,444
상계역,2023-04-30,2023-01-21 ~ 2023-03-20,2023-02-11,10239,23,467
상계역,2023-03-31,2023-01-21 ~ 2023-02-20,2023-02-11,10239,23,467
상계역,2023-04-30,2023-01-21 ~ 2023-03-20,2023-02-12,10264,25,492
상계역,2023-03-31,2023-01-21 ~ 2023-02-20,2023-02-12,10264,25,492
상계역,2023-03-31,2023-01-21 ~ 2023-02-20,2023-02-13,10283,19,511
상계역,2023-04-30,2023-01-21 ~ 2023-03-20,2023-02-13,10283,19,511
상계역,2023-03-31,2023-01-21 ~ 2023-02-20,2023-02-14,10306,23,534
상계역,2023-04-30,2023-01-21 ~ 2023-03-20,2023-02-14,10306,23,534
상계역,2023-03-31,2023-01-21 ~ 2023-02-20,2023-02-15,10328,22,556
상계역,2023-04-30,2023-01-21 ~ 2023-03-20,2023-02-15,10328,22,556
상계역,2023-03-31,2023-01-21 ~ 2023-02-20,2023-02-16,10351,23,579
상계역,2023-04-30,2023-01-21 ~ 2023-03-20,2023-02-16,10351,23,579
상계역,2023-04-30,2023-01-21 ~ 2023-03-20,2023-02-17,10374,23,602
상계역,2023-03-31,2023-01-21 ~ 2023-02-20,2023-02-17,10374,23,602
상계역,2023-03-31,2023-01-21 ~ 2023-02-20,2023-02-18,10398,24,626
상계역,2023-04-30,2023-01-21 ~ 2023-03-20,2023-02-18,10398,24,626
상계역,2023-04-30,2023-01-21 ~ 2023-03-20,2023-02-19,10423,25,651
상계역,2023-03-31,2023-01-21 ~ 2023-02-20,2023-02-19,10423,25,651
상계역,2023-04-30,2023-01-21 ~ 2023-03-20,2023-02-20,10443,20,671
상계역,2023-03-31,2023-01-21 ~ 2023-02-20,2023-02-20,10443,20,671
상계역,2023-04-30,2023-01-21 ~ 2023-03-20,2023-02-21,10465,22,693
상계역,2023-03-31,2023-01-21 ~ 2023-02-20,2023-02-21,10465,22,693
상계역,2023-04-30,2023-01-21 ~ 2023-03-20,2023-02-22,10489,24,717
상계역,2023-04-30,2023-01-21 ~ 2023-03-20,2023-02-23,10511,22,739
상계역,2023-04-30,2023-01-21 ~ 2023-03-20,2023-02-24,10535,24,763
상계역,2023-04-30,2023-01-21 ~ 2023-03-20,2023-02-25,10558,23,786
상계역,2023-04-30,2023-01-21 ~ 2023-03-20,2023-02-26,10582,24,810
상계역,2023-04-30,2023-01-21 ~ 2023-03-20,2023-02-27,10601,19,829
상계역,2023-04-30,2023-01-21 ~ 2023-03-20,2023-02-28,10625,24,853
상계역,2023-04-30,2023-01-21 ~ 2023-03-20,2023-03-01,10647,22,875
상계역,2023-04-30,2023-01-21 ~ 2023-03-20,2023-03-02,10670,23,898
상계역,2023-04-30,2023-01-21 ~ 2023-03-20,2023-03-03,10696,26,924
상계역,2023-04-30,2023-01-21 ~ 2023-03-20,2023-03-04,10722,26,950
상계역,2023-04-30,2023-01-21 ~ 2023-03-20,2023-03-05,10747,25,975
상계역,2023-04-30,2023-01-21 ~ 2023-03-20,2023-03-06,10769,22,997
상계역,2023-04-30,2023-01-21 ~ 2023-03-20,2023-03-07,10795,26,1023
상계역,2023-04-30,2023-01-21 ~ 2023-03-20,2023-03-08,10819,24,1047
상계역,2023-04-30,2023-01-21 ~ 2023-03-20,2023-03-09,10843,24,1071
상계역,2023-04-30,2023-01-21 ~ 2023-03-20,2023-03-10,10867,24,1095
상계역,2023-04-30,2023-01-21 ~ 2023-03-20,2023-03-11,10891,24,1119
상계역,2023-04-30,2023-01-21 ~ 2023-03-20,2023-03-12,10917,26,1145
상계역,2023-04-30,2023-01-21 ~ 2023-03-20,2023-03-13,10935,18,1163
상계역,2023-04-30,2023-01-21 ~ 2023-03-20,2023-03-14,10957,22,1185
상계역,2023-04-30,2023-01-21 ~ 2023-03-20,2023-03-15,10983,26,1211
상계역,2023-04-30,2023-01-21 ~ 2023-03-20,2023-03-16,11008,25,1236
상계역,2023-04-30,2023-01-21 ~ 2023-03-20,2023-03-17,11032,24,1260
상계역,2023-04-30,2023-01-21 ~ 2023-03-20,2023-03-18,11058,26,1286
상계역,2023-04-30,2023-01-21 ~ 2023-03-20,2023-03-19,11086,28,1314
상계역,2023-04-30,2023-01-21 ~ 2023-03-20,2023-03-20,11109,23,1337
상계역,2023-04-30,2023-01-21 ~ 2023-03-20,2023-03-21,11132,23,1360
상계역,2023-05-31,2023-03-21 ~ 2023-04-20,2023-03-22,11159,27,27
상계역,2023-06-30,2023-03-21 ~ 2023-05-20,2023-03-22,11159,27,27
상계역,2023-06-30,2023-03-21 ~ 2023-05-20,2023-03-23,11186,27,54
상계역,2023-05-31,2023-03-21 ~ 2023-04-20,2023-03-23,11186,27,54
상계역,2023-06-30,2023-03-21 ~ 2023-05-20,2023-03-24,11211,25,79
상계역,2023-05-31,2023-03-21 ~ 2023-04-20,2023-03-24,11211,25,79
상계역,2023-05-31,2023-03-21 ~ 2023-04-20,2023-03-25,11236,25,104
상계역,2023-06-30,2023-03-21 ~ 2023-05-20,2023-03-25,11236,25,104
상계역,2023-05-31,2023-03-21 ~ 2023-04-20,2023-03-26,11263,27,131
상계역,2023-06-30,2023-03-21 ~ 2023-05-20,2023-03-26,11263,27,131
상계역,2023-05-31,2023-03-21 ~ 2023-04-20,2023-03-27,11285,22,153
상계역,2023-06-30,2023-03-21 ~ 2023-05-20,2023-03-27,11285,22,153
상계역,2023-05-31,2023-03-21 ~ 2023-04-20,2023-03-28,11310,25,178
상계역,2023-06-30,2023-03-21 ~ 2023-05-20,2023-03-28,11310,25,178
상계역,2023-06-30,2023-03-21 ~ 2023-05-20,2023-03-29,11337,27,205
상계역,2023-05-31,2023-03-21 ~ 2023-04-20,2023-03-29,11337,27,205
상계역,2023-05-31,2023-03-21 ~ 2023-04-20,2023-03-30,11362,25,230
상계역,2023-06-30,2023-03-21 ~ 2023-05-20,2023-03-30,11362,25,230
상계역,2023-05-31,2023-03-21 ~ 2023-04-20,2023-03-31,11389,27,257
상계역,2023-06-30,2023-03-21 ~ 2023-05-20,2023-03-31,11389,27,257
상계역,2023-06-30,2023-03-21 ~ 2023-05-20,2023-04-01,11416,27,284
상계역,2023-05-31,2023-03-21 ~ 2023-04-20,2023-04-01,11416,27,284
상계역,2023-05-31,2023-03-21 ~ 2023-04-20,2023-04-02,11443,27,311
상계역,2023-06-30,2023-03-21 ~ 2023-05-20,2023-04-02,11443,27,311
상계역,2023-06-30,2023-03-21 ~ 2023-05-20,2023-04-03,11465,22,333
상계역,2023-05-31,2023-03-21 ~ 2023-04-20,2023-04-03,11465,22,333
상계역,2023-05-31,2023-03-21 ~ 2023-04-20,2023-04-04,11488,23,356
상계역,2023-06-30,2023-03-21 ~ 2023-05-20,2023-04-04,11488,23,356
상계역,2023-06-30,2023-03-21 ~ 2023-05-20,2023-04-05,11512,24,380
상계역,2023-05-31,2023-03-21 ~ 2023-04-20,2023-04-05,11512,24,380
상계역,2023-06-30,2023-03-21 ~ 2023-05-20,2023-04-06,11536,24,404
상계역,2023-05-31,2023-03-21 ~ 2023-04-20,2023-04-06,11536,24,404
상계역,2023-06-30,2023-03-21 ~ 2023-05-20,2023-04-07,11563,27,431
상계역,2023-05-31,2023-03-21 ~ 2023-04-20,2023-04-07,11563,27,431
상계역,2023-06-30,2023-03-21 ~ 2023-05-20,2023-04-08,11591,28,459
상계역,2023-05-31,2023-03-21 ~ 2023-04-20,2023-04-08,11591,28,459
상계역,2023-05-31,2023-03-21 ~ 2023-04-20,2023-04-09,11619,28,487
상계역,2023-06-30,2023-03-21 ~ 2023-05-20,2023-04-09,11619,28,487
상계역,2023-05-31,2023-03-21 ~ 2023-04-20,2023-04-10,11641,22,509
상계역,2023-06-30,2023-03-21 ~ 2023-05-20,2023-04-10,11641,22,509
상계역,2023-05-31,2023-03-21 ~ 2023-04-20,2023-04-11,11666,25,534
상계역,2023-06-30,2023-03-21 ~ 2023-05-20,2023-04-11,11666,25,534
상계역,2023-05-31,2023-03-21 ~ 2023-04-20,2023-04-12,11690,24,558
상계역,2023-06-30,2023-03-21 ~ 2023-05-20,2023-04-12,11690,24,558
상계역,2023-05-31,2023-03-21 ~ 2023-04-20,2023-04-13,11713,23,581
상계역,2023-06-30,2023-03-21 ~ 2023-05-20,2023-04-13,11713,23,581
상계역,2023-05-31,2023-03-21 ~ 2023-04-20,2023-04-14,11738,25,606
상계역,2023-06-30,2023-03-21 ~ 2023-05-20,2023-04-14,11738,25,606
상계역,2023-06-30,2023-03-21 ~ 2023-05-20,2023-04-15,11766,28,634
상계역,2023-05-31,2023-03-21 ~ 2023-04-20,2023-04-15,11766,28,634
상계역,2023-05-31,2023-03-21 ~ 2023-04-20,2023-04-16,11790,24,658
상계역,2023-06-30,2023-03-21 ~ 2023-05-20,2023-04-16,11790,24,658
상계역,2023-05-31,2023-03-21 ~ 2023-04-20,2023-04-17,11814,24,682
상계역,2023-06-30,2023-03-21 ~ 2023-05-20,2023-04-17,11814,24,682
상계역,2023-05-31,2023-03-21 ~ 2023-04-20,2023-04-18,11839,25,707
상계역,2023-06-30,2023-03-21 ~ 2023-05-20,2023-04-18,11839,25,707
상계역,2023-06-30,2023-03-21 ~ 2023-05-20,2023-04-19,11862,23,730
상계역,2023-05-31,2023-03-21 ~ 2023-04-20,2023-04-19,11862,23,730
상계역,2023-06-30,2023-03-21 ~ 2023-05-20,2023-04-20,11890,28,758
상계역,2023-05-31,2023-03-21 ~ 2023-04-20,2023-04-20,11890,28,758
상계역,2023-06-30,2023-03-21 ~ 2023-05-20,2023-04-21,11917,27,785
상계역,2023-05-31,2023-03-21 ~ 2023-04-20,2023-04-21,11917,27,785
상계역,2023-06-30,2023-03-21 ~ 2023-05-20,2023-04-22,11945,28,813
상계역,2023-06-30,2023-03-21 ~ 2023-05-20,2023-04-23,11975,30,843
상계역,2023-06-30,2023-03-21 ~ 2023-05-20,2023-04-24,11999,24,867
상계역,2023-06-30,2023-03-21 ~ 2023-05-20,2023-04-25,12022,23,890
상계역,2023-06-30,2023-03-21 ~ 2023-05-20,2023-04-26,12048,26,916
상계역,2023-06-30,2023-03-21 ~ 2023-05-20,2023-04-27,12074,26,942
상계역,2023-06-30,2023-03-21 ~ 2023-05-20,2023-04-28,12102,28,970
상계역,2023-06-30,2023-03-21 ~ 2023-05-20,2023-04-29,12128,26,996
상계역,2023-06-30,2023-03-21 ~ 2023-05-20,2023-04-30,12148,20,1016
상계역,2023-06-30,2023-03-21 ~ 2023-05-20,2023-05-01,12172,24,1040
상계역,2023-06-30,2023-03-21 ~ 2023-05-20,2023-05-02,12196,24,1064
상계역,2023-06-30,2023-03-21 ~ 2023-05-20,2023-05-03,12222,26,1090
상계역,2023-06-30,2023-03-21 ~ 2023-05-20,2023-05-04,12245,23,1113
상계역,2023-06-30,2023-03-21 ~ 2023-05-20,2023-05-05,12268,23,1136
상계역,2023-06-30,2023-03-21 ~ 2023-05-20,2023-05-06,12287,19,1155
상계역,2023-06-30,2023-03-21 ~ 2023-05-20,2023-05-07,12305,18,1173
상계역,2023-06-30,2023-03-21 ~ 2023-05-20,2023-05-08,12328,23,1196
상계역,2023-06-30,2023-03-21 ~ 2023-05-20,2023-05-09,12353,25,1221
상계역,2023-06-30,2023-03-21 ~ 2023-05-20,2023-05-10,12382,29,1250
상계역,2023-06-30,2023-03-21 ~ 2023-05-20,2023-05-11,12407,25,1275
상계역,2023-06-30,2023-03-21 ~ 2023-05-20,2023-05-12,12432,25,1300
상계역,2023-06-30,2023-03-21 ~ 2023-05-20,2023-05-13,12462,30,1330
상계역,2023-06-30,2023-03-21 ~ 2023-05-20,2023-05-14,12492,30,1360
상계역,2023-06-30,2023-03-21 ~ 2023-05-20,2023-05-15,12515,23,1383
상계역,2023-06-30,2023-03-21 ~ 2023-05-20,2023-05-16,12540,25,1408
상계역,2023-06-30,2023-03-21 ~ 2023-05-20,2023-05-17,12566,26,1434
상계역,2023-06-30,2023-03-21 ~ 2023-05-20,2023-05-18,12590,24,1458
상계역,2023-06-30,2023-03-21 ~ 2023-05-20,2023-05-19,12618,28,1486
상계역,2023-06-30,2023-03-21 ~ 2023-05-20,2023-05-20,12646,28,1514
상계역,2023-06-30,2023-03-21 ~ 2023-05-20,2023-05-21,12676,30,1544
상계역,2023-07-31,2023-05-21 ~ 2023-06-20,2023-05-22,12702,26,26
상계역,2023-08-31,2023-05-21 ~ 2023-07-20,2023-05-22,12702,26,26
상계역,2023-07-31,2023-05-21 ~ 2023-06-20,2023-05-23,12731,29,55
상계역,2023-08-31,2023-05-21 ~ 2023-07-20,2023-05-23,12731,29,55
상계역,2023-07-31,2023-05-21 ~ 2023-06-20,2023-05-24,12759,28,83
상계역,2023-08-31,2023-05-21 ~ 2023-07-20,2023-05-24,12759,28,83
상계역,2023-07-31,2023-05-21 ~ 2023-06-20,2023-05-25,12787,28,111
상계역,2023-08-31,2023-05-21 ~ 2023-07-20,2023-05-25,12787,28,111
상계역,2023-07-31,2023-05-21 ~ 2023-06-20,2023-05-26,12814,27,138
상계역,2023-08-31,2023-05-21 ~ 2023-07-20,2023-05-26,12814,27,138
상계역,2023-07-31,2023-05-21 ~ 2023-06-20,2023-05-27,12843,29,167
상계역,2023-08-31,2023-05-21 ~ 2023-07-20,2023-05-27,12843,29,167
상계역,2023-08-31,2023-05-21 ~ 2023-07-20,2023-05-28,12866,23,190
상계역,2023-07-31,2023-05-21 ~ 2023-06-20,2023-05-28,12866,23,190
상계역,2023-08-31,2023-05-21 ~ 2023-07-20,2023-05-29,12883,17,207
상계역,2023-07-31,2023-05-21 ~ 2023-06-20,2023-05-29,12883,17,207
상계역,2023-07-31,2023-05-21 ~ 2023-06-20,2023-05-30,12905,22,229
상계역,2023-08-31,2023-05-21 ~ 2023-07-20,2023-05-30,12905,22,229
상계역,2023-08-31,2023-05-21 ~ 2023-07-20,2023-05-31,12936,31,260
상계역,2023-07-31,2023-05-21 ~ 2023-06-20,2023-05-31,12936,31,260
상계역,2023-08-31,2023-05-21 ~ 2023-07-20,2023-06-01,12961,25,285
상계역,2023-07-31,2023-05-21 ~ 2023-06-20,2023-06-01,12961,25,285
상계역,2023-08-31,2023-05-21 ~ 2023-07-20,2023-06-02,12987,26,311
상계역,2023-07-31,2023-05-21 ~ 2023-06-20,2023-06-02,12987,26,311
상계역,2023-08-31,2023-05-21 ~ 2023-07-20,2023-06-03,13014,27,338
상계역,2023-07-31,2023-05-21 ~ 2023-06-20,2023-06-03,13014,27,338
상계역,2023-08-31,2023-05-21 ~ 2023-07-20,2023-06-04,13043,29,367
상계역,2023-07-31,2023-05-21 ~ 2023-06-20,2023-06-04,13043,29,367
상계역,2023-08-31,2023-05-21 ~ 2023-07-20,2023-06-05,13065,22,389
상계역,2023-07-31,2023-05-21 ~ 2023-06-20,2023-06-05,13065,22,389
상계역,2023-08-31,2023-05-21 ~ 2023-07-20,2023-06-06,13091,26,415
상계역,2023-07-31,2023-05-21 ~ 2023-06-20,2023-06-06,13091,26,415
상계역,2023-08-31,2023-05-21 ~ 2023-07-20,2023-06-07,13120,29,444
상계역,2023-07-31,2023-05-21 ~ 2023-06-20,2023-06-07,13120,29,444
상계역,2023-07-31,2023-05-21 ~ 2023-06-20,2023-06-08,13150,30,474
상계역,2023-08-31,2023-05-21 ~ 2023-07-20,2023-06-08,13150,30,474
상계역,2023-08-31,2023-05-21 ~ 2023-07-20,2023-06-09,13179,29,503
상계역,2023-07-31,2023-05-21 ~ 2023-06-20,2023-06-09,13179,29,503
상계역,2023-07-31,2023-05-21 ~ 2023-06-20,2023-06-10,13207,28,531
상계역,2023-08-31,2023-05-21 ~ 2023-07-20,2023-06-10,13207,28,531
상계역,2023-07-31,2023-05-21 ~ 2023-06-20,2023-06-11,13231,24,555
상계역,2023-08-31,2023-05-21 ~ 2023-07-20,2023-06-11,13231,24,555
상계역,2023-08-31,2023-05-21 ~ 2023-07-20,2023-06-12,13252,21,576
상계역,2023-07-31,2023-05-21 ~ 2023-06-20,2023-06-12,13252,21,576
상계역,2023-07-31,2023-05-21 ~ 2023-06-20,2023-06-13,13277,25,601
상계역,2023-08-31,2023-05-21 ~ 2023-07-20,2023-06-13,13277,25,601
상계역,2023-07-31,2023-05-21 ~ 2023-06-20,2023-06-14,13302,25,626
상계역,2023-08-31,2023-05-21 ~ 2023-07-20,2023-06-14,13302,25,626
상계역,2023-07-31,2023-05-21 ~ 2023-06-20,2023-06-15,13327,25,651
상계역,2023-08-31,2023-05-21 ~ 2023-07-20,2023-06-15,13327,25,651
상계역,2023-08-31,2023-05-21 ~ 2023-07-20,2023-06-16,13354,27,678
상계역,2023-07-31,2023-05-21 ~ 2023-06-20,2023-06-16,13354,27,678
상계역,2023-08-31,2023-05-21 ~ 2023-07-20,2023-06-17,13380,26,704
상계역,2023-07-31,2023-05-21 ~ 2023-06-20,2023-06-17,13380,26,704
상계역,2023-07-31,2023-05-21 ~ 2023-06-20,2023-06-18,13406,26,730
상계역,2023-08-31,2023-05-21 ~ 2023-07-20,2023-06-18,13406,26,730
상계역,2023-07-31,2023-05-21 ~ 2023-06-20,2023-06-19,13429,23,753
상계역,2023-08-31,2023-05-21 ~ 2023-07-20,2023-06-19,13429,23,753
상계역,2023-08-31,2023-05-21 ~ 2023-07-20,2023-06-20,13450,21,774
상계역,2023-07-31,2023-05-21 ~ 2023-06-20,2023-06-20,13450,21,774
상계역,2023-07-31,2023-05-21 ~ 2023-06-20,2023-06-21,13478,28,802
상계역,2023-08-31,2023-05-21 ~ 2023-07-20,2023-06-21,13478,28,802
상계역,2023-08-31,2023-05-21 ~ 2023-07-20,2023-06-22,13509,31,833
상계역,2023-08-31,2023-05-21 ~ 2023-07-20,2023-06-23,13538,29,862
상계역,2023-08-31,2023-05-21 ~ 2023-07-20,2023-06-24,13567,29,891
상계역,2023-08-31,2023-05-21 ~ 2023-07-20,2023-06-25,13592,25,916
상계역,2023-08-31,2023-05-21 ~ 2023-07-20,2023-06-26,13612,20,936
상계역,2023-08-31,2023-05-21 ~ 2023-07-20,2023-06-27,13636,24,960
상계역,2023-08-31,2023-05-21 ~ 2023-07-20,2023-06-28,13660,24,984
상계역,2023-08-31,2023-05-21 ~ 2023-07-20,2023-06-29,13684,24,1008
상계역,2023-08-31,2023-05-21 ~ 2023-07-20,2023-06-30,13706,22,1030
상계역,2023-08-31,2023-05-21 ~ 2023-07-20,2023-07-01,13731,25,1055
상계역,2023-08-31,2023-05-21 ~ 2023-07-20,2023-07-02,13755,24,1079
상계역,2023-08-31,2023-05-21 ~ 2023-07-20,2023-07-03,13774,19,1098
상계역,2023-08-31,2023-05-21 ~ 2023-07-20,2023-07-04,13799,25,1123
상계역,2023-08-31,2023-05-21 ~ 2023-07-20,2023-07-05,13822,23,1146
상계역,2023-08-31,2023-05-21 ~ 2023-07-20,2023-07-06,13848,26,1172
상계역,2023-08-31,2023-05-21 ~ 2023-07-20,2023-07-07,13876,28,1200
상계역,2023-08-31,2023-05-21 ~ 2023-07-20,2023-07-08,13904,28,1228
상계역,2023-08-31,2023-05-21 ~ 2023-07-20,2023-07-09,13931,27,1255
상계역,2023-08-31,2023-05-21 ~ 2023-07-20,2023-07-10,13951,20,1275
상계역,2023-08-31,2023-05-21 ~ 2023-07-20,2023-07-11,13976,25,1300
상계역,2023-08-31,2023-05-21 ~ 2023-07-20,2023-07-12,13997,21,1321
상계역,2023-08-31,2023-05-21 ~ 2023-07-20,2023-07-13,14025,28,1349
상계역,2023-08-31,2023-05-21 ~ 2023-07-20,2023-07-14,14047,22,1371
상계역,2023-08-31,2023-05-21 ~ 2023-07-20,2023-07-15,14070,23,1394
상계역,2023-08-31,2023-05-21 ~ 2023-07-20,2023-07-16,14093,23,1417
상계역,2023-08-31,2023-05-21 ~ 2023-07-20,2023-07-17,14113,20,1437
상계역,2023-08-31,2023-05-21 ~ 2023-07-20,2023-07-18,14137,24,1461
상계역,2023-08-31,2023-05-21 ~ 2023-07-20,2023-07-19,14161,24,1485
상계역,2023-08-31,2023-05-21 ~ 2023-07-20,2023-07-20,14188,27,1512
상계역,2023-08-31,2023-05-21 ~ 2023-07-20,2023-07-21,14214,26,1538
상계역,2023-10-31,2023-07-21 ~ 2023-09-20,2023-07-22,14241,27,27
상계역,2023-09-30,2023-07-21 ~ 2023-08-20,2023-07-22,14241,27,27
상계역,2023-10-31,2023-07-21 ~ 2023-09-20,2023-07-23,14261,20,47
상계역,2023-09-30,2023-07-21 ~ 2023-08-20,2023-07-23,14261,20,47
상계역,2023-09-30,2023-07-21 ~ 2023-08-20,2023-07-24,14278,17,64
상계역,2023-10-31,2023-07-21 ~ 2023-09-20,2023-07-24,14278,17,64
상계역,2023-10-31,2023-07-21 ~ 2023-09-20,2023-07-25,14299,21,85
상계역,2023-09-30,2023-07-21 ~ 2023-08-20,2023-07-25,14299,21,85
상계역,2023-09-30,2023-07-21 ~ 2023-08-20,2023-07-26,14324,25,110
상계역,2023-10-31,2023-07-21 ~ 2023-09-20,2023-07-26,14324,25,110
상계역,2023-09-30,2023-07-21 ~ 2023-08-20,2023-07-27,14347,23,133
상계역,2023-10-31,2023-07-21 ~ 2023-09-20,2023-07-27,14347,23,133
상계역,2023-09-30,2023-07-21 ~ 2023-08-20,2023-07-28,14371,24,157
상계역,2023-10-31,2023-07-21 ~ 2023-09-20,2023-07-28,14371,24,157
상계역,2023-09-30,2023-07-21 ~ 2023-08-20,2023-07-29,14397,26,183
상계역,2023-10-31,2023-07-21 ~ 2023-09-20,2023-07-29,14397,26,183
상계역,2023-09-30,2023-07-21 ~ 2023-08-20,2023-07-30,14419,22,205
상계역,2023-10-31,2023-07-21 ~ 2023-09-20,2023-07-30,14419,22,205
상계역,2023-09-30,2023-07-21 ~ 2023-08-20,2023-07-31,14437,18,223
상계역,2023-10-31,2023-07-21 ~ 2023-09-20,2023-07-31,14437,18,223
상계역,2023-10-31,2023-07-21 ~ 2023-09-20,2023-08-01,14459,22,245
상계역,2023-09-30,2023-07-21 ~ 2023-08-20,2023-08-01,14459,22,245
상계역,2023-09-30,2023-07-21 ~ 2023-08-20,2023-08-02,14481,22,267
상계역,2023-10-31,2023-07-21 ~ 2023-09-20,2023-08-02,14481,22,267
상계역,2023-09-30,2023-07-21 ~ 2023-08-20,2023-08-03,14502,21,288
상계역,2023-10-31,2023-07-21 ~ 2023-09-20,2023-08-03,14502,21,288
상계역,2023-10-31,2023-07-21 ~ 2023-09-20,2023-08-04,14533,31,319
상계역,2023-09-30,2023-07-21 ~ 2023-08-20,2023-08-04,14533,31,319
상계역,2023-10-31,2023-07-21 ~ 2023-09-20,2023-08-05,14559,26,345
상계역,2023-09-30,2023-07-21 ~ 2023-08-20,2023-08-05,14559,26,345
상계역,2023-10-31,2023-07-21 ~ 2023-09-20,2023-08-06,14580,21,366
상계역,2023-09-30,2023-07-21 ~ 2023-08-20,2023-08-06,14580,21,366
상계역,2023-09-30,2023-07-21 ~ 2023-08-20,2023-08-07,14600,20,386
상계역,2023-10-31,2023-07-21 ~ 2023-09-20,2023-08-07,14600,20,386
상계역,2023-10-31,2023-07-21 ~ 2023-09-20,2023-08-08,14625,25,411
상계역,2023-09-30,2023-07-21 ~ 2023-08-20,2023-08-08,14625,25,411
상계역,2023-10-31,2023-07-21 ~ 2023-09-20,2023-08-09,14646,21,432
상계역,2023-09-30,2023-07-21 ~ 2023-08-20,2023-08-09,14646,21,432
상계역,2023-09-30,2023-07-21 ~ 2023-08-20,2023-08-10,14668,22,454
상계역,2023-10-31,2023-07-21 ~ 2023-09-20,2023-08-10,14668,22,454
상계역,2023-09-30,2023-07-21 ~ 2023-08-20,2023-08-11,14689,21,475
상계역,2023-10-31,2023-07-21 ~ 2023-09-20,2023-08-11,14689,21,475
상계역,2023-10-31,2023-07-21 ~ 2023-09-20,2023-08-12,14714,25,500
상계역,2023-09-30,2023-07-21 ~ 2023-08-20,2023-08-12,14714,25,500
상계역,2023-09-30,2023-07-21 ~ 2023-08-20,2023-08-13,14738,24,524
상계역,2023-10-31,2023-07-21 ~ 2023-09-20,2023-08-13,14738,24,524
상계역,2023-09-30,2023-07-21 ~ 2023-08-20,2023-08-14,14756,18,542
상계역,2023-10-31,2023-07-21 ~ 2023-09-20,2023-08-14,14756,18,542
상계역,2023-09-30,2023-07-21 ~ 2023-08-20,2023-08-15,14780,24,566
상계역,2023-10-31,2023-07-21 ~ 2023-09-20,2023-08-15,14780,24,566
상계역,2023-09-30,2023-07-21 ~ 2023-08-20,2023-08-16,14806,26,592
상계역,2023-10-31,2023-07-21 ~ 2023-09-20,2023-08-16,14806,26,592
상계역,2023-10-31,2023-07-21 ~ 2023-09-20,2023-08-17,14829,23,615
상계역,2023-09-30,2023-07-21 ~ 2023-08-20,2023-08-17,14829,23,615
상계역,2023-09-30,2023-07-21 ~ 2023-08-20,2023-08-18,14853,24,639
상계역,2023-10-31,2023-07-21 ~ 2023-09-20,2023-08-18,14853,24,639
상계역,2023-10-31,2023-07-21 ~ 2023-09-20,2023-08-19,14878,25,664
상계역,2023-09-30,2023-07-21 ~ 2023-08-20,2023-08-19,14878,25,664
상계역,2023-10-31,2023-07-21 ~ 2023-09-20,2023-08-20,14902,24,688
상계역,2023-09-30,2023-07-21 ~ 2023-08-20,2023-08-20,14902,24,688
상계역,2023-10-31,2023-07-21 ~ 2023-09-20,2023-08-21,14925,23,711
상계역,2023-09-30,2023-07-21 ~ 2023-08-20,2023-08-21,14925,23,711
상계역,2023-10-31,2023-07-21 ~ 2023-09-20,2023-08-22,14952,27,738
상계역,2023-10-31,2023-07-21 ~ 2023-09-20,2023-08-23,14980,28,766
상계역,2023-10-31,2023-07-21 ~ 2023-09-20,2023-08-24,15005,25,791
상계역,2023-10-31,2023-07-21 ~ 2023-09-20,2023-08-25,15032,27,818
상계역,2023-10-31,2023-07-21 ~ 2023-09-20,2023-08-26,15058,26,844
상계역,2023-10-31,2023-07-21 ~ 2023-09-20,2023-08-27,15083,25,869
상계역,2023-10-31,2023-07-21 ~ 2023-09-20,2023-08-28,15104,21,890
상계역,2023-10-31,2023-07-21 ~ 2023-09-20,2023-08-29,15128,24,914
상계역,2023-10-31,2023-07-21 ~ 2023-09-20,2023-08-30,15151,23,937
상계역,2023-10-31,2023-07-21 ~ 2023-09-20,2023-08-31,15179,28,965
상계역,2023-10-31,2023-07-21 ~ 2023-09-20,2023-09-01,15205,26,991
상계역,2023-10-31,2023-07-21 ~ 2023-09-20,2023-09-02,15232,27,1018
상계역,2023-10-31,2023-07-21 ~ 2023-09-20,2023-09-03,15260,28,1046
상계역,2023-10-31,2023-07-21 ~ 2023-09-20,2023-09-04,15280,20,1066
상계역,2023-10-31,2023-07-21 ~ 2023-09-20,2023-09-05,15306,26,1092
상계역,2023-10-31,2023-07-21 ~ 2023-09-20,2023-09-06,15328,22,1114
상계역,2023-10-31,2023-07-21 ~ 2023-09-20,2023-09-07,15355,27,1141
상계역,2023-10-31,2023-07-21 ~ 2023-09-20,2023-09-08,15385,30,1171
상계역,2023-10-31,2023-07-21 ~ 2023-09-20,2023-09-09,15413,28,1199
상계역,2023-10-31,2023-07-21 ~ 2023-09-20,2023-09-10,15441,28,1227
상계역,2023-10-31,2023-07-21 ~ 2023-09-20,2023-09-11,15463,22,1249
상계역,2023-10-31,2023-07-21 ~ 2023-09-20,2023-09-12,15490,27,1276
상계역,2023-10-31,2023-07-21 ~ 2023-09-20,2023-09-13,15516,26,1302
상계역,2023-10-31,2023-07-21 ~ 2023-09-20,2023-09-14,15542,26,1328
상계역,2023-10-31,2023-07-21 ~ 2023-09-20,2023-09-15,15569,27,1355
상계역,2023-10-31,2023-07-21 ~ 2023-09-20,2023-09-16,15594,25,1380
상계역,2023-10-31,2023-07-21 ~ 2023-09-20,2023-09-17,15619,25,1405
상계역,2023-10-31,2023-07-21 ~ 2023-09-20,2023-09-18,15639,20,1425
상계역,2023-10-31,2023-07-21 ~ 2023-09-20,2023-09-19,15663,24,1449
상계역,2023-10-31,2023-07-21 ~ 2023-09-20,2023-09-20,15689,26,1475
상계역,2023-10-31,2023-07-21 ~ 2023-09-20,2023-09-21,15713,24,1499
상계역,2023-12-31,2023-09-21 ~ 2023-11-20,2023-09-22,15740,27,27
상계역,2023-11-30,2023-09-21 ~ 2023-10-20,2023-09-22,15740,27,27
상계역,2023-11-30,2023-09-21 ~ 2023-10-20,2023-09-23,15769,29,56
상계역,2023-12-31,2023-09-21 ~ 2023-11-20,2023-09-23,15769,29,56
상계역,2023-11-30,2023-09-21 ~ 2023-10-20,2023-09-24,15794,25,81
상계역,2023-12-31,2023-09-21 ~ 2023-11-20,2023-09-24,15794,25,81
상계역,2023-11-30,2023-09-21 ~ 2023-10-20,2023-09-25,15816,22,103
상계역,2023-12-31,2023-09-21 ~ 2023-11-20,2023-09-25,15816,22,103
상계역,2023-11-30,2023-09-21 ~ 2023-10-20,2023-09-26,15841,25,128
상계역,2023-12-31,2023-09-21 ~ 2023-11-20,2023-09-26,15841,25,128
상계역,2023-11-30,2023-09-21 ~ 2023-10-20,2023-09-27,15864,23,151
상계역,2023-12-31,2023-09-21 ~ 2023-11-20,2023-09-27,15864,23,151
상계역,2023-11-30,2023-09-21 ~ 2023-10-20,2023-09-28,15891,27,178
상계역,2023-12-31,2023-09-21 ~ 2023-11-20,2023-09-28,15891,27,178
상계역,2023-11-30,2023-09-21 ~ 2023-10-20,2023-09-29,15909,18,196
상계역,2023-12-31,2023-09-21 ~ 2023-11-20,2023-09-29,15909,18,196
상계역,2023-12-31,2023-09-21 ~ 2023-11-20,2023-09-30,15923,14,210
상계역,2023-11-30,2023-09-21 ~ 2023-10-20,2023-09-30,15923,14,210
상계역,2023-12-31,2023-09-21 ~ 2023-11-20,2023-10-01,15941,18,228
상계역,2023-11-30,2023-09-21 ~ 2023-10-20,2023-10-01,15941,18,228
상계역,2023-11-30,2023-09-21 ~ 2023-10-20,2023-10-02,15964,23,251
상계역,2023-12-31,2023-09-21 ~ 2023-11-20,2023-10-02,15964,23,251
상계역,2023-12-31,2023-09-21 ~ 2023-11-20,2023-10-03,15986,22,273
상계역,2023-11-30,2023-09-21 ~ 2023-10-20,2023-10-03,15986,22,273
상계역,2023-12-31,2023-09-21 ~ 2023-11-20,2023-10-04,16008,22,295
상계역,2023-11-30,2023-09-21 ~ 2023-10-20,2023-10-04,16008,22,295
상계역,2023-11-30,2023-09-21 ~ 2023-10-20,2023-10-05,16031,23,318
상계역,2023-12-31,2023-09-21 ~ 2023-11-20,2023-10-05,16031,23,318
상계역,2023-11-30,2023-09-21 ~ 2023-10-20,2023-10-06,16062,31,349
상계역,2023-12-31,2023-09-21 ~ 2023-11-20,2023-10-06,16062,31,349
상계역,2023-11-30,2023-09-21 ~ 2023-10-20,2023-10-07,16091,29,378
상계역,2023-12-31,2023-09-21 ~ 2023-11-20,2023-10-07,16091,29,378
상계역,2023-12-31,2023-09-21 ~ 2023-11-20,2023-10-08,16122,31,409
상계역,2023-11-30,2023-09-21 ~ 2023-10-20,2023-10-08,16122,31,409
상계역,2023-12-31,2023-09-21 ~ 2023-11-20,2023-10-09,16150,28,437
상계역,2023-11-30,2023-09-21 ~ 2023-10-20,2023-10-09,16150,28,437
상계역,2023-12-31,2023-09-21 ~ 2023-11-20,2023-10-10,16170,20,457
상계역,2023-11-30,2023-09-21 ~ 2023-10-20,2023-10-10,16170,20,457
상계역,2023-12-31,2023-09-21 ~ 2023-11-20,2023-10-11,16196,26,483
상계역,2023-11-30,2023-09-21 ~ 2023-10-20,2023-10-11,16196,26,483
상계역,2023-12-31,2023-09-21 ~ 2023-11-20,2023-10-12,16220,24,507
상계역,2023-11-30,2023-09-21 ~ 2023-10-20,2023-10-12,16220,24,507
상계역,2023-11-30,2023-09-21 ~ 2023-10-20,2023-10-13,16247,27,534
상계역,2023-12-31,2023-09-21 ~ 2023-11-20,2023-10-13,16247,27,534
상계역,2023-11-30,2023-09-21 ~ 2023-10-20,2023-10-14,16274,27,561
상계역,2023-12-31,2023-09-21 ~ 2023-11-20,2023-10-14,16274,27,561
상계역,2023-11-30,2023-09-21 ~ 2023-10-20,2023-10-15,16297,23,584
상계역,2023-12-31,2023-09-21 ~ 2023-11-20,2023-10-15,16297,23,584
상계역,2023-11-30,2023-09-21 ~ 2023-10-20,2023-10-16,16319,22,606
상계역,2023-12-31,2023-09-21 ~ 2023-11-20,2023-10-16,16319,22,606
상계역,2023-12-31,2023-09-21 ~ 2023-11-20,2023-10-17,16345,26,632
상계역,2023-11-30,2023-09-21 ~ 2023-10-20,2023-10-17,16345,26,632
상계역,2023-11-30,2023-09-21 ~ 2023-10-20,2023-10-18,16371,26,658
상계역,2023-12-31,2023-09-21 ~ 2023-11-20,2023-10-18,16371,26,658
상계역,2023-11-30,2023-09-21 ~ 2023-10-20,2023-10-19,16398,27,685
상계역,2023-12-31,2023-09-21 ~ 2023-11-20,2023-10-19,16398,27,685
상계역,2023-12-31,2023-09-21 ~ 2023-11-20,2023-10-20,16422,24,709
상계역,2023-11-30,2023-09-21 ~ 2023-10-20,2023-10-20,16422,24,709
상계역,2023-11-30,2023-09-21 ~ 2023-10-20,2023-10-21,16450,28,737
상계역,2023-12-31,2023-09-21 ~ 2023-11-20,2023-10-21,16450,28,737
상계역,2023-12-31,2023-09-21 ~ 2023-11-20,2023-10-22,16477,27,764
상계역,2023-12-31,2023-09-21 ~ 2023-11-20,2023-10-23,16500,23,787
상계역,2023-12-31,2023-09-21 ~ 2023-11-20,2023-10-24,16525,25,812
상계역,2023-12-31,2023-09-21 ~ 2023-11-20,2023-10-25,16553,28,840
상계역,2023-12-31,2023-09-21 ~ 2023-11-20,2023-10-26,16580,27,867
상계역,2023-12-31,2023-09-21 ~ 2023-11-20,2023-10-27,16606,26,893
상계역,2023-12-31,2023-09-21 ~ 2023-11-20,2023-10-28,16632,26,919
상계역,2023-12-31,2023-09-21 ~ 2023-11-20,2023-10-29,16659,27,946
상계역,2023-12-31,2023-09-21 ~ 2023-11-20,2023-10-30,16682,23,969
상계역,2023-12-31,2023-09-21 ~ 2023-11-20,2023-10-31,16708,26,995
상계역,2023-12-31,2023-09-21 ~ 2023-11-20,2023-11-01,16733,25,1020
상계역,2023-12-31,2023-09-21 ~ 2023-11-20,2023-11-02,16758,25,1045
상계역,2023-12-31,2023-09-21 ~ 2023-11-20,2023-11-03,16785,27,1072
상계역,2023-12-31,2023-09-21 ~ 2023-11-20,2023-11-04,16810,25,1097
상계역,2023-12-31,2023-09-21 ~ 2023-11-20,2023-11-05,16835,25,1122
상계역,2023-12-31,2023-09-21 ~ 2023-11-20,2023-11-06,16853,18,1140
상계역,2023-12-31,2023-09-21 ~ 2023-11-20,2023-11-07,16876,23,1163
상계역,2023-12-31,2023-09-21 ~ 2023-11-20,2023-11-08,16901,25,1188
상계역,2023-12-31,2023-09-21 ~ 2023-11-20,2023-11-09,16926,25,1213
상계역,2023-12-31,2023-09-21 ~ 2023-11-20,2023-11-10,16948,22,1235
상계역,2023-12-31,2023-09-21 ~ 2023-11-20,2023-11-11,16973,25,1260
상계역,2023-12-31,2023-09-21 ~ 2023-11-20,2023-11-12,16997,24,1284
상계역,2023-12-31,2023-09-21 ~ 2023-11-20,2023-11-13,17016,19,1303
상계역,2023-12-31,2023-09-21 ~ 2023-11-20,2023-11-14,17036,20,1323
상계역,2023-12-31,2023-09-21 ~ 2023-11-20,2023-11-15,17059,23,1346
상계역,2023-12-31,2023-09-21 ~ 2023-11-20,2023-11-16,17084,25,1371
상계역,2023-12-31,2023-09-21 ~ 2023-11-20,2023-11-17,17103,19,1390
상계역,2023-12-31,2023-09-21 ~ 2023-11-20,2023-11-18,17130,27,1417
상계역,2023-12-31,2023-09-21 ~ 2023-11-20,2023-11-19,17153,23,1440
상계역,2023-12-31,2023-09-21 ~ 2023-11-20,2023-11-20,17172,19,1459
상계역,2023-12-31,2023-09-21 ~ 2023-11-20,2023-11-21,17194,22,1481
상계역,2024-02-29,2023-11-21 ~ 2024-01-20,2023-11-22,17221,27,27
상계역,2024-01-31,2023-11-21 ~ 2023-12-20,2023-11-22,17221,27,27
상계역,2024-01-31,2023-11-21 ~ 2023-12-20,2023-11-23,17244,23,50
상계역,2024-02-29,2023-11-21 ~ 2024-01-20,2023-11-23,17244,23,50
상계역,2024-01-31,2023-11-21 ~ 2023-12-20,2023-11-24,17268,24,74
상계역,2024-02-29,2023-11-21 ~ 2024-01-20,2023-11-24,17268,24,74
상계역,2024-01-31,2023-11-21 ~ 2023-12-20,2023-11-25,17290,22,96
상계역,2024-02-29,2023-11-21 ~ 2024-01-20,2023-11-25,17290,22,96
상계역,2024-02-29,2023-11-21 ~ 2024-01-20,2023-11-26,17312,22,118
상계역,2024-01-31,2023-11-21 ~ 2023-12-20,2023-11-26,17312,22,118
상계역,2024-01-31,2023-11-21 ~ 2023-12-20,2023-11-27,17330,18,136
상계역,2024-02-29,2023-11-21 ~ 2024-01-20,2023-11-27,17330,18,136
상계역,2024-01-31,2023-11-21 ~ 2023-12-20,2023-11-28,17351,21,157
상계역,2024-02-29,2023-11-21 ~ 2024-01-20,2023-11-28,17351,21,157
상계역,2024-01-31,2023-11-21 ~ 2023-12-20,2023-11-29,17374,23,180
상계역,2024-02-29,2023-11-21 ~ 2024-01-20,2023-11-29,17374,23,180
상계역,2024-02-29,2023-11-21 ~ 2024-01-20,2023-11-30,17397,23,203
상계역,2024-01-31,2023-11-21 ~ 2023-12-20,2023-11-30,17397,23,203
상계역,2024-02-29,2023-11-21 ~ 2024-01-20,2023-12-01,17419,22,225
상계역,2024-01-31,2023-11-21 ~ 2023-12-20,2023-12-01,17419,22,225
상계역,2024-01-31,2023-11-21 ~ 2023-12-20,2023-12-02,17441,22,247
상계역,2024-02-29,2023-11-21 ~ 2024-01-20,2023-12-02,17441,22,247
상계역,2024-02-29,2023-11-21 ~ 2024-01-20,2023-12-03,17461,20,267
상계역,2024-01-31,2023-11-21 ~ 2023-12-20,2023-12-03,17461,20,267
상계역,2024-02-29,2023-11-21 ~ 2024-01-20,2023-12-04,17479,18,285
상계역,2024-01-31,2023-11-21 ~ 2023-12-20,2023-12-04,17479,18,285
상계역,2024-02-29,2023-11-21 ~ 2024-01-20,2023-12-05,17500,21,306
상계역,2024-01-31,2023-11-21 ~ 2023-12-20,2023-12-05,17500,21,306
상계역,2024-01-31,2023-11-21 ~ 2023-12-20,2023-12-06,17523,23,329
상계역,2024-02-29,2023-11-21 ~ 2024-01-20,2023-12-06,17523,23,329
상계역,2024-02-29,2023-11-21 ~ 2024-01-20,2023-12-07,17549,26,355
상계역,2024-01-31,2023-11-21 ~ 2023-12-20,2023-12-07,17549,26,355
상계역,2024-02-29,2023-11-21 ~ 2024-01-20,2023-12-08,17572,23,378
상계역,2024-01-31,2023-11-21 ~ 2023-12-20,2023-12-08,17572,23,378
상계역,2024-02-29,2023-11-21 ~ 2024-01-20,2023-12-09,17595,23,401
상계역,2024-01-31,2023-11-21 ~ 2023-12-20,2023-12-09,17595,23,401
상계역,2024-01-31,2023-11-21 ~ 2023-12-20,2023-12-10,17618,23,424
상계역,2024-02-29,2023-11-21 ~ 2024-01-20,2023-12-10,17618,23,424
상계역,2024-01-31,2023-11-21 ~ 2023-12-20,2023-12-11,17638,20,444
상계역,2024-02-29,2023-11-21 ~ 2024-01-20,2023-12-11,17638,20,444
상계역,2024-01-31,2023-11-21 ~ 2023-12-20,2023-12-12,17659,21,465
상계역,2024-02-29,2023-11-21 ~ 2024-01-20,2023-12-12,17659,21,465
상계역,2024-01-31,2023-11-21 ~ 2023-12-20,2023-12-13,17682,23,488
상계역,2024-02-29,2023-11-21 ~ 2024-01-20,2023-12-13,17682,23,488
상계역,2024-01-31,2023-11-21 ~ 2023-12-20,2023-12-14,17705,23,511
상계역,2024-02-29,2023-11-21 ~ 2024-01-20,2023-12-14,17705,23,511
상계역,2024-01-31,2023-11-21 ~ 2023-12-20,2023-12-15,17727,22,533
상계역,2024-02-29,2023-11-21 ~ 2024-01-20,2023-12-15,17727,22,533
상계역,2024-01-31,2023-11-21 ~ 2023-12-20,2023-12-16,17750,23,556
상계역,2024-02-29,2023-11-21 ~ 2024-01-20,2023-12-16,17750,23,556
상계역,2024-02-29,2023-11-21 ~ 2024-01-20,2023-12-17,17773,23,579
상계역,2024-01-31,2023-11-21 ~ 2023-12-20,2023-12-17,17773,23,579
상계역,2024-02-29,2023-11-21 ~ 2024-01-20,2023-12-18,17787,14,593
상계역,2024-01-31,2023-11-21 ~ 2023-12-20,2023-12-18,17787,14,593
상계역,2024-01-31,2023-11-21 ~ 2023-12-20,2023-12-19,17807,20,613
상계역,2024-02-29,2023-11-21 ~ 2024-01-20,2023-12-19,17807,20,613
상계역,2024-01-31,2023-11-21 ~ 2023-12-20,2023-12-20,17828,21,634
상계역,2024-02-29,2023-11-21 ~ 2024-01-20,2023-12-20,17828,21,634
상계역,2024-01-31,2023-11-21 ~ 2023-12-20,2023-12-21,17848,20,654
상계역,2024-02-29,2023-11-21 ~ 2024-01-20,2023-12-21,17848,20,654
상계역,2024-02-29,2023-11-21 ~ 2024-01-20,2023-12-22,17867,19,673
상계역,2024-02-29,2023-11-21 ~ 2024-01-20,2023-12-23,17888,21,694
상계역,2024-02-29,2023-11-21 ~ 2024-01-20,2023-12-24,17909,21,715
상계역,2024-02-29,2023-11-21 ~ 2024-01-20,2023-12-25,17928,19,734
상계역,2024-02-29,2023-11-21 ~ 2024-01-20,2023-12-26,17944,16,750
상계역,2024-02-29,2023-11-21 ~ 2024-01-20,2023-12-27,17965,21,771
상계역,2024-02-29,2023-11-21 ~ 2024-01-20,2023-12-28,17987,22,793
상계역,2024-02-29,2023-11-21 ~ 2024-01-20,2023-12-29,18009,22,815
상계역,2024-02-29,2023-11-21 ~ 2024-01-20,2023-12-30,18040,31,846
상계역,2024-02-29,2023-11-21 ~ 2024-01-20,2023-12-31,18099,59,905
상계역,2024-02-29,2023-11-21 ~ 2024-01-20,2024-01-01,18157,58,963
상계역,2024-02-29,2023-11-21 ~ 2024-01-20,2024-01-02,18214,57,1020
상계역,2024-02-29,2023-11-21 ~ 2024-01-20,2024-01-03,18258,44,1064
상계역,2024-02-29,2023-11-21 ~ 2024-01-20,2024-01-04,18278,20,1084
상계역,2024-02-29,2023-11-21 ~ 2024-01-20,2024-01-05,18298,20,1104
상계역,2024-02-29,2023-11-21 ~ 2024-01-20,2024-01-06,18320,22,1126
상계역,2024-02-29,2023-11-21 ~ 2024-01-20,2024-01-07,18343,23,1149
상계역,2024-02-29,2023-11-21 ~ 2024-01-20,2024-01-08,18359,16,1165
상계역,2024-02-29,2023-11-21 ~ 2024-01-20,2024-01-09,18379,20,1185
상계역,2024-02-29,2023-11-21 ~ 2024-01-20,2024-01-10,18399,20,1205
상계역,2024-02-29,2023-11-21 ~ 2024-01-20,2024-01-11,18423,24,1229
상계역,2024-02-29,2023-11-21 ~ 2024-01-20,2024-01-12,18444,21,1250
상계역,2024-02-29,2023-11-21 ~ 2024-01-20,2024-01-13,18465,21,1271
상계역,2024-02-29,2023-11-21 ~ 2024-01-20,2024-01-14,18490,25,1296
상계역,2024-02-29,2023-11-21 ~ 2024-01-20,2024-01-15,18505,15,1311
상계역,2024-02-29,2023-11-21 ~ 2024-01-20,2024-01-16,18525,20,1331
상계역,2024-02-29,2023-11-21 ~ 2024-01-20,2024-01-17,18544,19,1350
상계역,2024-02-29,2023-11-21 ~ 2024-01-20,2024-01-18,18563,19,1369
상계역,2024-02-29,2023-11-21 ~ 2024-01-20,2024-01-19,18584,21,1390
상계역,2024-02-29,2023-11-21 ~ 2024-01-20,2024-01-20,18605,21,1411
상계역,2024-02-29,2023-11-21 ~ 2024-01-20,2024-01-21,18626,21,1432
상계역,2024-03-31,2024-01-21 ~ 2024-02-20,2024-01-22,18642,16,16
상계역,2024-04-30,2024-01-21 ~ 2024-03-20,2024-01-22,18642,16,16
상계역,2024-03-31,2024-01-21 ~ 2024-02-20,2024-01-23,18662,20,36
상계역,2024-04-30,2024-01-21 ~ 2024-03-20,2024-01-23,18662,20,36
상계역,2024-03-31,2024-01-21 ~ 2024-02-20,2024-01-24,18686,24,60
상계역,2024-04-30,2024-01-21 ~ 2024-03-20,2024-01-24,18686,24,60
상계역,2024-03-31,2024-01-21 ~ 2024-02-20,2024-01-25,18709,23,83
상계역,2024-04-30,2024-01-21 ~ 2024-03-20,2024-01-25,18709,23,83
상계역,2024-03-31,2024-01-21 ~ 2024-02-20,2024-01-26,18729,20,103
상계역,2024-04-30,2024-01-21 ~ 2024-03-20,2024-01-26,18729,20,103
상계역,2024-04-30,2024-01-21 ~ 2024-03-20,2024-01-27,18751,22,125
상계역,2024-03-31,2024-01-21 ~ 2024-02-20,2024-01-27,18751,22,125
상계역,2024-04-30,2024-01-21 ~ 2024-03-20,2024-01-28,18775,24,149
상계역,2024-03-31,2024-01-21 ~ 2024-02-20,2024-01-28,18775,24,149
상계역,2024-04-30,2024-01-21 ~ 2024-03-20,2024-01-29,18794,19,168
상계역,2024-03-31,2024-01-21 ~ 2024-02-20,2024-01-29,18794,19,168
상계역,2024-04-30,2024-01-21 ~ 2024-03-20,2024-01-30,18818,24,192
상계역,2024-03-31,2024-01-21 ~ 2024-02-20,2024-01-30,18818,24,192
상계역,2024-04-30,2024-01-21 ~ 2024-03-20,2024-01-31,18841,23,215
상계역,2024-03-31,2024-01-21 ~ 2024-02-20,2024-01-31,18841,23,215
상계역,2024-03-31,2024-01-21 ~ 2024-02-20,2024-02-01,18864,23,238
상계역,2024-04-30,2024-01-21 ~ 2024-03-20,2024-02-01,18864,23,238
상계역,2024-03-31,2024-01-21 ~ 2024-02-20,2024-02-02,18885,21,259
상계역,2024-04-30,2024-01-21 ~ 2024-03-20,2024-02-02,18885,21,259
상계역,2024-04-30,2024-01-21 ~ 2024-03-20,2024-02-03,18908,23,282
상계역,2024-03-31,2024-01-21 ~ 2024-02-20,2024-02-03,18908,23,282
상계역,2024-04-30,2024-01-21 ~ 2024-03-20,2024-02-04,18928,20,302
상계역,2024-03-31,2024-01-21 ~ 2024-02-20,2024-02-04,18928,20,302
상계역,2024-04-30,2024-01-21 ~ 2024-03-20,2024-02-05,18947,19,321
상계역,2024-03-31,2024-01-21 ~ 2024-02-20,2024-02-05,18947,19,321
상계역,2024-04-30,2024-01-21 ~ 2024-03-20,2024-02-06,18969,22,343
상계역,2024-03-31,2024-01-21 ~ 2024-02-20,2024-02-06,18969,22,343
상계역,2024-03-31,2024-01-21 ~ 2024-02-20,2024-02-07,18992,23,366
상계역,2024-04-30,2024-01-21 ~ 2024-03-20,2024-02-07,18992,23,366
상계역,2024-04-30,2024-01-21 ~ 2024-03-20,2024-02-08,19013,21,387
상계역,2024-03-31,2024-01-21 ~ 2024-02-20,2024-02-08,19013,21,387
상계역,2024-04-30,2024-01-21 ~ 2024-03-20,2024-02-09,19032,19,406
상계역,2024-03-31,2024-01-21 ~ 2024-02-20,2024-02-09,19032,19,406
상계역,2024-03-31,2024-01-21 ~ 2024-02-20,2024-02-10,19044,12,418
상계역,2024-04-30,2024-01-21 ~ 2024-03-20,2024-02-10,19044,12,418
상계역,2024-03-31,2024-01-21 ~ 2024-02-20,2024-02-11,19058,14,432
상계역,2024-04-30,2024-01-21 ~ 2024-03-20,2024-02-11,19058,14,432
상계역,2024-03-31,2024-01-21 ~ 2024-02-20,2024-02-12,19072,14,446
상계역,2024-04-30,2024-01-21 ~ 2024-03-20,2024-02-12,19072,14,446
상계역,2024-03-31,2024-01-21 ~ 2024-02-20,2024-02-13,19089,17,463
상계역,2024-04-30,2024-01-21 ~ 2024-03-20,2024-02-13,19089,17,463
상계역,2024-04-30,2024-01-21 ~ 2024-03-20,2024-02-14,19109,20,483
상계역,2024-03-31,2024-01-21 ~ 2024-02-20,2024-02-14,19109,20,483
상계역,2024-04-30,2024-01-21 ~ 2024-03-20,2024-02-15,19130,21,504
상계역,2024-03-31,2024-01-21 ~ 2024-02-20,2024-02-15,19130,21,504
상계역,2024-03-31,2024-01-21 ~ 2024-02-20,2024-02-16,19151,21,525
상계역,2024-04-30,2024-01-21 ~ 2024-03-20,2024-02-16,19151,21,525
상계역,2024-03-31,2024-01-21 ~ 2024-02-20,2024-02-17,19174,23,548
상계역,2024-04-30,2024-01-21 ~ 2024-03-20,2024-02-17,19174,23,548
상계역,2024-03-31,2024-01-21 ~ 2024-02-20,2024-02-18,19197,23,571
상계역,2024-04-30,2024-01-21 ~ 2024-03-20,2024-02-18,19197,23,571
상계역,2024-03-31,2024-01-21 ~ 2024-02-20,2024-02-19,19216,19,590
상계역,2024-04-30,2024-01-21 ~ 2024-03-20,2024-02-19,19216,19,590
상계역,2024-03-31,2024-01-21 ~ 2024-02-20,2024-02-20,19236,20,610
상계역,2024-04-30,2024-01-21 ~ 2024-03-20,2024-02-20,19236,20,610
상계역,2024-03-31,2024-01-21 ~ 2024-02-20,2024-02-21,19259,23,633
상계역,2024-04-30,2024-01-21 ~ 2024-03-20,2024-02-21,19259,23,633
상계역,2024-04-30,2024-01-21 ~ 2024-03-20,2024-02-22,19278,19,652
상계역,2024-04-30,2024-01-21 ~ 2024-03-20,2024-02-23,19302,24,676
상계역,2024-04-30,2024-01-21 ~ 2024-03-20,2024-02-24,19324,22,698
상계역,2024-04-30,2024-01-21 ~ 2024-03-20,2024-02-25,19346,22,720
상계역,2024-04-30,2024-01-21 ~ 2024-03-20,2024-02-26,19364,18,738
상계역,2024-04-30,2024-01-21 ~ 2024-03-20,2024-02-27,19383,19,757
상계역,2024-04-30,2024-01-21 ~ 2024-03-20,2024-02-28,19405,22,779
상계역,2024-04-30,2024-01-21 ~ 2024-03-20,2024-02-29,19427,22,801
상계역,2024-04-30,2024-01-21 ~ 2024-03-20,2024-03-01,19448,21,822
상계역,2024-04-30,2024-01-21 ~ 2024-03-20,2024-03-02,19467,19,841
상계역,2024-04-30,2024-01-21 ~ 2024-03-20,2024-03-03,19485,18,859
상계역,2024-04-30,2024-01-21 ~ 2024-03-20,2024-03-04,19502,17,876
상계역,2024-04-30,2024-01-21 ~ 2024-03-20,2024-03-05,19523,21,897
상계역,2024-04-30,2024-01-21 ~ 2024-03-20,2024-03-06,19545,22,919
상계역,2024-04-30,2024-01-21 ~ 2024-03-20,2024-03-07,19568,23,942
상계역,2024-04-30,2024-01-21 ~ 2024-03-20,2024-03-08,19590,22,964
상계역,2024-04-30,2024-01-21 ~ 2024-03-20,2024-03-09,19615,25,989
상계역,2024-04-30,2024-01-21 ~ 2024-03-20,2024-03-10,19638,23,1012
상계역,2024-04-30,2024-01-21 ~ 2024-03-20,2024-03-11,19658,20,1032
상계역,2024-04-30,2024-01-21 ~ 2024-03-20,2024-03-12,19679,21,1053
상계역,2024-04-30,2024-01-21 ~ 2024-03-20,2024-03-13,19703,24,1077
상계역,2024-04-30,2024-01-21 ~ 2024-03-20,2024-03-14,19727,24,1101
상계역,2024-04-30,2024-01-21 ~ 2024-03-20,2024-03-15,19750,23,1124
상계역,2024-04-30,2024-01-21 ~ 2024-03-20,2024-03-16,19772,22,1146
상계역,2024-04-30,2024-01-21 ~ 2024-03-20,2024-03-17,19798,26,1172
상계역,2024-04-30,2024-01-21 ~ 2024-03-20,2024-03-18,19821,23,1195
상계역,2024-04-30,2024-01-21 ~ 2024-03-20,2024-03-19,19844,23,1218
상계역,2024-04-30,2024-01-21 ~ 2024-03-20,2024-03-20,19870,26,1244
상계역,2024-04-30,2024-01-21 ~ 2024-03-20,2024-03-21,19894,24,1268
상계역,2024-05-31,2024-03-21 ~ 2024-04-20,2024-03-22,19917,23,23
상계역,2024-06-30,2024-03-21 ~ 2024-05-20,2024-03-22,19917,23,23
상계역,2024-05-31,2024-03-21 ~ 2024-04-20,2024-03-23,19941,24,47
상계역,2024-06-30,2024-03-21 ~ 2024-05-20,2024-03-23,19941,24,47
상계역,2024-06-30,2024-03-21 ~ 2024-05-20,2024-03-24,19966,25,72
상계역,2024-05-31,2024-03-21 ~ 2024-04-20,2024-03-24,19966,25,72
상계역,2024-06-30,2024-03-21 ~ 2024-05-20,2024-03-25,19989,23,95
상계역,2024-05-31,2024-03-21 ~ 2024-04-20,2024-03-25,19989,23,95
상계역,2024-06-30,2024-03-21 ~ 2024-05-20,2024-03-26,20011,22,117
상계역,2024-05-31,2024-03-21 ~ 2024-04-20,2024-03-26,20011,22,117
상계역,2024-06-30,2024-03-21 ~ 2024-05-20,2024-03-27,20035,24,141
상계역,2024-05-31,2024-03-21 ~ 2024-04-20,2024-03-27,20035,24,141
상계역,2024-05-31,2024-03-21 ~ 2024-04-20,2024-03-28,20060,25,166
상계역,2024-06-30,2024-03-21 ~ 2024-05-20,2024-03-28,20060,25,166
상계역,2024-05-31,2024-03-21 ~ 2024-04-20,2024-03-29,20083,23,189
상계역,2024-06-30,2024-03-21 ~ 2024-05-20,2024-03-29,20083,23,189
상계역,2024-05-31,2024-03-21 ~ 2024-04-20,2024-03-30,20107,24,213
상계역,2024-06-30,2024-03-21 ~ 2024-05-20,2024-03-30,20107,24,213
상계역,2024-05-31,2024-03-21 ~ 2024-04-20,2024-03-31,20133,26,239
상계역,2024-06-30,2024-03-21 ~ 2024-05-20,2024-03-31,20133,26,239
상계역,2024-06-30,2024-03-21 ~ 2024-05-20,2024-04-01,20152,19,258
상계역,2024-05-31,2024-03-21 ~ 2024-04-20,2024-04-01,20152,19,258
상계역,2024-06-30,2024-03-21 ~ 2024-05-20,2024-04-02,20175,23,281
상계역,2024-05-31,2024-03-21 ~ 2024-04-20,2024-04-02,20175,23,281
상계역,2024-06-30,2024-03-21 ~ 2024-05-20,2024-04-03,20204,29,310
상계역,2024-05-31,2024-03-21 ~ 2024-04-20,2024-04-03,20204,29,310
상계역,2024-06-30,2024-03-21 ~ 2024-05-20,2024-04-04,20232,28,338
상계역,2024-05-31,2024-03-21 ~ 2024-04-20,2024-04-04,20232,28,338
상계역,2024-06-30,2024-03-21 ~ 2024-05-20,2024-04-05,20262,30,368
상계역,2024-05-31,2024-03-21 ~ 2024-04-20,2024-04-05,20262,30,368
상계역,2024-06-30,2024-03-21 ~ 2024-05-20,2024-04-06,20290,28,396
상계역,2024-05-31,2024-03-21 ~ 2024-04-20,2024-04-06,20290,28,396
상계역,2024-05-31,2024-03-21 ~ 2024-04-20,2024-04-07,20317,27,423
상계역,2024-06-30,2024-03-21 ~ 2024-05-20,2024-04-07,20317,27,423
상계역,2024-06-30,2024-03-21 ~ 2024-05-20,2024-04-08,20342,25,448
상계역,2024-05-31,2024-03-21 ~ 2024-04-20,2024-04-08,20342,25,448
상계역,2024-05-31,2024-03-21 ~ 2024-04-20,2024-04-09,20364,22,470
상계역,2024-06-30,2024-03-21 ~ 2024-05-20,2024-04-09,20364,22,470
상계역,2024-05-31,2024-03-21 ~ 2024-04-20,2024-04-10,20390,26,496
상계역,2024-06-30,2024-03-21 ~ 2024-05-20,2024-04-10,20390,26,496
상계역,2024-06-30,2024-03-21 ~ 2024-05-20,2024-04-11,20413,23,519
상계역,2024-05-31,2024-03-21 ~ 2024-04-20,2024-04-11,20413,23,519
상계역,2024-05-31,2024-03-21 ~ 2024-04-20,2024-04-12,20440,27,546
상계역,2024-06-30,2024-03-21 ~ 2024-05-20,2024-04-12,20440,27,546
상계역,2024-05-31,2024-03-21 ~ 2024-04-20,2024-04-13,20466,26,572
상계역,2024-06-30,2024-03-21 ~ 2024-05-20,2024-04-13,20466,26,572
상계역,2024-05-31,2024-03-21 ~ 2024-04-20,2024-04-14,20494,28,600
상계역,2024-06-30,2024-03-21 ~ 2024-05-20,2024-04-14,20494,28,600
상계역,2024-05-31,2024-03-21 ~ 2024-04-20,2024-04-15,20516,22,622
상계역,2024-06-30,2024-03-21 ~ 2024-05-20,2024-04-15,20516,22,622
상계역,2024-05-31,2024-03-21 ~ 2024-04-20,2024-04-16,20535,19,641
상계역,2024-06-30,2024-03-21 ~ 2024-05-20,2024-04-16,20535,19,641
상계역,2024-05-31,2024-03-21 ~ 2024-04-20,2024-04-17,20561,26,667
상계역,2024-06-30,2024-03-21 ~ 2024-05-20,2024-04-17,20561,26,667
상계역,2024-05-31,2024-03-21 ~ 2024-04-20,2024-04-18,20588,27,694
상계역,2024-06-30,2024-03-21 ~ 2024-05-20,2024-04-18,20588,27,694
상계역,2024-05-31,2024-03-21 ~ 2024-04-20,2024-04-19,20613,25,719
상계역,2024-06-30,2024-03-21 ~ 2024-05-20,2024-04-19,20613,25,719
상계역,2024-05-31,2024-03-21 ~ 2024-04-20,2024-04-20,20646,33,752
상계역,2024-06-30,2024-03-21 ~ 2024-05-20,2024-04-20,20646,33,752
상계역,2024-05-31,2024-03-21 ~ 2024-04-20,2024-04-21,20672,26,778
상계역,2024-06-30,2024-03-21 ~ 2024-05-20,2024-04-21,20672,26,778
상계역,2024-06-30,2024-03-21 ~ 2024-05-20,2024-04-22,20704,32,810
상계역,2024-06-30,2024-03-21 ~ 2024-05-20,2024-04-23,20738,34,844
상계역,2024-06-30,2024-03-21 ~ 2024-05-20,2024-04-24,20775,37,881
상계역,2024-06-30,2024-03-21 ~ 2024-05-20,2024-04-25,20803,28,909
상계역,2024-06-30,2024-03-21 ~ 2024-05-20,2024-04-26,20835,32,941
상계역,2024-06-30,2024-03-21 ~ 2024-05-20,2024-04-27,20862,27,968
상계역,2024-06-30,2024-03-21 ~ 2024-05-20,2024-04-28,20900,38,1006
상계역,2024-06-30,2024-03-21 ~ 2024-05-20,2024-04-29,20930,30,1036
상계역,2024-06-30,2024-03-21 ~ 2024-05-20,2024-04-30,20958,28,1064
상계역,2024-06-30,2024-03-21 ~ 2024-05-20,2024-05-01,20983,25,1089
상계역,2024-06-30,2024-03-21 ~ 2024-05-20,2024-05-02,21012,29,1118
상계역,2024-06-30,2024-03-21 ~ 2024-05-20,2024-05-03,21041,29,1147
상계역,2024-06-30,2024-03-21 ~ 2024-05-20,2024-05-04,21069,28,1175
상계역,2024-06-30,2024-03-21 ~ 2024-05-20,2024-05-05,21096,27,1202
상계역,2024-06-30,2024-03-21 ~ 2024-05-20,2024-05-06,21113,17,1219
상계역,2024-06-30,2024-03-21 ~ 2024-05-20,2024-05-07,21131,18,1237
상계역,2024-06-30,2024-03-21 ~ 2024-05-20,2024-05-08,21156,25,1262
상계역,2024-06-30,2024-03-21 ~ 2024-05-20,2024-05-09,21184,28,1290
상계역,2024-06-30,2024-03-21 ~ 2024-05-20,2024-05-10,21213,29,1319
상계역,2024-06-30,2024-03-21 ~ 2024-05-20,2024-05-11,21239,26,1345
상계역,2024-06-30,2024-03-21 ~ 2024-05-20,2024-05-12,21264,25,1370
상계역,2024-06-30,2024-03-21 ~ 2024-05-20,2024-05-13,21288,24,1394
상계역,2024-06-30,2024-03-21 ~ 2024-05-20,2024-05-14,21312,24,1418
상계역,2024-06-30,2024-03-21 ~ 2024-05-20,2024-05-15,21338,26,1444
상계역,2024-06-30,2024-03-21 ~ 2024-05-20,2024-05-16,21360,22,1466
상계역,2024-06-30,2024-03-21 ~ 2024-05-20,2024-05-17,21387,27,1493
상계역,2024-06-30,2024-03-21 ~ 2024-05-20,2024-05-18,21415,28,1521
상계역,2024-06-30,2024-03-21 ~ 2024-05-20,2024-05-19,21441,26,1547
상계역,2024-06-30,2024-03-21 ~ 2024-05-20,2024-05-20,21466,25,1572
상계역,2024-06-30,2024-03-21 ~ 2024-05-20,2024-05-21,21492,26,1598
상계역,2024-08-31,2024-05-21 ~ 2024-07-20,2024-05-22,21518,26,26
상계역,2024-07-31,2024-05-21 ~ 2024-06-20,2024-05-22,21518,26,26
상계역,2024-07-31,2024-05-21 ~ 2024-06-20,2024-05-23,21546,28,54
상계역,2024-08-31,2024-05-21 ~ 2024-07-20,2024-05-23,21546,28,54
상계역,2024-08-31,2024-05-21 ~ 2024-07-20,2024-05-24,21573,27,81
상계역,2024-07-31,2024-05-21 ~ 2024-06-20,2024-05-24,21573,27,81
상계역,2024-08-31,2024-05-21 ~ 2024-07-20,2024-05-25,21597,24,105
상계역,2024-07-31,2024-05-21 ~ 2024-06-20,2024-05-25,21597,24,105
상계역,2024-08-31,2024-05-21 ~ 2024-07-20,2024-05-26,21622,25,130
상계역,2024-07-31,2024-05-21 ~ 2024-06-20,2024-05-26,21622,25,130
상계역,2024-07-31,2024-05-21 ~ 2024-06-20,2024-05-27,21645,23,153
상계역,2024-08-31,2024-05-21 ~ 2024-07-20,2024-05-27,21645,23,153
상계역,2024-07-31,2024-05-21 ~ 2024-06-20,2024-05-28,21670,25,178
상계역,2024-08-31,2024-05-21 ~ 2024-07-20,2024-05-28,21670,25,178
상계역,2024-07-31,2024-05-21 ~ 2024-06-20,2024-05-29,21694,24,202
상계역,2024-08-31,2024-05-21 ~ 2024-07-20,2024-05-29,21694,24,202
상계역,2024-07-31,2024-05-21 ~ 2024-06-20,2024-05-30,21717,23,225
상계역,2024-08-31,2024-05-21 ~ 2024-07-20,2024-05-30,21717,23,225
상계역,2024-08-31,2024-05-21 ~ 2024-07-20,2024-05-31,21742,25,250
상계역,2024-07-31,2024-05-21 ~ 2024-06-20,2024-05-31,21742,25,250
상계역,2024-08-31,2024-05-21 ~ 2024-07-20,2024-06-01,21771,29,279
상계역,2024-07-31,2024-05-21 ~ 2024-06-20,2024-06-01,21771,29,279
상계역,2024-07-31,2024-05-21 ~ 2024-06-20,2024-06-02,21797,26,305
상계역,2024-08-31,2024-05-21 ~ 2024-07-20,2024-06-02,21797,26,305
상계역,2024-07-31,2024-05-21 ~ 2024-06-20,2024-06-03,21821,24,329
상계역,2024-08-31,2024-05-21 ~ 2024-07-20,2024-06-03,21821,24,329
상계역,2024-08-31,2024-05-21 ~ 2024-07-20,2024-06-04,21842,21,350
상계역,2024-07-31,2024-05-21 ~ 2024-06-20,2024-06-04,21842,21,350
상계역,2024-08-31,2024-05-21 ~ 2024-07-20,2024-06-05,21880,38,388
상계역,2024-07-31,2024-05-21 ~ 2024-06-20,2024-06-05,21880,38,388
상계역,2024-07-31,2024-05-21 ~ 2024-06-20,2024-06-06,21904,24,412
상계역,2024-08-31,2024-05-21 ~ 2024-07-20,2024-06-06,21904,24,412
상계역,2024-08-31,2024-05-21 ~ 2024-07-20,2024-06-07,21931,27,439
상계역,2024-07-31,2024-05-21 ~ 2024-06-20,2024-06-07,21931,27,439
상계역,2024-08-31,2024-05-21 ~ 2024-07-20,2024-06-08,21959,28,467
상계역,2024-07-31,2024-05-21 ~ 2024-06-20,2024-06-08,21959,28,467
상계역,2024-08-31,2024-05-21 ~ 2024-07-20,2024-06-09,21981,22,489
상계역,2024-07-31,2024-05-21 ~ 2024-06-20,2024-06-09,21981,22,489
상계역,2024-08-31,2024-05-21 ~ 2024-07-20,2024-06-10,22010,29,518
상계역,2024-07-31,2024-05-21 ~ 2024-06-20,2024-06-10,22010,29,518
상계역,2024-08-31,2024-05-21 ~ 2024-07-20,2024-06-11,22032,22,540
상계역,2024-07-31,2024-05-21 ~ 2024-06-20,2024-06-11,22032,22,540
상계역,2024-08-31,2024-05-21 ~ 2024-07-20,2024-06-12,22053,21,561
상계역,2024-07-31,2024-05-21 ~ 2024-06-20,2024-06-12,22053,21,561
상계역,2024-07-31,2024-05-21 ~ 2024-06-20,2024-06-13,22078,25,586
상계역,2024-08-31,2024-05-21 ~ 2024-07-20,2024-06-13,22078,25,586
상계역,2024-07-31,2024-05-21 ~ 2024-06-20,2024-06-14,22104,26,612
상계역,2024-08-31,2024-05-21 ~ 2024-07-20,2024-06-14,22104,26,612
상계역,2024-07-31,2024-05-21 ~ 2024-06-20,2024-06-15,22129,25,637
상계역,2024-08-31,2024-05-21 ~ 2024-07-20,2024-06-15,22129,25,637
상계역,2024-07-31,2024-05-21 ~ 2024-06-20,2024-06-16,22159,30,667
상계역,2024-08-31,2024-05-21 ~ 2024-07-20,2024-06-16,22159,30,667
상계역,2024-07-31,2024-05-21 ~ 2024-06-20,2024-06-17,22183,24,691
상계역,2024-08-31,2024-05-21 ~ 2024-07-20,2024-06-17,22183,24,691
상계역,2024-08-31,2024-05-21 ~ 2024-07-20,2024-06-18,22205,22,713
상계역,2024-07-31,2024-05-21 ~ 2024-06-20,2024-06-18,22205,22,713
상계역,2024-07-31,2024-05-21 ~ 2024-06-20,2024-06-19,22227,22,735
상계역,2024-08-31,2024-05-21 ~ 2024-07-20,2024-06-19,22227,22,735
상계역,2024-08-31,2024-05-21 ~ 2024-07-20,2024-06-20,22251,24,759
상계역,2024-07-31,2024-05-21 ~ 2024-06-20,2024-06-20,22251,24,759
상계역,2024-08-31,2024-05-21 ~ 2024-07-20,2024-06-21,22278,27,786
상계역,2024-07-31,2024-05-21 ~ 2024-06-20,2024-06-21,22278,27,786
상계역,2024-08-31,2024-05-21 ~ 2024-07-20,2024-06-22,22307,29,815
상계역,2024-08-31,2024-05-21 ~ 2024-07-20,2024-06-23,22323,16,831
상계역,2024-08-31,2024-05-21 ~ 2024-07-20,2024-06-24,22354,31,862
상계역,2024-08-31,2024-05-21 ~ 2024-07-20,2024-06-25,22376,22,884
상계역,2024-08-31,2024-05-21 ~ 2024-07-20,2024-06-26,22400,24,908
상계역,2024-08-31,2024-05-21 ~ 2024-07-20,2024-06-27,22426,26,934
상계역,2024-08-31,2024-05-21 ~ 2024-07-20,2024-06-28,22452,26,960
상계역,2024-08-31,2024-05-21 ~ 2024-07-20,2024-06-29,22476,24,984
상계역,2024-08-31,2024-05-21 ~ 2024-07-20,2024-06-30,22499,23,1007
상계역,2024-08-31,2024-05-21 ~ 2024-07-20,2024-07-01,22517,18,1025
상계역,2024-08-31,2024-05-21 ~ 2024-07-20,2024-07-02,22540,23,1048
상계역,2024-08-31,2024-05-21 ~ 2024-07-20,2024-07-03,22560,20,1068
상계역,2024-08-31,2024-05-21 ~ 2024-07-20,2024-07-04,22583,23,1091
상계역,2024-08-31,2024-05-21 ~ 2024-07-20,2024-07-05,22606,23,1114
상계역,2024-08-31,2024-05-21 ~ 2024-07-20,2024-07-06,22634,28,1142
상계역,2024-08-31,2024-05-21 ~ 2024-07-20,2024-07-07,22655,21,1163
상계역,2024-08-31,2024-05-21 ~ 2024-07-20,2024-07-08,22678,23,1186
상계역,2024-08-31,2024-05-21 ~ 2024-07-20,2024-07-09,22702,24,1210
상계역,2024-08-31,2024-05-21 ~ 2024-07-20,2024-07-10,22727,25,1235
상계역,2024-08-31,2024-05-21 ~ 2024-07-20,2024-07-11,22755,28,1263
상계역,2024-08-31,2024-05-21 ~ 2024-07-20,2024-07-12,22780,25,1288
상계역,2024-08-31,2024-05-21 ~ 2024-07-20,2024-07-13,22805,25,1313
상계역,2024-08-31,2024-05-21 ~ 2024-07-20,2024-07-14,22834,29,1342
상계역,2024-08-31,2024-05-21 ~ 2024-07-20,2024-07-15,22852,18,1360
상계역,2024-08-31,2024-05-21 ~ 2024-07-20,2024-07-16,22873,21,1381
상계역,2024-08-31,2024-05-21 ~ 2024-07-20,2024-07-17,22895,22,1403
상계역,2024-08-31,2024-05-21 ~ 2024-07-20,2024-07-18,22916,21,1424
상계역,2024-08-31,2024-05-21 ~ 2024-07-20,2024-07-19,22936,20,1444
상계역,2024-08-31,2024-05-21 ~ 2024-07-20,2024-07-20,22966,30,1474
상계역,2024-08-31,2024-05-21 ~ 2024-07-20,2024-07-21,22988,22,1496
상계역,2024-10-31,2024-07-21 ~ 2024-09-20,2024-07-22,23010,22,22
상계역,2024-09-30,2024-07-21 ~ 2024-08-20,2024-07-22,23010,22,22
상계역,2024-10-31,2024-07-21 ~ 2024-09-20,2024-07-23,23038,28,50
상계역,2024-09-30,2024-07-21 ~ 2024-08-20,2024-07-23,23038,28,50
상계역,2024-09-30,2024-07-21 ~ 2024-08-20,2024-07-24,23062,24,74
상계역,2024-10-31,2024-07-21 ~ 2024-09-20,2024-07-24,23062,24,74
상계역,2024-09-30,2024-07-21 ~ 2024-08-20,2024-07-25,23084,22,96
상계역,2024-10-31,2024-07-21 ~ 2024-09-20,2024-07-25,23084,22,96
상계역,2024-09-30,2024-07-21 ~ 2024-08-20,2024-07-26,23107,23,119
상계역,2024-10-31,2024-07-21 ~ 2024-09-20,2024-07-26,23107,23,119
상계역,2024-09-30,2024-07-21 ~ 2024-08-20,2024-07-27,23133,26,145
상계역,2024-10-31,2024-07-21 ~ 2024-09-20,2024-07-27,23133,26,145
상계역,2024-09-30,2024-07-21 ~ 2024-08-20,2024-07-28,23156,23,168
상계역,2024-10-31,2024-07-21 ~ 2024-09-20,2024-07-28,23156,23,168
상계역,2024-10-31,2024-07-21 ~ 2024-09-20,2024-07-29,23176,20,188
상계역,2024-09-30,2024-07-21 ~ 2024-08-20,2024-07-29,23176,20,188
상계역,2024-10-31,2024-07-21 ~ 2024-09-20,2024-07-30,23199,23,211
상계역,2024-09-30,2024-07-21 ~ 2024-08-20,2024-07-30,23199,23,211
상계역,2024-10-31,2024-07-21 ~ 2024-09-20,2024-07-31,23224,25,236
상계역,2024-09-30,2024-07-21 ~ 2024-08-20,2024-07-31,23224,25,236
상계역,2024-10-31,2024-07-21 ~ 2024-09-20,2024-08-01,23248,24,260
상계역,2024-09-30,2024-07-21 ~ 2024-08-20,2024-08-01,23248,24,260
상계역,2024-10-31,2024-07-21 ~ 2024-09-20,2024-08-02,23271,23,283
상계역,2024-09-30,2024-07-21 ~ 2024-08-20,2024-08-02,23271,23,283
상계역,2024-10-31,2024-07-21 ~ 2024-09-20,2024-08-03,23298,27,310
상계역,2024-09-30,2024-07-21 ~ 2024-08-20,2024-08-03,23298,27,310
상계역,2024-09-30,2024-07-21 ~ 2024-08-20,2024-08-04,23320,22,332
상계역,2024-10-31,2024-07-21 ~ 2024-09-20,2024-08-04,23320,22,332
상계역,2024-10-31,2024-07-21 ~ 2024-09-20,2024-08-05,23338,18,350
상계역,2024-09-30,2024-07-21 ~ 2024-08-20,2024-08-05,23338,18,350
상계역,2024-09-30,2024-07-21 ~ 2024-08-20,2024-08-06,23360,22,372
상계역,2024-10-31,2024-07-21 ~ 2024-09-20,2024-08-06,23360,22,372
상계역,2024-10-31,2024-07-21 ~ 2024-09-20,2024-08-07,23381,21,393
상계역,2024-09-30,2024-07-21 ~ 2024-08-20,2024-08-07,23381,21,393
상계역,2024-09-30,2024-07-21 ~ 2024-08-20,2024-08-08,23401,20,413
상계역,2024-10-31,2024-07-21 ~ 2024-09-20,2024-08-08,23401,20,413
상계역,2024-09-30,2024-07-21 ~ 2024-08-20,2024-08-09,23421,20,433
상계역,2024-10-31,2024-07-21 ~ 2024-09-20,2024-08-09,23421,20,433
상계역,2024-09-30,2024-07-21 ~ 2024-08-20,2024-08-10,23443,22,455
상계역,2024-10-31,2024-07-21 ~ 2024-09-20,2024-08-10,23443,22,455
상계역,2024-09-30,2024-07-21 ~ 2024-08-20,2024-08-11,23463,20,475
상계역,2024-10-31,2024-07-21 ~ 2024-09-20,2024-08-11,23463,20,475
상계역,2024-09-30,2024-07-21 ~ 2024-08-20,2024-08-12,23480,17,492
상계역,2024-10-31,2024-07-21 ~ 2024-09-20,2024-08-12,23480,17,492
상계역,2024-09-30,2024-07-21 ~ 2024-08-20,2024-08-13,23498,18,510
상계역,2024-10-31,2024-07-21 ~ 2024-09-20,2024-08-13,23498,18,510
상계역,2024-10-31,2024-07-21 ~ 2024-09-20,2024-08-14,23516,18,528
상계역,2024-09-30,2024-07-21 ~ 2024-08-20,2024-08-14,23516,18,528
상계역,2024-09-30,2024-07-21 ~ 2024-08-20,2024-08-15,23535,19,547
상계역,2024-10-31,2024-07-21 ~ 2024-09-20,2024-08-15,23535,19,547
상계역,2024-09-30,2024-07-21 ~ 2024-08-20,2024-08-16,23553,18,565
상계역,2024-10-31,2024-07-21 ~ 2024-09-20,2024-08-16,23553,18,565
상계역,2024-09-30,2024-07-21 ~ 2024-08-20,2024-08-17,23575,22,587
상계역,2024-10-31,2024-07-21 ~ 2024-09-20,2024-08-17,23575,22,587
상계역,2024-09-30,2024-07-21 ~ 2024-08-20,2024-08-18,23595,20,607
상계역,2024-10-31,2024-07-21 ~ 2024-09-20,2024-08-18,23595,20,607
상계역,2024-10-31,2024-07-21 ~ 2024-09-20,2024-08-19,23613,18,625
상계역,2024-09-30,2024-07-21 ~ 2024-08-20,2024-08-19,23613,18,625
상계역,2024-09-30,2024-07-21 ~ 2024-08-20,2024-08-20,23634,21,646
상계역,2024-10-31,2024-07-21 ~ 2024-09-20,2024-08-20,23634,21,646
상계역,2024-10-31,2024-07-21 ~ 2024-09-20,2024-08-21,23663,29,675
상계역,2024-09-30,2024-07-21 ~ 2024-08-20,2024-08-21,23663,29,675
상계역,2024-10-31,2024-07-21 ~ 2024-09-20,2024-08-22,23690,27,702
상계역,2024-10-31,2024-07-21 ~ 2024-09-20,2024-08-23,23716,26,728
상계역,2024-10-31,2024-07-21 ~ 2024-09-20,2024-08-24,23743,27,755
상계역,2024-10-31,2024-07-21 ~ 2024-09-20,2024-08-25,23767,24,779
상계역,2024-10-31,2024-07-21 ~ 2024-09-20,2024-08-26,23787,20,799
상계역,2024-10-31,2024-07-21 ~ 2024-09-20,2024-08-27,23811,24,823
상계역,2024-10-31,2024-07-21 ~ 2024-09-20,2024-08-28,23835,24,847
상계역,2024-10-31,2024-07-21 ~ 2024-09-20,2024-08-29,23858,23,870
상계역,2024-10-31,2024-07-21 ~ 2024-09-20,2024-08-30,23883,25,895
상계역,2024-10-31,2024-07-21 ~ 2024-09-20,2024-08-31,23907,24,919
상계역,2024-10-31,2024-07-21 ~ 2024-09-20,2024-09-01,23931,24,943
상계역,2024-10-31,2024-07-21 ~ 2024-09-20,2024-09-02,23952,21,964
상계역,2024-10-31,2024-07-21 ~ 2024-09-20,2024-09-03,23976,24,988
상계역,2024-10-31,2024-07-21 ~ 2024-09-20,2024-09-04,23999,23,1011
상계역,2024-10-31,2024-07-21 ~ 2024-09-20,2024-09-05,24024,25,1036
상계역,2024-10-31,2024-07-21 ~ 2024-09-20,2024-09-06,24051,27,1063
상계역,2024-10-31,2024-07-21 ~ 2024-09-20,2024-09-07,24081,30,1093
상계역,2024-10-31,2024-07-21 ~ 2024-09-20,2024-09-08,24105,24,1117
상계역,2024-10-31,2024-07-21 ~ 2024-09-20,2024-09-09,24125,20,1137
상계역,2024-10-31,2024-07-21 ~ 2024-09-20,2024-09-10,24151,26,1163
상계역,2024-10-31,2024-07-21 ~ 2024-09-20,2024-09-11,24177,26,1189
상계역,2024-10-31,2024-07-21 ~ 2024-09-20,2024-09-12,24200,23,1212
상계역,2024-10-31,2024-07-21 ~ 2024-09-20,2024-09-13,24225,25,1237
상계역,2024-10-31,2024-07-21 ~ 2024-09-20,2024-09-14,24252,27,1264
상계역,2024-10-31,2024-07-21 ~ 2024-09-20,2024-09-15,24274,22,1286
상계역,2024-10-31,2024-07-21 ~ 2024-09-20,2024-09-16,24292,18,1304
상계역,2024-10-31,2024-07-21 ~ 2024-09-20,2024-09-17,24309,17,1321
상계역,2024-10-31,2024-07-21 ~ 2024-09-20,2024-09-18,24362,53,1374
상계역,2024-10-31,2024-07-21 ~ 2024-09-20,2024-09-19,24381,19,1393
상계역,2024-10-31,2024-07-21 ~ 2024-09-20,2024-09-20,24404,23,1416
상계역,2024-10-31,2024-07-21 ~ 2024-09-20,2024-09-21,24430,26,1442
상계역,2024-11-30,2024-09-21 ~ 2024-10-20,2024-09-22,24460,30,30
상계역,2024-12-31,2024-09-21 ~ 2024-11-20,2024-09-22,24460,30,30
상계역,2024-11-30,2024-09-21 ~ 2024-10-20,2024-09-23,24485,25,55
상계역,2024-12-31,2024-09-21 ~ 2024-11-20,2024-09-23,24485,25,55
상계역,2024-12-31,2024-09-21 ~ 2024-11-20,2024-09-24,24512,27,82
상계역,2024-11-30,2024-09-21 ~ 2024-10-20,2024-09-24,24512,27,82
상계역,2024-12-31,2024-09-21 ~ 2024-11-20,2024-09-25,24542,30,112
상계역,2024-11-30,2024-09-21 ~ 2024-10-20,2024-09-25,24542,30,112
상계역,2024-11-30,2024-09-21 ~ 2024-10-20,2024-09-26,24569,27,139
상계역,2024-12-31,2024-09-21 ~ 2024-11-20,2024-09-26,24569,27,139
상계역,2024-11-30,2024-09-21 ~ 2024-10-20,2024-09-27,24596,27,166
상계역,2024-12-31,2024-09-21 ~ 2024-11-20,2024-09-27,24596,27,166
상계역,2024-11-30,2024-09-21 ~ 2024-10-20,2024-09-28,24626,30,196
상계역,2024-12-31,2024-09-21 ~ 2024-11-20,2024-09-28,24626,30,196
상계역,2024-11-30,2024-09-21 ~ 2024-10-20,2024-09-29,24655,29,225
상계역,2024-12-31,2024-09-21 ~ 2024-11-20,2024-09-29,24655,29,225
상계역,2024-11-30,2024-09-21 ~ 2024-10-20,2024-09-30,24676,21,246
상계역,2024-12-31,2024-09-21 ~ 2024-11-20,2024-09-30,24676,21,246
상계역,2024-11-30,2024-09-21 ~ 2024-10-20,2024-10-01,24703,27,273
상계역,2024-12-31,2024-09-21 ~ 2024-11-20,2024-10-01,24703,27,273
상계역,2024-12-31,2024-09-21 ~ 2024-11-20,2024-10-02,24726,23,296
상계역,2024-11-30,2024-09-21 ~ 2024-10-20,2024-10-02,24726,23,296
상계역,2024-12-31,2024-09-21 ~ 2024-11-20,2024-10-03,24752,26,322
상계역,2024-11-30,2024-09-21 ~ 2024-10-20,2024-10-03,24752,26,322
상계역,2024-12-31,2024-09-21 ~ 2024-11-20,2024-10-04,24779,27,349
상계역,2024-11-30,2024-09-21 ~ 2024-10-20,2024-10-04,24779,27,349
상계역,2024-11-30,2024-09-21 ~ 2024-10-20,2024-10-05,24805,26,375
상계역,2024-12-31,2024-09-21 ~ 2024-11-20,2024-10-05,24805,26,375
상계역,2024-11-30,2024-09-21 ~ 2024-10-20,2024-10-06,24834,29,404
상계역,2024-12-31,2024-09-21 ~ 2024-11-20,2024-10-06,24834,29,404
상계역,2024-11-30,2024-09-21 ~ 2024-10-20,2024-10-07,24856,22,426
상계역,2024-12-31,2024-09-21 ~ 2024-11-20,2024-10-07,24856,22,426
상계역,2024-12-31,2024-09-21 ~ 2024-11-20,2024-10-08,24885,29,455
상계역,2024-11-30,2024-09-21 ~ 2024-10-20,2024-10-08,24885,29,455
상계역,2024-11-30,2024-09-21 ~ 2024-10-20,2024-10-09,24915,30,485
상계역,2024-12-31,2024-09-21 ~ 2024-11-20,2024-10-09,24915,30,485
상계역,2024-11-30,2024-09-21 ~ 2024-10-20,2024-10-10,24942,27,512
상계역,2024-12-31,2024-09-21 ~ 2024-11-20,2024-10-10,24942,27,512
상계역,2024-12-31,2024-09-21 ~ 2024-11-20,2024-10-11,24970,28,540
상계역,2024-11-30,2024-09-21 ~ 2024-10-20,2024-10-11,24970,28,540
상계역,2024-11-30,2024-09-21 ~ 2024-10-20,2024-10-12,24997,27,567
상계역,2024-12-31,2024-09-21 ~ 2024-11-20,2024-10-12,24997,27,567
상계역,2024-11-30,2024-09-21 ~ 2024-10-20,2024-10-13,25026,29,596
상계역,2024-12-31,2024-09-21 ~ 2024-11-20,2024-10-13,25026,29,596
상계역,2024-11-30,2024-09-21 ~ 2024-10-20,2024-10-14,25057,31,627
상계역,2024-12-31,2024-09-21 ~ 2024-11-20,2024-10-14,25057,31,627
상계역,2024-12-31,2024-09-21 ~ 2024-11-20,2024-10-15,25087,30,657
상계역,2024-11-30,2024-09-21 ~ 2024-10-20,2024-10-15,25087,30,657
상계역,2024-12-31,2024-09-21 ~ 2024-11-20,2024-10-16,25119,32,689
상계역,2024-11-30,2024-09-21 ~ 2024-10-20,2024-10-16,25119,32,689
상계역,2024-11-30,2024-09-21 ~ 2024-10-20,2024-10-17,25146,27,716
상계역,2024-12-31,2024-09-21 ~ 2024-11-20,2024-10-17,25146,27,716
상계역,2024-11-30,2024-09-21 ~ 2024-10-20,2024-10-18,25173,27,743
상계역,2024-12-31,2024-09-21 ~ 2024-11-20,2024-10-18,25173,27,743
상계역,2024-12-31,2024-09-21 ~ 2024-11-20,2024-10-19,25197,24,767
상계역,2024-11-30,2024-09-21 ~ 2024-10-20,2024-10-19,25197,24,767
상계역,2024-12-31,2024-09-21 ~ 2024-11-20,2024-10-20,25225,28,795
상계역,2024-11-30,2024-09-21 ~ 2024-10-20,2024-10-20,25225,28,795
상계역,2024-11-30,2024-09-21 ~ 2024-10-20,2024-10-21,25249,24,819
상계역,2024-12-31,2024-09-21 ~ 2024-11-20,2024-10-21,25249,24,819
상계역,2024-12-31,2024-09-21 ~ 2024-11-20,2024-10-22,25278,29,848
상계역,2024-12-31,2024-09-21 ~ 2024-11-20,2024-10-23,25305,27,875
상계역,2024-12-31,2024-09-21 ~ 2024-11-20,2024-10-24,25333,28,903
상계역,2024-12-31,2024-09-21 ~ 2024-11-20,2024-10-25,25359,26,929
상계역,2024-12-31,2024-09-21 ~ 2024-11-20,2024-10-26,25386,27,956
상계역,2024-12-31,2024-09-21 ~ 2024-11-20,2024-10-27,25414,28,984
상계역,2024-12-31,2024-09-21 ~ 2024-11-20,2024-10-28,25437,23,1007
상계역,2024-12-31,2024-09-21 ~ 2024-11-20,2024-10-29,25462,25,1032
상계역,2024-12-31,2024-09-21 ~ 2024-11-20,2024-10-30,25488,26,1058
상계역,2024-12-31,2024-09-21 ~ 2024-11-20,2024-10-31,25515,27,1085
상계역,2024-12-31,2024-09-21 ~ 2024-11-20,2024-11-01,25542,27,1112
상계역,2024-12-31,2024-09-21 ~ 2024-11-20,2024-11-02,25569,27,1139
상계역,2024-12-31,2024-09-21 ~ 2024-11-20,2024-11-03,25594,25,1164
상계역,2024-12-31,2024-09-21 ~ 2024-11-20,2024-11-04,25617,23,1187
상계역,2024-12-31,2024-09-21 ~ 2024-11-20,2024-11-05,25643,26,1213
상계역,2024-12-31,2024-09-21 ~ 2024-11-20,2024-11-06,25670,27,1240
상계역,2024-12-31,2024-09-21 ~ 2024-11-20,2024-11-07,25698,28,1268
상계역,2024-12-31,2024-09-21 ~ 2024-11-20,2024-11-08,25727,29,1297
상계역,2024-12-31,2024-09-21 ~ 2024-11-20,2024-11-09,25756,29,1326
상계역,2024-12-31,2024-09-21 ~ 2024-11-20,2024-11-10,25783,27,1353
상계역,2024-12-31,2024-09-21 ~ 2024-11-20,2024-11-11,25804,21,1374
상계역,2024-12-31,2024-09-21 ~ 2024-11-20,2024-11-12,25829,25,1399
상계역,2024-12-31,2024-09-21 ~ 2024-11-20,2024-11-13,25855,26,1425
상계역,2024-12-31,2024-09-21 ~ 2024-11-20,2024-11-14,25880,25,1450
상계역,2024-12-31,2024-09-21 ~ 2024-11-20,2024-11-15,25902,22,1472
상계역,2024-12-31,2024-09-21 ~ 2024-11-20,2024-11-16,25928,26,1498
상계역,2024-12-31,2024-09-21 ~ 2024-11-20,2024-11-17,25954,26,1524
상계역,2024-12-31,2024-09-21 ~ 2024-11-20,2024-11-18,25975,21,1545
상계역,2024-12-31,2024-09-21 ~ 2024-11-20,2024-11-19,25999,24,1569
상계역,2024-12-31,2024-09-21 ~ 2024-11-20,2024-11-20,26023,24,1593
상계역,2024-12-31,2024-09-21 ~ 2024-11-20,2024-11-21,26051,28,1621
상계역,2025-01-31,2024-11-21 ~ 2024-12-20,2024-11-22,26078,27,27
상계역,2025-02-28,2024-11-21 ~ 2025-01-20,2024-11-22,26078,27,27
상계역,2025-01-31,2024-11-21 ~ 2024-12-20,2024-11-23,26106,28,55
상계역,2025-02-28,2024-11-21 ~ 2025-01-20,2024-11-23,26106,28,55
상계역,2025-01-31,2024-11-21 ~ 2024-12-20,2024-11-24,26131,25,80
상계역,2025-02-28,2024-11-21 ~ 2025-01-20,2024-11-24,26131,25,80
상계역,2025-02-28,2024-11-21 ~ 2025-01-20,2024-11-25,26153,22,102
상계역,2025-01-31,2024-11-21 ~ 2024-12-20,2024-11-25,26153,22,102
상계역,2025-02-28,2024-11-21 ~ 2025-01-20,2024-11-26,26176,23,125
상계역,2025-01-31,2024-11-21 ~ 2024-12-20,2024-11-26,26176,23,125
상계역,2025-01-31,2024-11-21 ~ 2024-12-20,2024-11-27,26198,22,147
상계역,2025-02-28,2024-11-21 ~ 2025-01-20,2024-11-27,26198,22,147
상계역,2025-01-31,2024-11-21 ~ 2024-12-20,2024-11-28,26221,23,170
상계역,2025-02-28,2024-11-21 ~ 2025-01-20,2024-11-28,26221,23,170
상계역,2025-01-31,2024-11-21 ~ 2024-12-20,2024-11-29,26242,21,191
상계역,2025-02-28,2024-11-21 ~ 2025-01-20,2024-11-29,26242,21,191
상계역,2025-01-31,2024-11-21 ~ 2024-12-20,2024-11-30,26266,24,215
상계역,2025-02-28,2024-11-21 ~ 2025-01-20,2024-11-30,26266,24,215
상계역,2025-02-28,2024-11-21 ~ 2025-01-20,2024-12-01,26289,23,238
상계역,2025-01-31,2024-11-21 ~ 2024-12-20,2024-12-01,26289,23,238
상계역,2025-02-28,2024-11-21 ~ 2025-01-20,2024-12-02,26310,21,259
상계역,2025-01-31,2024-11-21 ~ 2024-12-20,2024-12-02,26310,21,259
상계역,2025-02-28,2024-11-21 ~ 2025-01-20,2024-12-03,26332,22,281
상계역,2025-01-31,2024-11-21 ~ 2024-12-20,2024-12-03,26332,22,281
상계역,2025-02-28,2024-11-21 ~ 2025-01-20,2024-12-04,26356,24,305
상계역,2025-01-31,2024-11-21 ~ 2024-12-20,2024-12-04,26356,24,305
상계역,2025-02-28,2024-11-21 ~ 2025-01-20,2024-12-05,26379,23,328
상계역,2025-01-31,2024-11-21 ~ 2024-12-20,2024-12-05,26379,23,328
상계역,2025-02-28,2024-11-21 ~ 2025-01-20,2024-12-06,26408,29,357
상계역,2025-01-31,2024-11-21 ~ 2024-12-20,2024-12-06,26408,29,357
상계역,2025-01-31,2024-11-21 ~ 2024-12-20,2024-12-07,26432,24,381
상계역,2025-02-28,2024-11-21 ~ 2025-01-20,2024-12-07,26432,24,381
상계역,2025-02-28,2024-11-21 ~ 2025-01-20,2024-12-08,26453,21,402
상계역,2025-01-31,2024-11-21 ~ 2024-12-20,2024-12-08,26453,21,402
상계역,2025-02-28,2024-11-21 ~ 2025-01-20,2024-12-09,26471,18,420
상계역,2025-01-31,2024-11-21 ~ 2024-12-20,2024-12-09,26471,18,420
상계역,2025-01-31,2024-11-21 ~ 2024-12-20,2024-12-10,26493,22,442
상계역,2025-02-28,2024-11-21 ~ 2025-01-20,2024-12-10,26493,22,442
상계역,2025-01-31,2024-11-21 ~ 2024-12-20,2024-12-11,26516,23,465
상계역,2025-02-28,2024-11-21 ~ 2025-01-20,2024-12-11,26516,23,465
상계역,2025-01-31,2024-11-21 ~ 2024-12-20,2024-12-12,26537,21,486
상계역,2025-02-28,2024-11-21 ~ 2025-01-20,2024-12-12,26537,21,486
상계역,2025-02-28,2024-11-21 ~ 2025-01-20,2024-12-13,26558,21,507
상계역,2025-01-31,2024-11-21 ~ 2024-12-20,2024-12-13,26558,21,507
상계역,2025-02-28,2024-11-21 ~ 2025-01-20,2024-12-14,26581,23,530
상계역,2025-01-31,2024-11-21 ~ 2024-12-20,2024-12-14,26581,23,530
상계역,2025-02-28,2024-11-21 ~ 2025-01-20,2024-12-15,26604,23,553
상계역,2025-01-31,2024-11-21 ~ 2024-12-20,2024-12-15,26604,23,553
상계역,2025-01-31,2024-11-21 ~ 2024-12-20,2024-12-16,26621,17,570
상계역,2025-02-28,2024-11-21 ~ 2025-01-20,2024-12-16,26621,17,570
상계역,2025-01-31,2024-11-21 ~ 2024-12-20,2024-12-17,26643,22,592
상계역,2025-02-28,2024-11-21 ~ 2025-01-20,2024-12-17,26643,22,592
상계역,2025-01-31,2024-11-21 ~ 2024-12-20,2024-12-18,26666,23,615
상계역,2025-02-28,2024-11-21 ~ 2025-01-20,2024-12-18,26666,23,615
상계역,2025-01-31,2024-11-21 ~ 2024-12-20,2024-12-19,26690,24,639
상계역,2025-02-28,2024-11-21 ~ 2025-01-20,2024-12-19,26690,24,639
상계역,2025-02-28,2024-11-21 ~ 2025-01-20,2024-12-20,26712,22,661
상계역,2025-01-31,2024-11-21 ~ 2024-12-20,2024-12-20,26712,22,661
상계역,2025-02-28,2024-11-21 ~ 2025-01-20,2024-12-21,26733,21,682
상계역,2025-01-31,2024-11-21 ~ 2024-12-20,2024-12-21,26733,21,682
상계역,2025-02-28,2024-11-21 ~ 2025-01-20,2024-12-22,26757,24,706
상계역,2025-02-28,2024-11-21 ~ 2025-01-20,2024-12-23,26773,16,722
상계역,2025-02-28,2024-11-21 ~ 2025-01-20,2024-12-24,26794,21,743
상계역,2025-02-28,2024-11-21 ~ 2025-01-20,2024-12-25,26816,22,765
상계역,2025-02-28,2024-11-21 ~ 2025-01-20,2024-12-26,26834,18,783
상계역,2025-02-28,2024-11-21 ~ 2025-01-20,2024-12-27,26855,21,804
상계역,2025-02-28,2024-11-21 ~ 2025-01-20,2024-12-28,26877,22,826
상계역,2025-02-28,2024-11-21 ~ 2025-01-20,2024-12-29,26896,19,845
상계역,2025-02-28,2024-11-21 ~ 2025-01-20,2024-12-30,26914,18,863
상계역,2025-02-28,2024-11-21 ~ 2025-01-20,2024-12-31,26936,22,885
상계역,2025-02-28,2024-11-21 ~ 2025-01-20,2025-01-01,26959,23,908
상계역,2025-02-28,2024-11-21 ~ 2025-01-20,2025-01-02,26975,16,924
상계역,2025-02-28,2024-11-21 ~ 2025-01-20,2025-01-03,26995,20,944
상계역,2025-02-28,2024-11-21 ~ 2025-01-20,2025-01-04,27015,20,964
상계역,2025-02-28,2024-11-21 ~ 2025-01-20,2025-01-05,27033,18,982
상계역,2025-02-28,2024-11-21 ~ 2025-01-20,2025-01-06,27048,15,997
상계역,2025-02-28,2024-11-21 ~ 2025-01-20,2025-01-07,27068,20,1017
상계역,2025-02-28,2024-11-21 ~ 2025-01-20,2025-01-08,27087,19,1036
상계역,2025-02-28,2024-11-21 ~ 2025-01-20,2025-01-09,27108,21,1057
상계역,2025-02-28,2024-11-21 ~ 2025-01-20,2025-01-10,27127,19,1076
상계역,2025-02-28,2024-11-21 ~ 2025-01-20,2025-01-11,27148,21,1097
상계역,2025-02-28,2024-11-21 ~ 2025-01-20,2025-01-12,27169,21,1118
상계역,2025-02-28,2024-11-21 ~ 2025-01-20,2025-01-13,27186,17,1135
상계역,2025-02-28,2024-11-21 ~ 2025-01-20,2025-01-14,27210,24,1159
상계역,2025-02-28,2024-11-21 ~ 2025-01-20,2025-01-15,27230,20,1179
상계역,2025-02-28,2024-11-21 ~ 2025-01-20,2025-01-16,27251,21,1200
상계역,2025-02-28,2024-11-21 ~ 2025-01-20,2025-01-17,27272,21,1221
상계역,2025-02-28,2024-11-21 ~ 2025-01-20,2025-01-18,27291,19,1240
상계역,2025-02-28,2024-11-21 ~ 2025-01-20,2025-01-19,27312,21,1261
상계역,2025-02-28,2024-11-21 ~ 2025-01-20,2025-01-20,27329,17,1278
상계역,2025-02-28,2024-11-21 ~ 2025-01-20,2025-01-21,27349,20,1298
상계역,2025-04-30,2025-01-21 ~ 2025-03-20,2025-01-22,27369,20,20
상계역,2025-03-31,2025-01-21 ~ 2025-02-20,2025-01-22,27369,20,20
상계역,2025-04-30,2025-01-21 ~ 2025-03-20,2025-01-23,27387,18,38
상계역,2025-03-31,2025-01-21 ~ 2025-02-20,2025-01-23,27387,18,38
상계역,2025-03-31,2025-01-21 ~ 2025-02-20,2025-01-24,27408,21,59
상계역,2025-04-30,2025-01-21 ~ 2025-03-20,2025-01-24,27408,21,59
상계역,2025-03-31,2025-01-21 ~ 2025-02-20,2025-01-25,27429,21,80
상계역,2025-04-30,2025-01-21 ~ 2025-03-20,2025-01-25,27429,21,80
상계역,2025-03-31,2025-01-21 ~ 2025-02-20,2025-01-26,27448,19,99
상계역,2025-04-30,2025-01-21 ~ 2025-03-20,2025-01-26,27448,19,99
상계역,2025-03-31,2025-01-21 ~ 2025-02-20,2025-01-27,27464,16,115
상계역,2025-04-30,2025-01-21 ~ 2025-03-20,2025-01-27,27464,16,115
상계역,2025-03-31,2025-01-21 ~ 2025-02-20,2025-01-28,27478,14,129
상계역,2025-04-30,2025-01-21 ~ 2025-03-20,2025-01-28,27478,14,129
상계역,2025-04-30,2025-01-21 ~ 2025-03-20,2025-01-29,27491,13,142
상계역,2025-03-31,2025-01-21 ~ 2025-02-20,2025-01-29,27491,13,142
상계역,2025-04-30,2025-01-21 ~ 2025-03-20,2025-01-30,27504,13,155
상계역,2025-03-31,2025-01-21 ~ 2025-02-20,2025-01-30,27504,13,155
상계역,2025-03-31,2025-01-21 ~ 2025-02-20,2025-01-31,27519,15,170
상계역,2025-04-30,2025-01-21 ~ 2025-03-20,2025-01-31,27519,15,170
상계역,2025-03-31,2025-01-21 ~ 2025-02-20,2025-02-01,27536,17,187
상계역,2025-04-30,2025-01-21 ~ 2025-03-20,2025-02-01,27536,17,187
상계역,2025-04-30,2025-01-21 ~ 2025-03-20,2025-02-02,27554,18,205
상계역,2025-03-31,2025-01-21 ~ 2025-02-20,2025-02-02,27554,18,205
상계역,2025-04-30,2025-01-21 ~ 2025-03-20,2025-02-03,27570,16,221
상계역,2025-03-31,2025-01-21 ~ 2025-02-20,2025-02-03,27570,16,221
상계역,2025-03-31,2025-01-21 ~ 2025-02-20,2025-02-04,27591,21,242
상계역,2025-04-30,2025-01-21 ~ 2025-03-20,2025-02-04,27591,21,242
상계역,2025-04-30,2025-01-21 ~ 2025-03-20,2025-02-05,27610,19,261
상계역,2025-03-31,2025-01-21 ~ 2025-02-20,2025-02-05,27610,19,261
상계역,2025-04-30,2025-01-21 ~ 2025-03-20,2025-02-06,27633,23,284
상계역,2025-03-31,2025-01-21 ~ 2025-02-20,2025-02-06,27633,23,284
상계역,2025-04-30,2025-01-21 ~ 2025-03-20,2025-02-07,27653,20,304
상계역,2025-03-31,2025-01-21 ~ 2025-02-20,2025-02-07,27653,20,304
상계역,2025-03-31,2025-01-21 ~ 2025-02-20,2025-02-08,27672,19,323
상계역,2025-04-30,2025-01-21 ~ 2025-03-20,2025-02-08,27672,19,323
상계역,2025-03-31,2025-01-21 ~ 2025-02-20,2025-02-09,27694,22,345
상계역,2025-04-30,2025-01-21 ~ 2025-03-20,2025-02-09,27694,22,345
상계역,2025-04-30,2025-01-21 ~ 2025-03-20,2025-02-10,27713,19,364
상계역,2025-03-31,2025-01-21 ~ 2025-02-20,2025-02-10,27713,19,364
상계역,2025-04-30,2025-01-21 ~ 2025-03-20,2025-02-11,27737,24,388
상계역,2025-03-31,2025-01-21 ~ 2025-02-20,2025-02-11,27737,24,388
상계역,2025-04-30,2025-01-21 ~ 2025-03-20,2025-02-12,27760,23,411
상계역,2025-03-31,2025-01-21 ~ 2025-02-20,2025-02-12,27760,23,411
상계역,2025-04-30,2025-01-21 ~ 2025-03-20,2025-02-13,27780,20,431
상계역,2025-03-31,2025-01-21 ~ 2025-02-20,2025-02-13,27780,20,431
상계역,2025-03-31,2025-01-21 ~ 2025-02-20,2025-02-14,27800,20,451
상계역,2025-04-30,2025-01-21 ~ 2025-03-20,2025-02-14,27800,20,451
상계역,2025-03-31,2025-01-21 ~ 2025-02-20,2025-02-15,27822,22,473
상계역,2025-04-30,2025-01-21 ~ 2025-03-20,2025-02-15,27822,22,473
상계역,2025-03-31,2025-01-21 ~ 2025-02-20,2025-02-16,27843,21,494
상계역,2025-04-30,2025-01-21 ~ 2025-03-20,2025-02-16,27843,21,494
상계역,2025-03-31,2025-01-21 ~ 2025-02-20,2025-02-17,27861,18,512
상계역,2025-04-30,2025-01-21 ~ 2025-03-20,2025-02-17,27861,18,512
상계역,2025-04-30,2025-01-21 ~ 2025-03-20,2025-02-18,27882,21,533
상계역,2025-03-31,2025-01-21 ~ 2025-02-20,2025-02-18,27882,21,533
상계역,2025-03-31,2025-01-21 ~ 2025-02-20,2025-02-19,27902,20,553
상계역,2025-04-30,2025-01-21 ~ 2025-03-20,2025-02-19,27902,20,553
상계역,2025-04-30,2025-01-21 ~ 2025-03-20,2025-02-20,27919,17,570
상계역,2025-03-31,2025-01-21 ~ 2025-02-20,2025-02-20,27919,17,570
상계역,2025-04-30,2025-01-21 ~ 2025-03-20,2025-02-21,27947,28,598
상계역,2025-03-31,2025-01-21 ~ 2025-02-20,2025-02-21,27947,28,598
상계역,2025-04-30,2025-01-21 ~ 2025-03-20,2025-02-22,27968,21,619
상계역,2025-04-30,2025-01-21 ~ 2025-03-20,2025-02-23,27988,20,639
상계역,2025-04-30,2025-01-21 ~ 2025-03-20,2025-02-24,28005,17,656
상계역,2025-04-30,2025-01-21 ~ 2025-03-20,2025-02-25,28026,21,677
상계역,2025-04-30,2025-01-21 ~ 2025-03-20,2025-02-26,28047,21,698
상계역,2025-04-30,2025-01-21 ~ 2025-03-20,2025-02-27,28066,19,717
상계역,2025-04-30,2025-01-21 ~ 2025-03-20,2025-02-28,28087,21,738
상계역,2025-04-30,2025-01-21 ~ 2025-03-20,2025-03-01,28108,21,759
상계역,2025-04-30,2025-01-21 ~ 2025-03-20,2025-03-02,28130,22,781
상계역,2025-04-30,2025-01-21 ~ 2025-03-20,2025-03-03,28147,17,798
상계역,2025-04-30,2025-01-21 ~ 2025-03-20,2025-03-04,28163,16,814
상계역,2025-04-30,2025-01-21 ~ 2025-03-20,2025-03-05,28182,19,833
상계역,2025-04-30,2025-01-21 ~ 2025-03-20,2025-03-06,28204,22,855
상계역,2025-04-30,2025-01-21 ~ 2025-03-20,2025-03-07,28227,23,878
상계역,2025-04-30,2025-01-21 ~ 2025-03-20,2025-03-08,28249,22,900
상계역,2025-04-30,2025-01-21 ~ 2025-03-20,2025-03-09,28272,23,923
상계역,2025-04-30,2025-01-21 ~ 2025-03-20,2025-03-10,28292,20,943
상계역,2025-04-30,2025-01-21 ~ 2025-03-20,2025-03-11,28313,21,964
상계역,2025-04-30,2025-01-21 ~ 2025-03-20,2025-03-12,28335,22,986
상계역,2025-04-30,2025-01-21 ~ 2025-03-20,2025-03-13,28357,22,1008
상계역,2025-04-30,2025-01-21 ~ 2025-03-20,2025-03-14,28376,19,1027
상계역,2025-04-30,2025-01-21 ~ 2025-03-20,2025-03-15,28400,24,1051
상계역,2025-04-30,2025-01-21 ~ 2025-03-20,2025-03-16,28425,25,1076
상계역,2025-04-30,2025-01-21 ~ 2025-03-20,2025-03-17,28442,17,1093
상계역,2025-04-30,2025-01-21 ~ 2025-03-20,2025-03-18,28463,21,1114
상계역,2025-04-30,2025-01-21 ~ 2025-03-20,2025-03-19,28483,20,1134
상계역,2025-04-30,2025-01-21 ~ 2025-03-20,2025-03-20,28505,22,1156
상계역,2025-04-30,2025-01-21 ~ 2025-03-20,2025-03-21,28528,23,1179
상계역,2025-06-30,2025-03-21 ~ 2025-05-20,2025-03-22,28551,23,23
상계역,2025-05-31,2025-03-21 ~ 2025-04-20,2025-03-22,28551,23,23
상계역,2025-05-31,2025-03-21 ~ 2025-04-20,2025-03-23,28575,24,47
상계역,2025-06-30,2025-03-21 ~ 2025-05-20,2025-03-23,28575,24,47
상계역,2025-06-30,2025-03-21 ~ 2025-05-20,2025-03-24,28595,20,67
상계역,2025-05-31,2025-03-21 ~ 2025-04-20,2025-03-24,28595,20,67
상계역,2025-05-31,2025-03-21 ~ 2025-04-20,2025-03-25,28617,22,89
상계역,2025-06-30,2025-03-21 ~ 2025-05-20,2025-03-25,28617,22,89
상계역,2025-06-30,2025-03-21 ~ 2025-05-20,2025-03-26,28640,23,112
상계역,2025-05-31,2025-03-21 ~ 2025-04-20,2025-03-26,28640,23,112
상계역,2025-06-30,2025-03-21 ~ 2025-05-20,2025-03-27,28664,24,136
상계역,2025-05-31,2025-03-21 ~ 2025-04-20,2025-03-27,28664,24,136
상계역,2025-05-31,2025-03-21 ~ 2025-04-20,2025-03-28,28685,21,157
상계역,2025-06-30,2025-03-21 ~ 2025-05-20,2025-03-28,28685,21,157
상계역,2025-06-30,2025-03-21 ~ 2025-05-20,2025-03-29,28708,23,180
상계역,2025-05-31,2025-03-21 ~ 2025-04-20,2025-03-29,28708,23,180
상계역,2025-06-30,2025-03-21 ~ 2025-05-20,2025-03-30,28729,21,201
상계역,2025-05-31,2025-03-21 ~ 2025-04-20,2025-03-30,28729,21,201
상계역,2025-05-31,2025-03-21 ~ 2025-04-20,2025-03-31,28746,17,218
상계역,2025-06-30,2025-03-21 ~ 2025-05-20,2025-03-31,28746,17,218
상계역,2025-06-30,2025-03-21 ~ 2025-05-20,2025-04-01,28778,32,250
상계역,2025-05-31,2025-03-21 ~ 2025-04-20,2025-04-01,28778,32,250
상계역,2025-06-30,2025-03-21 ~ 2025-05-20,2025-04-02,28800,22,272
상계역,2025-05-31,2025-03-21 ~ 2025-04-20,2025-04-02,28800,22,272
상계역,2025-05-31,2025-03-21 ~ 2025-04-20,2025-04-03,28823,23,295
상계역,2025-06-30,2025-03-21 ~ 2025-05-20,2025-04-03,28823,23,295
상계역,2025-05-31,2025-03-21 ~ 2025-04-20,2025-04-04,28846,23,318
상계역,2025-06-30,2025-03-21 ~ 2025-05-20,2025-04-04,28846,23,318
상계역,2025-06-30,2025-03-21 ~ 2025-05-20,2025-04-05,28870,24,342
상계역,2025-05-31,2025-03-21 ~ 2025-04-20,2025-04-05,28870,24,342
상계역,2025-06-30,2025-03-21 ~ 2025-05-20,2025-04-06,28889,19,361
상계역,2025-05-31,2025-03-21 ~ 2025-04-20,2025-04-06,28889,19,361
상계역,2025-06-30,2025-03-21 ~ 2025-05-20,2025-04-07,28909,20,381
상계역,2025-05-31,2025-03-21 ~ 2025-04-20,2025-04-07,28909,20,381
상계역,2025-06-30,2025-03-21 ~ 2025-05-20,2025-04-08,28933,24,405
상계역,2025-05-31,2025-03-21 ~ 2025-04-20,2025-04-08,28933,24,405
상계역,2025-06-30,2025-03-21 ~ 2025-05-20,2025-04-09,28958,25,430
상계역,2025-05-31,2025-03-21 ~ 2025-04-20,2025-04-09,28958,25,430
상계역,2025-06-30,2025-03-21 ~ 2025-05-20,2025-04-10,28981,23,453
상계역,2025-05-31,2025-03-21 ~ 2025-04-20,2025-04-10,28981,23,453
상계역,2025-06-30,2025-03-21 ~ 2025-05-20,2025-04-11,29006,25,478
상계역,2025-05-31,2025-03-21 ~ 2025-04-20,2025-04-11,29006,25,478
상계역,2025-05-31,2025-03-21 ~ 2025-04-20,2025-04-12,29031,25,503
상계역,2025-06-30,2025-03-21 ~ 2025-05-20,2025-04-12,29031,25,503
상계역,2025-05-31,2025-03-21 ~ 2025-04-20,2025-04-13,29047,16,519
상계역,2025-06-30,2025-03-21 ~ 2025-05-20,2025-04-13,29047,16,519
상계역,2025-05-31,2025-03-21 ~ 2025-04-20,2025-04-14,29069,22,541
상계역,2025-06-30,2025-03-21 ~ 2025-05-20,2025-04-14,29069,22,541
상계역,2025-06-30,2025-03-21 ~ 2025-05-20,2025-04-15,29090,21,562
상계역,2025-05-31,2025-03-21 ~ 2025-04-20,2025-04-15,29090,21,562
상계역,2025-06-30,2025-03-21 ~ 2025-05-20,2025-04-16,29113,23,585
상계역,2025-05-31,2025-03-21 ~ 2025-04-20,2025-04-16,29113,23,585
상계역,2025-05-31,2025-03-21 ~ 2025-04-20,2025-04-17,29136,23,608
상계역,2025-06-30,2025-03-21 ~ 2025-05-20,2025-04-17,29136,23,608
상계역,2025-05-31,2025-03-21 ~ 2025-04-20,2025-04-18,29159,23,631
상계역,2025-06-30,2025-03-21 ~ 2025-05-20,2025-04-18,29159,23,631
상계역,2025-06-30,2025-03-21 ~ 2025-05-20,2025-04-19,29183,24,655
상계역,2025-05-31,2025-03-21 ~ 2025-04-20,2025-04-19,29183,24,655
상계역,2025-05-31,2025-03-21 ~ 2025-04-20,2025-04-20,29208,25,680
상계역,2025-06-30,2025-03-21 ~ 2025-05-20,2025-04-20,29208,25,680
상계역,2025-05-31,2025-03-21 ~ 2025-04-20,2025-04-21,29235,27,707
상계역,2025-06-30,2025-03-21 ~ 2025-05-20,2025-04-21,29235,27,707
상계역,2025-06-30,2025-03-21 ~ 2025-05-20,2025-04-22,29263,28,735
상계역,2025-06-30,2025-03-21 ~ 2025-05-20,2025-04-23,29285,22,757
상계역,2025-06-30,2025-03-21 ~ 2025-05-20,2025-04-24,29318,33,790
상계역,2025-06-30,2025-03-21 ~ 2025-05-20,2025-04-25,29346,28,818
상계역,2025-06-30,2025-03-21 ~ 2025-05-20,2025-04-26,29375,29,847
상계역,2025-06-30,2025-03-21 ~ 2025-05-20,2025-04-27,29414,39,886
상계역,2025-06-30,2025-03-21 ~ 2025-05-20,2025-04-28,29448,34,920
상계역,2025-06-30,2025-03-21 ~ 2025-05-20,2025-04-29,29476,28,948
상계역,2025-06-30,2025-03-21 ~ 2025-05-20,2025-04-30,29506,30,978
상계역,2025-06-30,2025-03-21 ~ 2025-05-20,2025-05-01,29534,28,1006
상계역,2025-06-30,2025-03-21 ~ 2025-05-20,2025-05-02,29556,22,1028
상계역,2025-06-30,2025-03-21 ~ 2025-05-20,2025-05-03,29582,26,1054
상계역,2025-06-30,2025-03-21 ~ 2025-05-20,2025-05-04,29604,22,1076
상계역,2025-06-30,2025-03-21 ~ 2025-05-20,2025-05-05,29627,23,1099
상계역,2025-06-30,2025-03-21 ~ 2025-05-20,2025-05-06,29651,24,1123
상계역,2025-06-30,2025-03-21 ~ 2025-05-20,2025-05-07,29672,21,1144
상계역,2025-06-30,2025-03-21 ~ 2025-05-20,2025-05-08,29695,23,1167
상계역,2025-06-30,2025-03-21 ~ 2025-05-20,2025-05-09,29722,27,1194
상계역,2025-06-30,2025-03-21 ~ 2025-05-20,2025-05-10,29743,21,1215
상계역,2025-06-30,2025-03-21 ~ 2025-05-20,2025-05-11,29762,19,1234
상계역,2025-06-30,2025-03-21 ~ 2025-05-20,2025-05-12,29785,23,1257
상계역,2025-06-30,2025-03-21 ~ 2025-05-20,2025-05-13,29809,24,1281
상계역,2025-06-30,2025-03-21 ~ 2025-05-20,2025-05-14,29833,24,1305
상계역,2025-06-30,2025-03-21 ~ 2025-05-20,2025-05-15,29856,23,1328
상계역,2025-06-30,2025-03-21 ~ 2025-05-20,2025-05-16,29878,22,1350
상계역,2025-06-30,2025-03-21 ~ 2025-05-20,2025-05-17,29900,22,1372
상계역,2025-06-30,2025-03-21 ~ 2025-05-20,2025-05-18,29922,22,1394
상계역,2025-06-30,2025-03-21 ~ 2025-05-20,2025-05-19,29942,20,1414
상계역,2025-06-30,2025-03-21 ~ 2025-05-20,2025-05-20,29964,22,1436
상계역,2025-06-30,2025-03-21 ~ 2025-05-20,2025-05-21,29986,22,1458
상계역,2025-07-31,2025-05-21 ~ 2025-06-20,2025-05-22,30009,23,23
상계역,2025-08-31,2025-05-21 ~ 2025-07-20,2025-05-22,30009,23,23
상계역,2025-07-31,2025-05-21 ~ 2025-06-20,2025-05-23,30034,25,48
상계역,2025-08-31,2025-05-21 ~ 2025-07-20,2025-05-23,30034,25,48
상계역,2025-08-31,2025-05-21 ~ 2025-07-20,2025-05-24,30058,24,72
상계역,2025-07-31,2025-05-21 ~ 2025-06-20,2025-05-24,30058,24,72
상계역,2025-07-31,2025-05-21 ~ 2025-06-20,2025-05-25,30081,23,95
상계역,2025-08-31,2025-05-21 ~ 2025-07-20,2025-05-25,30081,23,95
상계역,2025-07-31,2025-05-21 ~ 2025-06-20,2025-05-26,30102,21,116
상계역,2025-08-31,2025-05-21 ~ 2025-07-20,2025-05-26,30102,21,116
상계역,2025-07-31,2025-05-21 ~ 2025-06-20,2025-05-27,30124,22,138
상계역,2025-08-31,2025-05-21 ~ 2025-07-20,2025-05-27,30124,22,138
상계역,2025-07-31,2025-05-21 ~ 2025-06-20,2025-05-28,30146,22,160
상계역,2025-08-31,2025-05-21 ~ 2025-07-20,2025-05-28,30146,22,160
상계역,2025-08-31,2025-05-21 ~ 2025-07-20,2025-05-29,30171,25,185
상계역,2025-07-31,2025-05-21 ~ 2025-06-20,2025-05-29,30171,25,185
상계역,2025-07-31,2025-05-21 ~ 2025-06-20,2025-05-30,30195,24,209
상계역,2025-08-31,2025-05-21 ~ 2025-07-20,2025-05-30,30195,24,209
상계역,2025-07-31,2025-05-21 ~ 2025-06-20,2025-05-31,30219,24,233
상계역,2025-08-31,2025-05-21 ~ 2025-07-20,2025-05-31,30219,24,233
상계역,2025-07-31,2025-05-21 ~ 2025-06-20,2025-06-01,30243,24,257
상계역,2025-08-31,2025-05-21 ~ 2025-07-20,2025-06-01,30243,24,257
상계역,2025-07-31,2025-05-21 ~ 2025-06-20,2025-06-02,30262,19,276
상계역,2025-08-31,2025-05-21 ~ 2025-07-20,2025-06-02,30262,19,276
상계역,2025-08-31,2025-05-21 ~ 2025-07-20,2025-06-03,30286,24,300
상계역,2025-07-31,2025-05-21 ~ 2025-06-20,2025-06-03,30286,24,300
상계역,2025-07-31,2025-05-21 ~ 2025-06-20,2025-06-04,30309,23,323
상계역,2025-08-31,2025-05-21 ~ 2025-07-20,2025-06-04,30309,23,323
상계역,2025-08-31,2025-05-21 ~ 2025-07-20,2025-06-05,30333,24,347
상계역,2025-07-31,2025-05-21 ~ 2025-06-20,2025-06-05,30333,24,347
상계역,2025-07-31,2025-05-21 ~ 2025-06-20,2025-06-06,30360,27,374
상계역,2025-08-31,2025-05-21 ~ 2025-07-20,2025-06-06,30360,27,374
상계역,2025-08-31,2025-05-21 ~ 2025-07-20,2025-06-07,30383,23,397
상계역,2025-07-31,2025-05-21 ~ 2025-06-20,2025-06-07,30383,23,397
상계역,2025-07-31,2025-05-21 ~ 2025-06-20,2025-06-08,30407,24,421
상계역,2025-08-31,2025-05-21 ~ 2025-07-20,2025-06-08,30407,24,421
상계역,2025-08-31,2025-05-21 ~ 2025-07-20,2025-06-09,30428,21,442
상계역,2025-07-31,2025-05-21 ~ 2025-06-20,2025-06-09,30428,21,442
상계역,2025-08-31,2025-05-21 ~ 2025-07-20,2025-06-10,30452,24,466
상계역,2025-07-31,2025-05-21 ~ 2025-06-20,2025-06-10,30452,24,466
상계역,2025-08-31,2025-05-21 ~ 2025-07-20,2025-06-11,30478,26,492
상계역,2025-07-31,2025-05-21 ~ 2025-06-20,2025-06-11,30478,26,492
상계역,2025-08-31,2025-05-21 ~ 2025-07-20,2025-06-12,30504,26,518
상계역,2025-07-31,2025-05-21 ~ 2025-06-20,2025-06-12,30504,26,518
상계역,2025-08-31,2025-05-21 ~ 2025-07-20,2025-06-13,30531,27,545
상계역,2025-07-31,2025-05-21 ~ 2025-06-20,2025-06-13,30531,27,545
상계역,2025-07-31,2025-05-21 ~ 2025-06-20,2025-06-14,30555,24,569
상계역,2025-08-31,2025-05-21 ~ 2025-07-20,2025-06-14,30555,24,569
상계역,2025-07-31,2025-05-21 ~ 2025-06-20,2025-06-15,30583,28,597
상계역,2025-08-31,2025-05-21 ~ 2025-07-20,2025-06-15,30583,28,597
상계역,2025-08-31,2025-05-21 ~ 2025-07-20,2025-06-16,30606,23,620
상계역,2025-07-31,2025-05-21 ~ 2025-06-20,2025-06-16,30606,23,620
상계역,2025-08-31,2025-05-21 ~ 2025-07-20,2025-06-17,30631,25,645
상계역,2025-07-31,2025-05-21 ~ 2025-06-20,2025-06-17,30631,25,645
상계역,2025-07-31,2025-05-21 ~ 2025-06-20,2025-06-18,30657,26,671
상계역,2025-08-31,2025-05-21 ~ 2025-07-20,2025-06-18,30657,26,671
상계역,2025-08-31,2025-05-21 ~ 2025-07-20,2025-06-19,30684,27,698
상계역,2025-07-31,2025-05-21 ~ 2025-06-20,2025-06-19,30684,27,698
상계역,2025-07-31,2025-05-21 ~ 2025-06-20,2025-06-20,30711,27,725
상계역,2025-08-31,2025-05-21 ~ 2025-07-20,2025-06-20,30711,27,725
상계역,2025-08-31,2025-05-21 ~ 2025-07-20,2025-06-21,30736,25,750
상계역,2025-07-31,2025-05-21 ~ 2025-06-20,2025-06-21,30736,25,750
상계역,2025-08-31,2025-05-21 ~ 2025-07-20,2025-06-22,30764,28,778
상계역,2025-08-31,2025-05-21 ~ 2025-07-20,2025-06-23,30788,24,802
상계역,2025-08-31,2025-05-21 ~ 2025-07-20,2025-06-24,30812,24,826
상계역,2025-08-31,2025-05-21 ~ 2025-07-20,2025-06-25,30838,26,852
상계역,2025-08-31,2025-05-21 ~ 2025-07-20,2025-06-26,30863,25,877
상계역,2025-08-31,2025-05-21 ~ 2025-07-20,2025-06-27,30892,29,906
상계역,2025-08-31,2025-05-21 ~ 2025-07-20,2025-06-28,30922,30,936
상계역,2025-08-31,2025-05-21 ~ 2025-07-20,2025-06-29,30948,26,962
상계역,2025-08-31,2025-05-21 ~ 2025-07-20,2025-06-30,30974,26,988
상계역,2025-08-31,2025-05-21 ~ 2025-07-20,2025-07-01,31007,33,1021
상계역,2025-08-31,2025-05-21 ~ 2025-07-20,2025-07-02,31034,27,1048
상계역,2025-08-31,2025-05-21 ~ 2025-07-20,2025-07-03,31061,27,1075
상계역,2025-08-31,2025-05-21 ~ 2025-07-20,2025-07-04,31089,28,1103
상계역,2025-08-31,2025-05-21 ~ 2025-07-20,2025-07-05,31106,17,1120
상계역,2025-08-31,2025-05-21 ~ 2025-07-20,2025-07-06,31146,40,1160
상계역,2025-08-31,2025-05-21 ~ 2025-07-20,2025-07-07,31167,21,1181
상계역,2025-08-31,2025-05-21 ~ 2025-07-20,2025-07-08,31194,27,1208
상계역,2025-08-31,2025-05-21 ~ 2025-07-20,2025-07-09,31222,28,1236
상계역,2025-08-31,2025-05-21 ~ 2025-07-20,2025-07-10,31246,24,1260
상계역,2025-08-31,2025-05-21 ~ 2025-07-20,2025-07-11,31276,30,1290
상계역,2025-08-31,2025-05-21 ~ 2025-07-20,2025-07-12,31305,29,1319
상계역,2025-08-31,2025-05-21 ~ 2025-07-20,2025-07-13,31328,23,1342
상계역,2025-08-31,2025-05-21 ~ 2025-07-20,2025-07-14,31349,21,1363
상계역,2025-08-31,2025-05-21 ~ 2025-07-20,2025-07-15,31374,25,1388
상계역,2025-08-31,2025-05-21 ~ 2025-07-20,2025-07-16,31403,29,1417
상계역,2025-08-31,2025-05-21 ~ 2025-07-20,2025-07-17,31427,24,1441
상계역,2025-08-31,2025-05-21 ~ 2025-07-20,2025-07-18,31449,22,1463
상계역,2025-08-31,2025-05-21 ~ 2025-07-20,2025-07-19,31465,16,1479
상계역,2025-08-31,2025-05-21 ~ 2025-07-20,2025-07-20,31499,34,1513
상계역,2025-08-31,2025-05-21 ~ 2025-07-20,2025-07-21,31520,21,1534
상계역,2025-10-31,2025-07-21 ~ 2025-09-20,2025-07-22,31545,25,25
상계역,2025-09-30,2025-07-21 ~ 2025-08-20,2025-07-22,31545,25,25
상계역,2025-09-30,2025-07-21 ~ 2025-08-20,2025-07-23,31575,30,55
상계역,2025-10-31,2025-07-21 ~ 2025-09-20,2025-07-23,31575,30,55
상계역,2025-10-31,2025-07-21 ~ 2025-09-20,2025-07-24,31602,27,82
상계역,2025-09-30,2025-07-21 ~ 2025-08-20,2025-07-24,31602,27,82
상계역,2025-09-30,2025-07-21 ~ 2025-08-20,2025-07-25,31632,30,112
상계역,2025-10-31,2025-07-21 ~ 2025-09-20,2025-07-25,31632,30,112
상계역,2025-09-30,2025-07-21 ~ 2025-08-20,2025-07-26,31658,26,138
상계역,2025-10-31,2025-07-21 ~ 2025-09-20,2025-07-26,31658,26,138
상계역,2025-09-30,2025-07-21 ~ 2025-08-20,2025-07-27,31682,24,162
상계역,2025-10-31,2025-07-21 ~ 2025-09-20,2025-07-27,31682,24,162
상계역,2025-09-30,2025-07-21 ~ 2025-08-20,2025-07-28,31703,21,183
상계역,2025-10-31,2025-07-21 ~ 2025-09-20,2025-07-28,31703,21,183
상계역,2025-10-31,2025-07-21 ~ 2025-09-20,2025-07-29,31725,22,205
상계역,2025-09-30,2025-07-21 ~ 2025-08-20,2025-07-29,31725,22,205
상계역,2025-09-30,2025-07-21 ~ 2025-08-20,2025-07-30,31748,23,228
상계역,2025-10-31,2025-07-21 ~ 2025-09-20,2025-07-30,31748,23,228
상계역,2025-09-30,2025-07-21 ~ 2025-08-20,2025-07-31,31771,23,251
상계역,2025-10-31,2025-07-21 ~ 2025-09-20,2025-07-31,31771,23,251
상계역,2025-09-30,2025-07-21 ~ 2025-08-20,2025-08-01,31794,23,274
상계역,2025-10-31,2025-07-21 ~ 2025-09-20,2025-08-01,31794,23,274
상계역,2025-10-31,2025-07-21 ~ 2025-09-20,2025-08-02,31817,23,297
상계역,2025-09-30,2025-07-21 ~ 2025-08-20,2025-08-02,31817,23,297
상계역,2025-10-31,2025-07-21 ~ 2025-09-20,2025-08-03,31838,21,318
상계역,2025-09-30,2025-07-21 ~ 2025-08-20,2025-08-03,31838,21,318
상계역,2025-09-30,2025-07-21 ~ 2025-08-20,2025-08-04,31857,19,337
상계역,2025-10-31,2025-07-21 ~ 2025-09-20,2025-08-04,31857,19,337
상계역,2025-09-30,2025-07-21 ~ 2025-08-20,2025-08-05,31881,24,361
상계역,2025-10-31,2025-07-21 ~ 2025-09-20,2025-08-05,31881,24,361
상계역,2025-10-31,2025-07-21 ~ 2025-09-20,2025-08-06,31906,25,386
상계역,2025-09-30,2025-07-21 ~ 2025-08-20,2025-08-06,31906,25,386
상계역,2025-09-30,2025-07-21 ~ 2025-08-20,2025-08-07,31932,26,412
상계역,2025-10-31,2025-07-21 ~ 2025-09-20,2025-08-07,31932,26,412
상계역,2025-10-31,2025-07-21 ~ 2025-09-20,2025-08-08,31958,26,438
상계역,2025-09-30,2025-07-21 ~ 2025-08-20,2025-08-08,31958,26,438
상계역,2025-10-31,2025-07-21 ~ 2025-09-20,2025-08-09,31983,25,463
상계역,2025-09-30,2025-07-21 ~ 2025-08-20,2025-08-09,31983,25,463
상계역,2025-10-31,2025-07-21 ~ 2025-09-20,2025-08-10,32031,48,511
상계역,2025-09-30,2025-07-21 ~ 2025-08-20,2025-08-10,32031,48,511
상계역,2025-10-31,2025-07-21 ~ 2025-09-20,2025-08-11,32051,20,531
상계역,2025-09-30,2025-07-21 ~ 2025-08-20,2025-08-11,32051,20,531
상계역,2025-10-31,2025-07-21 ~ 2025-09-20,2025-08-12,32075,24,555
상계역,2025-09-30,2025-07-21 ~ 2025-08-20,2025-08-12,32075,24,555
상계역,2025-10-31,2025-07-21 ~ 2025-09-20,2025-08-13,32100,25,580
상계역,2025-09-30,2025-07-21 ~ 2025-08-20,2025-08-13,32100,25,580
상계역,2025-10-31,2025-07-21 ~ 2025-09-20,2025-08-14,32120,20,600
상계역,2025-09-30,2025-07-21 ~ 2025-08-20,2025-08-14,32120,20,600
상계역,2025-09-30,2025-07-21 ~ 2025-08-20,2025-08-15,32144,24,624
상계역,2025-10-31,2025-07-21 ~ 2025-09-20,2025-08-15,32144,24,624
상계역,2025-09-30,2025-07-21 ~ 2025-08-20,2025-08-16,32180,36,660
상계역,2025-10-31,2025-07-21 ~ 2025-09-20,2025-08-16,32180,36,660
상계역,2025-09-30,2025-07-21 ~ 2025-08-20,2025-08-17,32201,21,681
상계역,2025-10-31,2025-07-21 ~ 2025-09-20,2025-08-17,32201,21,681
상계역,2025-09-30,2025-07-21 ~ 2025-08-20,2025-08-18,32221,20,701
상계역,2025-10-31,2025-07-21 ~ 2025-09-20,2025-08-18,32221,20,701
상계역,2025-09-30,2025-07-21 ~ 2025-08-20,2025-08-19,32243,22,723
상계역,2025-10-31,2025-07-21 ~ 2025-09-20,2025-08-19,32243,22,723
상계역,2025-10-31,2025-07-21 ~ 2025-09-20,2025-08-20,32266,23,746
상계역,2025-09-30,2025-07-21 ~ 2025-08-20,2025-08-20,32266,23,746
상계역,2025-10-31,2025-07-21 ~ 2025-09-20,2025-08-21,32288,22,768
상계역,2025-09-30,2025-07-21 ~ 2025-08-20,2025-08-21,32288,22,768
상계역,2025-10-31,2025-07-21 ~ 2025-09-20,2025-08-22,32312,24,792
상계역,2025-10-31,2025-07-21 ~ 2025-09-20,2025-08-23,32337,25,817
상계역,2025-10-31,2025-07-21 ~ 2025-09-20,2025-08-24,32361,24,841
상계역,2025-10-31,2025-07-21 ~ 2025-09-20,2025-08-25,32379,18,859
상계역,2025-10-31,2025-07-21 ~ 2025-09-20,2025-08-26,32400,21,880
상계역,2025-10-31,2025-07-21 ~ 2025-09-20,2025-08-27,32423,23,903
상계역,2025-10-31,2025-07-21 ~ 2025-09-20,2025-08-28,32447,24,927
상계역,2025-10-31,2025-07-21 ~ 2025-09-20,2025-08-29,32473,26,953
상계역,2025-10-31,2025-07-21 ~ 2025-09-20,2025-08-30,32496,23,976
상계역,2025-10-31,2025-07-21 ~ 2025-09-20,2025-08-31,32519,23,999
상계역,2025-10-31,2025-07-21 ~ 2025-09-20,2025-09-01,32538,19,1018
상계역,2025-10-31,2025-07-21 ~ 2025-09-20,2025-09-02,32561,23,1041
상계역,2025-10-31,2025-07-21 ~ 2025-09-20,2025-09-03,32585,24,1065
상계역,2025-10-31,2025-07-21 ~ 2025-09-20,2025-09-04,32610,25,1090
상계역,2025-10-31,2025-07-21 ~ 2025-09-20,2025-09-05,32634,24,1114
상계역,2025-10-31,2025-07-21 ~ 2025-09-20,2025-09-06,32660,26,1140
상계역,2025-10-31,2025-07-21 ~ 2025-09-20,2025-09-07,32679,19,1159
상계역,2025-10-31,2025-07-21 ~ 2025-09-20,2025-09-08,32703,24,1183
상계역,2025-10-31,2025-07-21 ~ 2025-09-20,2025-09-09,32728,25,1208
상계역,2025-10-31,2025-07-21 ~ 2025-09-20,2025-09-10,32755,27,1235
상계역,2025-10-31,2025-07-21 ~ 2025-09-20,2025-09-11,32779,24,1259
상계역,2025-10-31,2025-07-21 ~ 2025-09-20,2025-09-12,32803,24,1283
상계역,2025-10-31,2025-07-21 ~ 2025-09-20,2025-09-13,32827,24,1307
상계역,2025-10-31,2025-07-21 ~ 2025-09-20,2025-09-14,32847,20,1327
상계역,2025-10-31,2025-07-21 ~ 2025-09-20,2025-09-15,32870,23,1350
상계역,2025-10-31,2025-07-21 ~ 2025-09-20,2025-09-16,32893,23,1373
상계역,2025-10-31,2025-07-21 ~ 2025-09-20,2025-09-17,32917,24,1397
상계역,2025-10-31,2025-07-21 ~ 2025-09-20,2025-09-18,32938,21,1418
상계역,2025-10-31,2025-07-21 ~ 2025-09-20,2025-09-19,32964,26,1444
상계역,2025-10-31,2025-07-21 ~ 2025-09-20,2025-09-20,32989,25,1469
상계역,2025-10-31,2025-07-21 ~ 2025-09-20,2025-09-21,33014,25,1494
상계역,2025-12-31,2025-09-21 ~ 2025-11-20,2025-09-22,33036,22,22
상계역,2025-11-30,2025-09-21 ~ 2025-10-20,2025-09-22,33036,22,22
상계역,2025-12-31,2025-09-21 ~ 2025-11-20,2025-09-23,33060,24,46
상계역,2025-11-30,2025-09-21 ~ 2025-10-20,2025-09-23,33060,24,46
상계역,2025-12-31,2025-09-21 ~ 2025-11-20,2025-09-24,33084,24,70
상계역,2025-11-30,2025-09-21 ~ 2025-10-20,2025-09-24,33084,24,70
상계역,2025-11-30,2025-09-21 ~ 2025-10-20,2025-09-25,33108,24,94
상계역,2025-12-31,2025-09-21 ~ 2025-11-20,2025-09-25,33108,24,94
상계역,2025-12-31,2025-09-21 ~ 2025-11-20,2025-09-26,33133,25,119
상계역,2025-11-30,2025-09-21 ~ 2025-10-20,2025-09-26,33133,25,119
상계역,2025-12-31,2025-09-21 ~ 2025-11-20,2025-09-27,33159,26,145
상계역,2025-11-30,2025-09-21 ~ 2025-10-20,2025-09-27,33159,26,145
상계역,2025-11-30,2025-09-21 ~ 2025-10-20,2025-09-28,33183,24,169
상계역,2025-12-31,2025-09-21 ~ 2025-11-20,2025-09-28,33183,24,169
상계역,2025-12-31,2025-09-21 ~ 2025-11-20,2025-09-29,33200,17,186
상계역,2025-11-30,2025-09-21 ~ 2025-10-20,2025-09-29,33200,17,186
상계역,2025-12-31,2025-09-21 ~ 2025-11-20,2025-09-30,33224,24,210
상계역,2025-11-30,2025-09-21 ~ 2025-10-20,2025-09-30,33224,24,210
상계역,2025-12-31,2025-09-21 ~ 2025-11-20,2025-10-01,33249,25,235
상계역,2025-11-30,2025-09-21 ~ 2025-10-20,2025-10-01,33249,25,235
상계역,2025-11-30,2025-09-21 ~ 2025-10-20,2025-10-02,33275,26,261
상계역,2025-12-31,2025-09-21 ~ 2025-11-20,2025-10-02,33275,26,261
상계역,2025-11-30,2025-09-21 ~ 2025-10-20,2025-10-03,33298,23,284
상계역,2025-12-31,2025-09-21 ~ 2025-11-20,2025-10-03,33298,23,284
상계역,2025-12-31,2025-09-21 ~ 2025-11-20,2025-10-04,33319,21,305
상계역,2025-11-30,2025-09-21 ~ 2025-10-20,2025-10-04,33319,21,305
상계역,2025-11-30,2025-09-21 ~ 2025-10-20,2025-10-05,33339,20,325
상계역,2025-12-31,2025-09-21 ~ 2025-11-20,2025-10-05,33339,20,325
상계역,2025-11-30,2025-09-21 ~ 2025-10-20,2025-10-06,33353,14,339
상계역,2025-12-31,2025-09-21 ~ 2025-11-20,2025-10-06,33353,14,339
상계역,2025-12-31,2025-09-21 ~ 2025-11-20,2025-10-07,33366,13,352
상계역,2025-11-30,2025-09-21 ~ 2025-10-20,2025-10-07,33366,13,352
상계역,2025-11-30,2025-09-21 ~ 2025-10-20,2025-10-08,33380,14,366
상계역,2025-12-31,2025-09-21 ~ 2025-11-20,2025-10-08,33380,14,366
상계역,2025-11-30,2025-09-21 ~ 2025-10-20,2025-10-09,33400,20,386
상계역,2025-12-31,2025-09-21 ~ 2025-11-20,2025-10-09,33400,20,386
상계역,2025-11-30,2025-09-21 ~ 2025-10-20,2025-10-10,33421,21,407
상계역,2025-12-31,2025-09-21 ~ 2025-11-20,2025-10-10,33421,21,407
상계역,2025-11-30,2025-09-21 ~ 2025-10-20,2025-10-11,33443,22,429
상계역,2025-12-31,2025-09-21 ~ 2025-11-20,2025-10-11,33443,22,429
상계역,2025-11-30,2025-09-21 ~ 2025-10-20,2025-10-12,33464,21,450
상계역,2025-12-31,2025-09-21 ~ 2025-11-20,2025-10-12,33464,21,450
상계역,2025-11-30,2025-09-21 ~ 2025-10-20,2025-10-13,33483,19,469
상계역,2025-12-31,2025-09-21 ~ 2025-11-20,2025-10-13,33483,19,469
상계역,2025-12-31,2025-09-21 ~ 2025-11-20,2025-10-14,33504,21,490
상계역,2025-11-30,2025-09-21 ~ 2025-10-20,2025-10-14,33504,21,490
상계역,2025-11-30,2025-09-21 ~ 2025-10-20,2025-10-15,33528,24,514
상계역,2025-12-31,2025-09-21 ~ 2025-11-20,2025-10-15,33528,24,514
상계역,2025-11-30,2025-09-21 ~ 2025-10-20,2025-10-16,33553,25,539
상계역,2025-12-31,2025-09-21 ~ 2025-11-20,2025-10-16,33553,25,539
상계역,2025-11-30,2025-09-21 ~ 2025-10-20,2025-10-17,33575,22,561
상계역,2025-12-31,2025-09-21 ~ 2025-11-20,2025-10-17,33575,22,561
상계역,2025-11-30,2025-09-21 ~ 2025-10-20,2025-10-18,33598,23,584
상계역,2025-12-31,2025-09-21 ~ 2025-11-20,2025-10-18,33598,23,584
상계역,2025-12-31,2025-09-21 ~ 2025-11-20,2025-10-19,33621,23,607
상계역,2025-11-30,2025-09-21 ~ 2025-10-20,2025-10-19,33621,23,607
상계역,2025-11-30,2025-09-21 ~ 2025-10-20,2025-10-20,33642,21,628
상계역,2025-12-31,2025-09-21 ~ 2025-11-20,2025-10-20,33642,21,628
상계역,2025-12-31,2025-09-21 ~ 2025-11-20,2025-10-21,33664,22,650
상계역,2025-11-30,2025-09-21 ~ 2025-10-20,2025-10-21,33664,22,650
상계역,2025-12-31,2025-09-21 ~ 2025-11-20,2025-10-22,33686,22,672
상계역,2025-12-31,2025-09-21 ~ 2025-11-20,2025-10-23,33708,22,694
상계역,2025-12-31,2025-09-21 ~ 2025-11-20,2025-10-24,33732,24,718
상계역,2025-12-31,2025-09-21 ~ 2025-11-20,2025-10-25,33756,24,742
상계역,2025-12-31,2025-09-21 ~ 2025-11-20,2025-10-26,33781,25,767
상계역,2025-12-31,2025-09-21 ~ 2025-11-20,2025-10-27,33800,19,786
상계역,2025-12-31,2025-09-21 ~ 2025-11-20,2025-10-28,33823,23,809
상계역,2025-12-31,2025-09-21 ~ 2025-11-20,2025-10-29,33845,22,831
상계역,2025-12-31,2025-09-21 ~ 2025-11-20,2025-10-30,33869,24,855
상계역,2025-12-31,2025-09-21 ~ 2025-11-20,2025-10-31,33893,24,879
상계역,2025-12-31,2025-09-21 ~ 2025-11-20,2025-11-01,33917,24,903
상계역,2025-12-31,2025-09-21 ~ 2025-11-20,2025-11-02,33942,25,928
상계역,2025-12-31,2025-09-21 ~ 2025-11-20,2025-11-03,33963,21,949
상계역,2025-12-31,2025-09-21 ~ 2025-11-20,2025-11-04,33986,23,972
상계역,2025-12-31,2025-09-21 ~ 2025-11-20,2025-11-05,34011,25,997
상계역,2025-12-31,2025-09-21 ~ 2025-11-20,2025-11-06,34035,24,1021
상계역,2025-12-31,2025-09-21 ~ 2025-11-20,2025-11-07,34059,24,1045
상계역,2025-12-31,2025-09-21 ~ 2025-11-20,2025-11-08,34083,24,1069
상계역,2025-12-31,2025-09-21 ~ 2025-11-20,2025-11-09,34108,25,1094
상계역,2025-12-31,2025-09-21 ~ 2025-11-20,2025-11-10,34128,20,1114
상계역,2025-12-31,2025-09-21 ~ 2025-11-20,2025-11-11,34151,23,1137
상계역,2025-12-31,2025-09-21 ~ 2025-11-20,2025-11-12,34175,24,1161
상계역,2025-12-31,2025-09-21 ~ 2025-11-20,2025-11-13,34198,23,1184
상계역,2025-12-31,2025-09-21 ~ 2025-11-20,2025-11-14,34221,23,1207
상계역,2025-12-31,2025-09-21 ~ 2025-11-20,2025-11-15,34245,24,1231
상계역,2025-12-31,2025-09-21 ~ 2025-11-20,2025-11-16,34268,23,1254
상계역,2025-12-31,2025-09-21 ~ 2025-11-20,2025-11-17,34288,20,1274
상계역,2025-12-31,2025-09-21 ~ 2025-11-20,2025-11-18,34311,23,1297
상계역,2025-12-31,2025-09-21 ~ 2025-11-20,2025-11-19,34334,23,1320
상계역,2025-12-31,2025-09-21 ~ 2025-11-20,2025-11-20,34356,22,1342
상계역,2025-12-31,2025-09-21 ~ 2025-11-20,2025-11-21,34380,24,1366
상계역,2026-01-31,2025-11-21 ~ 2025-12-20,2025-11-22,34406,26,26
상계역,2026-02-28,2025-11-21 ~ 2026-01-20,2025-11-22,34406,26,26
상계역,2026-01-31,2025-11-21 ~ 2025-12-20,2025-11-23,34429,23,49
상계역,2026-02-28,2025-11-21 ~ 2026-01-20,2025-11-23,34429,23,49
상계역,2026-01-31,2025-11-21 ~ 2025-12-20,2025-11-24,34450,21,70
상계역,2026-02-28,2025-11-21 ~ 2026-01-20,2025-11-24,34450,21,70
상계역,2026-01-31,2025-11-21 ~ 2025-12-20,2025-11-25,34473,23,93
상계역,2026-02-28,2025-11-21 ~ 2026-01-20,2025-11-25,34473,23,93
상계역,2026-01-31,2025-11-21 ~ 2025-12-20,2025-11-26,34494,21,114
상계역,2026-02-28,2025-11-21 ~ 2026-01-20,2025-11-26,34494,21,114
상계역,2026-01-31,2025-11-21 ~ 2025-12-20,2025-11-27,34516,22,136
상계역,2026-02-28,2025-11-21 ~ 2026-01-20,2025-11-27,34516,22,136
상계역,2026-02-28,2025-11-21 ~ 2026-01-20,2025-11-28,34541,25,161
상계역,2026-01-31,2025-11-21 ~ 2025-12-20,2025-11-28,34541,25,161
상계역,2026-01-31,2025-11-21 ~ 2025-12-20,2025-11-29,34565,24,185
상계역,2026-02-28,2025-11-21 ~ 2026-01-20,2025-11-29,34565,24,185
상계역,2026-01-31,2025-11-21 ~ 2025-12-20,2025-11-30,34588,23,208
상계역,2026-02-28,2025-11-21 ~ 2026-01-20,2025-11-30,34588,23,208
상계역,2026-01-31,2025-11-21 ~ 2025-12-20,2025-12-01,34606,18,226
상계역,2026-02-28,2025-11-21 ~ 2026-01-20,2025-12-01,34606,18,226
상계역,2026-02-28,2025-11-21 ~ 2026-01-20,2025-12-02,34628,22,248
상계역,2026-01-31,2025-11-21 ~ 2025-12-20,2025-12-02,34628,22,248
상계역,2026-02-28,2025-11-21 ~ 2026-01-20,2025-12-03,34648,20,268
상계역,2026-01-31,2025-11-21 ~ 2025-12-20,2025-12-03,34648,20,268
상계역,2026-01-31,2025-11-21 ~ 2025-12-20,2025-12-04,34671,23,291
상계역,2026-02-28,2025-11-21 ~ 2026-01-20,2025-12-04,34671,23,291
상계역,2026-02-28,2025-11-21 ~ 2026-01-20,2025-12-05,34692,21,312
상계역,2026-01-31,2025-11-21 ~ 2025-12-20,2025-12-05,34692,21,312
상계역,2026-01-31,2025-11-21 ~ 2025-12-20,2025-12-06,34713,21,333
상계역,2026-02-28,2025-11-21 ~ 2026-01-20,2025-12-06,34713,21,333
상계역,2026-02-28,2025-11-21 ~ 2026-01-20,2025-12-07,34735,22,355
상계역,2026-01-31,2025-11-21 ~ 2025-12-20,2025-12-07,34735,22,355
상계역,2026-01-31,2025-11-21 ~ 2025-12-20,2025-12-08,34754,19,374
상계역,2026-02-28,2025-11-21 ~ 2026-01-20,2025-12-08,34754,19,374
상계역,2026-01-31,2025-11-21 ~ 2025-12-20,2025-12-09,34775,21,395
상계역,2026-02-28,2025-11-21 ~ 2026-01-20,2025-12-09,34775,21,395
상계역,2026-02-28,2025-11-21 ~ 2026-01-20,2025-12-10,34798,23,418
상계역,2026-01-31,2025-11-21 ~ 2025-12-20,2025-12-10,34798,23,418
상계역,2026-01-31,2025-11-21 ~ 2025-12-20,2025-12-11,34821,23,441
상계역,2026-02-28,2025-11-21 ~ 2026-01-20,2025-12-11,34821,23,441
상계역,2026-02-28,2025-11-21 ~ 2026-01-20,2025-12-12,34842,21,462
상계역,2026-01-31,2025-11-21 ~ 2025-12-20,2025-12-12,34842,21,462
상계역,2026-02-28,2025-11-21 ~ 2026-01-20,2025-12-13,34864,22,484
상계역,2026-01-31,2025-11-21 ~ 2025-12-20,2025-12-13,34864,22,484
상계역,2026-01-31,2025-11-21 ~ 2025-12-20,2025-12-14,34886,22,506
상계역,2026-02-28,2025-11-21 ~ 2026-01-20,2025-12-14,34886,22,506
상계역,2026-02-28,2025-11-21 ~ 2026-01-20,2025-12-15,34905,19,525
상계역,2026-01-31,2025-11-21 ~ 2025-12-20,2025-12-15,34905,19,525
상계역,2026-02-28,2025-11-21 ~ 2026-01-20,2025-12-16,34925,20,545
상계역,2026-01-31,2025-11-21 ~ 2025-12-20,2025-12-16,34925,20,545
상계역,2026-01-31,2025-11-21 ~ 2025-12-20,2025-12-17,34946,21,566
상계역,2026-02-28,2025-11-21 ~ 2026-01-20,2025-12-17,34946,21,566
상계역,2026-01-31,2025-11-21 ~ 2025-12-20,2025-12-18,34969,23,589
상계역,2026-02-28,2025-11-21 ~ 2026-01-20,2025-12-18,34969,23,589
상계역,2026-02-28,2025-11-21 ~ 2026-01-20,2025-12-19,34992,23,612
상계역,2026-01-31,2025-11-21 ~ 2025-12-20,2025-12-19,34992,23,612
상계역,2026-01-31,2025-11-21 ~ 2025-12-20,2025-12-20,35018,26,638
상계역,2026-02-28,2025-11-21 ~ 2026-01-20,2025-12-20,35018,26,638
상계역,2026-02-28,2025-11-21 ~ 2026-01-20,2025-12-21,35039,21,659
상계역,2026-01-31,2025-11-21 ~ 2025-12-20,2025-12-21,35039,21,659
상계역,2026-02-28,2025-11-21 ~ 2026-01-20,2025-12-22,35058,19,678
상계역,2026-02-28,2025-11-21 ~ 2026-01-20,2025-12-23,35081,23,701
상계역,2026-02-28,2025-11-21 ~ 2026-01-20,2025-12-24,35102,21,722
상계역,2026-02-28,2025-11-21 ~ 2026-01-20,2025-12-25,35125,23,745
상계역,2026-02-28,2025-11-21 ~ 2026-01-20,2025-12-26,35145,20,765
상계역,2026-02-28,2025-11-21 ~ 2026-01-20,2025-12-27,35170,25,790
상계역,2026-02-28,2025-11-21 ~ 2026-01-20,2025-12-28,35193,23,813
상계역,2026-02-28,2025-11-21 ~ 2026-01-20,2025-12-29,35210,17,830
상계역,2026-02-28,2025-11-21 ~ 2026-01-20,2025-12-30,35232,22,852
상계역,2026-02-28,2025-11-21 ~ 2026-01-20,2025-12-31,35255,23,875
상계역,2026-02-28,2025-11-21 ~ 2026-01-20,2026-01-01,35277,22,897
상계역,2026-02-28,2025-11-21 ~ 2026-01-20,2026-01-02,35291,14,911
상계역,2026-02-28,2025-11-21 ~ 2026-01-20,2026-01-03,35311,20,931
상계역,2026-02-28,2025-11-21 ~ 2026-01-20,2026-01-04,35330,19,950
상계역,2026-02-28,2025-11-21 ~ 2026-01-20,2026-01-05,35349,19,969
상계역,2026-02-28,2025-11-21 ~ 2026-01-20,2026-01-06,35372,23,992
상계역,2026-02-28,2025-11-21 ~ 2026-01-20,2026-01-07,35394,22,1014
상계역,2026-02-28,2025-11-21 ~ 2026-01-20,2026-01-08,35416,22,1036
상계역,2026-02-28,2025-11-21 ~ 2026-01-20,2026-01-09,35437,21,1057
상계역,2026-02-28,2025-11-21 ~ 2026-01-20,2026-01-10,35458,21,1078
상계역,2026-02-28,2025-11-21 ~ 2026-01-20,2026-01-11,35478,20,1098
상계역,2026-02-28,2025-11-21 ~ 2026-01-20,2026-01-12,35495,17,1115
상계역,2026-02-28,2025-11-21 ~ 2026-01-20,2026-01-13,35514,19,1134
상계역,2026-02-28,2025-11-21 ~ 2026-01-20,2026-01-14,35534,20,1154
상계역,2026-02-28,2025-11-21 ~ 2026-01-20,2026-01-15,35559,25,1179
상계역,2026-02-28,2025-11-21 ~ 2026-01-20,2026-01-16,35579,20,1199
상계역,2026-02-28,2025-11-21 ~ 2026-01-20,2026-01-17,35600,21,1220
상계역,2026-02-28,2025-11-21 ~ 2026-01-20,2026-01-18,35620,20,1240
상계역,2026-02-28,2025-11-21 ~ 2026-01-20,2026-01-19,35636,16,1256
상계역,2026-02-28,2025-11-21 ~ 2026-01-20,2026-01-20,35655,19,1275
상계역,2026-02-28,2025-11-21 ~ 2026-01-20,2026-01-21,35673,18,1293
상계역,2026-04-30,2026-01-21 ~ 2026-03-20,2026-01-22,35692,19,19
상계역,2026-03-31,2026-01-21 ~ 2026-02-20,2026-01-22,35692,19,19
상계역,2026-03-31,2026-01-21 ~ 2026-02-20,2026-01-23,35712,20,39
상계역,2026-04-30,2026-01-21 ~ 2026-03-20,2026-01-23,35712,20,39
상계역,2026-03-31,2026-01-21 ~ 2026-02-20,2026-01-24,35733,21,60
상계역,2026-04-30,2026-01-21 ~ 2026-03-20,2026-01-24,35733,21,60
상계역,2026-03-31,2026-01-21 ~ 2026-02-20,2026-01-25,35752,19,79
상계역,2026-04-30,2026-01-21 ~ 2026-03-20,2026-01-25,35752,19,79
상계역,2026-04-30,2026-01-21 ~ 2026-03-20,2026-01-26,35769,17,96
상계역,2026-03-31,2026-01-21 ~ 2026-02-20,2026-01-26,35769,17,96
상계역,2026-04-30,2026-01-21 ~ 2026-03-20,2026-01-27,35787,18,114
상계역,2026-03-31,2026-01-21 ~ 2026-02-20,2026-01-27,35787,18,114
상계역,2026-04-30,2026-01-21 ~ 2026-03-20,2026-01-28,35808,21,135
상계역,2026-03-31,2026-01-21 ~ 2026-02-20,2026-01-28,35808,21,135
상계역,2026-03-31,2026-01-21 ~ 2026-02-20,2026-01-29,35827,19,154
상계역,2026-04-30,2026-01-21 ~ 2026-03-20,2026-01-29,35827,19,154
상계역,2026-04-30,2026-01-21 ~ 2026-03-20,2026-01-30,35850,23,177
상계역,2026-03-31,2026-01-21 ~ 2026-02-20,2026-01-30,35850,23,177
상계역,2026-04-30,2026-01-21 ~ 2026-03-20,2026-01-31,35874,24,201
상계역,2026-03-31,2026-01-21 ~ 2026-02-20,2026-01-31,35874,24,201
상계역,2026-03-31,2026-01-21 ~ 2026-02-20,2026-02-01,35894,20,221
상계역,2026-04-30,2026-01-21 ~ 2026-03-20,2026-02-01,35894,20,221
상계역,2026-04-30,2026-01-21 ~ 2026-03-20,2026-02-02,35911,17,238
상계역,2026-03-31,2026-01-21 ~ 2026-02-20,2026-02-02,35911,17,238
상계역,2026-04-30,2026-01-21 ~ 2026-03-20,2026-02-03,35930,19,257
상계역,2026-03-31,2026-01-21 ~ 2026-02-20,2026-02-03,35930,19,257
상계역,2026-04-30,2026-01-21 ~ 2026-03-20,2026-02-04,35952,22,279
상계역,2026-03-31,2026-01-21 ~ 2026-02-20,2026-02-04,35952,22,279
상계역,2026-03-31,2026-01-21 ~ 2026-02-20,2026-02-05,35974,22,301
상계역,2026-04-30,2026-01-21 ~ 2026-03-20,2026-02-05,35974,22,301
상계역,2026-04-30,2026-01-21 ~ 2026-03-20,2026-02-06,35995,21,322
상계역,2026-03-31,2026-01-21 ~ 2026-02-20,2026-02-06,35995,21,322
상계역,2026-03-31,2026-01-21 ~ 2026-02-20,2026-02-07,36015,20,342
상계역,2026-04-30,2026-01-21 ~ 2026-03-20,2026-02-07,36015,20,342
상계역,2026-03-31,2026-01-21 ~ 2026-02-20,2026-02-08,36033,18,360
상계역,2026-04-30,2026-01-21 ~ 2026-03-20,2026-02-08,36033,18,360
상계역,2026-03-31,2026-01-21 ~ 2026-02-20,2026-02-09,36049,16,376
상계역,2026-04-30,2026-01-21 ~ 2026-03-20,2026-02-09,36049,16,376
상계역,2026-03-31,2026-01-21 ~ 2026-02-20,2026-02-10,36068,19,395
상계역,2026-04-30,2026-01-21 ~ 2026-03-20,2026-02-10,36068,19,395
상계역,2026-04-30,2026-01-21 ~ 2026-03-20,2026-02-11,36088,20,415
상계역,2026-03-31,2026-01-21 ~ 2026-02-20,2026-02-11,36088,20,415
상계역,2026-04-30,2026-01-21 ~ 2026-03-20,2026-02-12,36109,21,436
상계역,2026-03-31,2026-01-21 ~ 2026-02-20,2026-02-12,36109,21,436
상계역,2026-03-31,2026-01-21 ~ 2026-02-20,2026-02-13,36130,21,457
상계역,2026-04-30,2026-01-21 ~ 2026-03-20,2026-02-13,36130,21,457
상계역,2026-04-30,2026-01-21 ~ 2026-03-20,2026-02-14,36149,19,476
상계역,2026-03-31,2026-01-21 ~ 2026-02-20,2026-02-14,36149,19,476
상계역,2026-04-30,2026-01-21 ~ 2026-03-20,2026-02-15,36169,20,496
상계역,2026-03-31,2026-01-21 ~ 2026-02-20,2026-02-15,36169,20,496
상계역,2026-03-31,2026-01-21 ~ 2026-02-20,2026-02-16,36184,15,511
상계역,2026-04-30,2026-01-21 ~ 2026-03-20,2026-02-16,36184,15,511
상계역,2026-03-31,2026-01-21 ~ 2026-02-20,2026-02-17,36196,12,523
상계역,2026-04-30,2026-01-21 ~ 2026-03-20,2026-02-17,36196,12,523
상계역,2026-03-31,2026-01-21 ~ 2026-02-20,2026-02-18,36208,12,535
상계역,2026-04-30,2026-01-21 ~ 2026-03-20,2026-02-18,36208,12,535
상계역,2026-03-31,2026-01-21 ~ 2026-02-20,2026-02-19,36222,14,549
상계역,2026-04-30,2026-01-21 ~ 2026-03-20,2026-02-19,36222,14,549
상계역,2026-03-31,2026-01-21 ~ 2026-02-20,2026-02-20,36240,18,567
상계역,2026-04-30,2026-01-21 ~ 2026-03-20,2026-02-20,36240,18,567
상계역,2026-03-31,2026-01-21 ~ 2026-02-20,2026-02-21,36261,21,588
상계역,2026-04-30,2026-01-21 ~ 2026-03-20,2026-02-21,36261,21,588
상계역,2026-04-30,2026-01-21 ~ 2026-03-20,2026-02-22,36282,21,609
상계역,2026-04-30,2026-01-21 ~ 2026-03-20,2026-02-23,36298,16,625
상계역,2026-04-30,2026-01-21 ~ 2026-03-20,2026-02-24,36319,21,646
상계역,2026-04-30,2026-01-21 ~ 2026-03-20,2026-02-25,36338,19,665
상계역,2026-04-30,2026-01-21 ~ 2026-03-20,2026-02-26,36358,20,685
상계역,2026-04-30,2026-01-21 ~ 2026-03-20,2026-02-27,36380,22,707
상계역,2026-04-30,2026-01-21 ~ 2026-03-20,2026-02-28,36401,21,728
상계역,2026-04-30,2026-01-21 ~ 2026-03-20,2026-03-01,36423,22,750
상계역,2026-04-30,2026-01-21 ~ 2026-03-20,2026-03-02,36441,18,768
상계역,2026-04-30,2026-01-21 ~ 2026-03-20,2026-03-03,36456,15,783
상계역,2026-04-30,2026-01-21 ~ 2026-03-20,2026-03-04,36476,20,803
상계역,2026-04-30,2026-01-21 ~ 2026-03-20,2026-03-05,36495,19,822
상계역,2026-04-30,2026-01-21 ~ 2026-03-20,2026-03-06,36514,19,841
상계역,2026-04-30,2026-01-21 ~ 2026-03-20,2026-03-07,36534,20,861
상계역,2026-04-30,2026-01-21 ~ 2026-03-20,2026-03-08,36556,22,883
상계역,2026-04-30,2026-01-21 ~ 2026-03-20,2026-03-09,36574,18,901
상계역,2026-04-30,2026-01-21 ~ 2026-03-20,2026-03-10,36594,20,921
상계역,2026-04-30,2026-01-21 ~ 2026-03-20,2026-03-11,36616,22,943
상계역,2026-04-30,2026-01-21 ~ 2026-03-20,2026-03-12,36637,21,964
상계역,2026-04-30,2026-01-21 ~ 2026-03-20,2026-03-13,36660,23,987
상계역,2026-04-30,2026-01-21 ~ 2026-03-20,2026-03-14,36681,21,1008
상계역,2026-04-30,2026-01-21 ~ 2026-03-20,2026-03-15,36703,22,1030
상계역,2026-04-30,2026-01-21 ~ 2026-03-20,2026-03-16,36722,19,1049
상계역,2026-04-30,2026-01-21 ~ 2026-03-20,2026-03-17,36744,22,1071
상계역,2026-04-30,2026-01-21 ~ 2026-03-20,2026-03-18,36767,23,1094
상계역,2026-04-30,2026-01-21 ~ 2026-03-20,2026-03-19,36787,20,1114
상계역,2026-04-30,2026-01-21 ~ 2026-03-20,2026-03-20,36810,23,1137
상계역,2026-04-30,2026-01-21 ~ 2026-03-20,2026-03-21,36834,24,1161
상계역,2026-05-31,2026-03-21 ~ 2026-04-20,2026-03-22,36861,27,27
상계역,2026-05-31,2026-03-21 ~ 2026-04-20,2026-03-23,36881,20,47
상계역,2026-05-31,2026-03-21 ~ 2026-04-20,2026-03-24,36902,21,68
상계역,2026-05-31,2026-03-21 ~ 2026-04-20,2026-03-25,36924,22,90
상계역,2026-05-31,2026-03-21 ~ 2026-04-20,2026-03-26,36948,24,114
상계역,2026-05-31,2026-03-21 ~ 2026-04-20,2026-03-27,36971,23,137
상계역,2026-05-31,2026-03-21 ~ 2026-04-20,2026-03-28,36997,26,163
상계역,2026-05-31,2026-03-21 ~ 2026-04-20,2026-03-29,37023,26,189
상계역,2026-05-31,2026-03-21 ~ 2026-04-20,2026-03-30,37043,20,209
상계역,2026-05-31,2026-03-21 ~ 2026-04-20,2026-03-31,37065,22,231
상계역,2026-05-31,2026-03-21 ~ 2026-04-20,2026-04-01,37089,24,255
상계역,2026-05-31,2026-03-21 ~ 2026-04-20,2026-04-02,37112,23,278
상계역,2026-05-31,2026-03-21 ~ 2026-04-20,2026-04-03,37134,22,300
상계역,2026-05-31,2026-03-21 ~ 2026-04-20,2026-04-04,37157,23,323
상계역,2026-05-31,2026-03-21 ~ 2026-04-20,2026-04-05,37179,22,345
상계역,2026-05-31,2026-03-21 ~ 2026-04-20,2026-04-06,37199,20,365
상계역,2026-05-31,2026-03-21 ~ 2026-04-20,2026-04-07,37221,22,387
상계역,2026-05-31,2026-03-21 ~ 2026-04-20,2026-04-08,37246,25,412
상계역,2026-05-31,2026-03-21 ~ 2026-04-20,2026-04-09,37271,25,437
상계역,2026-05-31,2026-03-21 ~ 2026-04-20,2026-04-10,37293,22,459
상계역,2026-05-31,2026-03-21 ~ 2026-04-20,2026-04-11,37316,23,482
상계역,2026-05-31,2026-03-21 ~ 2026-04-20,2026-04-12,37339,23,505
상계역,2026-05-31,2026-03-21 ~ 2026-04-20,2026-04-13,37360,21,526
상계역,2026-05-31,2026-03-21 ~ 2026-04-20,2026-04-14,37383,23,549
상계역,2026-05-31,2026-03-21 ~ 2026-04-20,2026-04-15,37406,23,572
상계역,2026-05-31,2026-03-21 ~ 2026-04-20,2026-04-16,37430,24,596
상계역,2026-05-31,2026-03-21 ~ 2026-04-20,2026-04-17,37455,25,621
상계역,2026-05-31,2026-03-21 ~ 2026-04-20,2026-04-18,37481,26,647
상계역,2026-05-31,2026-03-21 ~ 2026-04-20,2026-04-19,37517,36,683
상계역,2026-05-31,2026-03-21 ~ 2026-04-20,2026-04-20,37548,31,714
상계역,2026-05-31,2026-03-21 ~ 2026-04-20,2026-04-21,37573,25,739
