역명,납기,사용일,검침일자,지침값,일사용량(톤),납기별 누적사용량(톤)
총신대입구(이수)역4,2022-01-31,2022-01-01 ~ 2022-01-04,2022-01-02,9264,0,1448
총신대입구(이수)역4,2022-01-31,2022-01-01 ~ 2022-01-04,2022-01-03,9282,18,1466
총신대입구(이수)역4,2022-01-31,2022-01-01 ~ 2022-01-04,2022-01-04,9307,25,1491
총신대입구(이수)역4,2022-01-31,2022-01-01 ~ 2022-01-04,2022-01-05,9332,25,1516
총신대입구(이수)역4,2022-03-31,2022-01-05 ~ 2022-03-04,2022-01-06,9358,26,26
총신대입구(이수)역4,2022-02-28,2022-01-05 ~ 2022-02-04,2022-01-06,9358,26,26
총신대입구(이수)역4,2022-03-31,2022-01-05 ~ 2022-03-04,2022-01-07,9382,24,50
총신대입구(이수)역4,2022-02-28,2022-01-05 ~ 2022-02-04,2022-01-07,9382,24,50
총신대입구(이수)역4,2022-03-31,2022-01-05 ~ 2022-03-04,2022-01-08,9411,29,79
총신대입구(이수)역4,2022-02-28,2022-01-05 ~ 2022-02-04,2022-01-08,9411,29,79
총신대입구(이수)역4,2022-03-31,2022-01-05 ~ 2022-03-04,2022-01-09,9434,23,102
총신대입구(이수)역4,2022-02-28,2022-01-05 ~ 2022-02-04,2022-01-09,9434,23,102
총신대입구(이수)역4,2022-02-28,2022-01-05 ~ 2022-02-04,2022-01-10,9457,23,125
총신대입구(이수)역4,2022-03-31,2022-01-05 ~ 2022-03-04,2022-01-10,9457,23,125
총신대입구(이수)역4,2022-03-31,2022-01-05 ~ 2022-03-04,2022-01-11,9482,25,150
총신대입구(이수)역4,2022-02-28,2022-01-05 ~ 2022-02-04,2022-01-11,9482,25,150
총신대입구(이수)역4,2022-02-28,2022-01-05 ~ 2022-02-04,2022-01-12,9508,26,176
총신대입구(이수)역4,2022-03-31,2022-01-05 ~ 2022-03-04,2022-01-12,9508,26,176
총신대입구(이수)역4,2022-02-28,2022-01-05 ~ 2022-02-04,2022-01-13,9531,23,199
총신대입구(이수)역4,2022-03-31,2022-01-05 ~ 2022-03-04,2022-01-13,9531,23,199
총신대입구(이수)역4,2022-03-31,2022-01-05 ~ 2022-03-04,2022-01-14,9555,24,223
총신대입구(이수)역4,2022-02-28,2022-01-05 ~ 2022-02-04,2022-01-14,9555,24,223
총신대입구(이수)역4,2022-03-31,2022-01-05 ~ 2022-03-04,2022-01-15,9581,26,249
총신대입구(이수)역4,2022-02-28,2022-01-05 ~ 2022-02-04,2022-01-15,9581,26,249
총신대입구(이수)역4,2022-03-31,2022-01-05 ~ 2022-03-04,2022-01-16,9604,23,272
총신대입구(이수)역4,2022-02-28,2022-01-05 ~ 2022-02-04,2022-01-16,9604,23,272
총신대입구(이수)역4,2022-03-31,2022-01-05 ~ 2022-03-04,2022-01-17,9623,19,291
총신대입구(이수)역4,2022-02-28,2022-01-05 ~ 2022-02-04,2022-01-17,9623,19,291
총신대입구(이수)역4,2022-03-31,2022-01-05 ~ 2022-03-04,2022-01-18,9646,23,314
총신대입구(이수)역4,2022-02-28,2022-01-05 ~ 2022-02-04,2022-01-18,9646,23,314
총신대입구(이수)역4,2022-03-31,2022-01-05 ~ 2022-03-04,2022-01-19,9671,25,339
총신대입구(이수)역4,2022-02-28,2022-01-05 ~ 2022-02-04,2022-01-19,9671,25,339
총신대입구(이수)역4,2022-03-31,2022-01-05 ~ 2022-03-04,2022-01-20,9693,22,361
총신대입구(이수)역4,2022-02-28,2022-01-05 ~ 2022-02-04,2022-01-20,9693,22,361
총신대입구(이수)역4,2022-03-31,2022-01-05 ~ 2022-03-04,2022-01-21,9724,31,392
총신대입구(이수)역4,2022-02-28,2022-01-05 ~ 2022-02-04,2022-01-21,9724,31,392
총신대입구(이수)역4,2022-03-31,2022-01-05 ~ 2022-03-04,2022-01-22,9753,29,421
총신대입구(이수)역4,2022-02-28,2022-01-05 ~ 2022-02-04,2022-01-22,9753,29,421
총신대입구(이수)역4,2022-03-31,2022-01-05 ~ 2022-03-04,2022-01-23,9778,25,446
총신대입구(이수)역4,2022-02-28,2022-01-05 ~ 2022-02-04,2022-01-23,9778,25,446
총신대입구(이수)역4,2022-03-31,2022-01-05 ~ 2022-03-04,2022-01-24,9797,19,465
총신대입구(이수)역4,2022-02-28,2022-01-05 ~ 2022-02-04,2022-01-24,9797,19,465
총신대입구(이수)역4,2022-02-28,2022-01-05 ~ 2022-02-04,2022-01-25,9823,26,491
총신대입구(이수)역4,2022-03-31,2022-01-05 ~ 2022-03-04,2022-01-25,9823,26,491
총신대입구(이수)역4,2022-03-31,2022-01-05 ~ 2022-03-04,2022-01-26,9848,25,516
총신대입구(이수)역4,2022-02-28,2022-01-05 ~ 2022-02-04,2022-01-26,9848,25,516
총신대입구(이수)역4,2022-02-28,2022-01-05 ~ 2022-02-04,2022-01-27,9878,30,546
총신대입구(이수)역4,2022-03-31,2022-01-05 ~ 2022-03-04,2022-01-27,9878,30,546
총신대입구(이수)역4,2022-02-28,2022-01-05 ~ 2022-02-04,2022-01-28,9905,27,573
총신대입구(이수)역4,2022-03-31,2022-01-05 ~ 2022-03-04,2022-01-28,9905,27,573
총신대입구(이수)역4,2022-02-28,2022-01-05 ~ 2022-02-04,2022-01-29,9934,29,602
총신대입구(이수)역4,2022-03-31,2022-01-05 ~ 2022-03-04,2022-01-29,9934,29,602
총신대입구(이수)역4,2022-03-31,2022-01-05 ~ 2022-03-04,2022-01-30,9957,23,625
총신대입구(이수)역4,2022-02-28,2022-01-05 ~ 2022-02-04,2022-01-30,9957,23,625
총신대입구(이수)역4,2022-02-28,2022-01-05 ~ 2022-02-04,2022-01-31,9975,18,643
총신대입구(이수)역4,2022-03-31,2022-01-05 ~ 2022-03-04,2022-01-31,9975,18,643
총신대입구(이수)역4,2022-02-28,2022-01-05 ~ 2022-02-04,2022-02-01,9988,13,656
총신대입구(이수)역4,2022-03-31,2022-01-05 ~ 2022-03-04,2022-02-01,9988,13,656
총신대입구(이수)역4,2022-03-31,2022-01-05 ~ 2022-03-04,2022-02-02,10000,12,668
총신대입구(이수)역4,2022-02-28,2022-01-05 ~ 2022-02-04,2022-02-02,10000,12,668
총신대입구(이수)역4,2022-03-31,2022-01-05 ~ 2022-03-04,2022-02-03,10013,13,681
총신대입구(이수)역4,2022-02-28,2022-01-05 ~ 2022-02-04,2022-02-03,10013,13,681
총신대입구(이수)역4,2022-03-31,2022-01-05 ~ 2022-03-04,2022-02-04,10035,22,703
총신대입구(이수)역4,2022-02-28,2022-01-05 ~ 2022-02-04,2022-02-04,10035,22,703
총신대입구(이수)역4,2022-02-28,2022-01-05 ~ 2022-02-04,2022-02-05,10062,27,730
총신대입구(이수)역4,2022-03-31,2022-01-05 ~ 2022-03-04,2022-02-05,10062,27,730
총신대입구(이수)역4,2022-03-31,2022-01-05 ~ 2022-03-04,2022-02-06,10080,18,748
총신대입구(이수)역4,2022-03-31,2022-01-05 ~ 2022-03-04,2022-02-07,10098,18,766
총신대입구(이수)역4,2022-03-31,2022-01-05 ~ 2022-03-04,2022-02-08,10120,22,788
총신대입구(이수)역4,2022-03-31,2022-01-05 ~ 2022-03-04,2022-02-09,10144,24,812
총신대입구(이수)역4,2022-03-31,2022-01-05 ~ 2022-03-04,2022-02-10,10168,24,836
총신대입구(이수)역4,2022-03-31,2022-01-05 ~ 2022-03-04,2022-02-11,10194,26,862
총신대입구(이수)역4,2022-03-31,2022-01-05 ~ 2022-03-04,2022-02-12,10222,28,890
총신대입구(이수)역4,2022-03-31,2022-01-05 ~ 2022-03-04,2022-02-13,10246,24,914
총신대입구(이수)역4,2022-03-31,2022-01-05 ~ 2022-03-04,2022-02-14,10265,19,933
총신대입구(이수)역4,2022-03-31,2022-01-05 ~ 2022-03-04,2022-02-15,10288,23,956
총신대입구(이수)역4,2022-03-31,2022-01-05 ~ 2022-03-04,2022-02-16,10311,23,979
총신대입구(이수)역4,2022-03-31,2022-01-05 ~ 2022-03-04,2022-02-17,10331,20,999
총신대입구(이수)역4,2022-03-31,2022-01-05 ~ 2022-03-04,2022-02-18,10352,21,1020
총신대입구(이수)역4,2022-03-31,2022-01-05 ~ 2022-03-04,2022-02-19,10374,22,1042
총신대입구(이수)역4,2022-03-31,2022-01-05 ~ 2022-03-04,2022-02-20,10394,20,1062
총신대입구(이수)역4,2022-03-31,2022-01-05 ~ 2022-03-04,2022-02-21,10412,18,1080
총신대입구(이수)역4,2022-03-31,2022-01-05 ~ 2022-03-04,2022-02-22,10435,23,1103
총신대입구(이수)역4,2022-03-31,2022-01-05 ~ 2022-03-04,2022-02-23,10459,24,1127
총신대입구(이수)역4,2022-03-31,2022-01-05 ~ 2022-03-04,2022-02-24,10480,21,1148
총신대입구(이수)역4,2022-03-31,2022-01-05 ~ 2022-03-04,2022-02-25,10504,24,1172
총신대입구(이수)역4,2022-03-31,2022-01-05 ~ 2022-03-04,2022-02-26,10527,23,1195
총신대입구(이수)역4,2022-03-31,2022-01-05 ~ 2022-03-04,2022-02-27,10548,21,1216
총신대입구(이수)역4,2022-03-31,2022-01-05 ~ 2022-03-04,2022-02-28,10567,19,1235
총신대입구(이수)역4,2022-03-31,2022-01-05 ~ 2022-03-04,2022-03-01,10594,27,1262
총신대입구(이수)역4,2022-03-31,2022-01-05 ~ 2022-03-04,2022-03-02,10613,19,1281
총신대입구(이수)역4,2022-03-31,2022-01-05 ~ 2022-03-04,2022-03-03,10637,24,1305
총신대입구(이수)역4,2022-03-31,2022-01-05 ~ 2022-03-04,2022-03-04,10662,25,1330
총신대입구(이수)역4,2022-03-31,2022-01-05 ~ 2022-03-04,2022-03-05,10684,22,1352
총신대입구(이수)역4,2022-05-31,2022-03-05 ~ 2022-05-04,2022-03-06,10706,22,22
총신대입구(이수)역4,2022-04-30,2022-03-05 ~ 2022-04-04,2022-03-06,10706,22,22
총신대입구(이수)역4,2022-05-31,2022-03-05 ~ 2022-05-04,2022-03-07,10724,18,40
총신대입구(이수)역4,2022-04-30,2022-03-05 ~ 2022-04-04,2022-03-07,10724,18,40
총신대입구(이수)역4,2022-04-30,2022-03-05 ~ 2022-04-04,2022-03-08,10749,25,65
총신대입구(이수)역4,2022-05-31,2022-03-05 ~ 2022-05-04,2022-03-08,10749,25,65
총신대입구(이수)역4,2022-05-31,2022-03-05 ~ 2022-05-04,2022-03-09,10773,24,89
총신대입구(이수)역4,2022-04-30,2022-03-05 ~ 2022-04-04,2022-03-09,10773,24,89
총신대입구(이수)역4,2022-04-30,2022-03-05 ~ 2022-04-04,2022-03-10,10792,19,108
총신대입구(이수)역4,2022-05-31,2022-03-05 ~ 2022-05-04,2022-03-10,10792,19,108
총신대입구(이수)역4,2022-04-30,2022-03-05 ~ 2022-04-04,2022-03-11,10815,23,131
총신대입구(이수)역4,2022-05-31,2022-03-05 ~ 2022-05-04,2022-03-11,10815,23,131
총신대입구(이수)역4,2022-04-30,2022-03-05 ~ 2022-04-04,2022-03-12,10841,26,157
총신대입구(이수)역4,2022-05-31,2022-03-05 ~ 2022-05-04,2022-03-12,10841,26,157
총신대입구(이수)역4,2022-04-30,2022-03-05 ~ 2022-04-04,2022-03-13,10862,21,178
총신대입구(이수)역4,2022-05-31,2022-03-05 ~ 2022-05-04,2022-03-13,10862,21,178
총신대입구(이수)역4,2022-05-31,2022-03-05 ~ 2022-05-04,2022-03-14,10877,15,193
총신대입구(이수)역4,2022-04-30,2022-03-05 ~ 2022-04-04,2022-03-14,10877,15,193
총신대입구(이수)역4,2022-04-30,2022-03-05 ~ 2022-04-04,2022-03-15,10897,20,213
총신대입구(이수)역4,2022-05-31,2022-03-05 ~ 2022-05-04,2022-03-15,10897,20,213
총신대입구(이수)역4,2022-04-30,2022-03-05 ~ 2022-04-04,2022-03-16,10920,23,236
총신대입구(이수)역4,2022-05-31,2022-03-05 ~ 2022-05-04,2022-03-16,10920,23,236
총신대입구(이수)역4,2022-04-30,2022-03-05 ~ 2022-04-04,2022-03-17,10945,25,261
총신대입구(이수)역4,2022-05-31,2022-03-05 ~ 2022-05-04,2022-03-17,10945,25,261
총신대입구(이수)역4,2022-05-31,2022-03-05 ~ 2022-05-04,2022-03-18,10972,27,288
총신대입구(이수)역4,2022-04-30,2022-03-05 ~ 2022-04-04,2022-03-18,10972,27,288
총신대입구(이수)역4,2022-04-30,2022-03-05 ~ 2022-04-04,2022-03-19,11001,29,317
총신대입구(이수)역4,2022-05-31,2022-03-05 ~ 2022-05-04,2022-03-19,11001,29,317
총신대입구(이수)역4,2022-05-31,2022-03-05 ~ 2022-05-04,2022-03-20,11019,18,335
총신대입구(이수)역4,2022-04-30,2022-03-05 ~ 2022-04-04,2022-03-20,11019,18,335
총신대입구(이수)역4,2022-04-30,2022-03-05 ~ 2022-04-04,2022-03-21,11038,19,354
총신대입구(이수)역4,2022-05-31,2022-03-05 ~ 2022-05-04,2022-03-21,11038,19,354
총신대입구(이수)역4,2022-05-31,2022-03-05 ~ 2022-05-04,2022-03-22,11062,24,378
총신대입구(이수)역4,2022-04-30,2022-03-05 ~ 2022-04-04,2022-03-22,11062,24,378
총신대입구(이수)역4,2022-05-31,2022-03-05 ~ 2022-05-04,2022-03-23,11092,30,408
총신대입구(이수)역4,2022-04-30,2022-03-05 ~ 2022-04-04,2022-03-23,11092,30,408
총신대입구(이수)역4,2022-05-31,2022-03-05 ~ 2022-05-04,2022-03-24,11114,22,430
총신대입구(이수)역4,2022-04-30,2022-03-05 ~ 2022-04-04,2022-03-24,11114,22,430
총신대입구(이수)역4,2022-05-31,2022-03-05 ~ 2022-05-04,2022-03-25,11141,27,457
총신대입구(이수)역4,2022-04-30,2022-03-05 ~ 2022-04-04,2022-03-25,11141,27,457
총신대입구(이수)역4,2022-04-30,2022-03-05 ~ 2022-04-04,2022-03-26,11169,28,485
총신대입구(이수)역4,2022-05-31,2022-03-05 ~ 2022-05-04,2022-03-26,11169,28,485
총신대입구(이수)역4,2022-04-30,2022-03-05 ~ 2022-04-04,2022-03-27,11191,22,507
총신대입구(이수)역4,2022-05-31,2022-03-05 ~ 2022-05-04,2022-03-27,11191,22,507
총신대입구(이수)역4,2022-05-31,2022-03-05 ~ 2022-05-04,2022-03-28,11213,22,529
총신대입구(이수)역4,2022-04-30,2022-03-05 ~ 2022-04-04,2022-03-28,11213,22,529
총신대입구(이수)역4,2022-04-30,2022-03-05 ~ 2022-04-04,2022-03-29,11236,23,552
총신대입구(이수)역4,2022-05-31,2022-03-05 ~ 2022-05-04,2022-03-29,11236,23,552
총신대입구(이수)역4,2022-04-30,2022-03-05 ~ 2022-04-04,2022-03-30,11259,23,575
총신대입구(이수)역4,2022-05-31,2022-03-05 ~ 2022-05-04,2022-03-30,11259,23,575
총신대입구(이수)역4,2022-04-30,2022-03-05 ~ 2022-04-04,2022-03-31,11282,23,598
총신대입구(이수)역4,2022-05-31,2022-03-05 ~ 2022-05-04,2022-03-31,11282,23,598
총신대입구(이수)역4,2022-04-30,2022-03-05 ~ 2022-04-04,2022-04-01,11309,27,625
총신대입구(이수)역4,2022-05-31,2022-03-05 ~ 2022-05-04,2022-04-01,11309,27,625
총신대입구(이수)역4,2022-05-31,2022-03-05 ~ 2022-05-04,2022-04-02,11336,27,652
총신대입구(이수)역4,2022-04-30,2022-03-05 ~ 2022-04-04,2022-04-02,11336,27,652
총신대입구(이수)역4,2022-04-30,2022-03-05 ~ 2022-04-04,2022-04-03,11358,22,674
총신대입구(이수)역4,2022-05-31,2022-03-05 ~ 2022-05-04,2022-04-03,11358,22,674
총신대입구(이수)역4,2022-04-30,2022-03-05 ~ 2022-04-04,2022-04-04,11383,25,699
총신대입구(이수)역4,2022-05-31,2022-03-05 ~ 2022-05-04,2022-04-04,11383,25,699
총신대입구(이수)역4,2022-05-31,2022-03-05 ~ 2022-05-04,2022-04-05,11409,26,725
총신대입구(이수)역4,2022-04-30,2022-03-05 ~ 2022-04-04,2022-04-05,11409,26,725
총신대입구(이수)역4,2022-05-31,2022-03-05 ~ 2022-05-04,2022-04-06,11433,24,749
총신대입구(이수)역4,2022-05-31,2022-03-05 ~ 2022-05-04,2022-04-07,11461,28,777
총신대입구(이수)역4,2022-05-31,2022-03-05 ~ 2022-05-04,2022-04-08,11486,25,802
총신대입구(이수)역4,2022-05-31,2022-03-05 ~ 2022-05-04,2022-04-09,11512,26,828
총신대입구(이수)역4,2022-05-31,2022-03-05 ~ 2022-05-04,2022-04-10,11535,23,851
총신대입구(이수)역4,2022-05-31,2022-03-05 ~ 2022-05-04,2022-04-11,11559,24,875
총신대입구(이수)역4,2022-05-31,2022-03-05 ~ 2022-05-04,2022-04-12,11583,24,899
총신대입구(이수)역4,2022-05-31,2022-03-05 ~ 2022-05-04,2022-04-13,11607,24,923
총신대입구(이수)역4,2022-05-31,2022-03-05 ~ 2022-05-04,2022-04-14,11631,24,947
총신대입구(이수)역4,2022-05-31,2022-03-05 ~ 2022-05-04,2022-04-15,11658,27,974
총신대입구(이수)역4,2022-05-31,2022-03-05 ~ 2022-05-04,2022-04-16,11687,29,1003
총신대입구(이수)역4,2022-05-31,2022-03-05 ~ 2022-05-04,2022-04-17,11713,26,1029
총신대입구(이수)역4,2022-05-31,2022-03-05 ~ 2022-05-04,2022-04-18,11734,21,1050
총신대입구(이수)역4,2022-05-31,2022-03-05 ~ 2022-05-04,2022-04-19,11760,26,1076
총신대입구(이수)역4,2022-05-31,2022-03-05 ~ 2022-05-04,2022-04-20,11788,28,1104
총신대입구(이수)역4,2022-05-31,2022-03-05 ~ 2022-05-04,2022-04-21,11813,25,1129
총신대입구(이수)역4,2022-05-31,2022-03-05 ~ 2022-05-04,2022-04-22,11839,26,1155
총신대입구(이수)역4,2022-05-31,2022-03-05 ~ 2022-05-04,2022-04-23,11868,29,1184
총신대입구(이수)역4,2022-05-31,2022-03-05 ~ 2022-05-04,2022-04-24,11890,22,1206
총신대입구(이수)역4,2022-05-31,2022-03-05 ~ 2022-05-04,2022-04-25,11910,20,1226
총신대입구(이수)역4,2022-05-31,2022-03-05 ~ 2022-05-04,2022-04-26,11935,25,1251
총신대입구(이수)역4,2022-05-31,2022-03-05 ~ 2022-05-04,2022-04-27,11962,27,1278
총신대입구(이수)역4,2022-05-31,2022-03-05 ~ 2022-05-04,2022-04-28,12019,57,1335
총신대입구(이수)역4,2022-05-31,2022-03-05 ~ 2022-05-04,2022-04-29,12048,29,1364
총신대입구(이수)역4,2022-05-31,2022-03-05 ~ 2022-05-04,2022-04-30,12078,30,1394
총신대입구(이수)역4,2022-05-31,2022-03-05 ~ 2022-05-04,2022-05-01,12104,26,1420
총신대입구(이수)역4,2022-05-31,2022-03-05 ~ 2022-05-04,2022-05-02,12127,23,1443
총신대입구(이수)역4,2022-05-31,2022-03-05 ~ 2022-05-04,2022-05-03,12153,26,1469
총신대입구(이수)역4,2022-05-31,2022-03-05 ~ 2022-05-04,2022-05-04,12182,29,1498
총신대입구(이수)역4,2022-05-31,2022-03-05 ~ 2022-05-04,2022-05-05,12214,32,1530
총신대입구(이수)역4,2022-06-30,2022-05-05 ~ 2022-06-04,2022-05-06,12237,23,23
총신대입구(이수)역4,2022-07-31,2022-05-05 ~ 2022-07-04,2022-05-06,12237,23,23
총신대입구(이수)역4,2022-06-30,2022-05-05 ~ 2022-06-04,2022-05-07,12267,30,53
총신대입구(이수)역4,2022-07-31,2022-05-05 ~ 2022-07-04,2022-05-07,12267,30,53
총신대입구(이수)역4,2022-06-30,2022-05-05 ~ 2022-06-04,2022-05-08,12289,22,75
총신대입구(이수)역4,2022-07-31,2022-05-05 ~ 2022-07-04,2022-05-08,12289,22,75
총신대입구(이수)역4,2022-06-30,2022-05-05 ~ 2022-06-04,2022-05-09,12310,21,96
총신대입구(이수)역4,2022-07-31,2022-05-05 ~ 2022-07-04,2022-05-09,12310,21,96
총신대입구(이수)역4,2022-07-31,2022-05-05 ~ 2022-07-04,2022-05-10,12337,27,123
총신대입구(이수)역4,2022-06-30,2022-05-05 ~ 2022-06-04,2022-05-10,12337,27,123
총신대입구(이수)역4,2022-06-30,2022-05-05 ~ 2022-06-04,2022-05-11,12364,27,150
총신대입구(이수)역4,2022-07-31,2022-05-05 ~ 2022-07-04,2022-05-11,12364,27,150
총신대입구(이수)역4,2022-06-30,2022-05-05 ~ 2022-06-04,2022-05-12,12400,36,186
총신대입구(이수)역4,2022-07-31,2022-05-05 ~ 2022-07-04,2022-05-12,12400,36,186
총신대입구(이수)역4,2022-06-30,2022-05-05 ~ 2022-06-04,2022-05-13,12429,29,215
총신대입구(이수)역4,2022-07-31,2022-05-05 ~ 2022-07-04,2022-05-13,12429,29,215
총신대입구(이수)역4,2022-07-31,2022-05-05 ~ 2022-07-04,2022-05-14,12457,28,243
총신대입구(이수)역4,2022-06-30,2022-05-05 ~ 2022-06-04,2022-05-14,12457,28,243
총신대입구(이수)역4,2022-06-30,2022-05-05 ~ 2022-06-04,2022-05-15,12484,27,270
총신대입구(이수)역4,2022-07-31,2022-05-05 ~ 2022-07-04,2022-05-15,12484,27,270
총신대입구(이수)역4,2022-06-30,2022-05-05 ~ 2022-06-04,2022-05-16,12507,23,293
총신대입구(이수)역4,2022-07-31,2022-05-05 ~ 2022-07-04,2022-05-16,12507,23,293
총신대입구(이수)역4,2022-06-30,2022-05-05 ~ 2022-06-04,2022-05-17,12533,26,319
총신대입구(이수)역4,2022-07-31,2022-05-05 ~ 2022-07-04,2022-05-17,12533,26,319
총신대입구(이수)역4,2022-07-31,2022-05-05 ~ 2022-07-04,2022-05-18,12561,28,347
총신대입구(이수)역4,2022-06-30,2022-05-05 ~ 2022-06-04,2022-05-18,12561,28,347
총신대입구(이수)역4,2022-07-31,2022-05-05 ~ 2022-07-04,2022-05-19,12587,26,373
총신대입구(이수)역4,2022-06-30,2022-05-05 ~ 2022-06-04,2022-05-19,12587,26,373
총신대입구(이수)역4,2022-07-31,2022-05-05 ~ 2022-07-04,2022-05-20,12621,34,407
총신대입구(이수)역4,2022-06-30,2022-05-05 ~ 2022-06-04,2022-05-20,12621,34,407
총신대입구(이수)역4,2022-07-31,2022-05-05 ~ 2022-07-04,2022-05-21,12648,27,434
총신대입구(이수)역4,2022-06-30,2022-05-05 ~ 2022-06-04,2022-05-21,12648,27,434
총신대입구(이수)역4,2022-07-31,2022-05-05 ~ 2022-07-04,2022-05-22,12673,25,459
총신대입구(이수)역4,2022-06-30,2022-05-05 ~ 2022-06-04,2022-05-22,12673,25,459
총신대입구(이수)역4,2022-07-31,2022-05-05 ~ 2022-07-04,2022-05-23,12701,28,487
총신대입구(이수)역4,2022-06-30,2022-05-05 ~ 2022-06-04,2022-05-23,12701,28,487
총신대입구(이수)역4,2022-07-31,2022-05-05 ~ 2022-07-04,2022-05-24,12726,25,512
총신대입구(이수)역4,2022-06-30,2022-05-05 ~ 2022-06-04,2022-05-24,12726,25,512
총신대입구(이수)역4,2022-06-30,2022-05-05 ~ 2022-06-04,2022-05-25,12752,26,538
총신대입구(이수)역4,2022-07-31,2022-05-05 ~ 2022-07-04,2022-05-25,12752,26,538
총신대입구(이수)역4,2022-07-31,2022-05-05 ~ 2022-07-04,2022-05-26,12780,28,566
총신대입구(이수)역4,2022-06-30,2022-05-05 ~ 2022-06-04,2022-05-26,12780,28,566
총신대입구(이수)역4,2022-07-31,2022-05-05 ~ 2022-07-04,2022-05-27,12808,28,594
총신대입구(이수)역4,2022-06-30,2022-05-05 ~ 2022-06-04,2022-05-27,12808,28,594
총신대입구(이수)역4,2022-07-31,2022-05-05 ~ 2022-07-04,2022-05-28,12840,32,626
총신대입구(이수)역4,2022-06-30,2022-05-05 ~ 2022-06-04,2022-05-28,12840,32,626
총신대입구(이수)역4,2022-07-31,2022-05-05 ~ 2022-07-04,2022-05-29,12864,24,650
총신대입구(이수)역4,2022-06-30,2022-05-05 ~ 2022-06-04,2022-05-29,12864,24,650
총신대입구(이수)역4,2022-07-31,2022-05-05 ~ 2022-07-04,2022-05-30,12884,20,670
총신대입구(이수)역4,2022-06-30,2022-05-05 ~ 2022-06-04,2022-05-30,12884,20,670
총신대입구(이수)역4,2022-07-31,2022-05-05 ~ 2022-07-04,2022-05-31,12912,28,698
총신대입구(이수)역4,2022-06-30,2022-05-05 ~ 2022-06-04,2022-05-31,12912,28,698
총신대입구(이수)역4,2022-06-30,2022-05-05 ~ 2022-06-04,2022-06-01,12941,29,727
총신대입구(이수)역4,2022-07-31,2022-05-05 ~ 2022-07-04,2022-06-01,12941,29,727
총신대입구(이수)역4,2022-06-30,2022-05-05 ~ 2022-06-04,2022-06-02,12967,26,753
총신대입구(이수)역4,2022-07-31,2022-05-05 ~ 2022-07-04,2022-06-02,12967,26,753
총신대입구(이수)역4,2022-06-30,2022-05-05 ~ 2022-06-04,2022-06-03,12994,27,780
총신대입구(이수)역4,2022-07-31,2022-05-05 ~ 2022-07-04,2022-06-03,12994,27,780
총신대입구(이수)역4,2022-06-30,2022-05-05 ~ 2022-06-04,2022-06-04,13022,28,808
총신대입구(이수)역4,2022-07-31,2022-05-05 ~ 2022-07-04,2022-06-04,13022,28,808
총신대입구(이수)역4,2022-07-31,2022-05-05 ~ 2022-07-04,2022-06-05,13046,24,832
총신대입구(이수)역4,2022-06-30,2022-05-05 ~ 2022-06-04,2022-06-05,13046,24,832
총신대입구(이수)역4,2022-07-31,2022-05-05 ~ 2022-07-04,2022-06-06,13068,22,854
총신대입구(이수)역4,2022-07-31,2022-05-05 ~ 2022-07-04,2022-06-07,13091,23,877
총신대입구(이수)역4,2022-07-31,2022-05-05 ~ 2022-07-04,2022-06-08,13118,27,904
총신대입구(이수)역4,2022-07-31,2022-05-05 ~ 2022-07-04,2022-06-09,13148,30,934
총신대입구(이수)역4,2022-07-31,2022-05-05 ~ 2022-07-04,2022-06-10,13175,27,961
총신대입구(이수)역4,2022-07-31,2022-05-05 ~ 2022-07-04,2022-06-11,13208,33,994
총신대입구(이수)역4,2022-07-31,2022-05-05 ~ 2022-07-04,2022-06-12,13240,32,1026
총신대입구(이수)역4,2022-07-31,2022-05-05 ~ 2022-07-04,2022-06-13,13266,26,1052
총신대입구(이수)역4,2022-07-31,2022-05-05 ~ 2022-07-04,2022-06-14,13295,29,1081
총신대입구(이수)역4,2022-07-31,2022-05-05 ~ 2022-07-04,2022-06-15,13322,27,1108
총신대입구(이수)역4,2022-07-31,2022-05-05 ~ 2022-07-04,2022-06-16,13350,28,1136
총신대입구(이수)역4,2022-07-31,2022-05-05 ~ 2022-07-04,2022-06-17,13378,28,1164
총신대입구(이수)역4,2022-07-31,2022-05-05 ~ 2022-07-04,2022-06-18,13408,30,1194
총신대입구(이수)역4,2022-07-31,2022-05-05 ~ 2022-07-04,2022-06-19,13432,24,1218
총신대입구(이수)역4,2022-07-31,2022-05-05 ~ 2022-07-04,2022-06-20,13455,23,1241
총신대입구(이수)역4,2022-07-31,2022-05-05 ~ 2022-07-04,2022-06-21,13484,29,1270
총신대입구(이수)역4,2022-07-31,2022-05-05 ~ 2022-07-04,2022-06-22,13517,33,1303
총신대입구(이수)역4,2022-07-31,2022-05-05 ~ 2022-07-04,2022-06-23,13554,37,1340
총신대입구(이수)역4,2022-07-31,2022-05-05 ~ 2022-07-04,2022-06-24,13588,34,1374
총신대입구(이수)역4,2022-07-31,2022-05-05 ~ 2022-07-04,2022-06-25,13625,37,1411
총신대입구(이수)역4,2022-07-31,2022-05-05 ~ 2022-07-04,2022-06-26,13661,36,1447
총신대입구(이수)역4,2022-07-31,2022-05-05 ~ 2022-07-04,2022-06-27,13692,31,1478
총신대입구(이수)역4,2022-07-31,2022-05-05 ~ 2022-07-04,2022-06-28,13727,35,1513
총신대입구(이수)역4,2022-07-31,2022-05-05 ~ 2022-07-04,2022-06-29,13759,32,1545
총신대입구(이수)역4,2022-07-31,2022-05-05 ~ 2022-07-04,2022-06-30,13793,34,1579
총신대입구(이수)역4,2022-07-31,2022-05-05 ~ 2022-07-04,2022-07-01,13828,35,1614
총신대입구(이수)역4,2022-07-31,2022-05-05 ~ 2022-07-04,2022-07-02,13870,42,1656
총신대입구(이수)역4,2022-07-31,2022-05-05 ~ 2022-07-04,2022-07-03,13906,36,1692
총신대입구(이수)역4,2022-07-31,2022-05-05 ~ 2022-07-04,2022-07-04,13937,31,1723
총신대입구(이수)역4,2022-07-31,2022-05-05 ~ 2022-07-04,2022-07-05,13975,38,1761
총신대입구(이수)역4,2022-08-31,2022-07-05 ~ 2022-08-04,2022-07-06,14014,39,39
총신대입구(이수)역4,2022-09-30,2022-07-05 ~ 2022-09-04,2022-07-06,14014,39,39
총신대입구(이수)역4,2022-08-31,2022-07-05 ~ 2022-08-04,2022-07-07,14056,42,81
총신대입구(이수)역4,2022-09-30,2022-07-05 ~ 2022-09-04,2022-07-07,14056,42,81
총신대입구(이수)역4,2022-08-31,2022-07-05 ~ 2022-08-04,2022-07-08,14094,38,119
총신대입구(이수)역4,2022-09-30,2022-07-05 ~ 2022-09-04,2022-07-08,14094,38,119
총신대입구(이수)역4,2022-08-31,2022-07-05 ~ 2022-08-04,2022-07-09,14137,43,162
총신대입구(이수)역4,2022-09-30,2022-07-05 ~ 2022-09-04,2022-07-09,14137,43,162
총신대입구(이수)역4,2022-08-31,2022-07-05 ~ 2022-08-04,2022-07-10,14173,36,198
총신대입구(이수)역4,2022-09-30,2022-07-05 ~ 2022-09-04,2022-07-10,14173,36,198
총신대입구(이수)역4,2022-08-31,2022-07-05 ~ 2022-08-04,2022-07-11,14207,34,232
총신대입구(이수)역4,2022-09-30,2022-07-05 ~ 2022-09-04,2022-07-11,14207,34,232
총신대입구(이수)역4,2022-08-31,2022-07-05 ~ 2022-08-04,2022-07-12,14247,40,272
총신대입구(이수)역4,2022-09-30,2022-07-05 ~ 2022-09-04,2022-07-12,14247,40,272
총신대입구(이수)역4,2022-08-31,2022-07-05 ~ 2022-08-04,2022-07-13,14287,40,312
총신대입구(이수)역4,2022-09-30,2022-07-05 ~ 2022-09-04,2022-07-13,14287,40,312
총신대입구(이수)역4,2022-08-31,2022-07-05 ~ 2022-08-04,2022-07-14,14320,33,345
총신대입구(이수)역4,2022-09-30,2022-07-05 ~ 2022-09-04,2022-07-14,14320,33,345
총신대입구(이수)역4,2022-09-30,2022-07-05 ~ 2022-09-04,2022-07-15,14360,40,385
총신대입구(이수)역4,2022-08-31,2022-07-05 ~ 2022-08-04,2022-07-15,14360,40,385
총신대입구(이수)역4,2022-08-31,2022-07-05 ~ 2022-08-04,2022-07-16,14404,44,429
총신대입구(이수)역4,2022-09-30,2022-07-05 ~ 2022-09-04,2022-07-16,14404,44,429
총신대입구(이수)역4,2022-08-31,2022-07-05 ~ 2022-08-04,2022-07-17,14443,39,468
총신대입구(이수)역4,2022-09-30,2022-07-05 ~ 2022-09-04,2022-07-17,14443,39,468
총신대입구(이수)역4,2022-08-31,2022-07-05 ~ 2022-08-04,2022-07-18,14476,33,501
총신대입구(이수)역4,2022-09-30,2022-07-05 ~ 2022-09-04,2022-07-18,14476,33,501
총신대입구(이수)역4,2022-09-30,2022-07-05 ~ 2022-09-04,2022-07-19,14515,39,540
총신대입구(이수)역4,2022-08-31,2022-07-05 ~ 2022-08-04,2022-07-19,14515,39,540
총신대입구(이수)역4,2022-09-30,2022-07-05 ~ 2022-09-04,2022-07-20,14555,40,580
총신대입구(이수)역4,2022-08-31,2022-07-05 ~ 2022-08-04,2022-07-20,14555,40,580
총신대입구(이수)역4,2022-09-30,2022-07-05 ~ 2022-09-04,2022-07-21,14594,39,619
총신대입구(이수)역4,2022-08-31,2022-07-05 ~ 2022-08-04,2022-07-21,14594,39,619
총신대입구(이수)역4,2022-09-30,2022-07-05 ~ 2022-09-04,2022-07-22,14632,38,657
총신대입구(이수)역4,2022-08-31,2022-07-05 ~ 2022-08-04,2022-07-22,14632,38,657
총신대입구(이수)역4,2022-08-31,2022-07-05 ~ 2022-08-04,2022-07-23,14676,44,701
총신대입구(이수)역4,2022-09-30,2022-07-05 ~ 2022-09-04,2022-07-23,14676,44,701
총신대입구(이수)역4,2022-09-30,2022-07-05 ~ 2022-09-04,2022-07-24,14710,34,735
총신대입구(이수)역4,2022-08-31,2022-07-05 ~ 2022-08-04,2022-07-24,14710,34,735
총신대입구(이수)역4,2022-08-31,2022-07-05 ~ 2022-08-04,2022-07-25,14742,32,767
총신대입구(이수)역4,2022-09-30,2022-07-05 ~ 2022-09-04,2022-07-25,14742,32,767
총신대입구(이수)역4,2022-09-30,2022-07-05 ~ 2022-09-04,2022-07-26,14780,38,805
총신대입구(이수)역4,2022-08-31,2022-07-05 ~ 2022-08-04,2022-07-26,14780,38,805
총신대입구(이수)역4,2022-08-31,2022-07-05 ~ 2022-08-04,2022-07-27,14822,42,847
총신대입구(이수)역4,2022-09-30,2022-07-05 ~ 2022-09-04,2022-07-27,14822,42,847
총신대입구(이수)역4,2022-08-31,2022-07-05 ~ 2022-08-04,2022-07-28,14862,40,887
총신대입구(이수)역4,2022-09-30,2022-07-05 ~ 2022-09-04,2022-07-28,14862,40,887
총신대입구(이수)역4,2022-08-31,2022-07-05 ~ 2022-08-04,2022-07-29,14903,41,928
총신대입구(이수)역4,2022-09-30,2022-07-05 ~ 2022-09-04,2022-07-29,14903,41,928
총신대입구(이수)역4,2022-08-31,2022-07-05 ~ 2022-08-04,2022-07-30,14946,43,971
총신대입구(이수)역4,2022-09-30,2022-07-05 ~ 2022-09-04,2022-07-30,14946,43,971
총신대입구(이수)역4,2022-08-31,2022-07-05 ~ 2022-08-04,2022-07-31,14985,39,1010
총신대입구(이수)역4,2022-09-30,2022-07-05 ~ 2022-09-04,2022-07-31,14985,39,1010
총신대입구(이수)역4,2022-09-30,2022-07-05 ~ 2022-09-04,2022-08-01,15032,47,1057
총신대입구(이수)역4,2022-08-31,2022-07-05 ~ 2022-08-04,2022-08-01,15032,47,1057
총신대입구(이수)역4,2022-08-31,2022-07-05 ~ 2022-08-04,2022-08-02,15079,47,1104
총신대입구(이수)역4,2022-09-30,2022-07-05 ~ 2022-09-04,2022-08-02,15079,47,1104
총신대입구(이수)역4,2022-09-30,2022-07-05 ~ 2022-09-04,2022-08-03,15122,43,1147
총신대입구(이수)역4,2022-08-31,2022-07-05 ~ 2022-08-04,2022-08-03,15122,43,1147
총신대입구(이수)역4,2022-09-30,2022-07-05 ~ 2022-09-04,2022-08-04,15164,42,1189
총신대입구(이수)역4,2022-08-31,2022-07-05 ~ 2022-08-04,2022-08-04,15164,42,1189
총신대입구(이수)역4,2022-08-31,2022-07-05 ~ 2022-08-04,2022-08-05,15205,41,1230
총신대입구(이수)역4,2022-09-30,2022-07-05 ~ 2022-09-04,2022-08-05,15205,41,1230
총신대입구(이수)역4,2022-09-30,2022-07-05 ~ 2022-09-04,2022-08-06,15248,43,1273
총신대입구(이수)역4,2022-09-30,2022-07-05 ~ 2022-09-04,2022-08-07,15283,35,1308
총신대입구(이수)역4,2022-09-30,2022-07-05 ~ 2022-09-04,2022-08-08,15322,39,1347
총신대입구(이수)역4,2022-09-30,2022-07-05 ~ 2022-09-04,2022-08-09,15370,48,1395
총신대입구(이수)역4,2022-09-30,2022-07-05 ~ 2022-09-04,2022-08-10,15415,45,1440
총신대입구(이수)역4,2022-09-30,2022-07-05 ~ 2022-09-04,2022-08-11,15463,48,1488
총신대입구(이수)역4,2022-09-30,2022-07-05 ~ 2022-09-04,2022-08-12,15510,47,1535
총신대입구(이수)역4,2022-09-30,2022-07-05 ~ 2022-09-04,2022-08-13,15564,54,1589
총신대입구(이수)역4,2022-09-30,2022-07-05 ~ 2022-09-04,2022-08-14,15612,48,1637
총신대입구(이수)역4,2022-09-30,2022-07-05 ~ 2022-09-04,2022-08-15,15655,43,1680
총신대입구(이수)역4,2022-09-30,2022-07-05 ~ 2022-09-04,2022-08-16,15700,45,1725
총신대입구(이수)역4,2022-09-30,2022-07-05 ~ 2022-09-04,2022-08-17,15751,51,1776
총신대입구(이수)역4,2022-09-30,2022-07-05 ~ 2022-09-04,2022-08-18,15801,50,1826
총신대입구(이수)역4,2022-09-30,2022-07-05 ~ 2022-09-04,2022-08-19,15839,38,1864
총신대입구(이수)역4,2022-09-30,2022-07-05 ~ 2022-09-04,2022-08-20,15880,41,1905
총신대입구(이수)역4,2022-09-30,2022-07-05 ~ 2022-09-04,2022-08-21,15919,39,1944
총신대입구(이수)역4,2022-09-30,2022-07-05 ~ 2022-09-04,2022-08-22,15952,33,1977
총신대입구(이수)역4,2022-09-30,2022-07-05 ~ 2022-09-04,2022-08-23,15991,39,2016
총신대입구(이수)역4,2022-09-30,2022-07-05 ~ 2022-09-04,2022-08-24,16043,52,2068
총신대입구(이수)역4,2022-09-30,2022-07-05 ~ 2022-09-04,2022-08-25,16083,40,2108
총신대입구(이수)역4,2022-09-30,2022-07-05 ~ 2022-09-04,2022-08-26,16120,37,2145
총신대입구(이수)역4,2022-09-30,2022-07-05 ~ 2022-09-04,2022-08-27,16159,39,2184
총신대입구(이수)역4,2022-09-30,2022-07-05 ~ 2022-09-04,2022-08-28,16195,36,2220
총신대입구(이수)역4,2022-09-30,2022-07-05 ~ 2022-09-04,2022-08-29,16228,33,2253
총신대입구(이수)역4,2022-09-30,2022-07-05 ~ 2022-09-04,2022-08-30,16259,31,2284
총신대입구(이수)역4,2022-09-30,2022-07-05 ~ 2022-09-04,2022-08-31,16295,36,2320
총신대입구(이수)역4,2022-09-30,2022-07-05 ~ 2022-09-04,2022-09-01,16335,40,2360
총신대입구(이수)역4,2022-09-30,2022-07-05 ~ 2022-09-04,2022-09-02,16376,41,2401
총신대입구(이수)역4,2022-09-30,2022-07-05 ~ 2022-09-04,2022-09-03,16416,40,2441
총신대입구(이수)역4,2022-09-30,2022-07-05 ~ 2022-09-04,2022-09-04,16454,38,2479
총신대입구(이수)역4,2022-09-30,2022-07-05 ~ 2022-09-04,2022-09-05,16487,33,2512
총신대입구(이수)역4,2022-11-30,2022-09-05 ~ 2022-11-04,2022-09-06,16523,36,36
총신대입구(이수)역4,2022-10-31,2022-09-05 ~ 2022-10-04,2022-09-06,16523,36,36
총신대입구(이수)역4,2022-10-31,2022-09-05 ~ 2022-10-04,2022-09-07,16557,34,70
총신대입구(이수)역4,2022-11-30,2022-09-05 ~ 2022-11-04,2022-09-07,16557,34,70
총신대입구(이수)역4,2022-10-31,2022-09-05 ~ 2022-10-04,2022-09-08,16597,40,110
총신대입구(이수)역4,2022-11-30,2022-09-05 ~ 2022-11-04,2022-09-08,16597,40,110
총신대입구(이수)역4,2022-10-31,2022-09-05 ~ 2022-10-04,2022-09-09,16638,41,151
총신대입구(이수)역4,2022-11-30,2022-09-05 ~ 2022-11-04,2022-09-09,16638,41,151
총신대입구(이수)역4,2022-10-31,2022-09-05 ~ 2022-10-04,2022-09-10,16673,35,186
총신대입구(이수)역4,2022-11-30,2022-09-05 ~ 2022-11-04,2022-09-10,16673,35,186
총신대입구(이수)역4,2022-10-31,2022-09-05 ~ 2022-10-04,2022-09-11,16689,16,202
총신대입구(이수)역4,2022-11-30,2022-09-05 ~ 2022-11-04,2022-09-11,16689,16,202
총신대입구(이수)역4,2022-11-30,2022-09-05 ~ 2022-11-04,2022-09-12,16712,23,225
총신대입구(이수)역4,2022-10-31,2022-09-05 ~ 2022-10-04,2022-09-12,16712,23,225
총신대입구(이수)역4,2022-10-31,2022-09-05 ~ 2022-10-04,2022-09-13,16737,25,250
총신대입구(이수)역4,2022-11-30,2022-09-05 ~ 2022-11-04,2022-09-13,16737,25,250
총신대입구(이수)역4,2022-11-30,2022-09-05 ~ 2022-11-04,2022-09-14,16767,30,280
총신대입구(이수)역4,2022-10-31,2022-09-05 ~ 2022-10-04,2022-09-14,16767,30,280
총신대입구(이수)역4,2022-10-31,2022-09-05 ~ 2022-10-04,2022-09-15,16807,40,320
총신대입구(이수)역4,2022-11-30,2022-09-05 ~ 2022-11-04,2022-09-15,16807,40,320
총신대입구(이수)역4,2022-10-31,2022-09-05 ~ 2022-10-04,2022-09-16,16840,33,353
총신대입구(이수)역4,2022-11-30,2022-09-05 ~ 2022-11-04,2022-09-16,16840,33,353
총신대입구(이수)역4,2022-11-30,2022-09-05 ~ 2022-11-04,2022-09-17,16876,36,389
총신대입구(이수)역4,2022-10-31,2022-09-05 ~ 2022-10-04,2022-09-17,16876,36,389
총신대입구(이수)역4,2022-11-30,2022-09-05 ~ 2022-11-04,2022-09-18,16911,35,424
총신대입구(이수)역4,2022-10-31,2022-09-05 ~ 2022-10-04,2022-09-18,16911,35,424
총신대입구(이수)역4,2022-11-30,2022-09-05 ~ 2022-11-04,2022-09-19,16945,34,458
총신대입구(이수)역4,2022-10-31,2022-09-05 ~ 2022-10-04,2022-09-19,16945,34,458
총신대입구(이수)역4,2022-11-30,2022-09-05 ~ 2022-11-04,2022-09-20,16982,37,495
총신대입구(이수)역4,2022-10-31,2022-09-05 ~ 2022-10-04,2022-09-20,16982,37,495
총신대입구(이수)역4,2022-11-30,2022-09-05 ~ 2022-11-04,2022-09-21,17013,31,526
총신대입구(이수)역4,2022-10-31,2022-09-05 ~ 2022-10-04,2022-09-21,17013,31,526
총신대입구(이수)역4,2022-10-31,2022-09-05 ~ 2022-10-04,2022-09-22,17040,27,553
총신대입구(이수)역4,2022-11-30,2022-09-05 ~ 2022-11-04,2022-09-22,17040,27,553
총신대입구(이수)역4,2022-11-30,2022-09-05 ~ 2022-11-04,2022-09-23,17068,28,581
총신대입구(이수)역4,2022-10-31,2022-09-05 ~ 2022-10-04,2022-09-23,17068,28,581
총신대입구(이수)역4,2022-10-31,2022-09-05 ~ 2022-10-04,2022-09-24,17097,29,610
총신대입구(이수)역4,2022-11-30,2022-09-05 ~ 2022-11-04,2022-09-24,17097,29,610
총신대입구(이수)역4,2022-11-30,2022-09-05 ~ 2022-11-04,2022-09-25,17123,26,636
총신대입구(이수)역4,2022-10-31,2022-09-05 ~ 2022-10-04,2022-09-25,17123,26,636
총신대입구(이수)역4,2022-10-31,2022-09-05 ~ 2022-10-04,2022-09-26,17145,22,658
총신대입구(이수)역4,2022-11-30,2022-09-05 ~ 2022-11-04,2022-09-26,17145,22,658
총신대입구(이수)역4,2022-11-30,2022-09-05 ~ 2022-11-04,2022-09-27,17172,27,685
총신대입구(이수)역4,2022-10-31,2022-09-05 ~ 2022-10-04,2022-09-27,17172,27,685
총신대입구(이수)역4,2022-10-31,2022-09-05 ~ 2022-10-04,2022-09-28,17196,24,709
총신대입구(이수)역4,2022-11-30,2022-09-05 ~ 2022-11-04,2022-09-28,17196,24,709
총신대입구(이수)역4,2022-10-31,2022-09-05 ~ 2022-10-04,2022-09-29,17237,41,750
총신대입구(이수)역4,2022-11-30,2022-09-05 ~ 2022-11-04,2022-09-29,17237,41,750
총신대입구(이수)역4,2022-10-31,2022-09-05 ~ 2022-10-04,2022-09-30,17263,26,776
총신대입구(이수)역4,2022-11-30,2022-09-05 ~ 2022-11-04,2022-09-30,17263,26,776
총신대입구(이수)역4,2022-10-31,2022-09-05 ~ 2022-10-04,2022-10-01,17292,29,805
총신대입구(이수)역4,2022-11-30,2022-09-05 ~ 2022-11-04,2022-10-01,17292,29,805
총신대입구(이수)역4,2022-11-30,2022-09-05 ~ 2022-11-04,2022-10-02,17318,26,831
총신대입구(이수)역4,2022-10-31,2022-09-05 ~ 2022-10-04,2022-10-02,17318,26,831
총신대입구(이수)역4,2022-10-31,2022-09-05 ~ 2022-10-04,2022-10-03,17337,19,850
총신대입구(이수)역4,2022-11-30,2022-09-05 ~ 2022-11-04,2022-10-03,17337,19,850
총신대입구(이수)역4,2022-11-30,2022-09-05 ~ 2022-11-04,2022-10-04,17355,18,868
총신대입구(이수)역4,2022-10-31,2022-09-05 ~ 2022-10-04,2022-10-04,17355,18,868
총신대입구(이수)역4,2022-11-30,2022-09-05 ~ 2022-11-04,2022-10-05,17382,27,895
총신대입구(이수)역4,2022-10-31,2022-09-05 ~ 2022-10-04,2022-10-05,17382,27,895
총신대입구(이수)역4,2022-11-30,2022-09-05 ~ 2022-11-04,2022-10-06,17410,28,923
총신대입구(이수)역4,2022-11-30,2022-09-05 ~ 2022-11-04,2022-10-07,17440,30,953
총신대입구(이수)역4,2022-11-30,2022-09-05 ~ 2022-11-04,2022-10-08,17469,29,982
총신대입구(이수)역4,2022-11-30,2022-09-05 ~ 2022-11-04,2022-10-09,17497,28,1010
총신대입구(이수)역4,2022-11-30,2022-09-05 ~ 2022-11-04,2022-10-10,17518,21,1031
총신대입구(이수)역4,2022-11-30,2022-09-05 ~ 2022-11-04,2022-10-11,17543,25,1056
총신대입구(이수)역4,2022-11-30,2022-09-05 ~ 2022-11-04,2022-10-12,17571,28,1084
총신대입구(이수)역4,2022-11-30,2022-09-05 ~ 2022-11-04,2022-10-13,17596,25,1109
총신대입구(이수)역4,2022-11-30,2022-09-05 ~ 2022-11-04,2022-10-14,17624,28,1137
총신대입구(이수)역4,2022-11-30,2022-09-05 ~ 2022-11-04,2022-10-15,17652,28,1165
총신대입구(이수)역4,2022-11-30,2022-09-05 ~ 2022-11-04,2022-10-16,17680,28,1193
총신대입구(이수)역4,2022-11-30,2022-09-05 ~ 2022-11-04,2022-10-17,17700,20,1213
총신대입구(이수)역4,2022-11-30,2022-09-05 ~ 2022-11-04,2022-10-18,17725,25,1238
총신대입구(이수)역4,2022-11-30,2022-09-05 ~ 2022-11-04,2022-10-19,17753,28,1266
총신대입구(이수)역4,2022-11-30,2022-09-05 ~ 2022-11-04,2022-10-20,17780,27,1293
총신대입구(이수)역4,2022-11-30,2022-09-05 ~ 2022-11-04,2022-10-21,17807,27,1320
총신대입구(이수)역4,2022-11-30,2022-09-05 ~ 2022-11-04,2022-10-22,17833,26,1346
총신대입구(이수)역4,2022-11-30,2022-09-05 ~ 2022-11-04,2022-10-23,17859,26,1372
총신대입구(이수)역4,2022-11-30,2022-09-05 ~ 2022-11-04,2022-10-24,17880,21,1393
총신대입구(이수)역4,2022-11-30,2022-09-05 ~ 2022-11-04,2022-10-25,17903,23,1416
총신대입구(이수)역4,2022-11-30,2022-09-05 ~ 2022-11-04,2022-10-26,17928,25,1441
총신대입구(이수)역4,2022-11-30,2022-09-05 ~ 2022-11-04,2022-10-27,17954,26,1467
총신대입구(이수)역4,2022-11-30,2022-09-05 ~ 2022-11-04,2022-10-28,17981,27,1494
총신대입구(이수)역4,2022-11-30,2022-09-05 ~ 2022-11-04,2022-10-29,18011,30,1524
총신대입구(이수)역4,2022-11-30,2022-09-05 ~ 2022-11-04,2022-10-30,18036,25,1549
총신대입구(이수)역4,2022-11-30,2022-09-05 ~ 2022-11-04,2022-10-31,18055,19,1568
총신대입구(이수)역4,2022-11-30,2022-09-05 ~ 2022-11-04,2022-11-01,18081,26,1594
총신대입구(이수)역4,2022-11-30,2022-09-05 ~ 2022-11-04,2022-11-02,18106,25,1619
총신대입구(이수)역4,2022-11-30,2022-09-05 ~ 2022-11-04,2022-11-03,18130,24,1643
총신대입구(이수)역4,2022-11-30,2022-09-05 ~ 2022-11-04,2022-11-04,18156,26,1669
총신대입구(이수)역4,2022-11-30,2022-09-05 ~ 2022-11-04,2022-11-05,18182,26,1695
총신대입구(이수)역4,2022-12-31,2022-11-05 ~ 2022-12-04,2022-11-06,18208,26,26
총신대입구(이수)역4,2023-01-31,2022-11-05 ~ 2023-01-04,2022-11-06,18208,26,26
총신대입구(이수)역4,2023-01-31,2022-11-05 ~ 2023-01-04,2022-11-07,18229,21,47
총신대입구(이수)역4,2022-12-31,2022-11-05 ~ 2022-12-04,2022-11-07,18229,21,47
총신대입구(이수)역4,2022-12-31,2022-11-05 ~ 2022-12-04,2022-11-08,18258,29,76
총신대입구(이수)역4,2023-01-31,2022-11-05 ~ 2023-01-04,2022-11-08,18258,29,76
총신대입구(이수)역4,2022-12-31,2022-11-05 ~ 2022-12-04,2022-11-09,18290,32,108
총신대입구(이수)역4,2023-01-31,2022-11-05 ~ 2023-01-04,2022-11-09,18290,32,108
총신대입구(이수)역4,2022-12-31,2022-11-05 ~ 2022-12-04,2022-11-10,18318,28,136
총신대입구(이수)역4,2023-01-31,2022-11-05 ~ 2023-01-04,2022-11-10,18318,28,136
총신대입구(이수)역4,2023-01-31,2022-11-05 ~ 2023-01-04,2022-11-11,18345,27,163
총신대입구(이수)역4,2022-12-31,2022-11-05 ~ 2022-12-04,2022-11-11,18345,27,163
총신대입구(이수)역4,2023-01-31,2022-11-05 ~ 2023-01-04,2022-11-12,18372,27,190
총신대입구(이수)역4,2022-12-31,2022-11-05 ~ 2022-12-04,2022-11-12,18372,27,190
총신대입구(이수)역4,2023-01-31,2022-11-05 ~ 2023-01-04,2022-11-13,18397,25,215
총신대입구(이수)역4,2022-12-31,2022-11-05 ~ 2022-12-04,2022-11-13,18397,25,215
총신대입구(이수)역4,2022-12-31,2022-11-05 ~ 2022-12-04,2022-11-14,18420,23,238
총신대입구(이수)역4,2023-01-31,2022-11-05 ~ 2023-01-04,2022-11-14,18420,23,238
총신대입구(이수)역4,2023-01-31,2022-11-05 ~ 2023-01-04,2022-11-15,18447,27,265
총신대입구(이수)역4,2022-12-31,2022-11-05 ~ 2022-12-04,2022-11-15,18447,27,265
총신대입구(이수)역4,2022-12-31,2022-11-05 ~ 2022-12-04,2022-11-16,18475,28,293
총신대입구(이수)역4,2023-01-31,2022-11-05 ~ 2023-01-04,2022-11-16,18475,28,293
총신대입구(이수)역4,2022-12-31,2022-11-05 ~ 2022-12-04,2022-11-17,18504,29,322
총신대입구(이수)역4,2023-01-31,2022-11-05 ~ 2023-01-04,2022-11-17,18504,29,322
총신대입구(이수)역4,2023-01-31,2022-11-05 ~ 2023-01-04,2022-11-18,18532,28,350
총신대입구(이수)역4,2022-12-31,2022-11-05 ~ 2022-12-04,2022-11-18,18532,28,350
총신대입구(이수)역4,2022-12-31,2022-11-05 ~ 2022-12-04,2022-11-19,18563,31,381
총신대입구(이수)역4,2023-01-31,2022-11-05 ~ 2023-01-04,2022-11-19,18563,31,381
총신대입구(이수)역4,2022-12-31,2022-11-05 ~ 2022-12-04,2022-11-20,18596,33,414
총신대입구(이수)역4,2023-01-31,2022-11-05 ~ 2023-01-04,2022-11-20,18596,33,414
총신대입구(이수)역4,2022-12-31,2022-11-05 ~ 2022-12-04,2022-11-21,18619,23,437
총신대입구(이수)역4,2023-01-31,2022-11-05 ~ 2023-01-04,2022-11-21,18619,23,437
총신대입구(이수)역4,2022-12-31,2022-11-05 ~ 2022-12-04,2022-11-22,18643,24,461
총신대입구(이수)역4,2023-01-31,2022-11-05 ~ 2023-01-04,2022-11-22,18643,24,461
총신대입구(이수)역4,2022-12-31,2022-11-05 ~ 2022-12-04,2022-11-23,18668,25,486
총신대입구(이수)역4,2023-01-31,2022-11-05 ~ 2023-01-04,2022-11-23,18668,25,486
총신대입구(이수)역4,2022-12-31,2022-11-05 ~ 2022-12-04,2022-11-24,18693,25,511
총신대입구(이수)역4,2023-01-31,2022-11-05 ~ 2023-01-04,2022-11-24,18693,25,511
총신대입구(이수)역4,2023-01-31,2022-11-05 ~ 2023-01-04,2022-11-25,18718,25,536
총신대입구(이수)역4,2022-12-31,2022-11-05 ~ 2022-12-04,2022-11-25,18718,25,536
총신대입구(이수)역4,2023-01-31,2022-11-05 ~ 2023-01-04,2022-11-26,18720,2,538
총신대입구(이수)역4,2022-12-31,2022-11-05 ~ 2022-12-04,2022-11-26,18720,2,538
총신대입구(이수)역4,2023-01-31,2022-11-05 ~ 2023-01-04,2022-11-27,18772,52,590
총신대입구(이수)역4,2022-12-31,2022-11-05 ~ 2022-12-04,2022-11-27,18772,52,590
총신대입구(이수)역4,2023-01-31,2022-11-05 ~ 2023-01-04,2022-11-28,18793,21,611
총신대입구(이수)역4,2022-12-31,2022-11-05 ~ 2022-12-04,2022-11-28,18793,21,611
총신대입구(이수)역4,2022-12-31,2022-11-05 ~ 2022-12-04,2022-11-29,18818,25,636
총신대입구(이수)역4,2023-01-31,2022-11-05 ~ 2023-01-04,2022-11-29,18818,25,636
총신대입구(이수)역4,2022-12-31,2022-11-05 ~ 2022-12-04,2022-11-30,18842,24,660
총신대입구(이수)역4,2023-01-31,2022-11-05 ~ 2023-01-04,2022-11-30,18842,24,660
총신대입구(이수)역4,2023-01-31,2022-11-05 ~ 2023-01-04,2022-12-01,18867,25,685
총신대입구(이수)역4,2022-12-31,2022-11-05 ~ 2022-12-04,2022-12-01,18867,25,685
총신대입구(이수)역4,2022-12-31,2022-11-05 ~ 2022-12-04,2022-12-02,18892,25,710
총신대입구(이수)역4,2023-01-31,2022-11-05 ~ 2023-01-04,2022-12-02,18892,25,710
총신대입구(이수)역4,2022-12-31,2022-11-05 ~ 2022-12-04,2022-12-03,18917,25,735
총신대입구(이수)역4,2023-01-31,2022-11-05 ~ 2023-01-04,2022-12-03,18917,25,735
총신대입구(이수)역4,2022-12-31,2022-11-05 ~ 2022-12-04,2022-12-04,18942,25,760
총신대입구(이수)역4,2023-01-31,2022-11-05 ~ 2023-01-04,2022-12-04,18942,25,760
총신대입구(이수)역4,2023-01-31,2022-11-05 ~ 2023-01-04,2022-12-05,18962,20,780
총신대입구(이수)역4,2022-12-31,2022-11-05 ~ 2022-12-04,2022-12-05,18962,20,780
총신대입구(이수)역4,2023-01-31,2022-11-05 ~ 2023-01-04,2022-12-06,18985,23,803
총신대입구(이수)역4,2023-01-31,2022-11-05 ~ 2023-01-04,2022-12-07,19011,26,829
총신대입구(이수)역4,2023-01-31,2022-11-05 ~ 2023-01-04,2022-12-08,19037,26,855
총신대입구(이수)역4,2023-01-31,2022-11-05 ~ 2023-01-04,2022-12-09,19063,26,881
총신대입구(이수)역4,2023-01-31,2022-11-05 ~ 2023-01-04,2022-12-10,19090,27,908
총신대입구(이수)역4,2023-01-31,2022-11-05 ~ 2023-01-04,2022-12-11,19119,29,937
총신대입구(이수)역4,2023-01-31,2022-11-05 ~ 2023-01-04,2022-12-12,19139,20,957
총신대입구(이수)역4,2023-01-31,2022-11-05 ~ 2023-01-04,2022-12-13,19163,24,981
총신대입구(이수)역4,2023-01-31,2022-11-05 ~ 2023-01-04,2022-12-14,19187,24,1005
총신대입구(이수)역4,2023-01-31,2022-11-05 ~ 2023-01-04,2022-12-15,19210,23,1028
총신대입구(이수)역4,2023-01-31,2022-11-05 ~ 2023-01-04,2022-12-16,19234,24,1052
총신대입구(이수)역4,2023-01-31,2022-11-05 ~ 2023-01-04,2022-12-17,19260,26,1078
총신대입구(이수)역4,2023-01-31,2022-11-05 ~ 2023-01-04,2022-12-18,19286,26,1104
총신대입구(이수)역4,2023-01-31,2022-11-05 ~ 2023-01-04,2022-12-19,19304,18,1122
총신대입구(이수)역4,2023-01-31,2022-11-05 ~ 2023-01-04,2022-12-20,19327,23,1145
총신대입구(이수)역4,2023-01-31,2022-11-05 ~ 2023-01-04,2022-12-21,19353,26,1171
총신대입구(이수)역4,2023-01-31,2022-11-05 ~ 2023-01-04,2022-12-22,19378,25,1196
총신대입구(이수)역4,2023-01-31,2022-11-05 ~ 2023-01-04,2022-12-23,19404,26,1222
총신대입구(이수)역4,2023-01-31,2022-11-05 ~ 2023-01-04,2022-12-24,19428,24,1246
총신대입구(이수)역4,2023-01-31,2022-11-05 ~ 2023-01-04,2022-12-25,19449,21,1267
총신대입구(이수)역4,2023-01-31,2022-11-05 ~ 2023-01-04,2022-12-26,19469,20,1287
총신대입구(이수)역4,2023-01-31,2022-11-05 ~ 2023-01-04,2022-12-27,19492,23,1310
총신대입구(이수)역4,2023-01-31,2022-11-05 ~ 2023-01-04,2022-12-28,19518,26,1336
총신대입구(이수)역4,2023-01-31,2022-11-05 ~ 2023-01-04,2022-12-29,19542,24,1360
총신대입구(이수)역4,2023-01-31,2022-11-05 ~ 2023-01-04,2022-12-30,19568,26,1386
총신대입구(이수)역4,2023-01-31,2022-11-05 ~ 2023-01-04,2022-12-31,19595,27,1413
총신대입구(이수)역4,2023-01-31,2022-11-05 ~ 2023-01-04,2023-01-01,19616,21,1434
총신대입구(이수)역4,2023-01-31,2022-11-05 ~ 2023-01-04,2023-01-02,19632,16,1450
총신대입구(이수)역4,2023-01-31,2022-11-05 ~ 2023-01-04,2023-01-03,19653,21,1471
총신대입구(이수)역4,2023-01-31,2022-11-05 ~ 2023-01-04,2023-01-04,19677,24,1495
총신대입구(이수)역4,2023-01-31,2022-11-05 ~ 2023-01-04,2023-01-05,19702,25,1520
총신대입구(이수)역4,2023-03-31,2023-01-05 ~ 2023-03-04,2023-01-06,19725,23,23
총신대입구(이수)역4,2023-02-28,2023-01-05 ~ 2023-02-04,2023-01-06,19725,23,23
총신대입구(이수)역4,2023-02-28,2023-01-05 ~ 2023-02-04,2023-01-07,19752,27,50
총신대입구(이수)역4,2023-03-31,2023-01-05 ~ 2023-03-04,2023-01-07,19752,27,50
총신대입구(이수)역4,2023-03-31,2023-01-05 ~ 2023-03-04,2023-01-08,19777,25,75
총신대입구(이수)역4,2023-02-28,2023-01-05 ~ 2023-02-04,2023-01-08,19777,25,75
총신대입구(이수)역4,2023-02-28,2023-01-05 ~ 2023-02-04,2023-01-09,19796,19,94
총신대입구(이수)역4,2023-03-31,2023-01-05 ~ 2023-03-04,2023-01-09,19796,19,94
총신대입구(이수)역4,2023-02-28,2023-01-05 ~ 2023-02-04,2023-01-10,19821,25,119
총신대입구(이수)역4,2023-03-31,2023-01-05 ~ 2023-03-04,2023-01-10,19821,25,119
총신대입구(이수)역4,2023-02-28,2023-01-05 ~ 2023-02-04,2023-01-11,19846,25,144
총신대입구(이수)역4,2023-03-31,2023-01-05 ~ 2023-03-04,2023-01-11,19846,25,144
총신대입구(이수)역4,2023-02-28,2023-01-05 ~ 2023-02-04,2023-01-12,19871,25,169
총신대입구(이수)역4,2023-03-31,2023-01-05 ~ 2023-03-04,2023-01-12,19871,25,169
총신대입구(이수)역4,2023-02-28,2023-01-05 ~ 2023-02-04,2023-01-13,19897,26,195
총신대입구(이수)역4,2023-03-31,2023-01-05 ~ 2023-03-04,2023-01-13,19897,26,195
총신대입구(이수)역4,2023-02-28,2023-01-05 ~ 2023-02-04,2023-01-14,19921,24,219
총신대입구(이수)역4,2023-03-31,2023-01-05 ~ 2023-03-04,2023-01-14,19921,24,219
총신대입구(이수)역4,2023-02-28,2023-01-05 ~ 2023-02-04,2023-01-15,19945,24,243
총신대입구(이수)역4,2023-03-31,2023-01-05 ~ 2023-03-04,2023-01-15,19945,24,243
총신대입구(이수)역4,2023-03-31,2023-01-05 ~ 2023-03-04,2023-01-16,19963,18,261
총신대입구(이수)역4,2023-02-28,2023-01-05 ~ 2023-02-04,2023-01-16,19963,18,261
총신대입구(이수)역4,2023-02-28,2023-01-05 ~ 2023-02-04,2023-01-17,19986,23,284
총신대입구(이수)역4,2023-03-31,2023-01-05 ~ 2023-03-04,2023-01-17,19986,23,284
총신대입구(이수)역4,2023-03-31,2023-01-05 ~ 2023-03-04,2023-01-18,20011,25,309
총신대입구(이수)역4,2023-02-28,2023-01-05 ~ 2023-02-04,2023-01-18,20011,25,309
총신대입구(이수)역4,2023-03-31,2023-01-05 ~ 2023-03-04,2023-01-19,20038,27,336
총신대입구(이수)역4,2023-02-28,2023-01-05 ~ 2023-02-04,2023-01-19,20038,27,336
총신대입구(이수)역4,2023-03-31,2023-01-05 ~ 2023-03-04,2023-01-20,20066,28,364
총신대입구(이수)역4,2023-02-28,2023-01-05 ~ 2023-02-04,2023-01-20,20066,28,364
총신대입구(이수)역4,2023-03-31,2023-01-05 ~ 2023-03-04,2023-01-21,20092,26,390
총신대입구(이수)역4,2023-02-28,2023-01-05 ~ 2023-02-04,2023-01-21,20092,26,390
총신대입구(이수)역4,2023-03-31,2023-01-05 ~ 2023-03-04,2023-01-22,20110,18,408
총신대입구(이수)역4,2023-02-28,2023-01-05 ~ 2023-02-04,2023-01-22,20110,18,408
총신대입구(이수)역4,2023-03-31,2023-01-05 ~ 2023-03-04,2023-01-23,20123,13,421
총신대입구(이수)역4,2023-02-28,2023-01-05 ~ 2023-02-04,2023-01-23,20123,13,421
총신대입구(이수)역4,2023-03-31,2023-01-05 ~ 2023-03-04,2023-01-24,20138,15,436
총신대입구(이수)역4,2023-02-28,2023-01-05 ~ 2023-02-04,2023-01-24,20138,15,436
총신대입구(이수)역4,2023-02-28,2023-01-05 ~ 2023-02-04,2023-01-25,20152,14,450
총신대입구(이수)역4,2023-03-31,2023-01-05 ~ 2023-03-04,2023-01-25,20152,14,450
총신대입구(이수)역4,2023-02-28,2023-01-05 ~ 2023-02-04,2023-01-26,20173,21,471
총신대입구(이수)역4,2023-03-31,2023-01-05 ~ 2023-03-04,2023-01-26,20173,21,471
총신대입구(이수)역4,2023-02-28,2023-01-05 ~ 2023-02-04,2023-01-27,20195,22,493
총신대입구(이수)역4,2023-03-31,2023-01-05 ~ 2023-03-04,2023-01-27,20195,22,493
총신대입구(이수)역4,2023-03-31,2023-01-05 ~ 2023-03-04,2023-01-28,20221,26,519
총신대입구(이수)역4,2023-02-28,2023-01-05 ~ 2023-02-04,2023-01-28,20221,26,519
총신대입구(이수)역4,2023-02-28,2023-01-05 ~ 2023-02-04,2023-01-29,20245,24,543
총신대입구(이수)역4,2023-03-31,2023-01-05 ~ 2023-03-04,2023-01-29,20245,24,543
총신대입구(이수)역4,2023-03-31,2023-01-05 ~ 2023-03-04,2023-01-30,20266,21,564
총신대입구(이수)역4,2023-02-28,2023-01-05 ~ 2023-02-04,2023-01-30,20266,21,564
총신대입구(이수)역4,2023-03-31,2023-01-05 ~ 2023-03-04,2023-01-31,20290,24,588
총신대입구(이수)역4,2023-02-28,2023-01-05 ~ 2023-02-04,2023-01-31,20290,24,588
총신대입구(이수)역4,2023-03-31,2023-01-05 ~ 2023-03-04,2023-02-01,20316,26,614
총신대입구(이수)역4,2023-02-28,2023-01-05 ~ 2023-02-04,2023-02-01,20316,26,614
총신대입구(이수)역4,2023-02-28,2023-01-05 ~ 2023-02-04,2023-02-02,20342,26,640
총신대입구(이수)역4,2023-03-31,2023-01-05 ~ 2023-03-04,2023-02-02,20342,26,640
총신대입구(이수)역4,2023-02-28,2023-01-05 ~ 2023-02-04,2023-02-03,20368,26,666
총신대입구(이수)역4,2023-03-31,2023-01-05 ~ 2023-03-04,2023-02-03,20368,26,666
총신대입구(이수)역4,2023-03-31,2023-01-05 ~ 2023-03-04,2023-02-04,20394,26,692
총신대입구(이수)역4,2023-02-28,2023-01-05 ~ 2023-02-04,2023-02-04,20394,26,692
총신대입구(이수)역4,2023-03-31,2023-01-05 ~ 2023-03-04,2023-02-05,20420,26,718
총신대입구(이수)역4,2023-02-28,2023-01-05 ~ 2023-02-04,2023-02-05,20420,26,718
총신대입구(이수)역4,2023-03-31,2023-01-05 ~ 2023-03-04,2023-02-06,20438,18,736
총신대입구(이수)역4,2023-03-31,2023-01-05 ~ 2023-03-04,2023-02-07,20464,26,762
총신대입구(이수)역4,2023-03-31,2023-01-05 ~ 2023-03-04,2023-02-08,20489,25,787
총신대입구(이수)역4,2023-03-31,2023-01-05 ~ 2023-03-04,2023-02-09,20513,24,811
총신대입구(이수)역4,2023-03-31,2023-01-05 ~ 2023-03-04,2023-02-10,20540,27,838
총신대입구(이수)역4,2023-03-31,2023-01-05 ~ 2023-03-04,2023-02-11,20568,28,866
총신대입구(이수)역4,2023-03-31,2023-01-05 ~ 2023-03-04,2023-02-12,20595,27,893
총신대입구(이수)역4,2023-03-31,2023-01-05 ~ 2023-03-04,2023-02-13,20616,21,914
총신대입구(이수)역4,2023-03-31,2023-01-05 ~ 2023-03-04,2023-02-14,20642,26,940
총신대입구(이수)역4,2023-03-31,2023-01-05 ~ 2023-03-04,2023-02-15,20667,25,965
총신대입구(이수)역4,2023-03-31,2023-01-05 ~ 2023-03-04,2023-02-16,20694,27,992
총신대입구(이수)역4,2023-03-31,2023-01-05 ~ 2023-03-04,2023-02-17,20722,28,1020
총신대입구(이수)역4,2023-03-31,2023-01-05 ~ 2023-03-04,2023-02-18,20749,27,1047
총신대입구(이수)역4,2023-03-31,2023-01-05 ~ 2023-03-04,2023-02-19,20774,25,1072
총신대입구(이수)역4,2023-03-31,2023-01-05 ~ 2023-03-04,2023-02-20,20796,22,1094
총신대입구(이수)역4,2023-03-31,2023-01-05 ~ 2023-03-04,2023-02-21,20824,28,1122
총신대입구(이수)역4,2023-03-31,2023-01-05 ~ 2023-03-04,2023-02-22,20850,26,1148
총신대입구(이수)역4,2023-03-31,2023-01-05 ~ 2023-03-04,2023-02-23,20876,26,1174
총신대입구(이수)역4,2023-03-31,2023-01-05 ~ 2023-03-04,2023-02-24,20901,25,1199
총신대입구(이수)역4,2023-03-31,2023-01-05 ~ 2023-03-04,2023-02-25,20928,27,1226
총신대입구(이수)역4,2023-03-31,2023-01-05 ~ 2023-03-04,2023-02-26,20954,26,1252
총신대입구(이수)역4,2023-03-31,2023-01-05 ~ 2023-03-04,2023-02-27,20976,22,1274
총신대입구(이수)역4,2023-03-31,2023-01-05 ~ 2023-03-04,2023-02-28,21000,24,1298
총신대입구(이수)역4,2023-03-31,2023-01-05 ~ 2023-03-04,2023-03-01,21028,28,1326
총신대입구(이수)역4,2023-03-31,2023-01-05 ~ 2023-03-04,2023-03-02,21052,24,1350
총신대입구(이수)역4,2023-03-31,2023-01-05 ~ 2023-03-04,2023-03-03,21078,26,1376
총신대입구(이수)역4,2023-03-31,2023-01-05 ~ 2023-03-04,2023-03-04,21106,28,1404
총신대입구(이수)역4,2023-03-31,2023-01-05 ~ 2023-03-04,2023-03-05,21132,26,1430
총신대입구(이수)역4,2023-05-31,2023-03-05 ~ 2023-05-04,2023-03-06,21152,20,20
총신대입구(이수)역4,2023-04-30,2023-03-05 ~ 2023-04-04,2023-03-06,21152,20,20
총신대입구(이수)역4,2023-04-30,2023-03-05 ~ 2023-04-04,2023-03-07,21177,25,45
총신대입구(이수)역4,2023-05-31,2023-03-05 ~ 2023-05-04,2023-03-07,21177,25,45
총신대입구(이수)역4,2023-05-31,2023-03-05 ~ 2023-05-04,2023-03-08,21204,27,72
총신대입구(이수)역4,2023-04-30,2023-03-05 ~ 2023-04-04,2023-03-08,21204,27,72
총신대입구(이수)역4,2023-05-31,2023-03-05 ~ 2023-05-04,2023-03-09,21231,27,99
총신대입구(이수)역4,2023-04-30,2023-03-05 ~ 2023-04-04,2023-03-09,21231,27,99
총신대입구(이수)역4,2023-04-30,2023-03-05 ~ 2023-04-04,2023-03-10,21258,27,126
총신대입구(이수)역4,2023-05-31,2023-03-05 ~ 2023-05-04,2023-03-10,21258,27,126
총신대입구(이수)역4,2023-05-31,2023-03-05 ~ 2023-05-04,2023-03-11,21285,27,153
총신대입구(이수)역4,2023-04-30,2023-03-05 ~ 2023-04-04,2023-03-11,21285,27,153
총신대입구(이수)역4,2023-05-31,2023-03-05 ~ 2023-05-04,2023-03-12,21311,26,179
총신대입구(이수)역4,2023-04-30,2023-03-05 ~ 2023-04-04,2023-03-12,21311,26,179
총신대입구(이수)역4,2023-04-30,2023-03-05 ~ 2023-04-04,2023-03-13,21329,18,197
총신대입구(이수)역4,2023-05-31,2023-03-05 ~ 2023-05-04,2023-03-13,21329,18,197
총신대입구(이수)역4,2023-04-30,2023-03-05 ~ 2023-04-04,2023-03-14,21361,32,229
총신대입구(이수)역4,2023-05-31,2023-03-05 ~ 2023-05-04,2023-03-14,21361,32,229
총신대입구(이수)역4,2023-04-30,2023-03-05 ~ 2023-04-04,2023-03-15,21387,26,255
총신대입구(이수)역4,2023-05-31,2023-03-05 ~ 2023-05-04,2023-03-15,21387,26,255
총신대입구(이수)역4,2023-05-31,2023-03-05 ~ 2023-05-04,2023-03-16,21414,27,282
총신대입구(이수)역4,2023-04-30,2023-03-05 ~ 2023-04-04,2023-03-16,21414,27,282
총신대입구(이수)역4,2023-04-30,2023-03-05 ~ 2023-04-04,2023-03-17,21440,26,308
총신대입구(이수)역4,2023-05-31,2023-03-05 ~ 2023-05-04,2023-03-17,21440,26,308
총신대입구(이수)역4,2023-04-30,2023-03-05 ~ 2023-04-04,2023-03-18,21468,28,336
총신대입구(이수)역4,2023-05-31,2023-03-05 ~ 2023-05-04,2023-03-18,21468,28,336
총신대입구(이수)역4,2023-05-31,2023-03-05 ~ 2023-05-04,2023-03-19,21493,25,361
총신대입구(이수)역4,2023-04-30,2023-03-05 ~ 2023-04-04,2023-03-19,21493,25,361
총신대입구(이수)역4,2023-04-30,2023-03-05 ~ 2023-04-04,2023-03-20,21515,22,383
총신대입구(이수)역4,2023-05-31,2023-03-05 ~ 2023-05-04,2023-03-20,21515,22,383
총신대입구(이수)역4,2023-04-30,2023-03-05 ~ 2023-04-04,2023-03-21,21555,40,423
총신대입구(이수)역4,2023-05-31,2023-03-05 ~ 2023-05-04,2023-03-21,21555,40,423
총신대입구(이수)역4,2023-05-31,2023-03-05 ~ 2023-05-04,2023-03-22,21582,27,450
총신대입구(이수)역4,2023-04-30,2023-03-05 ~ 2023-04-04,2023-03-22,21582,27,450
총신대입구(이수)역4,2023-05-31,2023-03-05 ~ 2023-05-04,2023-03-23,21611,29,479
총신대입구(이수)역4,2023-04-30,2023-03-05 ~ 2023-04-04,2023-03-23,21611,29,479
총신대입구(이수)역4,2023-04-30,2023-03-05 ~ 2023-04-04,2023-03-24,21639,28,507
총신대입구(이수)역4,2023-05-31,2023-03-05 ~ 2023-05-04,2023-03-24,21639,28,507
총신대입구(이수)역4,2023-05-31,2023-03-05 ~ 2023-05-04,2023-03-25,21667,28,535
총신대입구(이수)역4,2023-04-30,2023-03-05 ~ 2023-04-04,2023-03-25,21667,28,535
총신대입구(이수)역4,2023-05-31,2023-03-05 ~ 2023-05-04,2023-03-26,21695,28,563
총신대입구(이수)역4,2023-04-30,2023-03-05 ~ 2023-04-04,2023-03-26,21695,28,563
총신대입구(이수)역4,2023-05-31,2023-03-05 ~ 2023-05-04,2023-03-27,21722,27,590
총신대입구(이수)역4,2023-04-30,2023-03-05 ~ 2023-04-04,2023-03-27,21722,27,590
총신대입구(이수)역4,2023-04-30,2023-03-05 ~ 2023-04-04,2023-03-28,21751,29,619
총신대입구(이수)역4,2023-05-31,2023-03-05 ~ 2023-05-04,2023-03-28,21751,29,619
총신대입구(이수)역4,2023-04-30,2023-03-05 ~ 2023-04-04,2023-03-29,21775,24,643
총신대입구(이수)역4,2023-05-31,2023-03-05 ~ 2023-05-04,2023-03-29,21775,24,643
총신대입구(이수)역4,2023-04-30,2023-03-05 ~ 2023-04-04,2023-03-30,21801,26,669
총신대입구(이수)역4,2023-05-31,2023-03-05 ~ 2023-05-04,2023-03-30,21801,26,669
총신대입구(이수)역4,2023-04-30,2023-03-05 ~ 2023-04-04,2023-03-31,21833,32,701
총신대입구(이수)역4,2023-05-31,2023-03-05 ~ 2023-05-04,2023-03-31,21833,32,701
총신대입구(이수)역4,2023-05-31,2023-03-05 ~ 2023-05-04,2023-04-01,21861,28,729
총신대입구(이수)역4,2023-04-30,2023-03-05 ~ 2023-04-04,2023-04-01,21861,28,729
총신대입구(이수)역4,2023-05-31,2023-03-05 ~ 2023-05-04,2023-04-02,21886,25,754
총신대입구(이수)역4,2023-04-30,2023-03-05 ~ 2023-04-04,2023-04-02,21886,25,754
총신대입구(이수)역4,2023-04-30,2023-03-05 ~ 2023-04-04,2023-04-03,21908,22,776
총신대입구(이수)역4,2023-05-31,2023-03-05 ~ 2023-05-04,2023-04-03,21908,22,776
총신대입구(이수)역4,2023-04-30,2023-03-05 ~ 2023-04-04,2023-04-04,21946,38,814
총신대입구(이수)역4,2023-05-31,2023-03-05 ~ 2023-05-04,2023-04-04,21946,38,814
총신대입구(이수)역4,2023-05-31,2023-03-05 ~ 2023-05-04,2023-04-05,21970,24,838
총신대입구(이수)역4,2023-04-30,2023-03-05 ~ 2023-04-04,2023-04-05,21970,24,838
총신대입구(이수)역4,2023-05-31,2023-03-05 ~ 2023-05-04,2023-04-06,21993,23,861
총신대입구(이수)역4,2023-05-31,2023-03-05 ~ 2023-05-04,2023-04-07,22020,27,888
총신대입구(이수)역4,2023-05-31,2023-03-05 ~ 2023-05-04,2023-04-08,22048,28,916
총신대입구(이수)역4,2023-05-31,2023-03-05 ~ 2023-05-04,2023-04-09,22081,33,949
총신대입구(이수)역4,2023-05-31,2023-03-05 ~ 2023-05-04,2023-04-10,22104,23,972
총신대입구(이수)역4,2023-05-31,2023-03-05 ~ 2023-05-04,2023-04-11,22129,25,997
총신대입구(이수)역4,2023-05-31,2023-03-05 ~ 2023-05-04,2023-04-12,22153,24,1021
총신대입구(이수)역4,2023-05-31,2023-03-05 ~ 2023-05-04,2023-04-13,22180,27,1048
총신대입구(이수)역4,2023-05-31,2023-03-05 ~ 2023-05-04,2023-04-14,22207,27,1075
총신대입구(이수)역4,2023-05-31,2023-03-05 ~ 2023-05-04,2023-04-15,22235,28,1103
총신대입구(이수)역4,2023-05-31,2023-03-05 ~ 2023-05-04,2023-04-16,22261,26,1129
총신대입구(이수)역4,2023-05-31,2023-03-05 ~ 2023-05-04,2023-04-17,22282,21,1150
총신대입구(이수)역4,2023-05-31,2023-03-05 ~ 2023-05-04,2023-04-18,22310,28,1178
총신대입구(이수)역4,2023-05-31,2023-03-05 ~ 2023-05-04,2023-04-19,22338,28,1206
총신대입구(이수)역4,2023-05-31,2023-03-05 ~ 2023-05-04,2023-04-20,22366,28,1234
총신대입구(이수)역4,2023-05-31,2023-03-05 ~ 2023-05-04,2023-04-21,22395,29,1263
총신대입구(이수)역4,2023-05-31,2023-03-05 ~ 2023-05-04,2023-04-22,22424,29,1292
총신대입구(이수)역4,2023-05-31,2023-03-05 ~ 2023-05-04,2023-04-23,22456,32,1324
총신대입구(이수)역4,2023-05-31,2023-03-05 ~ 2023-05-04,2023-04-24,22474,18,1342
총신대입구(이수)역4,2023-05-31,2023-03-05 ~ 2023-05-04,2023-04-25,22508,34,1376
총신대입구(이수)역4,2023-05-31,2023-03-05 ~ 2023-05-04,2023-04-26,22536,28,1404
총신대입구(이수)역4,2023-05-31,2023-03-05 ~ 2023-05-04,2023-04-27,22566,30,1434
총신대입구(이수)역4,2023-05-31,2023-03-05 ~ 2023-05-04,2023-04-28,22595,29,1463
총신대입구(이수)역4,2023-05-31,2023-03-05 ~ 2023-05-04,2023-04-29,22628,33,1496
총신대입구(이수)역4,2023-05-31,2023-03-05 ~ 2023-05-04,2023-04-30,22656,28,1524
총신대입구(이수)역4,2023-05-31,2023-03-05 ~ 2023-05-04,2023-05-01,22681,25,1549
총신대입구(이수)역4,2023-05-31,2023-03-05 ~ 2023-05-04,2023-05-02,22713,32,1581
총신대입구(이수)역4,2023-05-31,2023-03-05 ~ 2023-05-04,2023-05-03,22752,39,1620
총신대입구(이수)역4,2023-05-31,2023-03-05 ~ 2023-05-04,2023-05-04,22778,26,1646
총신대입구(이수)역4,2023-05-31,2023-03-05 ~ 2023-05-04,2023-05-05,22805,27,1673
총신대입구(이수)역4,2023-07-31,2023-05-05 ~ 2023-07-04,2023-05-06,22824,19,19
총신대입구(이수)역4,2023-06-30,2023-05-05 ~ 2023-06-04,2023-05-06,22824,19,19
총신대입구(이수)역4,2023-06-30,2023-05-05 ~ 2023-06-04,2023-05-07,22846,22,41
총신대입구(이수)역4,2023-07-31,2023-05-05 ~ 2023-07-04,2023-05-07,22846,22,41
총신대입구(이수)역4,2023-06-30,2023-05-05 ~ 2023-06-04,2023-05-08,22870,24,65
총신대입구(이수)역4,2023-07-31,2023-05-05 ~ 2023-07-04,2023-05-08,22870,24,65
총신대입구(이수)역4,2023-06-30,2023-05-05 ~ 2023-06-04,2023-05-09,22899,29,94
총신대입구(이수)역4,2023-07-31,2023-05-05 ~ 2023-07-04,2023-05-09,22899,29,94
총신대입구(이수)역4,2023-06-30,2023-05-05 ~ 2023-06-04,2023-05-10,22924,25,119
총신대입구(이수)역4,2023-07-31,2023-05-05 ~ 2023-07-04,2023-05-10,22924,25,119
총신대입구(이수)역4,2023-06-30,2023-05-05 ~ 2023-06-04,2023-05-11,22953,29,148
총신대입구(이수)역4,2023-07-31,2023-05-05 ~ 2023-07-04,2023-05-11,22953,29,148
총신대입구(이수)역4,2023-06-30,2023-05-05 ~ 2023-06-04,2023-05-12,22980,27,175
총신대입구(이수)역4,2023-07-31,2023-05-05 ~ 2023-07-04,2023-05-12,22980,27,175
총신대입구(이수)역4,2023-06-30,2023-05-05 ~ 2023-06-04,2023-05-13,23008,28,203
총신대입구(이수)역4,2023-07-31,2023-05-05 ~ 2023-07-04,2023-05-13,23008,28,203
총신대입구(이수)역4,2023-07-31,2023-05-05 ~ 2023-07-04,2023-05-14,23036,28,231
총신대입구(이수)역4,2023-06-30,2023-05-05 ~ 2023-06-04,2023-05-14,23036,28,231
총신대입구(이수)역4,2023-06-30,2023-05-05 ~ 2023-06-04,2023-05-15,23058,22,253
총신대입구(이수)역4,2023-07-31,2023-05-05 ~ 2023-07-04,2023-05-15,23058,22,253
총신대입구(이수)역4,2023-06-30,2023-05-05 ~ 2023-06-04,2023-05-16,23083,25,278
총신대입구(이수)역4,2023-07-31,2023-05-05 ~ 2023-07-04,2023-05-16,23083,25,278
총신대입구(이수)역4,2023-07-31,2023-05-05 ~ 2023-07-04,2023-05-17,23110,27,305
총신대입구(이수)역4,2023-06-30,2023-05-05 ~ 2023-06-04,2023-05-17,23110,27,305
총신대입구(이수)역4,2023-07-31,2023-05-05 ~ 2023-07-04,2023-05-18,23140,30,335
총신대입구(이수)역4,2023-06-30,2023-05-05 ~ 2023-06-04,2023-05-18,23140,30,335
총신대입구(이수)역4,2023-07-31,2023-05-05 ~ 2023-07-04,2023-05-19,23167,27,362
총신대입구(이수)역4,2023-06-30,2023-05-05 ~ 2023-06-04,2023-05-19,23167,27,362
총신대입구(이수)역4,2023-07-31,2023-05-05 ~ 2023-07-04,2023-05-20,23198,31,393
총신대입구(이수)역4,2023-06-30,2023-05-05 ~ 2023-06-04,2023-05-20,23198,31,393
총신대입구(이수)역4,2023-07-31,2023-05-05 ~ 2023-07-04,2023-05-21,23227,29,422
총신대입구(이수)역4,2023-06-30,2023-05-05 ~ 2023-06-04,2023-05-21,23227,29,422
총신대입구(이수)역4,2023-07-31,2023-05-05 ~ 2023-07-04,2023-05-22,23250,23,445
총신대입구(이수)역4,2023-06-30,2023-05-05 ~ 2023-06-04,2023-05-22,23250,23,445
총신대입구(이수)역4,2023-07-31,2023-05-05 ~ 2023-07-04,2023-05-23,23277,27,472
총신대입구(이수)역4,2023-06-30,2023-05-05 ~ 2023-06-04,2023-05-23,23277,27,472
총신대입구(이수)역4,2023-06-30,2023-05-05 ~ 2023-06-04,2023-05-24,23306,29,501
총신대입구(이수)역4,2023-07-31,2023-05-05 ~ 2023-07-04,2023-05-24,23306,29,501
총신대입구(이수)역4,2023-07-31,2023-05-05 ~ 2023-07-04,2023-05-25,23333,27,528
총신대입구(이수)역4,2023-06-30,2023-05-05 ~ 2023-06-04,2023-05-25,23333,27,528
총신대입구(이수)역4,2023-07-31,2023-05-05 ~ 2023-07-04,2023-05-26,23364,31,559
총신대입구(이수)역4,2023-06-30,2023-05-05 ~ 2023-06-04,2023-05-26,23364,31,559
총신대입구(이수)역4,2023-07-31,2023-05-05 ~ 2023-07-04,2023-05-27,23395,31,590
총신대입구(이수)역4,2023-06-30,2023-05-05 ~ 2023-06-04,2023-05-27,23395,31,590
총신대입구(이수)역4,2023-06-30,2023-05-05 ~ 2023-06-04,2023-05-28,23421,26,616
총신대입구(이수)역4,2023-07-31,2023-05-05 ~ 2023-07-04,2023-05-28,23421,26,616
총신대입구(이수)역4,2023-06-30,2023-05-05 ~ 2023-06-04,2023-05-29,23442,21,637
총신대입구(이수)역4,2023-07-31,2023-05-05 ~ 2023-07-04,2023-05-29,23442,21,637
총신대입구(이수)역4,2023-06-30,2023-05-05 ~ 2023-06-04,2023-05-30,23467,25,662
총신대입구(이수)역4,2023-07-31,2023-05-05 ~ 2023-07-04,2023-05-30,23467,25,662
총신대입구(이수)역4,2023-06-30,2023-05-05 ~ 2023-06-04,2023-05-31,23497,30,692
총신대입구(이수)역4,2023-07-31,2023-05-05 ~ 2023-07-04,2023-05-31,23497,30,692
총신대입구(이수)역4,2023-07-31,2023-05-05 ~ 2023-07-04,2023-06-01,23527,30,722
총신대입구(이수)역4,2023-06-30,2023-05-05 ~ 2023-06-04,2023-06-01,23527,30,722
총신대입구(이수)역4,2023-06-30,2023-05-05 ~ 2023-06-04,2023-06-02,23557,30,752
총신대입구(이수)역4,2023-07-31,2023-05-05 ~ 2023-07-04,2023-06-02,23557,30,752
총신대입구(이수)역4,2023-06-30,2023-05-05 ~ 2023-06-04,2023-06-03,23596,39,791
총신대입구(이수)역4,2023-07-31,2023-05-05 ~ 2023-07-04,2023-06-03,23596,39,791
총신대입구(이수)역4,2023-07-31,2023-05-05 ~ 2023-07-04,2023-06-04,23626,30,821
총신대입구(이수)역4,2023-06-30,2023-05-05 ~ 2023-06-04,2023-06-04,23626,30,821
총신대입구(이수)역4,2023-06-30,2023-05-05 ~ 2023-06-04,2023-06-05,23653,27,848
총신대입구(이수)역4,2023-07-31,2023-05-05 ~ 2023-07-04,2023-06-05,23653,27,848
총신대입구(이수)역4,2023-07-31,2023-05-05 ~ 2023-07-04,2023-06-06,23684,31,879
총신대입구(이수)역4,2023-07-31,2023-05-05 ~ 2023-07-04,2023-06-07,23710,26,905
총신대입구(이수)역4,2023-07-31,2023-05-05 ~ 2023-07-04,2023-06-08,23741,31,936
총신대입구(이수)역4,2023-07-31,2023-05-05 ~ 2023-07-04,2023-06-09,23774,33,969
총신대입구(이수)역4,2023-07-31,2023-05-05 ~ 2023-07-04,2023-06-10,23806,32,1001
총신대입구(이수)역4,2023-07-31,2023-05-05 ~ 2023-07-04,2023-06-11,23836,30,1031
총신대입구(이수)역4,2023-07-31,2023-05-05 ~ 2023-07-04,2023-06-12,23860,24,1055
총신대입구(이수)역4,2023-07-31,2023-05-05 ~ 2023-07-04,2023-06-13,23894,34,1089
총신대입구(이수)역4,2023-07-31,2023-05-05 ~ 2023-07-04,2023-06-14,23924,30,1119
총신대입구(이수)역4,2023-07-31,2023-05-05 ~ 2023-07-04,2023-06-15,23955,31,1150
총신대입구(이수)역4,2023-07-31,2023-05-05 ~ 2023-07-04,2023-06-16,23985,30,1180
총신대입구(이수)역4,2023-07-31,2023-05-05 ~ 2023-07-04,2023-06-17,24018,33,1213
총신대입구(이수)역4,2023-07-31,2023-05-05 ~ 2023-07-04,2023-06-18,24047,29,1242
총신대입구(이수)역4,2023-07-31,2023-05-05 ~ 2023-07-04,2023-06-19,24072,25,1267
총신대입구(이수)역4,2023-07-31,2023-05-05 ~ 2023-07-04,2023-06-20,24101,29,1296
총신대입구(이수)역4,2023-07-31,2023-05-05 ~ 2023-07-04,2023-06-21,24132,31,1327
총신대입구(이수)역4,2023-07-31,2023-05-05 ~ 2023-07-04,2023-06-22,24164,32,1359
총신대입구(이수)역4,2023-07-31,2023-05-05 ~ 2023-07-04,2023-06-23,24197,33,1392
총신대입구(이수)역4,2023-07-31,2023-05-05 ~ 2023-07-04,2023-06-24,24231,34,1426
총신대입구(이수)역4,2023-07-31,2023-05-05 ~ 2023-07-04,2023-06-25,24270,39,1465
총신대입구(이수)역4,2023-07-31,2023-05-05 ~ 2023-07-04,2023-06-26,24304,34,1499
총신대입구(이수)역4,2023-07-31,2023-05-05 ~ 2023-07-04,2023-06-27,24341,37,1536
총신대입구(이수)역4,2023-07-31,2023-05-05 ~ 2023-07-04,2023-06-28,24390,49,1585
총신대입구(이수)역4,2023-07-31,2023-05-05 ~ 2023-07-04,2023-06-29,24434,44,1629
총신대입구(이수)역4,2023-07-31,2023-05-05 ~ 2023-07-04,2023-06-30,24467,33,1662
총신대입구(이수)역4,2023-07-31,2023-05-05 ~ 2023-07-04,2023-07-01,24515,48,1710
총신대입구(이수)역4,2023-07-31,2023-05-05 ~ 2023-07-04,2023-07-02,24553,38,1748
총신대입구(이수)역4,2023-07-31,2023-05-05 ~ 2023-07-04,2023-07-03,24587,34,1782
총신대입구(이수)역4,2023-07-31,2023-05-05 ~ 2023-07-04,2023-07-04,24625,38,1820
총신대입구(이수)역4,2023-07-31,2023-05-05 ~ 2023-07-04,2023-07-05,24663,38,1858
총신대입구(이수)역4,2023-08-31,2023-07-05 ~ 2023-08-04,2023-07-06,24703,40,40
총신대입구(이수)역4,2023-09-30,2023-07-05 ~ 2023-09-04,2023-07-06,24703,40,40
총신대입구(이수)역4,2023-08-31,2023-07-05 ~ 2023-08-04,2023-07-07,24747,44,84
총신대입구(이수)역4,2023-09-30,2023-07-05 ~ 2023-09-04,2023-07-07,24747,44,84
총신대입구(이수)역4,2023-08-31,2023-07-05 ~ 2023-08-04,2023-07-08,24791,44,128
총신대입구(이수)역4,2023-09-30,2023-07-05 ~ 2023-09-04,2023-07-08,24791,44,128
총신대입구(이수)역4,2023-09-30,2023-07-05 ~ 2023-09-04,2023-07-09,24832,41,169
총신대입구(이수)역4,2023-08-31,2023-07-05 ~ 2023-08-04,2023-07-09,24832,41,169
총신대입구(이수)역4,2023-09-30,2023-07-05 ~ 2023-09-04,2023-07-10,24866,34,203
총신대입구(이수)역4,2023-08-31,2023-07-05 ~ 2023-08-04,2023-07-10,24866,34,203
총신대입구(이수)역4,2023-09-30,2023-07-05 ~ 2023-09-04,2023-07-11,24905,39,242
총신대입구(이수)역4,2023-08-31,2023-07-05 ~ 2023-08-04,2023-07-11,24905,39,242
총신대입구(이수)역4,2023-09-30,2023-07-05 ~ 2023-09-04,2023-07-12,24945,40,282
총신대입구(이수)역4,2023-08-31,2023-07-05 ~ 2023-08-04,2023-07-12,24945,40,282
총신대입구(이수)역4,2023-09-30,2023-07-05 ~ 2023-09-04,2023-07-13,24987,42,324
총신대입구(이수)역4,2023-08-31,2023-07-05 ~ 2023-08-04,2023-07-13,24987,42,324
총신대입구(이수)역4,2023-09-30,2023-07-05 ~ 2023-09-04,2023-07-14,25029,42,366
총신대입구(이수)역4,2023-08-31,2023-07-05 ~ 2023-08-04,2023-07-14,25029,42,366
총신대입구(이수)역4,2023-09-30,2023-07-05 ~ 2023-09-04,2023-07-15,25067,38,404
총신대입구(이수)역4,2023-08-31,2023-07-05 ~ 2023-08-04,2023-07-15,25067,38,404
총신대입구(이수)역4,2023-08-31,2023-07-05 ~ 2023-08-04,2023-07-16,25107,40,444
총신대입구(이수)역4,2023-09-30,2023-07-05 ~ 2023-09-04,2023-07-16,25107,40,444
총신대입구(이수)역4,2023-08-31,2023-07-05 ~ 2023-08-04,2023-07-17,25139,32,476
총신대입구(이수)역4,2023-09-30,2023-07-05 ~ 2023-09-04,2023-07-17,25139,32,476
총신대입구(이수)역4,2023-09-30,2023-07-05 ~ 2023-09-04,2023-07-18,25180,41,517
총신대입구(이수)역4,2023-08-31,2023-07-05 ~ 2023-08-04,2023-07-18,25180,41,517
총신대입구(이수)역4,2023-09-30,2023-07-05 ~ 2023-09-04,2023-07-19,25220,40,557
총신대입구(이수)역4,2023-08-31,2023-07-05 ~ 2023-08-04,2023-07-19,25220,40,557
총신대입구(이수)역4,2023-08-31,2023-07-05 ~ 2023-08-04,2023-07-20,25261,41,598
총신대입구(이수)역4,2023-09-30,2023-07-05 ~ 2023-09-04,2023-07-20,25261,41,598
총신대입구(이수)역4,2023-08-31,2023-07-05 ~ 2023-08-04,2023-07-21,25302,41,639
총신대입구(이수)역4,2023-09-30,2023-07-05 ~ 2023-09-04,2023-07-21,25302,41,639
총신대입구(이수)역4,2023-08-31,2023-07-05 ~ 2023-08-04,2023-07-22,25346,44,683
총신대입구(이수)역4,2023-09-30,2023-07-05 ~ 2023-09-04,2023-07-22,25346,44,683
총신대입구(이수)역4,2023-09-30,2023-07-05 ~ 2023-09-04,2023-07-23,25384,38,721
총신대입구(이수)역4,2023-08-31,2023-07-05 ~ 2023-08-04,2023-07-23,25384,38,721
총신대입구(이수)역4,2023-08-31,2023-07-05 ~ 2023-08-04,2023-07-24,25416,32,753
총신대입구(이수)역4,2023-09-30,2023-07-05 ~ 2023-09-04,2023-07-24,25416,32,753
총신대입구(이수)역4,2023-09-30,2023-07-05 ~ 2023-09-04,2023-07-25,25446,30,783
총신대입구(이수)역4,2023-08-31,2023-07-05 ~ 2023-08-04,2023-07-25,25446,30,783
총신대입구(이수)역4,2023-09-30,2023-07-05 ~ 2023-09-04,2023-07-26,25497,51,834
총신대입구(이수)역4,2023-08-31,2023-07-05 ~ 2023-08-04,2023-07-26,25497,51,834
총신대입구(이수)역4,2023-08-31,2023-07-05 ~ 2023-08-04,2023-07-27,25536,39,873
총신대입구(이수)역4,2023-09-30,2023-07-05 ~ 2023-09-04,2023-07-27,25536,39,873
총신대입구(이수)역4,2023-09-30,2023-07-05 ~ 2023-09-04,2023-07-28,25574,38,911
총신대입구(이수)역4,2023-08-31,2023-07-05 ~ 2023-08-04,2023-07-28,25574,38,911
총신대입구(이수)역4,2023-08-31,2023-07-05 ~ 2023-08-04,2023-07-29,25616,42,953
총신대입구(이수)역4,2023-09-30,2023-07-05 ~ 2023-09-04,2023-07-29,25616,42,953
총신대입구(이수)역4,2023-08-31,2023-07-05 ~ 2023-08-04,2023-07-30,25658,42,995
총신대입구(이수)역4,2023-09-30,2023-07-05 ~ 2023-09-04,2023-07-30,25658,42,995
총신대입구(이수)역4,2023-09-30,2023-07-05 ~ 2023-09-04,2023-07-31,25692,34,1029
총신대입구(이수)역4,2023-08-31,2023-07-05 ~ 2023-08-04,2023-07-31,25692,34,1029
총신대입구(이수)역4,2023-09-30,2023-07-05 ~ 2023-09-04,2023-08-01,25729,37,1066
총신대입구(이수)역4,2023-08-31,2023-07-05 ~ 2023-08-04,2023-08-01,25729,37,1066
총신대입구(이수)역4,2023-08-31,2023-07-05 ~ 2023-08-04,2023-08-02,25770,41,1107
총신대입구(이수)역4,2023-09-30,2023-07-05 ~ 2023-09-04,2023-08-02,25770,41,1107
총신대입구(이수)역4,2023-08-31,2023-07-05 ~ 2023-08-04,2023-08-03,25810,40,1147
총신대입구(이수)역4,2023-09-30,2023-07-05 ~ 2023-09-04,2023-08-03,25810,40,1147
총신대입구(이수)역4,2023-08-31,2023-07-05 ~ 2023-08-04,2023-08-04,25853,43,1190
총신대입구(이수)역4,2023-09-30,2023-07-05 ~ 2023-09-04,2023-08-04,25853,43,1190
총신대입구(이수)역4,2023-09-30,2023-07-05 ~ 2023-09-04,2023-08-05,25896,43,1233
총신대입구(이수)역4,2023-08-31,2023-07-05 ~ 2023-08-04,2023-08-05,25896,43,1233
총신대입구(이수)역4,2023-09-30,2023-07-05 ~ 2023-09-04,2023-08-06,25938,42,1275
총신대입구(이수)역4,2023-09-30,2023-07-05 ~ 2023-09-04,2023-08-07,25976,38,1313
총신대입구(이수)역4,2023-09-30,2023-07-05 ~ 2023-09-04,2023-08-08,26017,41,1354
총신대입구(이수)역4,2023-09-30,2023-07-05 ~ 2023-09-04,2023-08-09,26062,45,1399
총신대입구(이수)역4,2023-09-30,2023-07-05 ~ 2023-09-04,2023-08-10,26108,46,1445
총신대입구(이수)역4,2023-09-30,2023-07-05 ~ 2023-09-04,2023-08-11,26148,40,1485
총신대입구(이수)역4,2023-09-30,2023-07-05 ~ 2023-09-04,2023-08-12,26191,43,1528
총신대입구(이수)역4,2023-09-30,2023-07-05 ~ 2023-09-04,2023-08-13,26234,43,1571
총신대입구(이수)역4,2023-09-30,2023-07-05 ~ 2023-09-04,2023-08-14,26274,40,1611
총신대입구(이수)역4,2023-09-30,2023-07-05 ~ 2023-09-04,2023-08-15,26320,46,1657
총신대입구(이수)역4,2023-09-30,2023-07-05 ~ 2023-09-04,2023-08-16,26354,34,1691
총신대입구(이수)역4,2023-09-30,2023-07-05 ~ 2023-09-04,2023-08-17,26395,41,1732
총신대입구(이수)역4,2023-09-30,2023-07-05 ~ 2023-09-04,2023-08-18,26437,42,1774
총신대입구(이수)역4,2023-09-30,2023-07-05 ~ 2023-09-04,2023-08-19,26482,45,1819
총신대입구(이수)역4,2023-09-30,2023-07-05 ~ 2023-09-04,2023-08-20,26524,42,1861
총신대입구(이수)역4,2023-09-30,2023-07-05 ~ 2023-09-04,2023-08-21,26563,39,1900
총신대입구(이수)역4,2023-09-30,2023-07-05 ~ 2023-09-04,2023-08-22,26604,41,1941
총신대입구(이수)역4,2023-09-30,2023-07-05 ~ 2023-09-04,2023-08-23,26647,43,1984
총신대입구(이수)역4,2023-09-30,2023-07-05 ~ 2023-09-04,2023-08-24,26687,40,2024
총신대입구(이수)역4,2023-09-30,2023-07-05 ~ 2023-09-04,2023-08-25,26730,43,2067
총신대입구(이수)역4,2023-09-30,2023-07-05 ~ 2023-09-04,2023-08-26,26775,45,2112
총신대입구(이수)역4,2023-09-30,2023-07-05 ~ 2023-09-04,2023-08-27,26817,42,2154
총신대입구(이수)역4,2023-09-30,2023-07-05 ~ 2023-09-04,2023-08-28,26855,38,2192
총신대입구(이수)역4,2023-09-30,2023-07-05 ~ 2023-09-04,2023-08-29,26894,39,2231
총신대입구(이수)역4,2023-09-30,2023-07-05 ~ 2023-09-04,2023-08-30,26934,40,2271
총신대입구(이수)역4,2023-09-30,2023-07-05 ~ 2023-09-04,2023-08-31,26975,41,2312
총신대입구(이수)역4,2023-09-30,2023-07-05 ~ 2023-09-04,2023-09-01,27018,43,2355
총신대입구(이수)역4,2023-09-30,2023-07-05 ~ 2023-09-04,2023-09-02,27062,44,2399
총신대입구(이수)역4,2023-09-30,2023-07-05 ~ 2023-09-04,2023-09-03,27105,43,2442
총신대입구(이수)역4,2023-09-30,2023-07-05 ~ 2023-09-04,2023-09-04,27141,36,2478
총신대입구(이수)역4,2023-09-30,2023-07-05 ~ 2023-09-04,2023-09-05,27179,38,2516
총신대입구(이수)역4,2023-10-31,2023-09-05 ~ 2023-10-04,2023-09-06,27224,45,45
총신대입구(이수)역4,2023-11-30,2023-09-05 ~ 2023-11-04,2023-09-06,27224,45,45
총신대입구(이수)역4,2023-10-31,2023-09-05 ~ 2023-10-04,2023-09-07,27268,44,89
총신대입구(이수)역4,2023-11-30,2023-09-05 ~ 2023-11-04,2023-09-07,27268,44,89
총신대입구(이수)역4,2023-11-30,2023-09-05 ~ 2023-11-04,2023-09-08,27313,45,134
총신대입구(이수)역4,2023-10-31,2023-09-05 ~ 2023-10-04,2023-09-08,27313,45,134
총신대입구(이수)역4,2023-11-30,2023-09-05 ~ 2023-11-04,2023-09-09,27358,45,179
총신대입구(이수)역4,2023-10-31,2023-09-05 ~ 2023-10-04,2023-09-09,27358,45,179
총신대입구(이수)역4,2023-11-30,2023-09-05 ~ 2023-11-04,2023-09-10,27402,44,223
총신대입구(이수)역4,2023-10-31,2023-09-05 ~ 2023-10-04,2023-09-10,27402,44,223
총신대입구(이수)역4,2023-10-31,2023-09-05 ~ 2023-10-04,2023-09-11,27442,40,263
총신대입구(이수)역4,2023-11-30,2023-09-05 ~ 2023-11-04,2023-09-11,27442,40,263
총신대입구(이수)역4,2023-10-31,2023-09-05 ~ 2023-10-04,2023-09-12,27485,43,306
총신대입구(이수)역4,2023-11-30,2023-09-05 ~ 2023-11-04,2023-09-12,27485,43,306
총신대입구(이수)역4,2023-10-31,2023-09-05 ~ 2023-10-04,2023-09-13,27528,43,349
총신대입구(이수)역4,2023-11-30,2023-09-05 ~ 2023-11-04,2023-09-13,27528,43,349
총신대입구(이수)역4,2023-11-30,2023-09-05 ~ 2023-11-04,2023-09-14,27569,41,390
총신대입구(이수)역4,2023-10-31,2023-09-05 ~ 2023-10-04,2023-09-14,27569,41,390
총신대입구(이수)역4,2023-10-31,2023-09-05 ~ 2023-10-04,2023-09-15,27612,43,433
총신대입구(이수)역4,2023-11-30,2023-09-05 ~ 2023-11-04,2023-09-15,27612,43,433
총신대입구(이수)역4,2023-10-31,2023-09-05 ~ 2023-10-04,2023-09-16,27654,42,475
총신대입구(이수)역4,2023-11-30,2023-09-05 ~ 2023-11-04,2023-09-16,27654,42,475
총신대입구(이수)역4,2023-11-30,2023-09-05 ~ 2023-11-04,2023-09-17,27696,42,517
총신대입구(이수)역4,2023-10-31,2023-09-05 ~ 2023-10-04,2023-09-17,27696,42,517
총신대입구(이수)역4,2023-11-30,2023-09-05 ~ 2023-11-04,2023-09-18,27732,36,553
총신대입구(이수)역4,2023-10-31,2023-09-05 ~ 2023-10-04,2023-09-18,27732,36,553
총신대입구(이수)역4,2023-11-30,2023-09-05 ~ 2023-11-04,2023-09-19,27773,41,594
총신대입구(이수)역4,2023-10-31,2023-09-05 ~ 2023-10-04,2023-09-19,27773,41,594
총신대입구(이수)역4,2023-11-30,2023-09-05 ~ 2023-11-04,2023-09-20,27812,39,633
총신대입구(이수)역4,2023-10-31,2023-09-05 ~ 2023-10-04,2023-09-20,27812,39,633
총신대입구(이수)역4,2023-11-30,2023-09-05 ~ 2023-11-04,2023-09-21,27851,39,672
총신대입구(이수)역4,2023-10-31,2023-09-05 ~ 2023-10-04,2023-09-21,27851,39,672
총신대입구(이수)역4,2023-11-30,2023-09-05 ~ 2023-11-04,2023-09-22,27889,38,710
총신대입구(이수)역4,2023-10-31,2023-09-05 ~ 2023-10-04,2023-09-22,27889,38,710
총신대입구(이수)역4,2023-10-31,2023-09-05 ~ 2023-10-04,2023-09-23,27921,32,742
총신대입구(이수)역4,2023-11-30,2023-09-05 ~ 2023-11-04,2023-09-23,27921,32,742
총신대입구(이수)역4,2023-11-30,2023-09-05 ~ 2023-11-04,2023-09-24,27954,33,775
총신대입구(이수)역4,2023-10-31,2023-09-05 ~ 2023-10-04,2023-09-24,27954,33,775
총신대입구(이수)역4,2023-10-31,2023-09-05 ~ 2023-10-04,2023-09-25,27982,28,803
총신대입구(이수)역4,2023-11-30,2023-09-05 ~ 2023-11-04,2023-09-25,27982,28,803
총신대입구(이수)역4,2023-10-31,2023-09-05 ~ 2023-10-04,2023-09-26,28015,33,836
총신대입구(이수)역4,2023-11-30,2023-09-05 ~ 2023-11-04,2023-09-26,28015,33,836
총신대입구(이수)역4,2023-10-31,2023-09-05 ~ 2023-10-04,2023-09-27,28046,31,867
총신대입구(이수)역4,2023-11-30,2023-09-05 ~ 2023-11-04,2023-09-27,28046,31,867
총신대입구(이수)역4,2023-10-31,2023-09-05 ~ 2023-10-04,2023-09-28,28082,36,903
총신대입구(이수)역4,2023-11-30,2023-09-05 ~ 2023-11-04,2023-09-28,28082,36,903
총신대입구(이수)역4,2023-11-30,2023-09-05 ~ 2023-11-04,2023-09-29,28106,24,927
총신대입구(이수)역4,2023-10-31,2023-09-05 ~ 2023-10-04,2023-09-29,28106,24,927
총신대입구(이수)역4,2023-10-31,2023-09-05 ~ 2023-10-04,2023-09-30,28124,18,945
총신대입구(이수)역4,2023-11-30,2023-09-05 ~ 2023-11-04,2023-09-30,28124,18,945
총신대입구(이수)역4,2023-11-30,2023-09-05 ~ 2023-11-04,2023-10-01,28144,20,965
총신대입구(이수)역4,2023-10-31,2023-09-05 ~ 2023-10-04,2023-10-01,28144,20,965
총신대입구(이수)역4,2023-10-31,2023-09-05 ~ 2023-10-04,2023-10-02,28168,24,989
총신대입구(이수)역4,2023-11-30,2023-09-05 ~ 2023-11-04,2023-10-02,28168,24,989
총신대입구(이수)역4,2023-10-31,2023-09-05 ~ 2023-10-04,2023-10-03,28194,26,1015
총신대입구(이수)역4,2023-11-30,2023-09-05 ~ 2023-11-04,2023-10-03,28194,26,1015
총신대입구(이수)역4,2023-11-30,2023-09-05 ~ 2023-11-04,2023-10-04,28222,28,1043
총신대입구(이수)역4,2023-10-31,2023-09-05 ~ 2023-10-04,2023-10-04,28222,28,1043
총신대입구(이수)역4,2023-11-30,2023-09-05 ~ 2023-11-04,2023-10-05,28255,33,1076
총신대입구(이수)역4,2023-10-31,2023-09-05 ~ 2023-10-04,2023-10-05,28255,33,1076
총신대입구(이수)역4,2023-11-30,2023-09-05 ~ 2023-11-04,2023-10-06,28287,32,1108
총신대입구(이수)역4,2023-11-30,2023-09-05 ~ 2023-11-04,2023-10-07,28318,31,1139
총신대입구(이수)역4,2023-11-30,2023-09-05 ~ 2023-11-04,2023-10-08,28350,32,1171
총신대입구(이수)역4,2023-11-30,2023-09-05 ~ 2023-11-04,2023-10-09,28376,26,1197
총신대입구(이수)역4,2023-11-30,2023-09-05 ~ 2023-11-04,2023-10-10,28402,26,1223
총신대입구(이수)역4,2023-11-30,2023-09-05 ~ 2023-11-04,2023-10-11,28433,31,1254
총신대입구(이수)역4,2023-11-30,2023-09-05 ~ 2023-11-04,2023-10-12,28465,32,1286
총신대입구(이수)역4,2023-11-30,2023-09-05 ~ 2023-11-04,2023-10-13,28497,32,1318
총신대입구(이수)역4,2023-11-30,2023-09-05 ~ 2023-11-04,2023-10-14,28528,31,1349
총신대입구(이수)역4,2023-11-30,2023-09-05 ~ 2023-11-04,2023-10-15,28556,28,1377
총신대입구(이수)역4,2023-11-30,2023-09-05 ~ 2023-11-04,2023-10-16,28582,26,1403
총신대입구(이수)역4,2023-11-30,2023-09-05 ~ 2023-11-04,2023-10-17,28615,33,1436
총신대입구(이수)역4,2023-11-30,2023-09-05 ~ 2023-11-04,2023-10-18,28650,35,1471
총신대입구(이수)역4,2023-11-30,2023-09-05 ~ 2023-11-04,2023-10-19,28680,30,1501
총신대입구(이수)역4,2023-11-30,2023-09-05 ~ 2023-11-04,2023-10-20,28713,33,1534
총신대입구(이수)역4,2023-11-30,2023-09-05 ~ 2023-11-04,2023-10-21,28746,33,1567
총신대입구(이수)역4,2023-11-30,2023-09-05 ~ 2023-11-04,2023-10-22,28776,30,1597
총신대입구(이수)역4,2023-11-30,2023-09-05 ~ 2023-11-04,2023-10-23,28803,27,1624
총신대입구(이수)역4,2023-11-30,2023-09-05 ~ 2023-11-04,2023-10-24,28832,29,1653
총신대입구(이수)역4,2023-11-30,2023-09-05 ~ 2023-11-04,2023-10-25,28854,22,1675
총신대입구(이수)역4,2023-11-30,2023-09-05 ~ 2023-11-04,2023-10-26,28889,35,1710
총신대입구(이수)역4,2023-11-30,2023-09-05 ~ 2023-11-04,2023-10-27,28917,28,1738
총신대입구(이수)역4,2023-11-30,2023-09-05 ~ 2023-11-04,2023-10-28,28949,32,1770
총신대입구(이수)역4,2023-11-30,2023-09-05 ~ 2023-11-04,2023-10-29,28978,29,1799
총신대입구(이수)역4,2023-11-30,2023-09-05 ~ 2023-11-04,2023-10-30,29002,24,1823
총신대입구(이수)역4,2023-11-30,2023-09-05 ~ 2023-11-04,2023-10-31,29029,27,1850
총신대입구(이수)역4,2023-11-30,2023-09-05 ~ 2023-11-04,2023-11-01,29061,32,1882
총신대입구(이수)역4,2023-11-30,2023-09-05 ~ 2023-11-04,2023-11-02,29089,28,1910
총신대입구(이수)역4,2023-11-30,2023-09-05 ~ 2023-11-04,2023-11-03,29118,29,1939
총신대입구(이수)역4,2023-11-30,2023-09-05 ~ 2023-11-04,2023-11-04,29149,31,1970
총신대입구(이수)역4,2023-11-30,2023-09-05 ~ 2023-11-04,2023-11-05,29175,26,1996
총신대입구(이수)역4,2024-01-31,2023-11-05 ~ 2024-01-04,2023-11-06,29197,22,22
총신대입구(이수)역4,2023-12-31,2023-11-05 ~ 2023-12-04,2023-11-06,29197,22,22
총신대입구(이수)역4,2023-12-31,2023-11-05 ~ 2023-12-04,2023-11-07,29222,25,47
총신대입구(이수)역4,2024-01-31,2023-11-05 ~ 2024-01-04,2023-11-07,29222,25,47
총신대입구(이수)역4,2023-12-31,2023-11-05 ~ 2023-12-04,2023-11-08,29251,29,76
총신대입구(이수)역4,2024-01-31,2023-11-05 ~ 2024-01-04,2023-11-08,29251,29,76
총신대입구(이수)역4,2023-12-31,2023-11-05 ~ 2023-12-04,2023-11-09,29280,29,105
총신대입구(이수)역4,2024-01-31,2023-11-05 ~ 2024-01-04,2023-11-09,29280,29,105
총신대입구(이수)역4,2023-12-31,2023-11-05 ~ 2023-12-04,2023-11-10,29307,27,132
총신대입구(이수)역4,2024-01-31,2023-11-05 ~ 2024-01-04,2023-11-10,29307,27,132
총신대입구(이수)역4,2023-12-31,2023-11-05 ~ 2023-12-04,2023-11-11,29338,31,163
총신대입구(이수)역4,2024-01-31,2023-11-05 ~ 2024-01-04,2023-11-11,29338,31,163
총신대입구(이수)역4,2024-01-31,2023-11-05 ~ 2024-01-04,2023-11-12,29371,33,196
총신대입구(이수)역4,2023-12-31,2023-11-05 ~ 2023-12-04,2023-11-12,29371,33,196
총신대입구(이수)역4,2023-12-31,2023-11-05 ~ 2023-12-04,2023-11-13,29394,23,219
총신대입구(이수)역4,2024-01-31,2023-11-05 ~ 2024-01-04,2023-11-13,29394,23,219
총신대입구(이수)역4,2024-01-31,2023-11-05 ~ 2024-01-04,2023-11-14,29422,28,247
총신대입구(이수)역4,2023-12-31,2023-11-05 ~ 2023-12-04,2023-11-14,29422,28,247
총신대입구(이수)역4,2023-12-31,2023-11-05 ~ 2023-12-04,2023-11-15,29451,29,276
총신대입구(이수)역4,2024-01-31,2023-11-05 ~ 2024-01-04,2023-11-15,29451,29,276
총신대입구(이수)역4,2024-01-31,2023-11-05 ~ 2024-01-04,2023-11-16,29482,31,307
총신대입구(이수)역4,2023-12-31,2023-11-05 ~ 2023-12-04,2023-11-16,29482,31,307
총신대입구(이수)역4,2024-01-31,2023-11-05 ~ 2024-01-04,2023-11-17,29511,29,336
총신대입구(이수)역4,2023-12-31,2023-11-05 ~ 2023-12-04,2023-11-17,29511,29,336
총신대입구(이수)역4,2024-01-31,2023-11-05 ~ 2024-01-04,2023-11-18,29543,32,368
총신대입구(이수)역4,2023-12-31,2023-11-05 ~ 2023-12-04,2023-11-18,29543,32,368
총신대입구(이수)역4,2023-12-31,2023-11-05 ~ 2023-12-04,2023-11-19,29569,26,394
총신대입구(이수)역4,2024-01-31,2023-11-05 ~ 2024-01-04,2023-11-19,29569,26,394
총신대입구(이수)역4,2024-01-31,2023-11-05 ~ 2024-01-04,2023-11-20,29593,24,418
총신대입구(이수)역4,2023-12-31,2023-11-05 ~ 2023-12-04,2023-11-20,29593,24,418
총신대입구(이수)역4,2024-01-31,2023-11-05 ~ 2024-01-04,2023-11-21,29623,30,448
총신대입구(이수)역4,2023-12-31,2023-11-05 ~ 2023-12-04,2023-11-21,29623,30,448
총신대입구(이수)역4,2024-01-31,2023-11-05 ~ 2024-01-04,2023-11-22,29652,29,477
총신대입구(이수)역4,2023-12-31,2023-11-05 ~ 2023-12-04,2023-11-22,29652,29,477
총신대입구(이수)역4,2024-01-31,2023-11-05 ~ 2024-01-04,2023-11-23,29681,29,506
총신대입구(이수)역4,2023-12-31,2023-11-05 ~ 2023-12-04,2023-11-23,29681,29,506
총신대입구(이수)역4,2024-01-31,2023-11-05 ~ 2024-01-04,2023-11-24,29712,31,537
총신대입구(이수)역4,2023-12-31,2023-11-05 ~ 2023-12-04,2023-11-24,29712,31,537
총신대입구(이수)역4,2023-12-31,2023-11-05 ~ 2023-12-04,2023-11-25,29745,33,570
총신대입구(이수)역4,2024-01-31,2023-11-05 ~ 2024-01-04,2023-11-25,29745,33,570
총신대입구(이수)역4,2023-12-31,2023-11-05 ~ 2023-12-04,2023-11-26,29772,27,597
총신대입구(이수)역4,2024-01-31,2023-11-05 ~ 2024-01-04,2023-11-26,29772,27,597
총신대입구(이수)역4,2024-01-31,2023-11-05 ~ 2024-01-04,2023-11-27,29794,22,619
총신대입구(이수)역4,2023-12-31,2023-11-05 ~ 2023-12-04,2023-11-27,29794,22,619
총신대입구(이수)역4,2024-01-31,2023-11-05 ~ 2024-01-04,2023-11-28,29824,30,649
총신대입구(이수)역4,2023-12-31,2023-11-05 ~ 2023-12-04,2023-11-28,29824,30,649
총신대입구(이수)역4,2024-01-31,2023-11-05 ~ 2024-01-04,2023-11-29,29851,27,676
총신대입구(이수)역4,2023-12-31,2023-11-05 ~ 2023-12-04,2023-11-29,29851,27,676
총신대입구(이수)역4,2023-12-31,2023-11-05 ~ 2023-12-04,2023-11-30,29881,30,706
총신대입구(이수)역4,2024-01-31,2023-11-05 ~ 2024-01-04,2023-11-30,29881,30,706
총신대입구(이수)역4,2024-01-31,2023-11-05 ~ 2024-01-04,2023-12-01,29908,27,733
총신대입구(이수)역4,2023-12-31,2023-11-05 ~ 2023-12-04,2023-12-01,29908,27,733
총신대입구(이수)역4,2023-12-31,2023-11-05 ~ 2023-12-04,2023-12-02,29937,29,762
총신대입구(이수)역4,2024-01-31,2023-11-05 ~ 2024-01-04,2023-12-02,29937,29,762
총신대입구(이수)역4,2024-01-31,2023-11-05 ~ 2024-01-04,2023-12-03,29964,27,789
총신대입구(이수)역4,2023-12-31,2023-11-05 ~ 2023-12-04,2023-12-03,29964,27,789
총신대입구(이수)역4,2023-12-31,2023-11-05 ~ 2023-12-04,2023-12-04,29987,23,812
총신대입구(이수)역4,2024-01-31,2023-11-05 ~ 2024-01-04,2023-12-04,29987,23,812
총신대입구(이수)역4,2023-12-31,2023-11-05 ~ 2023-12-04,2023-12-05,30015,28,840
총신대입구(이수)역4,2024-01-31,2023-11-05 ~ 2024-01-04,2023-12-05,30015,28,840
총신대입구(이수)역4,2024-01-31,2023-11-05 ~ 2024-01-04,2023-12-06,30047,32,872
총신대입구(이수)역4,2024-01-31,2023-11-05 ~ 2024-01-04,2023-12-07,30074,27,899
총신대입구(이수)역4,2024-01-31,2023-11-05 ~ 2024-01-04,2023-12-08,30105,31,930
총신대입구(이수)역4,2024-01-31,2023-11-05 ~ 2024-01-04,2023-12-09,30135,30,960
총신대입구(이수)역4,2024-01-31,2023-11-05 ~ 2024-01-04,2023-12-10,30165,30,990
총신대입구(이수)역4,2024-01-31,2023-11-05 ~ 2024-01-04,2023-12-11,30190,25,1015
총신대입구(이수)역4,2024-01-31,2023-11-05 ~ 2024-01-04,2023-12-12,30216,26,1041
총신대입구(이수)역4,2024-01-31,2023-11-05 ~ 2024-01-04,2023-12-13,30249,33,1074
총신대입구(이수)역4,2024-01-31,2023-11-05 ~ 2024-01-04,2023-12-14,30281,32,1106
총신대입구(이수)역4,2024-01-31,2023-11-05 ~ 2024-01-04,2023-12-15,30308,27,1133
총신대입구(이수)역4,2024-01-31,2023-11-05 ~ 2024-01-04,2023-12-16,30341,33,1166
총신대입구(이수)역4,2024-01-31,2023-11-05 ~ 2024-01-04,2023-12-17,30371,30,1196
총신대입구(이수)역4,2024-01-31,2023-11-05 ~ 2024-01-04,2023-12-18,30392,21,1217
총신대입구(이수)역4,2024-01-31,2023-11-05 ~ 2024-01-04,2023-12-19,30420,28,1245
총신대입구(이수)역4,2024-01-31,2023-11-05 ~ 2024-01-04,2023-12-20,30449,29,1274
총신대입구(이수)역4,2024-01-31,2023-11-05 ~ 2024-01-04,2023-12-21,30478,29,1303
총신대입구(이수)역4,2024-01-31,2023-11-05 ~ 2024-01-04,2023-12-22,30507,29,1332
총신대입구(이수)역4,2024-01-31,2023-11-05 ~ 2024-01-04,2023-12-23,30535,28,1360
총신대입구(이수)역4,2024-01-31,2023-11-05 ~ 2024-01-04,2023-12-24,30561,26,1386
총신대입구(이수)역4,2024-01-31,2023-11-05 ~ 2024-01-04,2023-12-25,30586,25,1411
총신대입구(이수)역4,2024-01-31,2023-11-05 ~ 2024-01-04,2023-12-26,30608,22,1433
총신대입구(이수)역4,2024-01-31,2023-11-05 ~ 2024-01-04,2023-12-27,30640,32,1465
총신대입구(이수)역4,2024-01-31,2023-11-05 ~ 2024-01-04,2023-12-28,30672,32,1497
총신대입구(이수)역4,2024-01-31,2023-11-05 ~ 2024-01-04,2023-12-29,30705,33,1530
총신대입구(이수)역4,2024-01-31,2023-11-05 ~ 2024-01-04,2023-12-30,30739,34,1564
총신대입구(이수)역4,2024-01-31,2023-11-05 ~ 2024-01-04,2023-12-31,30765,26,1590
총신대입구(이수)역4,2024-01-31,2023-11-05 ~ 2024-01-04,2024-01-01,30787,22,1612
총신대입구(이수)역4,2024-01-31,2023-11-05 ~ 2024-01-04,2024-01-02,30807,20,1632
총신대입구(이수)역4,2024-01-31,2023-11-05 ~ 2024-01-04,2024-01-03,30834,27,1659
총신대입구(이수)역4,2024-01-31,2023-11-05 ~ 2024-01-04,2024-01-04,30862,28,1687
총신대입구(이수)역4,2024-01-31,2023-11-05 ~ 2024-01-04,2024-01-05,30891,29,1716
총신대입구(이수)역4,2024-02-29,2024-01-05 ~ 2024-02-04,2024-01-06,30920,29,29
총신대입구(이수)역4,2024-03-31,2024-01-05 ~ 2024-03-04,2024-01-06,30920,29,29
총신대입구(이수)역4,2024-03-31,2024-01-05 ~ 2024-03-04,2024-01-07,30948,28,57
총신대입구(이수)역4,2024-02-29,2024-01-05 ~ 2024-02-04,2024-01-07,30948,28,57
총신대입구(이수)역4,2024-02-29,2024-01-05 ~ 2024-02-04,2024-01-08,30969,21,78
총신대입구(이수)역4,2024-03-31,2024-01-05 ~ 2024-03-04,2024-01-08,30969,21,78
총신대입구(이수)역4,2024-03-31,2024-01-05 ~ 2024-03-04,2024-01-09,30997,28,106
총신대입구(이수)역4,2024-02-29,2024-01-05 ~ 2024-02-04,2024-01-09,30997,28,106
총신대입구(이수)역4,2024-02-29,2024-01-05 ~ 2024-02-04,2024-01-10,31022,25,131
총신대입구(이수)역4,2024-03-31,2024-01-05 ~ 2024-03-04,2024-01-10,31022,25,131
총신대입구(이수)역4,2024-02-29,2024-01-05 ~ 2024-02-04,2024-01-11,31051,29,160
총신대입구(이수)역4,2024-03-31,2024-01-05 ~ 2024-03-04,2024-01-11,31051,29,160
총신대입구(이수)역4,2024-02-29,2024-01-05 ~ 2024-02-04,2024-01-12,31079,28,188
총신대입구(이수)역4,2024-03-31,2024-01-05 ~ 2024-03-04,2024-01-12,31079,28,188
총신대입구(이수)역4,2024-02-29,2024-01-05 ~ 2024-02-04,2024-01-13,31109,30,218
총신대입구(이수)역4,2024-03-31,2024-01-05 ~ 2024-03-04,2024-01-13,31109,30,218
총신대입구(이수)역4,2024-02-29,2024-01-05 ~ 2024-02-04,2024-01-14,31138,29,247
총신대입구(이수)역4,2024-03-31,2024-01-05 ~ 2024-03-04,2024-01-14,31138,29,247
총신대입구(이수)역4,2024-03-31,2024-01-05 ~ 2024-03-04,2024-01-15,31159,21,268
총신대입구(이수)역4,2024-02-29,2024-01-05 ~ 2024-02-04,2024-01-15,31159,21,268
총신대입구(이수)역4,2024-02-29,2024-01-05 ~ 2024-02-04,2024-01-16,31185,26,294
총신대입구(이수)역4,2024-03-31,2024-01-05 ~ 2024-03-04,2024-01-16,31185,26,294
총신대입구(이수)역4,2024-03-31,2024-01-05 ~ 2024-03-04,2024-01-17,31214,29,323
총신대입구(이수)역4,2024-02-29,2024-01-05 ~ 2024-02-04,2024-01-17,31214,29,323
총신대입구(이수)역4,2024-02-29,2024-01-05 ~ 2024-02-04,2024-01-18,31240,26,349
총신대입구(이수)역4,2024-03-31,2024-01-05 ~ 2024-03-04,2024-01-18,31240,26,349
총신대입구(이수)역4,2024-02-29,2024-01-05 ~ 2024-02-04,2024-01-19,31270,30,379
총신대입구(이수)역4,2024-03-31,2024-01-05 ~ 2024-03-04,2024-01-19,31270,30,379
총신대입구(이수)역4,2024-02-29,2024-01-05 ~ 2024-02-04,2024-01-20,31301,31,410
총신대입구(이수)역4,2024-03-31,2024-01-05 ~ 2024-03-04,2024-01-20,31301,31,410
총신대입구(이수)역4,2024-03-31,2024-01-05 ~ 2024-03-04,2024-01-21,31327,26,436
총신대입구(이수)역4,2024-02-29,2024-01-05 ~ 2024-02-04,2024-01-21,31327,26,436
총신대입구(이수)역4,2024-02-29,2024-01-05 ~ 2024-02-04,2024-01-22,31351,24,460
총신대입구(이수)역4,2024-03-31,2024-01-05 ~ 2024-03-04,2024-01-22,31351,24,460
총신대입구(이수)역4,2024-02-29,2024-01-05 ~ 2024-02-04,2024-01-23,31376,25,485
총신대입구(이수)역4,2024-03-31,2024-01-05 ~ 2024-03-04,2024-01-23,31376,25,485
총신대입구(이수)역4,2024-03-31,2024-01-05 ~ 2024-03-04,2024-01-24,31399,23,508
총신대입구(이수)역4,2024-02-29,2024-01-05 ~ 2024-02-04,2024-01-24,31399,23,508
총신대입구(이수)역4,2024-03-31,2024-01-05 ~ 2024-03-04,2024-01-25,31426,27,535
총신대입구(이수)역4,2024-02-29,2024-01-05 ~ 2024-02-04,2024-01-25,31426,27,535
총신대입구(이수)역4,2024-03-31,2024-01-05 ~ 2024-03-04,2024-01-26,31452,26,561
총신대입구(이수)역4,2024-02-29,2024-01-05 ~ 2024-02-04,2024-01-26,31452,26,561
총신대입구(이수)역4,2024-02-29,2024-01-05 ~ 2024-02-04,2024-01-27,31482,30,591
총신대입구(이수)역4,2024-03-31,2024-01-05 ~ 2024-03-04,2024-01-27,31482,30,591
총신대입구(이수)역4,2024-02-29,2024-01-05 ~ 2024-02-04,2024-01-28,31508,26,617
총신대입구(이수)역4,2024-03-31,2024-01-05 ~ 2024-03-04,2024-01-28,31508,26,617
총신대입구(이수)역4,2024-03-31,2024-01-05 ~ 2024-03-04,2024-01-29,31530,22,639
총신대입구(이수)역4,2024-02-29,2024-01-05 ~ 2024-02-04,2024-01-29,31530,22,639
총신대입구(이수)역4,2024-02-29,2024-01-05 ~ 2024-02-04,2024-01-30,31559,29,668
총신대입구(이수)역4,2024-03-31,2024-01-05 ~ 2024-03-04,2024-01-30,31559,29,668
총신대입구(이수)역4,2024-02-29,2024-01-05 ~ 2024-02-04,2024-01-31,31588,29,697
총신대입구(이수)역4,2024-03-31,2024-01-05 ~ 2024-03-04,2024-01-31,31588,29,697
총신대입구(이수)역4,2024-02-29,2024-01-05 ~ 2024-02-04,2024-02-01,31616,28,725
총신대입구(이수)역4,2024-03-31,2024-01-05 ~ 2024-03-04,2024-02-01,31616,28,725
총신대입구(이수)역4,2024-03-31,2024-01-05 ~ 2024-03-04,2024-02-02,31643,27,752
총신대입구(이수)역4,2024-02-29,2024-01-05 ~ 2024-02-04,2024-02-02,31643,27,752
총신대입구(이수)역4,2024-03-31,2024-01-05 ~ 2024-03-04,2024-02-03,31673,30,782
총신대입구(이수)역4,2024-02-29,2024-01-05 ~ 2024-02-04,2024-02-03,31673,30,782
총신대입구(이수)역4,2024-02-29,2024-01-05 ~ 2024-02-04,2024-02-04,31699,26,808
총신대입구(이수)역4,2024-03-31,2024-01-05 ~ 2024-03-04,2024-02-04,31699,26,808
총신대입구(이수)역4,2024-03-31,2024-01-05 ~ 2024-03-04,2024-02-05,31721,22,830
총신대입구(이수)역4,2024-02-29,2024-01-05 ~ 2024-02-04,2024-02-05,31721,22,830
총신대입구(이수)역4,2024-03-31,2024-01-05 ~ 2024-03-04,2024-02-06,31747,26,856
총신대입구(이수)역4,2024-03-31,2024-01-05 ~ 2024-03-04,2024-02-07,31777,30,886
총신대입구(이수)역4,2024-03-31,2024-01-05 ~ 2024-03-04,2024-02-08,31807,30,916
총신대입구(이수)역4,2024-03-31,2024-01-05 ~ 2024-03-04,2024-02-09,31837,30,946
총신대입구(이수)역4,2024-03-31,2024-01-05 ~ 2024-03-04,2024-02-10,31854,17,963
총신대입구(이수)역4,2024-03-31,2024-01-05 ~ 2024-03-04,2024-02-11,31868,14,977
총신대입구(이수)역4,2024-03-31,2024-01-05 ~ 2024-03-04,2024-02-12,31885,17,994
총신대입구(이수)역4,2024-03-31,2024-01-05 ~ 2024-03-04,2024-02-13,31908,23,1017
총신대입구(이수)역4,2024-03-31,2024-01-05 ~ 2024-03-04,2024-02-14,31933,25,1042
총신대입구(이수)역4,2024-03-31,2024-01-05 ~ 2024-03-04,2024-02-15,31960,27,1069
총신대입구(이수)역4,2024-03-31,2024-01-05 ~ 2024-03-04,2024-02-16,31986,26,1095
총신대입구(이수)역4,2024-03-31,2024-01-05 ~ 2024-03-04,2024-02-17,32017,31,1126
총신대입구(이수)역4,2024-03-31,2024-01-05 ~ 2024-03-04,2024-02-18,32046,29,1155
총신대입구(이수)역4,2024-03-31,2024-01-05 ~ 2024-03-04,2024-02-19,32069,23,1178
총신대입구(이수)역4,2024-03-31,2024-01-05 ~ 2024-03-04,2024-02-20,32094,25,1203
총신대입구(이수)역4,2024-03-31,2024-01-05 ~ 2024-03-04,2024-02-21,32121,27,1230
총신대입구(이수)역4,2024-03-31,2024-01-05 ~ 2024-03-04,2024-02-22,32145,24,1254
총신대입구(이수)역4,2024-03-31,2024-01-05 ~ 2024-03-04,2024-02-23,32170,25,1279
총신대입구(이수)역4,2024-03-31,2024-01-05 ~ 2024-03-04,2024-02-24,32199,29,1308
총신대입구(이수)역4,2024-03-31,2024-01-05 ~ 2024-03-04,2024-02-25,32226,27,1335
총신대입구(이수)역4,2024-03-31,2024-01-05 ~ 2024-03-04,2024-02-26,32249,23,1358
총신대입구(이수)역4,2024-03-31,2024-01-05 ~ 2024-03-04,2024-02-27,32277,28,1386
총신대입구(이수)역4,2024-03-31,2024-01-05 ~ 2024-03-04,2024-02-28,32304,27,1413
총신대입구(이수)역4,2024-03-31,2024-01-05 ~ 2024-03-04,2024-02-29,32329,25,1438
총신대입구(이수)역4,2024-03-31,2024-01-05 ~ 2024-03-04,2024-03-01,32362,33,1471
총신대입구(이수)역4,2024-03-31,2024-01-05 ~ 2024-03-04,2024-03-02,32388,26,1497
총신대입구(이수)역4,2024-03-31,2024-01-05 ~ 2024-03-04,2024-03-03,32410,22,1519
총신대입구(이수)역4,2024-03-31,2024-01-05 ~ 2024-03-04,2024-03-04,32430,20,1539
총신대입구(이수)역4,2024-03-31,2024-01-05 ~ 2024-03-04,2024-03-05,32459,29,1568
총신대입구(이수)역4,2024-05-31,2024-03-05 ~ 2024-04-30,2024-03-06,32487,28,28
총신대입구(이수)역4,2024-04-30,2024-03-05 ~ 2024-04-04,2024-03-06,32487,28,28
총신대입구(이수)역4,2024-04-30,2024-03-05 ~ 2024-04-04,2024-03-07,32517,30,58
총신대입구(이수)역4,2024-05-31,2024-03-05 ~ 2024-04-30,2024-03-07,32517,30,58
총신대입구(이수)역4,2024-05-31,2024-03-05 ~ 2024-04-30,2024-03-08,32548,31,89
총신대입구(이수)역4,2024-04-30,2024-03-05 ~ 2024-04-04,2024-03-08,32548,31,89
총신대입구(이수)역4,2024-05-31,2024-03-05 ~ 2024-04-30,2024-03-09,32579,31,120
총신대입구(이수)역4,2024-04-30,2024-03-05 ~ 2024-04-04,2024-03-09,32579,31,120
총신대입구(이수)역4,2024-05-31,2024-03-05 ~ 2024-04-30,2024-03-10,32608,29,149
총신대입구(이수)역4,2024-04-30,2024-03-05 ~ 2024-04-04,2024-03-10,32608,29,149
총신대입구(이수)역4,2024-04-30,2024-03-05 ~ 2024-04-04,2024-03-11,32630,22,171
총신대입구(이수)역4,2024-05-31,2024-03-05 ~ 2024-04-30,2024-03-11,32630,22,171
총신대입구(이수)역4,2024-04-30,2024-03-05 ~ 2024-04-04,2024-03-12,32659,29,200
총신대입구(이수)역4,2024-05-31,2024-03-05 ~ 2024-04-30,2024-03-12,32659,29,200
총신대입구(이수)역4,2024-04-30,2024-03-05 ~ 2024-04-04,2024-03-13,32685,26,226
총신대입구(이수)역4,2024-05-31,2024-03-05 ~ 2024-04-30,2024-03-13,32685,26,226
총신대입구(이수)역4,2024-04-30,2024-03-05 ~ 2024-04-04,2024-03-14,32719,34,260
총신대입구(이수)역4,2024-05-31,2024-03-05 ~ 2024-04-30,2024-03-14,32719,34,260
총신대입구(이수)역4,2024-05-31,2024-03-05 ~ 2024-04-30,2024-03-15,32751,32,292
총신대입구(이수)역4,2024-04-30,2024-03-05 ~ 2024-04-04,2024-03-15,32751,32,292
총신대입구(이수)역4,2024-04-30,2024-03-05 ~ 2024-04-04,2024-03-16,32781,30,322
총신대입구(이수)역4,2024-05-31,2024-03-05 ~ 2024-04-30,2024-03-16,32781,30,322
총신대입구(이수)역4,2024-04-30,2024-03-05 ~ 2024-04-04,2024-03-17,32809,28,350
총신대입구(이수)역4,2024-05-31,2024-03-05 ~ 2024-04-30,2024-03-17,32809,28,350
총신대입구(이수)역4,2024-04-30,2024-03-05 ~ 2024-04-04,2024-03-18,32834,25,375
총신대입구(이수)역4,2024-05-31,2024-03-05 ~ 2024-04-30,2024-03-18,32834,25,375
총신대입구(이수)역4,2024-05-31,2024-03-05 ~ 2024-04-30,2024-03-19,32861,27,402
총신대입구(이수)역4,2024-04-30,2024-03-05 ~ 2024-04-04,2024-03-19,32861,27,402
총신대입구(이수)역4,2024-04-30,2024-03-05 ~ 2024-04-04,2024-03-20,32889,28,430
총신대입구(이수)역4,2024-05-31,2024-03-05 ~ 2024-04-30,2024-03-20,32889,28,430
총신대입구(이수)역4,2024-04-30,2024-03-05 ~ 2024-04-04,2024-03-21,32920,31,461
총신대입구(이수)역4,2024-05-31,2024-03-05 ~ 2024-04-30,2024-03-21,32920,31,461
총신대입구(이수)역4,2024-05-31,2024-03-05 ~ 2024-04-30,2024-03-22,32950,30,491
총신대입구(이수)역4,2024-04-30,2024-03-05 ~ 2024-04-04,2024-03-22,32950,30,491
총신대입구(이수)역4,2024-04-30,2024-03-05 ~ 2024-04-04,2024-03-23,32980,30,521
총신대입구(이수)역4,2024-05-31,2024-03-05 ~ 2024-04-30,2024-03-23,32980,30,521
총신대입구(이수)역4,2024-05-31,2024-03-05 ~ 2024-04-30,2024-03-24,33008,28,549
총신대입구(이수)역4,2024-04-30,2024-03-05 ~ 2024-04-04,2024-03-24,33008,28,549
총신대입구(이수)역4,2024-05-31,2024-03-05 ~ 2024-04-30,2024-03-25,33033,25,574
총신대입구(이수)역4,2024-04-30,2024-03-05 ~ 2024-04-04,2024-03-25,33033,25,574
총신대입구(이수)역4,2024-05-31,2024-03-05 ~ 2024-04-30,2024-03-26,33060,27,601
총신대입구(이수)역4,2024-04-30,2024-03-05 ~ 2024-04-04,2024-03-26,33060,27,601
총신대입구(이수)역4,2024-05-31,2024-03-05 ~ 2024-04-30,2024-03-27,33088,28,629
총신대입구(이수)역4,2024-04-30,2024-03-05 ~ 2024-04-04,2024-03-27,33088,28,629
총신대입구(이수)역4,2024-05-31,2024-03-05 ~ 2024-04-30,2024-03-28,33118,30,659
총신대입구(이수)역4,2024-04-30,2024-03-05 ~ 2024-04-04,2024-03-28,33118,30,659
총신대입구(이수)역4,2024-05-31,2024-03-05 ~ 2024-04-30,2024-03-29,33145,27,686
총신대입구(이수)역4,2024-04-30,2024-03-05 ~ 2024-04-04,2024-03-29,33145,27,686
총신대입구(이수)역4,2024-04-30,2024-03-05 ~ 2024-04-04,2024-03-30,33174,29,715
총신대입구(이수)역4,2024-05-31,2024-03-05 ~ 2024-04-30,2024-03-30,33174,29,715
총신대입구(이수)역4,2024-04-30,2024-03-05 ~ 2024-04-04,2024-03-31,33202,28,743
총신대입구(이수)역4,2024-05-31,2024-03-05 ~ 2024-04-30,2024-03-31,33202,28,743
총신대입구(이수)역4,2024-04-30,2024-03-05 ~ 2024-04-04,2024-04-01,33226,24,767
총신대입구(이수)역4,2024-05-31,2024-03-05 ~ 2024-04-30,2024-04-01,33226,24,767
총신대입구(이수)역4,2024-05-31,2024-03-05 ~ 2024-04-30,2024-04-02,33254,28,795
총신대입구(이수)역4,2024-04-30,2024-03-05 ~ 2024-04-04,2024-04-02,33254,28,795
총신대입구(이수)역4,2024-05-31,2024-03-05 ~ 2024-04-30,2024-04-03,33283,29,824
총신대입구(이수)역4,2024-04-30,2024-03-05 ~ 2024-04-04,2024-04-03,33283,29,824
총신대입구(이수)역4,2024-04-30,2024-03-05 ~ 2024-04-04,2024-04-04,33311,28,852
총신대입구(이수)역4,2024-05-31,2024-03-05 ~ 2024-04-30,2024-04-04,33311,28,852
총신대입구(이수)역4,2024-05-31,2024-03-05 ~ 2024-04-30,2024-04-05,33341,30,882
총신대입구(이수)역4,2024-04-30,2024-03-05 ~ 2024-04-04,2024-04-05,33341,30,882
총신대입구(이수)역4,2024-05-31,2024-03-05 ~ 2024-04-30,2024-04-06,33375,34,916
총신대입구(이수)역4,2024-05-31,2024-03-05 ~ 2024-04-30,2024-04-07,33410,35,951
총신대입구(이수)역4,2024-05-31,2024-03-05 ~ 2024-04-30,2024-04-08,33435,25,976
총신대입구(이수)역4,2024-05-31,2024-03-05 ~ 2024-04-30,2024-04-09,33468,33,1009
총신대입구(이수)역4,2024-05-31,2024-03-05 ~ 2024-04-30,2024-04-10,33509,41,1050
총신대입구(이수)역4,2024-05-31,2024-03-05 ~ 2024-04-30,2024-04-11,33537,28,1078
총신대입구(이수)역4,2024-05-31,2024-03-05 ~ 2024-04-30,2024-04-12,33566,29,1107
총신대입구(이수)역4,2024-05-31,2024-03-05 ~ 2024-04-30,2024-04-13,33596,30,1137
총신대입구(이수)역4,2024-05-31,2024-03-05 ~ 2024-04-30,2024-04-14,33629,33,1170
총신대입구(이수)역4,2024-05-31,2024-03-05 ~ 2024-04-30,2024-04-15,33652,23,1193
총신대입구(이수)역4,2024-05-31,2024-03-05 ~ 2024-04-30,2024-04-16,33677,25,1218
총신대입구(이수)역4,2024-05-31,2024-03-05 ~ 2024-04-30,2024-04-17,33707,30,1248
총신대입구(이수)역4,2024-05-31,2024-03-05 ~ 2024-04-30,2024-04-18,33736,29,1277
총신대입구(이수)역4,2024-05-31,2024-03-05 ~ 2024-04-30,2024-04-19,33767,31,1308
총신대입구(이수)역4,2024-05-31,2024-03-05 ~ 2024-04-30,2024-04-20,33802,35,1343
총신대입구(이수)역4,2024-05-31,2024-03-05 ~ 2024-04-30,2024-04-21,33831,29,1372
총신대입구(이수)역4,2024-05-31,2024-03-05 ~ 2024-04-30,2024-04-22,33853,22,1394
총신대입구(이수)역4,2024-05-31,2024-03-05 ~ 2024-04-30,2024-04-23,33881,28,1422
총신대입구(이수)역4,2024-05-31,2024-03-05 ~ 2024-04-30,2024-04-24,33909,28,1450
총신대입구(이수)역4,2024-05-31,2024-03-05 ~ 2024-04-30,2024-04-25,33937,28,1478
총신대입구(이수)역4,2024-05-31,2024-03-05 ~ 2024-04-30,2024-04-26,33967,30,1508
총신대입구(이수)역4,2024-05-31,2024-03-05 ~ 2024-04-30,2024-04-27,33998,31,1539
총신대입구(이수)역4,2024-05-31,2024-03-05 ~ 2024-04-30,2024-04-28,34031,33,1572
총신대입구(이수)역4,2024-05-31,2024-03-05 ~ 2024-04-30,2024-04-29,34054,23,1595
총신대입구(이수)역4,2024-05-31,2024-03-05 ~ 2024-04-30,2024-04-30,34082,28,1623
총신대입구(이수)역4,2024-05-31,2024-03-05 ~ 2024-04-30,2024-05-01,34113,31,1654
총신대입구(이수)역4,2024-06-30,2024-05-01 ~ 2024-05-31,2024-05-02,34143,30,30
총신대입구(이수)역4,2024-07-31,2024-05-01 ~ 2024-06-30,2024-05-02,34143,30,30
총신대입구(이수)역4,2024-06-30,2024-05-01 ~ 2024-05-31,2024-05-03,34173,30,60
총신대입구(이수)역4,2024-07-31,2024-05-01 ~ 2024-06-30,2024-05-03,34173,30,60
총신대입구(이수)역4,2024-06-30,2024-05-01 ~ 2024-05-31,2024-05-04,34204,31,91
총신대입구(이수)역4,2024-07-31,2024-05-01 ~ 2024-06-30,2024-05-04,34204,31,91
총신대입구(이수)역4,2024-07-31,2024-05-01 ~ 2024-06-30,2024-05-05,34233,29,120
총신대입구(이수)역4,2024-06-30,2024-05-01 ~ 2024-05-31,2024-05-05,34233,29,120
총신대입구(이수)역4,2024-06-30,2024-05-01 ~ 2024-05-31,2024-05-06,34251,18,138
총신대입구(이수)역4,2024-07-31,2024-05-01 ~ 2024-06-30,2024-05-06,34251,18,138
총신대입구(이수)역4,2024-06-30,2024-05-01 ~ 2024-05-31,2024-05-07,34273,22,160
총신대입구(이수)역4,2024-07-31,2024-05-01 ~ 2024-06-30,2024-05-07,34273,22,160
총신대입구(이수)역4,2024-06-30,2024-05-01 ~ 2024-05-31,2024-05-08,34304,31,191
총신대입구(이수)역4,2024-07-31,2024-05-01 ~ 2024-06-30,2024-05-08,34304,31,191
총신대입구(이수)역4,2024-06-30,2024-05-01 ~ 2024-05-31,2024-05-09,34336,32,223
총신대입구(이수)역4,2024-07-31,2024-05-01 ~ 2024-06-30,2024-05-09,34336,32,223
총신대입구(이수)역4,2024-07-31,2024-05-01 ~ 2024-06-30,2024-05-10,34366,30,253
총신대입구(이수)역4,2024-06-30,2024-05-01 ~ 2024-05-31,2024-05-10,34366,30,253
총신대입구(이수)역4,2024-06-30,2024-05-01 ~ 2024-05-31,2024-05-11,34397,31,284
총신대입구(이수)역4,2024-07-31,2024-05-01 ~ 2024-06-30,2024-05-11,34397,31,284
총신대입구(이수)역4,2024-07-31,2024-05-01 ~ 2024-06-30,2024-05-12,34423,26,310
총신대입구(이수)역4,2024-06-30,2024-05-01 ~ 2024-05-31,2024-05-12,34423,26,310
총신대입구(이수)역4,2024-06-30,2024-05-01 ~ 2024-05-31,2024-05-13,34453,30,340
총신대입구(이수)역4,2024-07-31,2024-05-01 ~ 2024-06-30,2024-05-13,34453,30,340
총신대입구(이수)역4,2024-07-31,2024-05-01 ~ 2024-06-30,2024-05-14,34482,29,369
총신대입구(이수)역4,2024-06-30,2024-05-01 ~ 2024-05-31,2024-05-14,34482,29,369
총신대입구(이수)역4,2024-07-31,2024-05-01 ~ 2024-06-30,2024-05-15,34516,34,403
총신대입구(이수)역4,2024-06-30,2024-05-01 ~ 2024-05-31,2024-05-15,34516,34,403
총신대입구(이수)역4,2024-07-31,2024-05-01 ~ 2024-06-30,2024-05-16,34543,27,430
총신대입구(이수)역4,2024-06-30,2024-05-01 ~ 2024-05-31,2024-05-16,34543,27,430
총신대입구(이수)역4,2024-07-31,2024-05-01 ~ 2024-06-30,2024-05-17,34575,32,462
총신대입구(이수)역4,2024-06-30,2024-05-01 ~ 2024-05-31,2024-05-17,34575,32,462
총신대입구(이수)역4,2024-07-31,2024-05-01 ~ 2024-06-30,2024-05-18,34606,31,493
총신대입구(이수)역4,2024-06-30,2024-05-01 ~ 2024-05-31,2024-05-18,34606,31,493
총신대입구(이수)역4,2024-07-31,2024-05-01 ~ 2024-06-30,2024-05-19,34638,32,525
총신대입구(이수)역4,2024-06-30,2024-05-01 ~ 2024-05-31,2024-05-19,34638,32,525
총신대입구(이수)역4,2024-07-31,2024-05-01 ~ 2024-06-30,2024-05-20,34663,25,550
총신대입구(이수)역4,2024-06-30,2024-05-01 ~ 2024-05-31,2024-05-20,34663,25,550
총신대입구(이수)역4,2024-07-31,2024-05-01 ~ 2024-06-30,2024-05-21,34695,32,582
총신대입구(이수)역4,2024-06-30,2024-05-01 ~ 2024-05-31,2024-05-21,34695,32,582
총신대입구(이수)역4,2024-06-30,2024-05-01 ~ 2024-05-31,2024-05-22,34723,28,610
총신대입구(이수)역4,2024-07-31,2024-05-01 ~ 2024-06-30,2024-05-22,34723,28,610
총신대입구(이수)역4,2024-06-30,2024-05-01 ~ 2024-05-31,2024-05-23,34755,32,642
총신대입구(이수)역4,2024-07-31,2024-05-01 ~ 2024-06-30,2024-05-23,34755,32,642
총신대입구(이수)역4,2024-06-30,2024-05-01 ~ 2024-05-31,2024-05-24,34787,32,674
총신대입구(이수)역4,2024-07-31,2024-05-01 ~ 2024-06-30,2024-05-24,34787,32,674
총신대입구(이수)역4,2024-06-30,2024-05-01 ~ 2024-05-31,2024-05-25,34820,33,707
총신대입구(이수)역4,2024-07-31,2024-05-01 ~ 2024-06-30,2024-05-25,34820,33,707
총신대입구(이수)역4,2024-07-31,2024-05-01 ~ 2024-06-30,2024-05-26,34852,32,739
총신대입구(이수)역4,2024-06-30,2024-05-01 ~ 2024-05-31,2024-05-26,34852,32,739
총신대입구(이수)역4,2024-06-30,2024-05-01 ~ 2024-05-31,2024-05-27,34876,24,763
총신대입구(이수)역4,2024-07-31,2024-05-01 ~ 2024-06-30,2024-05-27,34876,24,763
총신대입구(이수)역4,2024-06-30,2024-05-01 ~ 2024-05-31,2024-05-28,34908,32,795
총신대입구(이수)역4,2024-07-31,2024-05-01 ~ 2024-06-30,2024-05-28,34908,32,795
총신대입구(이수)역4,2024-07-31,2024-05-01 ~ 2024-06-30,2024-05-29,34939,31,826
총신대입구(이수)역4,2024-06-30,2024-05-01 ~ 2024-05-31,2024-05-29,34939,31,826
총신대입구(이수)역4,2024-06-30,2024-05-01 ~ 2024-05-31,2024-05-30,34968,29,855
총신대입구(이수)역4,2024-07-31,2024-05-01 ~ 2024-06-30,2024-05-30,34968,29,855
총신대입구(이수)역4,2024-07-31,2024-05-01 ~ 2024-06-30,2024-05-31,34999,31,886
총신대입구(이수)역4,2024-06-30,2024-05-01 ~ 2024-05-31,2024-05-31,34999,31,886
총신대입구(이수)역4,2024-07-31,2024-05-01 ~ 2024-06-30,2024-06-01,35029,30,916
총신대입구(이수)역4,2024-06-30,2024-05-01 ~ 2024-05-31,2024-06-01,35029,30,916
총신대입구(이수)역4,2024-07-31,2024-05-01 ~ 2024-06-30,2024-06-02,35059,30,946
총신대입구(이수)역4,2024-07-31,2024-05-01 ~ 2024-06-30,2024-06-03,35085,26,972
총신대입구(이수)역4,2024-07-31,2024-05-01 ~ 2024-06-30,2024-06-04,35119,34,1006
총신대입구(이수)역4,2024-07-31,2024-05-01 ~ 2024-06-30,2024-06-05,35151,32,1038
총신대입구(이수)역4,2024-07-31,2024-05-01 ~ 2024-06-30,2024-06-06,35181,30,1068
총신대입구(이수)역4,2024-07-31,2024-05-01 ~ 2024-06-30,2024-06-07,35208,27,1095
총신대입구(이수)역4,2024-07-31,2024-05-01 ~ 2024-06-30,2024-06-08,35239,31,1126
총신대입구(이수)역4,2024-07-31,2024-05-01 ~ 2024-06-30,2024-06-09,35269,30,1156
총신대입구(이수)역4,2024-07-31,2024-05-01 ~ 2024-06-30,2024-06-10,35293,24,1180
총신대입구(이수)역4,2024-07-31,2024-05-01 ~ 2024-06-30,2024-06-11,35325,32,1212
총신대입구(이수)역4,2024-07-31,2024-05-01 ~ 2024-06-30,2024-06-12,35355,30,1242
총신대입구(이수)역4,2024-07-31,2024-05-01 ~ 2024-06-30,2024-06-13,35386,31,1273
총신대입구(이수)역4,2024-07-31,2024-05-01 ~ 2024-06-30,2024-06-14,35417,31,1304
총신대입구(이수)역4,2024-07-31,2024-05-01 ~ 2024-06-30,2024-06-15,35449,32,1336
총신대입구(이수)역4,2024-07-31,2024-05-01 ~ 2024-06-30,2024-06-16,35478,29,1365
총신대입구(이수)역4,2024-07-31,2024-05-01 ~ 2024-06-30,2024-06-17,35506,28,1393
총신대입구(이수)역4,2024-07-31,2024-05-01 ~ 2024-06-30,2024-06-18,35536,30,1423
총신대입구(이수)역4,2024-07-31,2024-05-01 ~ 2024-06-30,2024-06-19,35567,31,1454
총신대입구(이수)역4,2024-07-31,2024-05-01 ~ 2024-06-30,2024-06-20,35598,31,1485
총신대입구(이수)역4,2024-07-31,2024-05-01 ~ 2024-06-30,2024-06-21,35629,31,1516
총신대입구(이수)역4,2024-07-31,2024-05-01 ~ 2024-06-30,2024-06-22,35663,34,1550
총신대입구(이수)역4,2024-07-31,2024-05-01 ~ 2024-06-30,2024-06-23,35694,31,1581
총신대입구(이수)역4,2024-07-31,2024-05-01 ~ 2024-06-30,2024-06-24,35720,26,1607
총신대입구(이수)역4,2024-07-31,2024-05-01 ~ 2024-06-30,2024-06-25,35752,32,1639
총신대입구(이수)역4,2024-07-31,2024-05-01 ~ 2024-06-30,2024-06-26,35784,32,1671
총신대입구(이수)역4,2024-07-31,2024-05-01 ~ 2024-06-30,2024-06-27,35816,32,1703
총신대입구(이수)역4,2024-07-31,2024-05-01 ~ 2024-06-30,2024-06-28,35850,34,1737
총신대입구(이수)역4,2024-07-31,2024-05-01 ~ 2024-06-30,2024-06-29,35883,33,1770
총신대입구(이수)역4,2024-07-31,2024-05-01 ~ 2024-06-30,2024-06-30,35912,29,1799
총신대입구(이수)역4,2024-07-31,2024-05-01 ~ 2024-06-30,2024-07-01,35936,24,1823
총신대입구(이수)역4,2024-09-30,2024-07-01 ~ 2024-08-31,2024-07-02,35968,32,32
총신대입구(이수)역4,2024-08-31,2024-07-01 ~ 2024-07-31,2024-07-02,35968,32,32
총신대입구(이수)역4,2024-09-30,2024-07-01 ~ 2024-08-31,2024-07-03,35997,29,61
총신대입구(이수)역4,2024-08-31,2024-07-01 ~ 2024-07-31,2024-07-03,35997,29,61
총신대입구(이수)역4,2024-08-31,2024-07-01 ~ 2024-07-31,2024-07-04,36031,34,95
총신대입구(이수)역4,2024-09-30,2024-07-01 ~ 2024-08-31,2024-07-04,36031,34,95
총신대입구(이수)역4,2024-09-30,2024-07-01 ~ 2024-08-31,2024-07-05,36062,31,126
총신대입구(이수)역4,2024-08-31,2024-07-01 ~ 2024-07-31,2024-07-05,36062,31,126
총신대입구(이수)역4,2024-08-31,2024-07-01 ~ 2024-07-31,2024-07-06,36096,34,160
총신대입구(이수)역4,2024-09-30,2024-07-01 ~ 2024-08-31,2024-07-06,36096,34,160
총신대입구(이수)역4,2024-08-31,2024-07-01 ~ 2024-07-31,2024-07-07,36127,31,191
총신대입구(이수)역4,2024-09-30,2024-07-01 ~ 2024-08-31,2024-07-07,36127,31,191
총신대입구(이수)역4,2024-08-31,2024-07-01 ~ 2024-07-31,2024-07-08,36152,25,216
총신대입구(이수)역4,2024-09-30,2024-07-01 ~ 2024-08-31,2024-07-08,36152,25,216
총신대입구(이수)역4,2024-09-30,2024-07-01 ~ 2024-08-31,2024-07-09,36183,31,247
총신대입구(이수)역4,2024-08-31,2024-07-01 ~ 2024-07-31,2024-07-09,36183,31,247
총신대입구(이수)역4,2024-08-31,2024-07-01 ~ 2024-07-31,2024-07-10,36214,31,278
총신대입구(이수)역4,2024-09-30,2024-07-01 ~ 2024-08-31,2024-07-10,36214,31,278
총신대입구(이수)역4,2024-09-30,2024-07-01 ~ 2024-08-31,2024-07-11,36246,32,310
총신대입구(이수)역4,2024-08-31,2024-07-01 ~ 2024-07-31,2024-07-11,36246,32,310
총신대입구(이수)역4,2024-08-31,2024-07-01 ~ 2024-07-31,2024-07-12,36278,32,342
총신대입구(이수)역4,2024-09-30,2024-07-01 ~ 2024-08-31,2024-07-12,36278,32,342
총신대입구(이수)역4,2024-08-31,2024-07-01 ~ 2024-07-31,2024-07-13,36311,33,375
총신대입구(이수)역4,2024-09-30,2024-07-01 ~ 2024-08-31,2024-07-13,36311,33,375
총신대입구(이수)역4,2024-09-30,2024-07-01 ~ 2024-08-31,2024-07-14,36342,31,406
총신대입구(이수)역4,2024-08-31,2024-07-01 ~ 2024-07-31,2024-07-14,36342,31,406
총신대입구(이수)역4,2024-09-30,2024-07-01 ~ 2024-08-31,2024-07-15,36368,26,432
총신대입구(이수)역4,2024-08-31,2024-07-01 ~ 2024-07-31,2024-07-15,36368,26,432
총신대입구(이수)역4,2024-09-30,2024-07-01 ~ 2024-08-31,2024-07-16,36400,32,464
총신대입구(이수)역4,2024-08-31,2024-07-01 ~ 2024-07-31,2024-07-16,36400,32,464
총신대입구(이수)역4,2024-09-30,2024-07-01 ~ 2024-08-31,2024-07-17,36432,32,496
총신대입구(이수)역4,2024-08-31,2024-07-01 ~ 2024-07-31,2024-07-17,36432,32,496
총신대입구(이수)역4,2024-09-30,2024-07-01 ~ 2024-08-31,2024-07-18,36464,32,528
총신대입구(이수)역4,2024-08-31,2024-07-01 ~ 2024-07-31,2024-07-18,36464,32,528
총신대입구(이수)역4,2024-08-31,2024-07-01 ~ 2024-07-31,2024-07-19,36496,32,560
총신대입구(이수)역4,2024-09-30,2024-07-01 ~ 2024-08-31,2024-07-19,36496,32,560
총신대입구(이수)역4,2024-09-30,2024-07-01 ~ 2024-08-31,2024-07-20,36529,33,593
총신대입구(이수)역4,2024-08-31,2024-07-01 ~ 2024-07-31,2024-07-20,36529,33,593
총신대입구(이수)역4,2024-09-30,2024-07-01 ~ 2024-08-31,2024-07-21,36561,32,625
총신대입구(이수)역4,2024-08-31,2024-07-01 ~ 2024-07-31,2024-07-21,36561,32,625
총신대입구(이수)역4,2024-08-31,2024-07-01 ~ 2024-07-31,2024-07-22,36586,25,650
총신대입구(이수)역4,2024-09-30,2024-07-01 ~ 2024-08-31,2024-07-22,36586,25,650
총신대입구(이수)역4,2024-08-31,2024-07-01 ~ 2024-07-31,2024-07-23,36617,31,681
총신대입구(이수)역4,2024-09-30,2024-07-01 ~ 2024-08-31,2024-07-23,36617,31,681
총신대입구(이수)역4,2024-09-30,2024-07-01 ~ 2024-08-31,2024-07-24,36649,32,713
총신대입구(이수)역4,2024-08-31,2024-07-01 ~ 2024-07-31,2024-07-24,36649,32,713
총신대입구(이수)역4,2024-08-31,2024-07-01 ~ 2024-07-31,2024-07-25,36680,31,744
총신대입구(이수)역4,2024-09-30,2024-07-01 ~ 2024-08-31,2024-07-25,36680,31,744
총신대입구(이수)역4,2024-09-30,2024-07-01 ~ 2024-08-31,2024-07-26,36712,32,776
총신대입구(이수)역4,2024-08-31,2024-07-01 ~ 2024-07-31,2024-07-26,36712,32,776
총신대입구(이수)역4,2024-08-31,2024-07-01 ~ 2024-07-31,2024-07-27,36744,32,808
총신대입구(이수)역4,2024-09-30,2024-07-01 ~ 2024-08-31,2024-07-27,36744,32,808
총신대입구(이수)역4,2024-08-31,2024-07-01 ~ 2024-07-31,2024-07-28,36774,30,838
총신대입구(이수)역4,2024-09-30,2024-07-01 ~ 2024-08-31,2024-07-28,36774,30,838
총신대입구(이수)역4,2024-08-31,2024-07-01 ~ 2024-07-31,2024-07-29,36803,29,867
총신대입구(이수)역4,2024-09-30,2024-07-01 ~ 2024-08-31,2024-07-29,36803,29,867
총신대입구(이수)역4,2024-09-30,2024-07-01 ~ 2024-08-31,2024-07-30,36834,31,898
총신대입구(이수)역4,2024-08-31,2024-07-01 ~ 2024-07-31,2024-07-30,36834,31,898
총신대입구(이수)역4,2024-09-30,2024-07-01 ~ 2024-08-31,2024-07-31,36871,37,935
총신대입구(이수)역4,2024-08-31,2024-07-01 ~ 2024-07-31,2024-07-31,36871,37,935
총신대입구(이수)역4,2024-09-30,2024-07-01 ~ 2024-08-31,2024-08-01,36924,53,988
총신대입구(이수)역4,2024-08-31,2024-07-01 ~ 2024-07-31,2024-08-01,36924,53,988
총신대입구(이수)역4,2024-09-30,2024-07-01 ~ 2024-08-31,2024-08-02,36956,32,1020
총신대입구(이수)역4,2024-09-30,2024-07-01 ~ 2024-08-31,2024-08-03,36993,37,1057
총신대입구(이수)역4,2024-09-30,2024-07-01 ~ 2024-08-31,2024-08-04,37037,44,1101
총신대입구(이수)역4,2024-09-30,2024-07-01 ~ 2024-08-31,2024-08-05,37072,35,1136
총신대입구(이수)역4,2024-09-30,2024-07-01 ~ 2024-08-31,2024-08-06,37113,41,1177
총신대입구(이수)역4,2024-09-30,2024-07-01 ~ 2024-08-31,2024-08-07,37155,42,1219
총신대입구(이수)역4,2024-09-30,2024-07-01 ~ 2024-08-31,2024-08-08,37204,49,1268
총신대입구(이수)역4,2024-09-30,2024-07-01 ~ 2024-08-31,2024-08-09,37251,47,1315
총신대입구(이수)역4,2024-09-30,2024-07-01 ~ 2024-08-31,2024-08-10,37297,46,1361
총신대입구(이수)역4,2024-09-30,2024-07-01 ~ 2024-08-31,2024-08-11,37340,43,1404
총신대입구(이수)역4,2024-09-30,2024-07-01 ~ 2024-08-31,2024-08-12,37381,41,1445
총신대입구(이수)역4,2024-09-30,2024-07-01 ~ 2024-08-31,2024-08-13,37427,46,1491
총신대입구(이수)역4,2024-09-30,2024-07-01 ~ 2024-08-31,2024-08-14,37472,45,1536
총신대입구(이수)역4,2024-09-30,2024-07-01 ~ 2024-08-31,2024-08-15,37531,59,1595
총신대입구(이수)역4,2024-09-30,2024-07-01 ~ 2024-08-31,2024-08-16,37571,40,1635
총신대입구(이수)역4,2024-09-30,2024-07-01 ~ 2024-08-31,2024-08-17,37615,44,1679
총신대입구(이수)역4,2024-09-30,2024-07-01 ~ 2024-08-31,2024-08-18,37646,31,1710
총신대입구(이수)역4,2024-09-30,2024-07-01 ~ 2024-08-31,2024-08-19,37684,38,1748
총신대입구(이수)역4,2024-09-30,2024-07-01 ~ 2024-08-31,2024-08-20,37733,49,1797
총신대입구(이수)역4,2024-09-30,2024-07-01 ~ 2024-08-31,2024-08-21,37784,51,1848
총신대입구(이수)역4,2024-09-30,2024-07-01 ~ 2024-08-31,2024-08-22,37832,48,1896
총신대입구(이수)역4,2024-09-30,2024-07-01 ~ 2024-08-31,2024-08-23,37883,51,1947
총신대입구(이수)역4,2024-09-30,2024-07-01 ~ 2024-08-31,2024-08-24,37931,48,1995
총신대입구(이수)역4,2024-09-30,2024-07-01 ~ 2024-08-31,2024-08-25,37974,43,2038
총신대입구(이수)역4,2024-09-30,2024-07-01 ~ 2024-08-31,2024-08-26,38012,38,2076
총신대입구(이수)역4,2024-09-30,2024-07-01 ~ 2024-08-31,2024-08-27,38054,42,2118
총신대입구(이수)역4,2024-09-30,2024-07-01 ~ 2024-08-31,2024-08-28,38097,43,2161
총신대입구(이수)역4,2024-09-30,2024-07-01 ~ 2024-08-31,2024-08-29,38137,40,2201
총신대입구(이수)역4,2024-09-30,2024-07-01 ~ 2024-08-31,2024-08-30,38178,41,2242
총신대입구(이수)역4,2024-09-30,2024-07-01 ~ 2024-08-31,2024-08-31,38217,39,2281
총신대입구(이수)역4,2024-09-30,2024-07-01 ~ 2024-08-31,2024-09-01,38256,39,2320
총신대입구(이수)역4,2024-11-30,2024-09-01 ~ 2024-10-31,2024-09-02,38291,35,35
총신대입구(이수)역4,2024-10-31,2024-09-01 ~ 2024-09-30,2024-09-02,38291,35,35
총신대입구(이수)역4,2024-11-30,2024-09-01 ~ 2024-10-31,2024-09-03,38331,40,75
총신대입구(이수)역4,2024-10-31,2024-09-01 ~ 2024-09-30,2024-09-03,38331,40,75
총신대입구(이수)역4,2024-11-30,2024-09-01 ~ 2024-10-31,2024-09-04,38389,58,133
총신대입구(이수)역4,2024-10-31,2024-09-01 ~ 2024-09-30,2024-09-04,38389,58,133
총신대입구(이수)역4,2024-11-30,2024-09-01 ~ 2024-10-31,2024-09-05,38434,45,178
총신대입구(이수)역4,2024-10-31,2024-09-01 ~ 2024-09-30,2024-09-05,38434,45,178
총신대입구(이수)역4,2024-11-30,2024-09-01 ~ 2024-10-31,2024-09-06,38473,39,217
총신대입구(이수)역4,2024-10-31,2024-09-01 ~ 2024-09-30,2024-09-06,38473,39,217
총신대입구(이수)역4,2024-11-30,2024-09-01 ~ 2024-10-31,2024-09-07,38517,44,261
총신대입구(이수)역4,2024-10-31,2024-09-01 ~ 2024-09-30,2024-09-07,38517,44,261
총신대입구(이수)역4,2024-10-31,2024-09-01 ~ 2024-09-30,2024-09-08,38557,40,301
총신대입구(이수)역4,2024-11-30,2024-09-01 ~ 2024-10-31,2024-09-08,38557,40,301
총신대입구(이수)역4,2024-10-31,2024-09-01 ~ 2024-09-30,2024-09-09,38592,35,336
총신대입구(이수)역4,2024-11-30,2024-09-01 ~ 2024-10-31,2024-09-09,38592,35,336
총신대입구(이수)역4,2024-10-31,2024-09-01 ~ 2024-09-30,2024-09-10,38633,41,377
총신대입구(이수)역4,2024-11-30,2024-09-01 ~ 2024-10-31,2024-09-10,38633,41,377
총신대입구(이수)역4,2024-11-30,2024-09-01 ~ 2024-10-31,2024-09-11,38677,44,421
총신대입구(이수)역4,2024-10-31,2024-09-01 ~ 2024-09-30,2024-09-11,38677,44,421
총신대입구(이수)역4,2024-10-31,2024-09-01 ~ 2024-09-30,2024-09-12,38717,40,461
총신대입구(이수)역4,2024-11-30,2024-09-01 ~ 2024-10-31,2024-09-12,38717,40,461
총신대입구(이수)역4,2024-11-30,2024-09-01 ~ 2024-10-31,2024-09-13,38760,43,504
총신대입구(이수)역4,2024-10-31,2024-09-01 ~ 2024-09-30,2024-09-13,38760,43,504
총신대입구(이수)역4,2024-10-31,2024-09-01 ~ 2024-09-30,2024-09-14,38803,43,547
총신대입구(이수)역4,2024-11-30,2024-09-01 ~ 2024-10-31,2024-09-14,38803,43,547
총신대입구(이수)역4,2024-11-30,2024-09-01 ~ 2024-10-31,2024-09-15,38848,45,592
총신대입구(이수)역4,2024-10-31,2024-09-01 ~ 2024-09-30,2024-09-15,38848,45,592
총신대입구(이수)역4,2024-10-31,2024-09-01 ~ 2024-09-30,2024-09-16,38897,49,641
총신대입구(이수)역4,2024-11-30,2024-09-01 ~ 2024-10-31,2024-09-16,38897,49,641
총신대입구(이수)역4,2024-11-30,2024-09-01 ~ 2024-10-31,2024-09-17,39066,169,810
총신대입구(이수)역4,2024-10-31,2024-09-01 ~ 2024-09-30,2024-09-17,39066,169,810
총신대입구(이수)역4,2024-11-30,2024-09-01 ~ 2024-10-31,2024-09-18,39241,175,985
총신대입구(이수)역4,2024-10-31,2024-09-01 ~ 2024-09-30,2024-09-18,39241,175,985
총신대입구(이수)역4,2024-11-30,2024-09-01 ~ 2024-10-31,2024-09-19,39417,176,1161
총신대입구(이수)역4,2024-10-31,2024-09-01 ~ 2024-09-30,2024-09-19,39417,176,1161
총신대입구(이수)역4,2024-10-31,2024-09-01 ~ 2024-09-30,2024-09-20,39604,187,1348
총신대입구(이수)역4,2024-11-30,2024-09-01 ~ 2024-10-31,2024-09-20,39604,187,1348
총신대입구(이수)역4,2024-11-30,2024-09-01 ~ 2024-10-31,2024-09-21,39793,189,1537
총신대입구(이수)역4,2024-10-31,2024-09-01 ~ 2024-09-30,2024-09-21,39793,189,1537
총신대입구(이수)역4,2024-10-31,2024-09-01 ~ 2024-09-30,2024-09-22,39977,184,1721
총신대입구(이수)역4,2024-11-30,2024-09-01 ~ 2024-10-31,2024-09-22,39977,184,1721
총신대입구(이수)역4,2024-10-31,2024-09-01 ~ 2024-09-30,2024-09-23,40157,180,1901
총신대입구(이수)역4,2024-11-30,2024-09-01 ~ 2024-10-31,2024-09-23,40157,180,1901
총신대입구(이수)역4,2024-10-31,2024-09-01 ~ 2024-09-30,2024-09-24,40293,136,2037
총신대입구(이수)역4,2024-11-30,2024-09-01 ~ 2024-10-31,2024-09-24,40293,136,2037
총신대입구(이수)역4,2024-10-31,2024-09-01 ~ 2024-09-30,2024-09-25,40332,39,2076
총신대입구(이수)역4,2024-11-30,2024-09-01 ~ 2024-10-31,2024-09-25,40332,39,2076
총신대입구(이수)역4,2024-11-30,2024-09-01 ~ 2024-10-31,2024-09-26,40369,37,2113
총신대입구(이수)역4,2024-10-31,2024-09-01 ~ 2024-09-30,2024-09-26,40369,37,2113
총신대입구(이수)역4,2024-11-30,2024-09-01 ~ 2024-10-31,2024-09-27,40407,38,2151
총신대입구(이수)역4,2024-10-31,2024-09-01 ~ 2024-09-30,2024-09-27,40407,38,2151
총신대입구(이수)역4,2024-11-30,2024-09-01 ~ 2024-10-31,2024-09-28,40447,40,2191
총신대입구(이수)역4,2024-10-31,2024-09-01 ~ 2024-09-30,2024-09-28,40447,40,2191
총신대입구(이수)역4,2024-11-30,2024-09-01 ~ 2024-10-31,2024-09-29,40477,30,2221
총신대입구(이수)역4,2024-10-31,2024-09-01 ~ 2024-09-30,2024-09-29,40477,30,2221
총신대입구(이수)역4,2024-10-31,2024-09-01 ~ 2024-09-30,2024-09-30,40503,26,2247
총신대입구(이수)역4,2024-11-30,2024-09-01 ~ 2024-10-31,2024-09-30,40503,26,2247
총신대입구(이수)역4,2024-11-30,2024-09-01 ~ 2024-10-31,2024-10-01,40534,31,2278
총신대입구(이수)역4,2024-10-31,2024-09-01 ~ 2024-09-30,2024-10-01,40534,31,2278
총신대입구(이수)역4,2024-11-30,2024-09-01 ~ 2024-10-31,2024-10-02,40562,28,2306
총신대입구(이수)역4,2024-11-30,2024-09-01 ~ 2024-10-31,2024-10-03,40593,31,2337
총신대입구(이수)역4,2024-11-30,2024-09-01 ~ 2024-10-31,2024-10-04,40619,26,2363
총신대입구(이수)역4,2024-11-30,2024-09-01 ~ 2024-10-31,2024-10-05,40651,32,2395
총신대입구(이수)역4,2024-11-30,2024-09-01 ~ 2024-10-31,2024-10-06,40682,31,2426
총신대입구(이수)역4,2024-11-30,2024-09-01 ~ 2024-10-31,2024-10-07,40706,24,2450
총신대입구(이수)역4,2024-11-30,2024-09-01 ~ 2024-10-31,2024-10-08,40735,29,2479
총신대입구(이수)역4,2024-11-30,2024-09-01 ~ 2024-10-31,2024-10-09,40771,36,2515
총신대입구(이수)역4,2024-11-30,2024-09-01 ~ 2024-10-31,2024-10-10,40802,31,2546
총신대입구(이수)역4,2024-11-30,2024-09-01 ~ 2024-10-31,2024-10-11,40834,32,2578
총신대입구(이수)역4,2024-11-30,2024-09-01 ~ 2024-10-31,2024-10-12,40866,32,2610
총신대입구(이수)역4,2024-11-30,2024-09-01 ~ 2024-10-31,2024-10-13,40892,26,2636
총신대입구(이수)역4,2024-11-30,2024-09-01 ~ 2024-10-31,2024-10-14,40916,24,2660
총신대입구(이수)역4,2024-11-30,2024-09-01 ~ 2024-10-31,2024-10-15,40943,27,2687
총신대입구(이수)역4,2024-11-30,2024-09-01 ~ 2024-10-31,2024-10-16,40972,29,2716
총신대입구(이수)역4,2024-11-30,2024-09-01 ~ 2024-10-31,2024-10-17,41003,31,2747
총신대입구(이수)역4,2024-11-30,2024-09-01 ~ 2024-10-31,2024-10-18,41033,30,2777
총신대입구(이수)역4,2024-11-30,2024-09-01 ~ 2024-10-31,2024-10-19,41062,29,2806
총신대입구(이수)역4,2024-11-30,2024-09-01 ~ 2024-10-31,2024-10-20,41092,30,2836
총신대입구(이수)역4,2024-11-30,2024-09-01 ~ 2024-10-31,2024-10-21,41116,24,2860
총신대입구(이수)역4,2024-11-30,2024-09-01 ~ 2024-10-31,2024-10-22,41144,28,2888
총신대입구(이수)역4,2024-11-30,2024-09-01 ~ 2024-10-31,2024-10-23,41170,26,2914
총신대입구(이수)역4,2024-11-30,2024-09-01 ~ 2024-10-31,2024-10-24,41200,30,2944
총신대입구(이수)역4,2024-11-30,2024-09-01 ~ 2024-10-31,2024-10-25,41230,30,2974
총신대입구(이수)역4,2024-11-30,2024-09-01 ~ 2024-10-31,2024-10-26,41262,32,3006
총신대입구(이수)역4,2024-11-30,2024-09-01 ~ 2024-10-31,2024-10-27,41293,31,3037
총신대입구(이수)역4,2024-11-30,2024-09-01 ~ 2024-10-31,2024-10-28,41319,26,3063
총신대입구(이수)역4,2024-11-30,2024-09-01 ~ 2024-10-31,2024-10-29,41347,28,3091
총신대입구(이수)역4,2024-11-30,2024-09-01 ~ 2024-10-31,2024-10-30,41376,29,3120
총신대입구(이수)역4,2024-11-30,2024-09-01 ~ 2024-10-31,2024-10-31,41406,30,3150
총신대입구(이수)역4,2024-11-30,2024-09-01 ~ 2024-10-31,2024-11-01,41434,28,3178
총신대입구(이수)역4,2024-12-31,2024-11-01 ~ 2024-11-30,2024-11-02,41463,29,29
총신대입구(이수)역4,2025-01-31,2024-11-01 ~ 2024-12-31,2024-11-02,41463,29,29
총신대입구(이수)역4,2025-01-31,2024-11-01 ~ 2024-12-31,2024-11-03,41492,29,58
총신대입구(이수)역4,2024-12-31,2024-11-01 ~ 2024-11-30,2024-11-03,41492,29,58
총신대입구(이수)역4,2025-01-31,2024-11-01 ~ 2024-12-31,2024-11-04,41516,24,82
총신대입구(이수)역4,2024-12-31,2024-11-01 ~ 2024-11-30,2024-11-04,41516,24,82
총신대입구(이수)역4,2025-01-31,2024-11-01 ~ 2024-12-31,2024-11-05,41546,30,112
총신대입구(이수)역4,2024-12-31,2024-11-01 ~ 2024-11-30,2024-11-05,41546,30,112
총신대입구(이수)역4,2025-01-31,2024-11-01 ~ 2024-12-31,2024-11-06,41579,33,145
총신대입구(이수)역4,2024-12-31,2024-11-01 ~ 2024-11-30,2024-11-06,41579,33,145
총신대입구(이수)역4,2025-01-31,2024-11-01 ~ 2024-12-31,2024-11-07,41611,32,177
총신대입구(이수)역4,2024-12-31,2024-11-01 ~ 2024-11-30,2024-11-07,41611,32,177
총신대입구(이수)역4,2025-01-31,2024-11-01 ~ 2024-12-31,2024-11-08,41643,32,209
총신대입구(이수)역4,2024-12-31,2024-11-01 ~ 2024-11-30,2024-11-08,41643,32,209
총신대입구(이수)역4,2025-01-31,2024-11-01 ~ 2024-12-31,2024-11-09,41677,34,243
총신대입구(이수)역4,2024-12-31,2024-11-01 ~ 2024-11-30,2024-11-09,41677,34,243
총신대입구(이수)역4,2025-01-31,2024-11-01 ~ 2024-12-31,2024-11-10,41709,32,275
총신대입구(이수)역4,2024-12-31,2024-11-01 ~ 2024-11-30,2024-11-10,41709,32,275
총신대입구(이수)역4,2025-01-31,2024-11-01 ~ 2024-12-31,2024-11-11,41733,24,299
총신대입구(이수)역4,2024-12-31,2024-11-01 ~ 2024-11-30,2024-11-11,41733,24,299
총신대입구(이수)역4,2025-01-31,2024-11-01 ~ 2024-12-31,2024-11-12,41761,28,327
총신대입구(이수)역4,2024-12-31,2024-11-01 ~ 2024-11-30,2024-11-12,41761,28,327
총신대입구(이수)역4,2025-01-31,2024-11-01 ~ 2024-12-31,2024-11-13,41790,29,356
총신대입구(이수)역4,2024-12-31,2024-11-01 ~ 2024-11-30,2024-11-13,41790,29,356
총신대입구(이수)역4,2025-01-31,2024-11-01 ~ 2024-12-31,2024-11-14,41821,31,387
총신대입구(이수)역4,2024-12-31,2024-11-01 ~ 2024-11-30,2024-11-14,41821,31,387
총신대입구(이수)역4,2025-01-31,2024-11-01 ~ 2024-12-31,2024-11-15,41848,27,414
총신대입구(이수)역4,2024-12-31,2024-11-01 ~ 2024-11-30,2024-11-15,41848,27,414
총신대입구(이수)역4,2025-01-31,2024-11-01 ~ 2024-12-31,2024-11-16,41878,30,444
총신대입구(이수)역4,2024-12-31,2024-11-01 ~ 2024-11-30,2024-11-16,41878,30,444
총신대입구(이수)역4,2025-01-31,2024-11-01 ~ 2024-12-31,2024-11-17,41902,24,468
총신대입구(이수)역4,2024-12-31,2024-11-01 ~ 2024-11-30,2024-11-17,41902,24,468
총신대입구(이수)역4,2024-12-31,2024-11-01 ~ 2024-11-30,2024-11-18,41924,22,490
총신대입구(이수)역4,2025-01-31,2024-11-01 ~ 2024-12-31,2024-11-18,41924,22,490
총신대입구(이수)역4,2024-12-31,2024-11-01 ~ 2024-11-30,2024-11-19,41954,30,520
총신대입구(이수)역4,2025-01-31,2024-11-01 ~ 2024-12-31,2024-11-19,41954,30,520
총신대입구(이수)역4,2024-12-31,2024-11-01 ~ 2024-11-30,2024-11-20,41981,27,547
총신대입구(이수)역4,2025-01-31,2024-11-01 ~ 2024-12-31,2024-11-20,41981,27,547
총신대입구(이수)역4,2024-12-31,2024-11-01 ~ 2024-11-30,2024-11-21,42011,30,577
총신대입구(이수)역4,2025-01-31,2024-11-01 ~ 2024-12-31,2024-11-21,42011,30,577
총신대입구(이수)역4,2024-12-31,2024-11-01 ~ 2024-11-30,2024-11-22,42042,31,608
총신대입구(이수)역4,2025-01-31,2024-11-01 ~ 2024-12-31,2024-11-22,42042,31,608
총신대입구(이수)역4,2025-01-31,2024-11-01 ~ 2024-12-31,2024-11-23,42075,33,641
총신대입구(이수)역4,2024-12-31,2024-11-01 ~ 2024-11-30,2024-11-23,42075,33,641
총신대입구(이수)역4,2025-01-31,2024-11-01 ~ 2024-12-31,2024-11-24,42103,28,669
총신대입구(이수)역4,2024-12-31,2024-11-01 ~ 2024-11-30,2024-11-24,42103,28,669
총신대입구(이수)역4,2024-12-31,2024-11-01 ~ 2024-11-30,2024-11-25,42125,22,691
총신대입구(이수)역4,2025-01-31,2024-11-01 ~ 2024-12-31,2024-11-25,42125,22,691
총신대입구(이수)역4,2025-01-31,2024-11-01 ~ 2024-12-31,2024-11-26,42154,29,720
총신대입구(이수)역4,2024-12-31,2024-11-01 ~ 2024-11-30,2024-11-26,42154,29,720
총신대입구(이수)역4,2025-01-31,2024-11-01 ~ 2024-12-31,2024-11-27,42186,32,752
총신대입구(이수)역4,2024-12-31,2024-11-01 ~ 2024-11-30,2024-11-27,42186,32,752
총신대입구(이수)역4,2024-12-31,2024-11-01 ~ 2024-11-30,2024-11-28,42224,38,790
총신대입구(이수)역4,2025-01-31,2024-11-01 ~ 2024-12-31,2024-11-28,42224,38,790
총신대입구(이수)역4,2024-12-31,2024-11-01 ~ 2024-11-30,2024-11-29,42254,30,820
총신대입구(이수)역4,2025-01-31,2024-11-01 ~ 2024-12-31,2024-11-29,42254,30,820
총신대입구(이수)역4,2024-12-31,2024-11-01 ~ 2024-11-30,2024-11-30,42287,33,853
총신대입구(이수)역4,2025-01-31,2024-11-01 ~ 2024-12-31,2024-11-30,42287,33,853
총신대입구(이수)역4,2025-01-31,2024-11-01 ~ 2024-12-31,2024-12-01,42317,30,883
총신대입구(이수)역4,2024-12-31,2024-11-01 ~ 2024-11-30,2024-12-01,42317,30,883
총신대입구(이수)역4,2025-01-31,2024-11-01 ~ 2024-12-31,2024-12-02,42342,25,908
총신대입구(이수)역4,2025-01-31,2024-11-01 ~ 2024-12-31,2024-12-03,42373,31,939
총신대입구(이수)역4,2025-01-31,2024-11-01 ~ 2024-12-31,2024-12-04,42401,28,967
총신대입구(이수)역4,2025-01-31,2024-11-01 ~ 2024-12-31,2024-12-05,42430,29,996
총신대입구(이수)역4,2025-01-31,2024-11-01 ~ 2024-12-31,2024-12-06,42460,30,1026
총신대입구(이수)역4,2025-01-31,2024-11-01 ~ 2024-12-31,2024-12-07,42494,34,1060
총신대입구(이수)역4,2025-01-31,2024-11-01 ~ 2024-12-31,2024-12-08,42523,29,1089
총신대입구(이수)역4,2025-01-31,2024-11-01 ~ 2024-12-31,2024-12-09,42543,20,1109
총신대입구(이수)역4,2025-01-31,2024-11-01 ~ 2024-12-31,2024-12-10,42570,27,1136
총신대입구(이수)역4,2025-01-31,2024-11-01 ~ 2024-12-31,2024-12-11,42598,28,1164
총신대입구(이수)역4,2025-01-31,2024-11-01 ~ 2024-12-31,2024-12-12,42628,30,1194
총신대입구(이수)역4,2025-01-31,2024-11-01 ~ 2024-12-31,2024-12-13,42660,32,1226
총신대입구(이수)역4,2025-01-31,2024-11-01 ~ 2024-12-31,2024-12-14,42693,33,1259
총신대입구(이수)역4,2025-01-31,2024-11-01 ~ 2024-12-31,2024-12-15,42724,31,1290
총신대입구(이수)역4,2025-01-31,2024-11-01 ~ 2024-12-31,2024-12-16,42745,21,1311
총신대입구(이수)역4,2025-01-31,2024-11-01 ~ 2024-12-31,2024-12-17,42776,31,1342
총신대입구(이수)역4,2025-01-31,2024-11-01 ~ 2024-12-31,2024-12-18,42805,29,1371
총신대입구(이수)역4,2025-01-31,2024-11-01 ~ 2024-12-31,2024-12-19,42833,28,1399
총신대입구(이수)역4,2025-01-31,2024-11-01 ~ 2024-12-31,2024-12-20,42863,30,1429
총신대입구(이수)역4,2025-01-31,2024-11-01 ~ 2024-12-31,2024-12-21,42894,31,1460
총신대입구(이수)역4,2025-01-31,2024-11-01 ~ 2024-12-31,2024-12-22,42924,30,1490
총신대입구(이수)역4,2025-01-31,2024-11-01 ~ 2024-12-31,2024-12-23,42947,23,1513
총신대입구(이수)역4,2025-01-31,2024-11-01 ~ 2024-12-31,2024-12-24,42974,27,1540
총신대입구(이수)역4,2025-01-31,2024-11-01 ~ 2024-12-31,2024-12-25,43004,30,1570
총신대입구(이수)역4,2025-01-31,2024-11-01 ~ 2024-12-31,2024-12-26,43028,24,1594
총신대입구(이수)역4,2025-01-31,2024-11-01 ~ 2024-12-31,2024-12-27,43056,28,1622
총신대입구(이수)역4,2025-01-31,2024-11-01 ~ 2024-12-31,2024-12-28,43085,29,1651
총신대입구(이수)역4,2025-01-31,2024-11-01 ~ 2024-12-31,2024-12-29,43109,24,1675
총신대입구(이수)역4,2025-01-31,2024-11-01 ~ 2024-12-31,2024-12-30,43129,20,1695
총신대입구(이수)역4,2025-01-31,2024-11-01 ~ 2024-12-31,2024-12-31,43155,26,1721
총신대입구(이수)역4,2025-01-31,2024-11-01 ~ 2024-12-31,2025-01-01,43184,29,1750
총신대입구(이수)역4,2025-03-31,2025-01-01 ~ 2025-02-28,2025-01-02,43202,18,18
총신대입구(이수)역4,2025-02-28,2025-01-01 ~ 2025-01-31,2025-01-02,43202,18,18
총신대입구(이수)역4,2025-02-28,2025-01-01 ~ 2025-01-31,2025-01-03,43227,25,43
총신대입구(이수)역4,2025-03-31,2025-01-01 ~ 2025-02-28,2025-01-03,43227,25,43
총신대입구(이수)역4,2025-03-31,2025-01-01 ~ 2025-02-28,2025-01-04,43253,26,69
총신대입구(이수)역4,2025-02-28,2025-01-01 ~ 2025-01-31,2025-01-04,43253,26,69
총신대입구(이수)역4,2025-02-28,2025-01-01 ~ 2025-01-31,2025-01-05,43279,26,95
총신대입구(이수)역4,2025-03-31,2025-01-01 ~ 2025-02-28,2025-01-05,43279,26,95
총신대입구(이수)역4,2025-03-31,2025-01-01 ~ 2025-02-28,2025-01-06,43297,18,113
총신대입구(이수)역4,2025-02-28,2025-01-01 ~ 2025-01-31,2025-01-06,43297,18,113
총신대입구(이수)역4,2025-02-28,2025-01-01 ~ 2025-01-31,2025-01-07,43322,25,138
총신대입구(이수)역4,2025-03-31,2025-01-01 ~ 2025-02-28,2025-01-07,43322,25,138
총신대입구(이수)역4,2025-03-31,2025-01-01 ~ 2025-02-28,2025-01-08,43348,26,164
총신대입구(이수)역4,2025-02-28,2025-01-01 ~ 2025-01-31,2025-01-08,43348,26,164
총신대입구(이수)역4,2025-02-28,2025-01-01 ~ 2025-01-31,2025-01-09,43372,24,188
총신대입구(이수)역4,2025-03-31,2025-01-01 ~ 2025-02-28,2025-01-09,43372,24,188
총신대입구(이수)역4,2025-02-28,2025-01-01 ~ 2025-01-31,2025-01-10,43395,23,211
총신대입구(이수)역4,2025-03-31,2025-01-01 ~ 2025-02-28,2025-01-10,43395,23,211
총신대입구(이수)역4,2025-02-28,2025-01-01 ~ 2025-01-31,2025-01-11,43421,26,237
총신대입구(이수)역4,2025-03-31,2025-01-01 ~ 2025-02-28,2025-01-11,43421,26,237
총신대입구(이수)역4,2025-02-28,2025-01-01 ~ 2025-01-31,2025-01-12,43443,22,259
총신대입구(이수)역4,2025-03-31,2025-01-01 ~ 2025-02-28,2025-01-12,43443,22,259
총신대입구(이수)역4,2025-03-31,2025-01-01 ~ 2025-02-28,2025-01-13,43462,19,278
총신대입구(이수)역4,2025-02-28,2025-01-01 ~ 2025-01-31,2025-01-13,43462,19,278
총신대입구(이수)역4,2025-02-28,2025-01-01 ~ 2025-01-31,2025-01-14,43485,23,301
총신대입구(이수)역4,2025-03-31,2025-01-01 ~ 2025-02-28,2025-01-14,43485,23,301
총신대입구(이수)역4,2025-03-31,2025-01-01 ~ 2025-02-28,2025-01-15,43510,25,326
총신대입구(이수)역4,2025-02-28,2025-01-01 ~ 2025-01-31,2025-01-15,43510,25,326
총신대입구(이수)역4,2025-03-31,2025-01-01 ~ 2025-02-28,2025-01-16,43534,24,350
총신대입구(이수)역4,2025-02-28,2025-01-01 ~ 2025-01-31,2025-01-16,43534,24,350
총신대입구(이수)역4,2025-02-28,2025-01-01 ~ 2025-01-31,2025-01-17,43560,26,376
총신대입구(이수)역4,2025-03-31,2025-01-01 ~ 2025-02-28,2025-01-17,43560,26,376
총신대입구(이수)역4,2025-02-28,2025-01-01 ~ 2025-01-31,2025-01-18,43589,29,405
총신대입구(이수)역4,2025-03-31,2025-01-01 ~ 2025-02-28,2025-01-18,43589,29,405
총신대입구(이수)역4,2025-03-31,2025-01-01 ~ 2025-02-28,2025-01-19,43614,25,430
총신대입구(이수)역4,2025-02-28,2025-01-01 ~ 2025-01-31,2025-01-19,43614,25,430
총신대입구(이수)역4,2025-03-31,2025-01-01 ~ 2025-02-28,2025-01-20,43634,20,450
총신대입구(이수)역4,2025-02-28,2025-01-01 ~ 2025-01-31,2025-01-20,43634,20,450
총신대입구(이수)역4,2025-03-31,2025-01-01 ~ 2025-02-28,2025-01-21,43659,25,475
총신대입구(이수)역4,2025-02-28,2025-01-01 ~ 2025-01-31,2025-01-21,43659,25,475
총신대입구(이수)역4,2025-03-31,2025-01-01 ~ 2025-02-28,2025-01-22,43686,27,502
총신대입구(이수)역4,2025-02-28,2025-01-01 ~ 2025-01-31,2025-01-22,43686,27,502
총신대입구(이수)역4,2025-03-31,2025-01-01 ~ 2025-02-28,2025-01-23,43714,28,530
총신대입구(이수)역4,2025-02-28,2025-01-01 ~ 2025-01-31,2025-01-23,43714,28,530
총신대입구(이수)역4,2025-03-31,2025-01-01 ~ 2025-02-28,2025-01-24,43739,25,555
총신대입구(이수)역4,2025-02-28,2025-01-01 ~ 2025-01-31,2025-01-24,43739,25,555
총신대입구(이수)역4,2025-03-31,2025-01-01 ~ 2025-02-28,2025-01-25,43767,28,583
총신대입구(이수)역4,2025-02-28,2025-01-01 ~ 2025-01-31,2025-01-25,43767,28,583
총신대입구(이수)역4,2025-02-28,2025-01-01 ~ 2025-01-31,2025-01-26,43793,26,609
총신대입구(이수)역4,2025-03-31,2025-01-01 ~ 2025-02-28,2025-01-26,43793,26,609
총신대입구(이수)역4,2025-02-28,2025-01-01 ~ 2025-01-31,2025-01-27,43813,20,629
총신대입구(이수)역4,2025-03-31,2025-01-01 ~ 2025-02-28,2025-01-27,43813,20,629
총신대입구(이수)역4,2025-02-28,2025-01-01 ~ 2025-01-31,2025-01-28,43831,18,647
총신대입구(이수)역4,2025-03-31,2025-01-01 ~ 2025-02-28,2025-01-28,43831,18,647
총신대입구(이수)역4,2025-02-28,2025-01-01 ~ 2025-01-31,2025-01-29,43844,13,660
총신대입구(이수)역4,2025-03-31,2025-01-01 ~ 2025-02-28,2025-01-29,43844,13,660
총신대입구(이수)역4,2025-02-28,2025-01-01 ~ 2025-01-31,2025-01-30,43855,11,671
총신대입구(이수)역4,2025-03-31,2025-01-01 ~ 2025-02-28,2025-01-30,43855,11,671
총신대입구(이수)역4,2025-03-31,2025-01-01 ~ 2025-02-28,2025-01-31,43867,12,683
총신대입구(이수)역4,2025-02-28,2025-01-01 ~ 2025-01-31,2025-01-31,43867,12,683
총신대입구(이수)역4,2025-03-31,2025-01-01 ~ 2025-02-28,2025-02-01,43888,21,704
총신대입구(이수)역4,2025-02-28,2025-01-01 ~ 2025-01-31,2025-02-01,43888,21,704
총신대입구(이수)역4,2025-03-31,2025-01-01 ~ 2025-02-28,2025-02-02,43910,22,726
총신대입구(이수)역4,2025-03-31,2025-01-01 ~ 2025-02-28,2025-02-03,43930,20,746
총신대입구(이수)역4,2025-03-31,2025-01-01 ~ 2025-02-28,2025-02-04,43954,24,770
총신대입구(이수)역4,2025-03-31,2025-01-01 ~ 2025-02-28,2025-02-05,43974,20,790
총신대입구(이수)역4,2025-03-31,2025-01-01 ~ 2025-02-28,2025-02-06,43996,22,812
총신대입구(이수)역4,2025-03-31,2025-01-01 ~ 2025-02-28,2025-02-07,44019,23,835
총신대입구(이수)역4,2025-03-31,2025-01-01 ~ 2025-02-28,2025-02-08,44040,21,856
총신대입구(이수)역4,2025-03-31,2025-01-01 ~ 2025-02-28,2025-02-09,44063,23,879
총신대입구(이수)역4,2025-03-31,2025-01-01 ~ 2025-02-28,2025-02-10,44082,19,898
총신대입구(이수)역4,2025-03-31,2025-01-01 ~ 2025-02-28,2025-02-11,44105,23,921
총신대입구(이수)역4,2025-03-31,2025-01-01 ~ 2025-02-28,2025-02-12,44129,24,945
총신대입구(이수)역4,2025-03-31,2025-01-01 ~ 2025-02-28,2025-02-13,44151,22,967
총신대입구(이수)역4,2025-03-31,2025-01-01 ~ 2025-02-28,2025-02-14,44174,23,990
총신대입구(이수)역4,2025-03-31,2025-01-01 ~ 2025-02-28,2025-02-15,44200,26,1016
총신대입구(이수)역4,2025-03-31,2025-01-01 ~ 2025-02-28,2025-02-16,44223,23,1039
총신대입구(이수)역4,2025-03-31,2025-01-01 ~ 2025-02-28,2025-02-17,44242,19,1058
총신대입구(이수)역4,2025-03-31,2025-01-01 ~ 2025-02-28,2025-02-18,44277,35,1093
총신대입구(이수)역4,2025-03-31,2025-01-01 ~ 2025-02-28,2025-02-19,44303,26,1119
총신대입구(이수)역4,2025-03-31,2025-01-01 ~ 2025-02-28,2025-02-20,44327,24,1143
총신대입구(이수)역4,2025-03-31,2025-01-01 ~ 2025-02-28,2025-02-21,44351,24,1167
총신대입구(이수)역4,2025-03-31,2025-01-01 ~ 2025-02-28,2025-02-22,44378,27,1194
총신대입구(이수)역4,2025-03-31,2025-01-01 ~ 2025-02-28,2025-02-23,44402,24,1218
총신대입구(이수)역4,2025-03-31,2025-01-01 ~ 2025-02-28,2025-02-24,44421,19,1237
총신대입구(이수)역4,2025-03-31,2025-01-01 ~ 2025-02-28,2025-02-25,44444,23,1260
총신대입구(이수)역4,2025-03-31,2025-01-01 ~ 2025-02-28,2025-02-26,44467,23,1283
총신대입구(이수)역4,2025-03-31,2025-01-01 ~ 2025-02-28,2025-02-27,44489,22,1305
총신대입구(이수)역4,2025-03-31,2025-01-01 ~ 2025-02-28,2025-02-28,44512,23,1328
총신대입구(이수)역4,2025-03-31,2025-01-01 ~ 2025-02-28,2025-03-01,44537,25,1353
총신대입구(이수)역4,2025-05-31,2025-03-01 ~ 2025-04-30,2025-03-02,44563,26,26
총신대입구(이수)역4,2025-04-30,2025-03-01 ~ 2025-03-31,2025-03-02,44563,26,26
총신대입구(이수)역4,2025-05-31,2025-03-01 ~ 2025-04-30,2025-03-03,44582,19,45
총신대입구(이수)역4,2025-04-30,2025-03-01 ~ 2025-03-31,2025-03-03,44582,19,45
총신대입구(이수)역4,2025-04-30,2025-03-01 ~ 2025-03-31,2025-03-04,44602,20,65
총신대입구(이수)역4,2025-05-31,2025-03-01 ~ 2025-04-30,2025-03-04,44602,20,65
총신대입구(이수)역4,2025-04-30,2025-03-01 ~ 2025-03-31,2025-03-05,44625,23,88
총신대입구(이수)역4,2025-05-31,2025-03-01 ~ 2025-04-30,2025-03-05,44625,23,88
총신대입구(이수)역4,2025-04-30,2025-03-01 ~ 2025-03-31,2025-03-06,44649,24,112
총신대입구(이수)역4,2025-05-31,2025-03-01 ~ 2025-04-30,2025-03-06,44649,24,112
총신대입구(이수)역4,2025-05-31,2025-03-01 ~ 2025-04-30,2025-03-07,44659,10,122
총신대입구(이수)역4,2025-04-30,2025-03-01 ~ 2025-03-31,2025-03-07,44659,10,122
총신대입구(이수)역4,2025-05-31,2025-03-01 ~ 2025-04-30,2025-03-08,44705,46,168
총신대입구(이수)역4,2025-04-30,2025-03-01 ~ 2025-03-31,2025-03-08,44705,46,168
총신대입구(이수)역4,2025-05-31,2025-03-01 ~ 2025-04-30,2025-03-09,44736,31,199
총신대입구(이수)역4,2025-04-30,2025-03-01 ~ 2025-03-31,2025-03-09,44736,31,199
총신대입구(이수)역4,2025-04-30,2025-03-01 ~ 2025-03-31,2025-03-10,44757,21,220
총신대입구(이수)역4,2025-05-31,2025-03-01 ~ 2025-04-30,2025-03-10,44757,21,220
총신대입구(이수)역4,2025-04-30,2025-03-01 ~ 2025-03-31,2025-03-11,44782,25,245
총신대입구(이수)역4,2025-05-31,2025-03-01 ~ 2025-04-30,2025-03-11,44782,25,245
총신대입구(이수)역4,2025-05-31,2025-03-01 ~ 2025-04-30,2025-03-12,44808,26,271
총신대입구(이수)역4,2025-04-30,2025-03-01 ~ 2025-03-31,2025-03-12,44808,26,271
총신대입구(이수)역4,2025-05-31,2025-03-01 ~ 2025-04-30,2025-03-13,44832,24,295
총신대입구(이수)역4,2025-04-30,2025-03-01 ~ 2025-03-31,2025-03-13,44832,24,295
총신대입구(이수)역4,2025-05-31,2025-03-01 ~ 2025-04-30,2025-03-14,44858,26,321
총신대입구(이수)역4,2025-04-30,2025-03-01 ~ 2025-03-31,2025-03-14,44858,26,321
총신대입구(이수)역4,2025-04-30,2025-03-01 ~ 2025-03-31,2025-03-15,44883,25,346
총신대입구(이수)역4,2025-05-31,2025-03-01 ~ 2025-04-30,2025-03-15,44883,25,346
총신대입구(이수)역4,2025-05-31,2025-03-01 ~ 2025-04-30,2025-03-16,44911,28,374
총신대입구(이수)역4,2025-04-30,2025-03-01 ~ 2025-03-31,2025-03-16,44911,28,374
총신대입구(이수)역4,2025-04-30,2025-03-01 ~ 2025-03-31,2025-03-17,44933,22,396
총신대입구(이수)역4,2025-05-31,2025-03-01 ~ 2025-04-30,2025-03-17,44933,22,396
총신대입구(이수)역4,2025-05-31,2025-03-01 ~ 2025-04-30,2025-03-18,44959,26,422
총신대입구(이수)역4,2025-04-30,2025-03-01 ~ 2025-03-31,2025-03-18,44959,26,422
총신대입구(이수)역4,2025-04-30,2025-03-01 ~ 2025-03-31,2025-03-19,44982,23,445
총신대입구(이수)역4,2025-05-31,2025-03-01 ~ 2025-04-30,2025-03-19,44982,23,445
총신대입구(이수)역4,2025-05-31,2025-03-01 ~ 2025-04-30,2025-03-20,45009,27,472
총신대입구(이수)역4,2025-04-30,2025-03-01 ~ 2025-03-31,2025-03-20,45009,27,472
총신대입구(이수)역4,2025-05-31,2025-03-01 ~ 2025-04-30,2025-03-21,45035,26,498
총신대입구(이수)역4,2025-04-30,2025-03-01 ~ 2025-03-31,2025-03-21,45035,26,498
총신대입구(이수)역4,2025-04-30,2025-03-01 ~ 2025-03-31,2025-03-22,45065,30,528
총신대입구(이수)역4,2025-05-31,2025-03-01 ~ 2025-04-30,2025-03-22,45065,30,528
총신대입구(이수)역4,2025-05-31,2025-03-01 ~ 2025-04-30,2025-03-23,45093,28,556
총신대입구(이수)역4,2025-04-30,2025-03-01 ~ 2025-03-31,2025-03-23,45093,28,556
총신대입구(이수)역4,2025-05-31,2025-03-01 ~ 2025-04-30,2025-03-24,45113,20,576
총신대입구(이수)역4,2025-04-30,2025-03-01 ~ 2025-03-31,2025-03-24,45113,20,576
총신대입구(이수)역4,2025-05-31,2025-03-01 ~ 2025-04-30,2025-03-25,45138,25,601
총신대입구(이수)역4,2025-04-30,2025-03-01 ~ 2025-03-31,2025-03-25,45138,25,601
총신대입구(이수)역4,2025-04-30,2025-03-01 ~ 2025-03-31,2025-03-26,45164,26,627
총신대입구(이수)역4,2025-05-31,2025-03-01 ~ 2025-04-30,2025-03-26,45164,26,627
총신대입구(이수)역4,2025-04-30,2025-03-01 ~ 2025-03-31,2025-03-27,45189,25,652
총신대입구(이수)역4,2025-05-31,2025-03-01 ~ 2025-04-30,2025-03-27,45189,25,652
총신대입구(이수)역4,2025-05-31,2025-03-01 ~ 2025-04-30,2025-03-28,45215,26,678
총신대입구(이수)역4,2025-04-30,2025-03-01 ~ 2025-03-31,2025-03-28,45215,26,678
총신대입구(이수)역4,2025-04-30,2025-03-01 ~ 2025-03-31,2025-03-29,45242,27,705
총신대입구(이수)역4,2025-05-31,2025-03-01 ~ 2025-04-30,2025-03-29,45242,27,705
총신대입구(이수)역4,2025-04-30,2025-03-01 ~ 2025-03-31,2025-03-30,45268,26,731
총신대입구(이수)역4,2025-05-31,2025-03-01 ~ 2025-04-30,2025-03-30,45268,26,731
총신대입구(이수)역4,2025-04-30,2025-03-01 ~ 2025-03-31,2025-03-31,45287,19,750
총신대입구(이수)역4,2025-05-31,2025-03-01 ~ 2025-04-30,2025-03-31,45287,19,750
총신대입구(이수)역4,2025-04-30,2025-03-01 ~ 2025-03-31,2025-04-01,45312,25,775
총신대입구(이수)역4,2025-05-31,2025-03-01 ~ 2025-04-30,2025-04-01,45312,25,775
총신대입구(이수)역4,2025-05-31,2025-03-01 ~ 2025-04-30,2025-04-02,45354,42,817
총신대입구(이수)역4,2025-05-31,2025-03-01 ~ 2025-04-30,2025-04-03,45382,28,845
총신대입구(이수)역4,2025-05-31,2025-03-01 ~ 2025-04-30,2025-04-04,45410,28,873
총신대입구(이수)역4,2025-05-31,2025-03-01 ~ 2025-04-30,2025-04-05,45434,24,897
총신대입구(이수)역4,2025-05-31,2025-03-01 ~ 2025-04-30,2025-04-06,45460,26,923
총신대입구(이수)역4,2025-05-31,2025-03-01 ~ 2025-04-30,2025-04-07,45485,25,948
총신대입구(이수)역4,2025-05-31,2025-03-01 ~ 2025-04-30,2025-04-08,45511,26,974
총신대입구(이수)역4,2025-05-31,2025-03-01 ~ 2025-04-30,2025-04-09,45537,26,1000
총신대입구(이수)역4,2025-05-31,2025-03-01 ~ 2025-04-30,2025-04-10,45564,27,1027
총신대입구(이수)역4,2025-05-31,2025-03-01 ~ 2025-04-30,2025-04-11,45593,29,1056
총신대입구(이수)역4,2025-05-31,2025-03-01 ~ 2025-04-30,2025-04-12,45621,28,1084
총신대입구(이수)역4,2025-05-31,2025-03-01 ~ 2025-04-30,2025-04-13,45646,25,1109
총신대입구(이수)역4,2025-05-31,2025-03-01 ~ 2025-04-30,2025-04-14,45666,20,1129
총신대입구(이수)역4,2025-05-31,2025-03-01 ~ 2025-04-30,2025-04-15,45691,25,1154
총신대입구(이수)역4,2025-05-31,2025-03-01 ~ 2025-04-30,2025-04-16,45718,27,1181
총신대입구(이수)역4,2025-05-31,2025-03-01 ~ 2025-04-30,2025-04-17,45743,25,1206
총신대입구(이수)역4,2025-05-31,2025-03-01 ~ 2025-04-30,2025-04-18,45769,26,1232
총신대입구(이수)역4,2025-05-31,2025-03-01 ~ 2025-04-30,2025-04-19,45797,28,1260
총신대입구(이수)역4,2025-05-31,2025-03-01 ~ 2025-04-30,2025-04-20,45824,27,1287
총신대입구(이수)역4,2025-05-31,2025-03-01 ~ 2025-04-30,2025-04-21,45846,22,1309
총신대입구(이수)역4,2025-05-31,2025-03-01 ~ 2025-04-30,2025-04-22,45872,26,1335
총신대입구(이수)역4,2025-05-31,2025-03-01 ~ 2025-04-30,2025-04-23,45896,24,1359
총신대입구(이수)역4,2025-05-31,2025-03-01 ~ 2025-04-30,2025-04-24,45925,29,1388
총신대입구(이수)역4,2025-05-31,2025-03-01 ~ 2025-04-30,2025-04-25,45954,29,1417
총신대입구(이수)역4,2025-05-31,2025-03-01 ~ 2025-04-30,2025-04-26,45983,29,1446
총신대입구(이수)역4,2025-05-31,2025-03-01 ~ 2025-04-30,2025-04-27,46013,30,1476
총신대입구(이수)역4,2025-05-31,2025-03-01 ~ 2025-04-30,2025-04-28,46037,24,1500
총신대입구(이수)역4,2025-05-31,2025-03-01 ~ 2025-04-30,2025-04-29,46067,30,1530
총신대입구(이수)역4,2025-05-31,2025-03-01 ~ 2025-04-30,2025-04-30,46113,46,1576
총신대입구(이수)역4,2025-05-31,2025-03-01 ~ 2025-04-30,2025-05-01,46140,27,1603
총신대입구(이수)역4,2025-07-31,2025-05-01 ~ 2025-06-30,2025-05-02,46163,23,23
총신대입구(이수)역4,2025-06-30,2025-05-01 ~ 2025-05-31,2025-05-02,46163,23,23
총신대입구(이수)역4,2025-07-31,2025-05-01 ~ 2025-06-30,2025-05-03,46193,30,53
총신대입구(이수)역4,2025-06-30,2025-05-01 ~ 2025-05-31,2025-05-03,46193,30,53
총신대입구(이수)역4,2025-06-30,2025-05-01 ~ 2025-05-31,2025-05-04,46219,26,79
총신대입구(이수)역4,2025-07-31,2025-05-01 ~ 2025-06-30,2025-05-04,46219,26,79
총신대입구(이수)역4,2025-06-30,2025-05-01 ~ 2025-05-31,2025-05-05,46241,22,101
총신대입구(이수)역4,2025-07-31,2025-05-01 ~ 2025-06-30,2025-05-05,46241,22,101
총신대입구(이수)역4,2025-07-31,2025-05-01 ~ 2025-06-30,2025-05-06,46263,22,123
총신대입구(이수)역4,2025-06-30,2025-05-01 ~ 2025-05-31,2025-05-06,46263,22,123
총신대입구(이수)역4,2025-07-31,2025-05-01 ~ 2025-06-30,2025-05-07,46286,23,146
총신대입구(이수)역4,2025-06-30,2025-05-01 ~ 2025-05-31,2025-05-07,46286,23,146
총신대입구(이수)역4,2025-07-31,2025-05-01 ~ 2025-06-30,2025-05-08,46314,28,174
총신대입구(이수)역4,2025-06-30,2025-05-01 ~ 2025-05-31,2025-05-08,46314,28,174
총신대입구(이수)역4,2025-07-31,2025-05-01 ~ 2025-06-30,2025-05-09,46343,29,203
총신대입구(이수)역4,2025-06-30,2025-05-01 ~ 2025-05-31,2025-05-09,46343,29,203
총신대입구(이수)역4,2025-07-31,2025-05-01 ~ 2025-06-30,2025-05-10,46369,26,229
총신대입구(이수)역4,2025-06-30,2025-05-01 ~ 2025-05-31,2025-05-10,46369,26,229
총신대입구(이수)역4,2025-06-30,2025-05-01 ~ 2025-05-31,2025-05-11,46394,25,254
총신대입구(이수)역4,2025-07-31,2025-05-01 ~ 2025-06-30,2025-05-11,46394,25,254
총신대입구(이수)역4,2025-07-31,2025-05-01 ~ 2025-06-30,2025-05-12,46414,20,274
총신대입구(이수)역4,2025-06-30,2025-05-01 ~ 2025-05-31,2025-05-12,46414,20,274
총신대입구(이수)역4,2025-06-30,2025-05-01 ~ 2025-05-31,2025-05-13,46444,30,304
총신대입구(이수)역4,2025-07-31,2025-05-01 ~ 2025-06-30,2025-05-13,46444,30,304
총신대입구(이수)역4,2025-06-30,2025-05-01 ~ 2025-05-31,2025-05-14,46474,30,334
총신대입구(이수)역4,2025-07-31,2025-05-01 ~ 2025-06-30,2025-05-14,46474,30,334
총신대입구(이수)역4,2025-07-31,2025-05-01 ~ 2025-06-30,2025-05-15,46500,26,360
총신대입구(이수)역4,2025-06-30,2025-05-01 ~ 2025-05-31,2025-05-15,46500,26,360
총신대입구(이수)역4,2025-07-31,2025-05-01 ~ 2025-06-30,2025-05-16,46527,27,387
총신대입구(이수)역4,2025-06-30,2025-05-01 ~ 2025-05-31,2025-05-16,46527,27,387
총신대입구(이수)역4,2025-07-31,2025-05-01 ~ 2025-06-30,2025-05-17,46557,30,417
총신대입구(이수)역4,2025-06-30,2025-05-01 ~ 2025-05-31,2025-05-17,46557,30,417
총신대입구(이수)역4,2025-07-31,2025-05-01 ~ 2025-06-30,2025-05-18,46586,29,446
총신대입구(이수)역4,2025-06-30,2025-05-01 ~ 2025-05-31,2025-05-18,46586,29,446
총신대입구(이수)역4,2025-07-31,2025-05-01 ~ 2025-06-30,2025-05-19,46610,24,470
총신대입구(이수)역4,2025-06-30,2025-05-01 ~ 2025-05-31,2025-05-19,46610,24,470
총신대입구(이수)역4,2025-06-30,2025-05-01 ~ 2025-05-31,2025-05-20,46644,34,504
총신대입구(이수)역4,2025-07-31,2025-05-01 ~ 2025-06-30,2025-05-20,46644,34,504
총신대입구(이수)역4,2025-06-30,2025-05-01 ~ 2025-05-31,2025-05-21,46674,30,534
총신대입구(이수)역4,2025-07-31,2025-05-01 ~ 2025-06-30,2025-05-21,46674,30,534
총신대입구(이수)역4,2025-07-31,2025-05-01 ~ 2025-06-30,2025-05-22,46703,29,563
총신대입구(이수)역4,2025-06-30,2025-05-01 ~ 2025-05-31,2025-05-22,46703,29,563
총신대입구(이수)역4,2025-07-31,2025-05-01 ~ 2025-06-30,2025-05-23,46734,31,594
총신대입구(이수)역4,2025-06-30,2025-05-01 ~ 2025-05-31,2025-05-23,46734,31,594
총신대입구(이수)역4,2025-07-31,2025-05-01 ~ 2025-06-30,2025-05-24,46765,31,625
총신대입구(이수)역4,2025-06-30,2025-05-01 ~ 2025-05-31,2025-05-24,46765,31,625
총신대입구(이수)역4,2025-07-31,2025-05-01 ~ 2025-06-30,2025-05-25,46794,29,654
총신대입구(이수)역4,2025-06-30,2025-05-01 ~ 2025-05-31,2025-05-25,46794,29,654
총신대입구(이수)역4,2025-07-31,2025-05-01 ~ 2025-06-30,2025-05-26,46817,23,677
총신대입구(이수)역4,2025-06-30,2025-05-01 ~ 2025-05-31,2025-05-26,46817,23,677
총신대입구(이수)역4,2025-07-31,2025-05-01 ~ 2025-06-30,2025-05-27,46844,27,704
총신대입구(이수)역4,2025-06-30,2025-05-01 ~ 2025-05-31,2025-05-27,46844,27,704
총신대입구(이수)역4,2025-06-30,2025-05-01 ~ 2025-05-31,2025-05-28,46871,27,731
총신대입구(이수)역4,2025-07-31,2025-05-01 ~ 2025-06-30,2025-05-28,46871,27,731
총신대입구(이수)역4,2025-06-30,2025-05-01 ~ 2025-05-31,2025-05-29,46901,30,761
총신대입구(이수)역4,2025-07-31,2025-05-01 ~ 2025-06-30,2025-05-29,46901,30,761
총신대입구(이수)역4,2025-07-31,2025-05-01 ~ 2025-06-30,2025-05-30,46929,28,789
총신대입구(이수)역4,2025-06-30,2025-05-01 ~ 2025-05-31,2025-05-30,46929,28,789
총신대입구(이수)역4,2025-06-30,2025-05-01 ~ 2025-05-31,2025-05-31,46972,43,832
총신대입구(이수)역4,2025-07-31,2025-05-01 ~ 2025-06-30,2025-05-31,46972,43,832
총신대입구(이수)역4,2025-07-31,2025-05-01 ~ 2025-06-30,2025-06-01,46999,27,859
총신대입구(이수)역4,2025-06-30,2025-05-01 ~ 2025-05-31,2025-06-01,46999,27,859
총신대입구(이수)역4,2025-07-31,2025-05-01 ~ 2025-06-30,2025-06-02,47020,21,880
총신대입구(이수)역4,2025-07-31,2025-05-01 ~ 2025-06-30,2025-06-03,47048,28,908
총신대입구(이수)역4,2025-07-31,2025-05-01 ~ 2025-06-30,2025-06-04,47073,25,933
총신대입구(이수)역4,2025-07-31,2025-05-01 ~ 2025-06-30,2025-06-05,47101,28,961
총신대입구(이수)역4,2025-07-31,2025-05-01 ~ 2025-06-30,2025-06-06,47132,31,992
총신대입구(이수)역4,2025-07-31,2025-05-01 ~ 2025-06-30,2025-06-07,47162,30,1022
총신대입구(이수)역4,2025-07-31,2025-05-01 ~ 2025-06-30,2025-06-08,47190,28,1050
총신대입구(이수)역4,2025-07-31,2025-05-01 ~ 2025-06-30,2025-06-09,47213,23,1073
총신대입구(이수)역4,2025-07-31,2025-05-01 ~ 2025-06-30,2025-06-10,47241,28,1101
총신대입구(이수)역4,2025-07-31,2025-05-01 ~ 2025-06-30,2025-06-11,47269,28,1129
총신대입구(이수)역4,2025-07-31,2025-05-01 ~ 2025-06-30,2025-06-12,47298,29,1158
총신대입구(이수)역4,2025-07-31,2025-05-01 ~ 2025-06-30,2025-06-13,47326,28,1186
총신대입구(이수)역4,2025-07-31,2025-05-01 ~ 2025-06-30,2025-06-14,47354,28,1214
총신대입구(이수)역4,2025-07-31,2025-05-01 ~ 2025-06-30,2025-06-15,47383,29,1243
총신대입구(이수)역4,2025-07-31,2025-05-01 ~ 2025-06-30,2025-06-16,47407,24,1267
총신대입구(이수)역4,2025-07-31,2025-05-01 ~ 2025-06-30,2025-06-17,47437,30,1297
총신대입구(이수)역4,2025-07-31,2025-05-01 ~ 2025-06-30,2025-06-18,47473,36,1333
총신대입구(이수)역4,2025-07-31,2025-05-01 ~ 2025-06-30,2025-06-19,47521,48,1381
총신대입구(이수)역4,2025-07-31,2025-05-01 ~ 2025-06-30,2025-06-20,47573,52,1433
총신대입구(이수)역4,2025-07-31,2025-05-01 ~ 2025-06-30,2025-06-21,47621,48,1481
총신대입구(이수)역4,2025-07-31,2025-05-01 ~ 2025-06-30,2025-06-22,47671,50,1531
총신대입구(이수)역4,2025-07-31,2025-05-01 ~ 2025-06-30,2025-06-23,47712,41,1572
총신대입구(이수)역4,2025-07-31,2025-05-01 ~ 2025-06-30,2025-06-24,47765,53,1625
총신대입구(이수)역4,2025-07-31,2025-05-01 ~ 2025-06-30,2025-06-25,47815,50,1675
총신대입구(이수)역4,2025-07-31,2025-05-01 ~ 2025-06-30,2025-06-26,47860,45,1720
총신대입구(이수)역4,2025-07-31,2025-05-01 ~ 2025-06-30,2025-06-27,47906,46,1766
총신대입구(이수)역4,2025-07-31,2025-05-01 ~ 2025-06-30,2025-06-28,47955,49,1815
총신대입구(이수)역4,2025-07-31,2025-05-01 ~ 2025-06-30,2025-06-29,47998,43,1858
총신대입구(이수)역4,2025-07-31,2025-05-01 ~ 2025-06-30,2025-06-30,48035,37,1895
총신대입구(이수)역4,2025-07-31,2025-05-01 ~ 2025-06-30,2025-07-01,48082,47,1942
총신대입구(이수)역4,2025-08-31,2025-07-01 ~ 2025-07-31,2025-07-02,48130,48,48
총신대입구(이수)역4,2025-09-30,2025-07-01 ~ 2025-08-31,2025-07-02,48130,48,48
총신대입구(이수)역4,2025-08-31,2025-07-01 ~ 2025-07-31,2025-07-03,48184,54,102
총신대입구(이수)역4,2025-09-30,2025-07-01 ~ 2025-08-31,2025-07-03,48184,54,102
총신대입구(이수)역4,2025-08-31,2025-07-01 ~ 2025-07-31,2025-07-04,48236,52,154
총신대입구(이수)역4,2025-09-30,2025-07-01 ~ 2025-08-31,2025-07-04,48236,52,154
총신대입구(이수)역4,2025-08-31,2025-07-01 ~ 2025-07-31,2025-07-05,48258,22,176
총신대입구(이수)역4,2025-09-30,2025-07-01 ~ 2025-08-31,2025-07-05,48258,22,176
총신대입구(이수)역4,2025-08-31,2025-07-01 ~ 2025-07-31,2025-07-06,48340,82,258
총신대입구(이수)역4,2025-09-30,2025-07-01 ~ 2025-08-31,2025-07-06,48340,82,258
총신대입구(이수)역4,2025-08-31,2025-07-01 ~ 2025-07-31,2025-07-07,48384,44,302
총신대입구(이수)역4,2025-09-30,2025-07-01 ~ 2025-08-31,2025-07-07,48384,44,302
총신대입구(이수)역4,2025-08-31,2025-07-01 ~ 2025-07-31,2025-07-08,48436,52,354
총신대입구(이수)역4,2025-09-30,2025-07-01 ~ 2025-08-31,2025-07-08,48436,52,354
총신대입구(이수)역4,2025-08-31,2025-07-01 ~ 2025-07-31,2025-07-09,48490,54,408
총신대입구(이수)역4,2025-09-30,2025-07-01 ~ 2025-08-31,2025-07-09,48490,54,408
총신대입구(이수)역4,2025-08-31,2025-07-01 ~ 2025-07-31,2025-07-10,48545,55,463
총신대입구(이수)역4,2025-09-30,2025-07-01 ~ 2025-08-31,2025-07-10,48545,55,463
총신대입구(이수)역4,2025-09-30,2025-07-01 ~ 2025-08-31,2025-07-11,48603,58,521
총신대입구(이수)역4,2025-08-31,2025-07-01 ~ 2025-07-31,2025-07-11,48603,58,521
총신대입구(이수)역4,2025-09-30,2025-07-01 ~ 2025-08-31,2025-07-12,48660,57,578
총신대입구(이수)역4,2025-08-31,2025-07-01 ~ 2025-07-31,2025-07-12,48660,57,578
총신대입구(이수)역4,2025-08-31,2025-07-01 ~ 2025-07-31,2025-07-13,48713,53,631
총신대입구(이수)역4,2025-09-30,2025-07-01 ~ 2025-08-31,2025-07-13,48713,53,631
총신대입구(이수)역4,2025-09-30,2025-07-01 ~ 2025-08-31,2025-07-14,48764,51,682
총신대입구(이수)역4,2025-08-31,2025-07-01 ~ 2025-07-31,2025-07-14,48764,51,682
총신대입구(이수)역4,2025-09-30,2025-07-01 ~ 2025-08-31,2025-07-15,48814,50,732
총신대입구(이수)역4,2025-08-31,2025-07-01 ~ 2025-07-31,2025-07-15,48814,50,732
총신대입구(이수)역4,2025-09-30,2025-07-01 ~ 2025-08-31,2025-07-16,48862,48,780
총신대입구(이수)역4,2025-08-31,2025-07-01 ~ 2025-07-31,2025-07-16,48862,48,780
총신대입구(이수)역4,2025-09-30,2025-07-01 ~ 2025-08-31,2025-07-17,48911,49,829
총신대입구(이수)역4,2025-08-31,2025-07-01 ~ 2025-07-31,2025-07-17,48911,49,829
총신대입구(이수)역4,2025-09-30,2025-07-01 ~ 2025-08-31,2025-07-18,48959,48,877
총신대입구(이수)역4,2025-08-31,2025-07-01 ~ 2025-07-31,2025-07-18,48959,48,877
총신대입구(이수)역4,2025-08-31,2025-07-01 ~ 2025-07-31,2025-07-19,48980,21,898
총신대입구(이수)역4,2025-09-30,2025-07-01 ~ 2025-08-31,2025-07-19,48980,21,898
총신대입구(이수)역4,2025-09-30,2025-07-01 ~ 2025-08-31,2025-07-20,49058,78,976
총신대입구(이수)역4,2025-08-31,2025-07-01 ~ 2025-07-31,2025-07-20,49058,78,976
총신대입구(이수)역4,2025-08-31,2025-07-01 ~ 2025-07-31,2025-07-21,49101,43,1019
총신대입구(이수)역4,2025-09-30,2025-07-01 ~ 2025-08-31,2025-07-21,49101,43,1019
총신대입구(이수)역4,2025-08-31,2025-07-01 ~ 2025-07-31,2025-07-22,49151,50,1069
총신대입구(이수)역4,2025-09-30,2025-07-01 ~ 2025-08-31,2025-07-22,49151,50,1069
총신대입구(이수)역4,2025-08-31,2025-07-01 ~ 2025-07-31,2025-07-23,49204,53,1122
총신대입구(이수)역4,2025-09-30,2025-07-01 ~ 2025-08-31,2025-07-23,49204,53,1122
총신대입구(이수)역4,2025-08-31,2025-07-01 ~ 2025-07-31,2025-07-24,49258,54,1176
총신대입구(이수)역4,2025-09-30,2025-07-01 ~ 2025-08-31,2025-07-24,49258,54,1176
총신대입구(이수)역4,2025-09-30,2025-07-01 ~ 2025-08-31,2025-07-25,49308,50,1226
총신대입구(이수)역4,2025-08-31,2025-07-01 ~ 2025-07-31,2025-07-25,49308,50,1226
총신대입구(이수)역4,2025-09-30,2025-07-01 ~ 2025-08-31,2025-07-26,49363,55,1281
총신대입구(이수)역4,2025-08-31,2025-07-01 ~ 2025-07-31,2025-07-26,49363,55,1281
총신대입구(이수)역4,2025-09-30,2025-07-01 ~ 2025-08-31,2025-07-27,49412,49,1330
총신대입구(이수)역4,2025-08-31,2025-07-01 ~ 2025-07-31,2025-07-27,49412,49,1330
총신대입구(이수)역4,2025-08-31,2025-07-01 ~ 2025-07-31,2025-07-28,49456,44,1374
총신대입구(이수)역4,2025-09-30,2025-07-01 ~ 2025-08-31,2025-07-28,49456,44,1374
총신대입구(이수)역4,2025-08-31,2025-07-01 ~ 2025-07-31,2025-07-29,49509,53,1427
총신대입구(이수)역4,2025-09-30,2025-07-01 ~ 2025-08-31,2025-07-29,49509,53,1427
총신대입구(이수)역4,2025-08-31,2025-07-01 ~ 2025-07-31,2025-07-30,49560,51,1478
총신대입구(이수)역4,2025-09-30,2025-07-01 ~ 2025-08-31,2025-07-30,49560,51,1478
총신대입구(이수)역4,2025-08-31,2025-07-01 ~ 2025-07-31,2025-07-31,49614,54,1532
총신대입구(이수)역4,2025-09-30,2025-07-01 ~ 2025-08-31,2025-07-31,49614,54,1532
총신대입구(이수)역4,2025-08-31,2025-07-01 ~ 2025-07-31,2025-08-01,49669,55,1587
총신대입구(이수)역4,2025-09-30,2025-07-01 ~ 2025-08-31,2025-08-01,49669,55,1587
총신대입구(이수)역4,2025-09-30,2025-07-01 ~ 2025-08-31,2025-08-02,49720,51,1638
총신대입구(이수)역4,2025-09-30,2025-07-01 ~ 2025-08-31,2025-08-03,49776,56,1694
총신대입구(이수)역4,2025-09-30,2025-07-01 ~ 2025-08-31,2025-08-04,49822,46,1740
총신대입구(이수)역4,2025-09-30,2025-07-01 ~ 2025-08-31,2025-08-05,49875,53,1793
총신대입구(이수)역4,2025-09-30,2025-07-01 ~ 2025-08-31,2025-08-06,49927,52,1845
총신대입구(이수)역4,2025-09-30,2025-07-01 ~ 2025-08-31,2025-08-07,49979,52,1897
총신대입구(이수)역4,2025-09-30,2025-07-01 ~ 2025-08-31,2025-08-08,50037,58,1955
총신대입구(이수)역4,2025-09-30,2025-07-01 ~ 2025-08-31,2025-08-09,50097,60,2015
총신대입구(이수)역4,2025-09-30,2025-07-01 ~ 2025-08-31,2025-08-10,50146,49,2064
총신대입구(이수)역4,2025-09-30,2025-07-01 ~ 2025-08-31,2025-08-11,50185,39,2103
총신대입구(이수)역4,2025-09-30,2025-07-01 ~ 2025-08-31,2025-08-12,50232,47,2150
총신대입구(이수)역4,2025-09-30,2025-07-01 ~ 2025-08-31,2025-08-13,50280,48,2198
총신대입구(이수)역4,2025-09-30,2025-07-01 ~ 2025-08-31,2025-08-14,50329,49,2247
총신대입구(이수)역4,2025-09-30,2025-07-01 ~ 2025-08-31,2025-08-15,50379,50,2297
총신대입구(이수)역4,2025-09-30,2025-07-01 ~ 2025-08-31,2025-08-16,50420,41,2338
총신대입구(이수)역4,2025-09-30,2025-07-01 ~ 2025-08-31,2025-08-17,50467,47,2385
총신대입구(이수)역4,2025-09-30,2025-07-01 ~ 2025-08-31,2025-08-18,50507,40,2425
총신대입구(이수)역4,2025-09-30,2025-07-01 ~ 2025-08-31,2025-08-19,50558,51,2476
총신대입구(이수)역4,2025-09-30,2025-07-01 ~ 2025-08-31,2025-08-20,50605,47,2523
총신대입구(이수)역4,2025-09-30,2025-07-01 ~ 2025-08-31,2025-08-21,50657,52,2575
총신대입구(이수)역4,2025-09-30,2025-07-01 ~ 2025-08-31,2025-08-22,50709,52,2627
총신대입구(이수)역4,2025-09-30,2025-07-01 ~ 2025-08-31,2025-08-23,50763,54,2681
총신대입구(이수)역4,2025-09-30,2025-07-01 ~ 2025-08-31,2025-08-24,50808,45,2726
총신대입구(이수)역4,2025-09-30,2025-07-01 ~ 2025-08-31,2025-08-25,50850,42,2768
총신대입구(이수)역4,2025-09-30,2025-07-01 ~ 2025-08-31,2025-08-26,50900,50,2818
총신대입구(이수)역4,2025-09-30,2025-07-01 ~ 2025-08-31,2025-08-27,50954,54,2872
총신대입구(이수)역4,2025-09-30,2025-07-01 ~ 2025-08-31,2025-08-28,51007,53,2925
총신대입구(이수)역4,2025-09-30,2025-07-01 ~ 2025-08-31,2025-08-29,51062,55,2980
총신대입구(이수)역4,2025-09-30,2025-07-01 ~ 2025-08-31,2025-08-30,51115,53,3033
총신대입구(이수)역4,2025-09-30,2025-07-01 ~ 2025-08-31,2025-08-31,51163,48,3081
총신대입구(이수)역4,2025-09-30,2025-07-01 ~ 2025-08-31,2025-09-01,51205,42,3123
총신대입구(이수)역4,2025-11-30,2025-09-01 ~ 2025-10-31,2025-09-02,51256,51,51
총신대입구(이수)역4,2025-10-31,2025-09-01 ~ 2025-09-30,2025-09-02,51256,51,51
총신대입구(이수)역4,2025-10-31,2025-09-01 ~ 2025-09-30,2025-09-03,51309,53,104
총신대입구(이수)역4,2025-11-30,2025-09-01 ~ 2025-10-31,2025-09-03,51309,53,104
총신대입구(이수)역4,2025-11-30,2025-09-01 ~ 2025-10-31,2025-09-04,51360,51,155
총신대입구(이수)역4,2025-10-31,2025-09-01 ~ 2025-09-30,2025-09-04,51360,51,155
총신대입구(이수)역4,2025-10-31,2025-09-01 ~ 2025-09-30,2025-09-05,51412,52,207
총신대입구(이수)역4,2025-11-30,2025-09-01 ~ 2025-10-31,2025-09-05,51412,52,207
총신대입구(이수)역4,2025-11-30,2025-09-01 ~ 2025-10-31,2025-09-06,51468,56,263
총신대입구(이수)역4,2025-10-31,2025-09-01 ~ 2025-09-30,2025-09-06,51468,56,263
총신대입구(이수)역4,2025-10-31,2025-09-01 ~ 2025-09-30,2025-09-07,51517,49,312
총신대입구(이수)역4,2025-11-30,2025-09-01 ~ 2025-10-31,2025-09-07,51517,49,312
총신대입구(이수)역4,2025-10-31,2025-09-01 ~ 2025-09-30,2025-09-08,51562,45,357
총신대입구(이수)역4,2025-11-30,2025-09-01 ~ 2025-10-31,2025-09-08,51562,45,357
총신대입구(이수)역4,2025-10-31,2025-09-01 ~ 2025-09-30,2025-09-09,51616,54,411
총신대입구(이수)역4,2025-11-30,2025-09-01 ~ 2025-10-31,2025-09-09,51616,54,411
총신대입구(이수)역4,2025-11-30,2025-09-01 ~ 2025-10-31,2025-09-10,51666,50,461
총신대입구(이수)역4,2025-10-31,2025-09-01 ~ 2025-09-30,2025-09-10,51666,50,461
총신대입구(이수)역4,2025-11-30,2025-09-01 ~ 2025-10-31,2025-09-11,51715,49,510
총신대입구(이수)역4,2025-10-31,2025-09-01 ~ 2025-09-30,2025-09-11,51715,49,510
총신대입구(이수)역4,2025-11-30,2025-09-01 ~ 2025-10-31,2025-09-12,51767,52,562
총신대입구(이수)역4,2025-10-31,2025-09-01 ~ 2025-09-30,2025-09-12,51767,52,562
총신대입구(이수)역4,2025-11-30,2025-09-01 ~ 2025-10-31,2025-09-13,51817,50,612
총신대입구(이수)역4,2025-10-31,2025-09-01 ~ 2025-09-30,2025-09-13,51817,50,612
총신대입구(이수)역4,2025-11-30,2025-09-01 ~ 2025-10-31,2025-09-14,51863,46,658
총신대입구(이수)역4,2025-10-31,2025-09-01 ~ 2025-09-30,2025-09-14,51863,46,658
총신대입구(이수)역4,2025-10-31,2025-09-01 ~ 2025-09-30,2025-09-15,51904,41,699
총신대입구(이수)역4,2025-11-30,2025-09-01 ~ 2025-10-31,2025-09-15,51904,41,699
총신대입구(이수)역4,2025-11-30,2025-09-01 ~ 2025-10-31,2025-09-16,51954,50,749
총신대입구(이수)역4,2025-10-31,2025-09-01 ~ 2025-09-30,2025-09-16,51954,50,749
총신대입구(이수)역4,2025-11-30,2025-09-01 ~ 2025-10-31,2025-09-17,52003,49,798
총신대입구(이수)역4,2025-10-31,2025-09-01 ~ 2025-09-30,2025-09-17,52003,49,798
총신대입구(이수)역4,2025-10-31,2025-09-01 ~ 2025-09-30,2025-09-18,52048,45,843
총신대입구(이수)역4,2025-11-30,2025-09-01 ~ 2025-10-31,2025-09-18,52048,45,843
총신대입구(이수)역4,2025-11-30,2025-09-01 ~ 2025-10-31,2025-09-19,52096,48,891
총신대입구(이수)역4,2025-10-31,2025-09-01 ~ 2025-09-30,2025-09-19,52096,48,891
총신대입구(이수)역4,2025-10-31,2025-09-01 ~ 2025-09-30,2025-09-20,52142,46,937
총신대입구(이수)역4,2025-11-30,2025-09-01 ~ 2025-10-31,2025-09-20,52142,46,937
총신대입구(이수)역4,2025-11-30,2025-09-01 ~ 2025-10-31,2025-09-21,52186,44,981
총신대입구(이수)역4,2025-10-31,2025-09-01 ~ 2025-09-30,2025-09-21,52186,44,981
총신대입구(이수)역4,2025-11-30,2025-09-01 ~ 2025-10-31,2025-09-22,52225,39,1020
총신대입구(이수)역4,2025-10-31,2025-09-01 ~ 2025-09-30,2025-09-22,52225,39,1020
총신대입구(이수)역4,2025-11-30,2025-09-01 ~ 2025-10-31,2025-09-23,52262,37,1057
총신대입구(이수)역4,2025-10-31,2025-09-01 ~ 2025-09-30,2025-09-23,52262,37,1057
총신대입구(이수)역4,2025-11-30,2025-09-01 ~ 2025-10-31,2025-09-24,52298,36,1093
총신대입구(이수)역4,2025-10-31,2025-09-01 ~ 2025-09-30,2025-09-24,52298,36,1093
총신대입구(이수)역4,2025-10-31,2025-09-01 ~ 2025-09-30,2025-09-25,52335,37,1130
총신대입구(이수)역4,2025-11-30,2025-09-01 ~ 2025-10-31,2025-09-25,52335,37,1130
총신대입구(이수)역4,2025-10-31,2025-09-01 ~ 2025-09-30,2025-09-26,52372,37,1167
총신대입구(이수)역4,2025-11-30,2025-09-01 ~ 2025-10-31,2025-09-26,52372,37,1167
총신대입구(이수)역4,2025-10-31,2025-09-01 ~ 2025-09-30,2025-09-27,52410,38,1205
총신대입구(이수)역4,2025-11-30,2025-09-01 ~ 2025-10-31,2025-09-27,52410,38,1205
총신대입구(이수)역4,2025-10-31,2025-09-01 ~ 2025-09-30,2025-09-28,52448,38,1243
총신대입구(이수)역4,2025-11-30,2025-09-01 ~ 2025-10-31,2025-09-28,52448,38,1243
총신대입구(이수)역4,2025-10-31,2025-09-01 ~ 2025-09-30,2025-09-29,52474,26,1269
총신대입구(이수)역4,2025-11-30,2025-09-01 ~ 2025-10-31,2025-09-29,52474,26,1269
총신대입구(이수)역4,2025-11-30,2025-09-01 ~ 2025-10-31,2025-09-30,52510,36,1305
총신대입구(이수)역4,2025-10-31,2025-09-01 ~ 2025-09-30,2025-09-30,52510,36,1305
총신대입구(이수)역4,2025-11-30,2025-09-01 ~ 2025-10-31,2025-10-01,52545,35,1340
총신대입구(이수)역4,2025-10-31,2025-09-01 ~ 2025-09-30,2025-10-01,52545,35,1340
총신대입구(이수)역4,2025-11-30,2025-09-01 ~ 2025-10-31,2025-10-02,52577,32,1372
총신대입구(이수)역4,2025-11-30,2025-09-01 ~ 2025-10-31,2025-10-08,52753,176,1548
총신대입구(이수)역4,2025-11-30,2025-09-01 ~ 2025-10-31,2025-10-12,52871,118,1666
총신대입구(이수)역4,2025-11-30,2025-09-01 ~ 2025-10-31,2025-10-13,52898,27,1693
총신대입구(이수)역4,2025-11-30,2025-09-01 ~ 2025-10-31,2025-10-14,52926,28,1721
총신대입구(이수)역4,2025-11-30,2025-09-01 ~ 2025-10-31,2025-10-15,52954,28,1749
총신대입구(이수)역4,2025-11-30,2025-09-01 ~ 2025-10-31,2025-10-16,52983,29,1778
총신대입구(이수)역4,2025-11-30,2025-09-01 ~ 2025-10-31,2025-10-17,53017,34,1812
총신대입구(이수)역4,2025-11-30,2025-09-01 ~ 2025-10-31,2025-10-18,53052,35,1847
총신대입구(이수)역4,2025-11-30,2025-09-01 ~ 2025-10-31,2025-10-19,53085,33,1880
총신대입구(이수)역4,2025-11-30,2025-09-01 ~ 2025-10-31,2025-10-20,53109,24,1904
총신대입구(이수)역4,2025-11-30,2025-09-01 ~ 2025-10-31,2025-10-21,53139,30,1934
총신대입구(이수)역4,2025-11-30,2025-09-01 ~ 2025-10-31,2025-10-22,53168,29,1963
총신대입구(이수)역4,2025-11-30,2025-09-01 ~ 2025-10-31,2025-10-23,53198,30,1993
총신대입구(이수)역4,2025-11-30,2025-09-01 ~ 2025-10-31,2025-10-24,53228,30,2023
총신대입구(이수)역4,2025-11-30,2025-09-01 ~ 2025-10-31,2025-10-25,53259,31,2054
총신대입구(이수)역4,2025-11-30,2025-09-01 ~ 2025-10-31,2025-10-26,53287,28,2082
총신대입구(이수)역4,2025-11-30,2025-09-01 ~ 2025-10-31,2025-10-27,53310,23,2105
총신대입구(이수)역4,2025-11-30,2025-09-01 ~ 2025-10-31,2025-10-28,53338,28,2133
총신대입구(이수)역4,2025-11-30,2025-09-01 ~ 2025-10-31,2025-10-29,53367,29,2162
총신대입구(이수)역4,2025-11-30,2025-09-01 ~ 2025-10-31,2025-10-30,53395,28,2190
총신대입구(이수)역4,2025-11-30,2025-09-01 ~ 2025-10-31,2025-10-31,53407,12,2202
총신대입구(이수)역4,2025-11-30,2025-09-01 ~ 2025-10-31,2025-11-01,53453,46,2248
총신대입구(이수)역4,2026-01-31,2025-11-01 ~ 2025-12-31,2025-11-02,53481,28,28
총신대입구(이수)역4,2025-12-31,2025-11-01 ~ 2025-11-30,2025-11-02,53481,28,28
총신대입구(이수)역4,2025-12-31,2025-11-01 ~ 2025-11-30,2025-11-03,53504,23,51
총신대입구(이수)역4,2026-01-31,2025-11-01 ~ 2025-12-31,2025-11-03,53504,23,51
총신대입구(이수)역4,2025-12-31,2025-11-01 ~ 2025-11-30,2025-11-04,53529,25,76
총신대입구(이수)역4,2026-01-31,2025-11-01 ~ 2025-12-31,2025-11-04,53529,25,76
총신대입구(이수)역4,2026-01-31,2025-11-01 ~ 2025-12-31,2025-11-05,53556,27,103
총신대입구(이수)역4,2025-12-31,2025-11-01 ~ 2025-11-30,2025-11-05,53556,27,103
총신대입구(이수)역4,2025-12-31,2025-11-01 ~ 2025-11-30,2025-11-06,53582,26,129
총신대입구(이수)역4,2026-01-31,2025-11-01 ~ 2025-12-31,2025-11-06,53582,26,129
총신대입구(이수)역4,2025-12-31,2025-11-01 ~ 2025-11-30,2025-11-07,53609,27,156
총신대입구(이수)역4,2026-01-31,2025-11-01 ~ 2025-12-31,2025-11-07,53609,27,156
총신대입구(이수)역4,2026-01-31,2025-11-01 ~ 2025-12-31,2025-11-08,53639,30,186
총신대입구(이수)역4,2025-12-31,2025-11-01 ~ 2025-11-30,2025-11-08,53639,30,186
총신대입구(이수)역4,2026-01-31,2025-11-01 ~ 2025-12-31,2025-11-09,53668,29,215
총신대입구(이수)역4,2025-12-31,2025-11-01 ~ 2025-11-30,2025-11-09,53668,29,215
총신대입구(이수)역4,2025-12-31,2025-11-01 ~ 2025-11-30,2025-11-10,53690,22,237
총신대입구(이수)역4,2026-01-31,2025-11-01 ~ 2025-12-31,2025-11-10,53690,22,237
총신대입구(이수)역4,2026-01-31,2025-11-01 ~ 2025-12-31,2025-11-11,53716,26,263
총신대입구(이수)역4,2025-12-31,2025-11-01 ~ 2025-11-30,2025-11-11,53716,26,263
총신대입구(이수)역4,2025-12-31,2025-11-01 ~ 2025-11-30,2025-11-12,53745,29,292
총신대입구(이수)역4,2026-01-31,2025-11-01 ~ 2025-12-31,2025-11-12,53745,29,292
총신대입구(이수)역4,2025-12-31,2025-11-01 ~ 2025-11-30,2025-11-13,53773,28,320
총신대입구(이수)역4,2026-01-31,2025-11-01 ~ 2025-12-31,2025-11-13,53773,28,320
총신대입구(이수)역4,2026-01-31,2025-11-01 ~ 2025-12-31,2025-11-14,53800,27,347
총신대입구(이수)역4,2025-12-31,2025-11-01 ~ 2025-11-30,2025-11-14,53800,27,347
총신대입구(이수)역4,2025-12-31,2025-11-01 ~ 2025-11-30,2025-11-15,53829,29,376
총신대입구(이수)역4,2026-01-31,2025-11-01 ~ 2025-12-31,2025-11-15,53829,29,376
총신대입구(이수)역4,2026-01-31,2025-11-01 ~ 2025-12-31,2025-11-16,53856,27,403
총신대입구(이수)역4,2025-12-31,2025-11-01 ~ 2025-11-30,2025-11-16,53856,27,403
총신대입구(이수)역4,2026-01-31,2025-11-01 ~ 2025-12-31,2025-11-17,53878,22,425
총신대입구(이수)역4,2025-12-31,2025-11-01 ~ 2025-11-30,2025-11-17,53878,22,425
총신대입구(이수)역4,2025-12-31,2025-11-01 ~ 2025-11-30,2025-11-18,53902,24,449
총신대입구(이수)역4,2026-01-31,2025-11-01 ~ 2025-12-31,2025-11-18,53902,24,449
총신대입구(이수)역4,2026-01-31,2025-11-01 ~ 2025-12-31,2025-11-19,53928,26,475
총신대입구(이수)역4,2025-12-31,2025-11-01 ~ 2025-11-30,2025-11-19,53928,26,475
총신대입구(이수)역4,2026-01-31,2025-11-01 ~ 2025-12-31,2025-11-20,53954,26,501
총신대입구(이수)역4,2025-12-31,2025-11-01 ~ 2025-11-30,2025-11-20,53954,26,501
총신대입구(이수)역4,2026-01-31,2025-11-01 ~ 2025-12-31,2025-11-21,53983,29,530
총신대입구(이수)역4,2025-12-31,2025-11-01 ~ 2025-11-30,2025-11-21,53983,29,530
총신대입구(이수)역4,2026-01-31,2025-11-01 ~ 2025-12-31,2025-11-22,54012,29,559
총신대입구(이수)역4,2025-12-31,2025-11-01 ~ 2025-11-30,2025-11-22,54012,29,559
총신대입구(이수)역4,2025-12-31,2025-11-01 ~ 2025-11-30,2025-11-23,54037,25,584
총신대입구(이수)역4,2026-01-31,2025-11-01 ~ 2025-12-31,2025-11-23,54037,25,584
총신대입구(이수)역4,2026-01-31,2025-11-01 ~ 2025-12-31,2025-11-24,54059,22,606
총신대입구(이수)역4,2025-12-31,2025-11-01 ~ 2025-11-30,2025-11-24,54059,22,606
총신대입구(이수)역4,2025-12-31,2025-11-01 ~ 2025-11-30,2025-11-25,54084,25,631
총신대입구(이수)역4,2026-01-31,2025-11-01 ~ 2025-12-31,2025-11-25,54084,25,631
총신대입구(이수)역4,2025-12-31,2025-11-01 ~ 2025-11-30,2025-11-26,54110,26,657
총신대입구(이수)역4,2026-01-31,2025-11-01 ~ 2025-12-31,2025-11-26,54110,26,657
총신대입구(이수)역4,2025-12-31,2025-11-01 ~ 2025-11-30,2025-11-27,54137,27,684
총신대입구(이수)역4,2026-01-31,2025-11-01 ~ 2025-12-31,2025-11-27,54137,27,684
총신대입구(이수)역4,2025-12-31,2025-11-01 ~ 2025-11-30,2025-11-28,54164,27,711
총신대입구(이수)역4,2026-01-31,2025-11-01 ~ 2025-12-31,2025-11-28,54164,27,711
총신대입구(이수)역4,2025-12-31,2025-11-01 ~ 2025-11-30,2025-11-29,54193,29,740
총신대입구(이수)역4,2026-01-31,2025-11-01 ~ 2025-12-31,2025-11-29,54193,29,740
총신대입구(이수)역4,2025-12-31,2025-11-01 ~ 2025-11-30,2025-11-30,54221,28,768
총신대입구(이수)역4,2026-01-31,2025-11-01 ~ 2025-12-31,2025-11-30,54221,28,768
총신대입구(이수)역4,2025-12-31,2025-11-01 ~ 2025-11-30,2025-12-01,54242,21,789
총신대입구(이수)역4,2026-01-31,2025-11-01 ~ 2025-12-31,2025-12-01,54242,21,789
총신대입구(이수)역4,2026-01-31,2025-11-01 ~ 2025-12-31,2025-12-02,54267,25,814
총신대입구(이수)역4,2026-01-31,2025-11-01 ~ 2025-12-31,2025-12-03,54292,25,839
총신대입구(이수)역4,2026-01-31,2025-11-01 ~ 2025-12-31,2025-12-04,54316,24,863
총신대입구(이수)역4,2026-01-31,2025-11-01 ~ 2025-12-31,2025-12-05,54342,26,889
총신대입구(이수)역4,2026-01-31,2025-11-01 ~ 2025-12-31,2025-12-06,54371,29,918
총신대입구(이수)역4,2026-01-31,2025-11-01 ~ 2025-12-31,2025-12-07,54400,29,947
총신대입구(이수)역4,2026-01-31,2025-11-01 ~ 2025-12-31,2025-12-08,54421,21,968
총신대입구(이수)역4,2026-01-31,2025-11-01 ~ 2025-12-31,2025-12-09,54446,25,993
총신대입구(이수)역4,2026-01-31,2025-11-01 ~ 2025-12-31,2025-12-10,54471,25,1018
총신대입구(이수)역4,2026-01-31,2025-11-01 ~ 2025-12-31,2025-12-11,54498,27,1045
총신대입구(이수)역4,2026-01-31,2025-11-01 ~ 2025-12-31,2025-12-12,54526,28,1073
총신대입구(이수)역4,2026-01-31,2025-11-01 ~ 2025-12-31,2025-12-13,54554,28,1101
총신대입구(이수)역4,2026-01-31,2025-11-01 ~ 2025-12-31,2025-12-14,54581,27,1128
총신대입구(이수)역4,2026-01-31,2025-11-01 ~ 2025-12-31,2025-12-15,54603,22,1150
총신대입구(이수)역4,2026-01-31,2025-11-01 ~ 2025-12-31,2025-12-16,54629,26,1176
총신대입구(이수)역4,2026-01-31,2025-11-01 ~ 2025-12-31,2025-12-17,54653,24,1200
총신대입구(이수)역4,2026-01-31,2025-11-01 ~ 2025-12-31,2025-12-18,54681,28,1228
총신대입구(이수)역4,2026-01-31,2025-11-01 ~ 2025-12-31,2025-12-19,54709,28,1256
총신대입구(이수)역4,2026-01-31,2025-11-01 ~ 2025-12-31,2025-12-20,54739,30,1286
총신대입구(이수)역4,2026-01-31,2025-11-01 ~ 2025-12-31,2025-12-21,54766,27,1313
총신대입구(이수)역4,2026-01-31,2025-11-01 ~ 2025-12-31,2025-12-22,54786,20,1333
총신대입구(이수)역4,2026-01-31,2025-11-01 ~ 2025-12-31,2025-12-23,54813,27,1360
총신대입구(이수)역4,2026-01-31,2025-11-01 ~ 2025-12-31,2025-12-24,54839,26,1386
총신대입구(이수)역4,2026-01-31,2025-11-01 ~ 2025-12-31,2025-12-25,54867,28,1414
총신대입구(이수)역4,2026-01-31,2025-11-01 ~ 2025-12-31,2025-12-26,54888,21,1435
총신대입구(이수)역4,2026-01-31,2025-11-01 ~ 2025-12-31,2025-12-27,54912,24,1459
총신대입구(이수)역4,2026-01-31,2025-11-01 ~ 2025-12-31,2025-12-28,54936,24,1483
총신대입구(이수)역4,2026-01-31,2025-11-01 ~ 2025-12-31,2025-12-29,54956,20,1503
총신대입구(이수)역4,2026-01-31,2025-11-01 ~ 2025-12-31,2025-12-30,54981,25,1528
총신대입구(이수)역4,2026-01-31,2025-11-01 ~ 2025-12-31,2025-12-31,55008,27,1555
총신대입구(이수)역4,2026-01-31,2025-11-01 ~ 2025-12-31,2026-01-01,55033,25,1580
총신대입구(이수)역4,2026-02-28,2026-01-01 ~ 2026-01-31,2026-01-02,55048,15,15
총신대입구(이수)역4,2026-03-31,2026-01-01 ~ 2026-02-28,2026-01-02,55048,15,15
총신대입구(이수)역4,2026-03-31,2026-01-01 ~ 2026-02-28,2026-01-03,55069,21,36
총신대입구(이수)역4,2026-02-28,2026-01-01 ~ 2026-01-31,2026-01-03,55069,21,36
총신대입구(이수)역4,2026-03-31,2026-01-01 ~ 2026-02-28,2026-01-04,55094,25,61
총신대입구(이수)역4,2026-02-28,2026-01-01 ~ 2026-01-31,2026-01-04,55094,25,61
총신대입구(이수)역4,2026-03-31,2026-01-01 ~ 2026-02-28,2026-01-05,55114,20,81
총신대입구(이수)역4,2026-02-28,2026-01-01 ~ 2026-01-31,2026-01-05,55114,20,81
총신대입구(이수)역4,2026-03-31,2026-01-01 ~ 2026-02-28,2026-01-06,55139,25,106
총신대입구(이수)역4,2026-02-28,2026-01-01 ~ 2026-01-31,2026-01-06,55139,25,106
총신대입구(이수)역4,2026-03-31,2026-01-01 ~ 2026-02-28,2026-01-07,55168,29,135
총신대입구(이수)역4,2026-02-28,2026-01-01 ~ 2026-01-31,2026-01-07,55168,29,135
총신대입구(이수)역4,2026-03-31,2026-01-01 ~ 2026-02-28,2026-01-08,55204,36,171
총신대입구(이수)역4,2026-02-28,2026-01-01 ~ 2026-01-31,2026-01-08,55204,36,171
총신대입구(이수)역4,2026-02-28,2026-01-01 ~ 2026-01-31,2026-01-09,55237,33,204
총신대입구(이수)역4,2026-03-31,2026-01-01 ~ 2026-02-28,2026-01-09,55237,33,204
총신대입구(이수)역4,2026-03-31,2026-01-01 ~ 2026-02-28,2026-01-10,55272,35,239
총신대입구(이수)역4,2026-02-28,2026-01-01 ~ 2026-01-31,2026-01-10,55272,35,239
총신대입구(이수)역4,2026-03-31,2026-01-01 ~ 2026-02-28,2026-01-11,55305,33,272
총신대입구(이수)역4,2026-02-28,2026-01-01 ~ 2026-01-31,2026-01-11,55305,33,272
총신대입구(이수)역4,2026-02-28,2026-01-01 ~ 2026-01-31,2026-01-12,55329,24,296
총신대입구(이수)역4,2026-03-31,2026-01-01 ~ 2026-02-28,2026-01-12,55329,24,296
총신대입구(이수)역4,2026-03-31,2026-01-01 ~ 2026-02-28,2026-01-13,55359,30,326
총신대입구(이수)역4,2026-02-28,2026-01-01 ~ 2026-01-31,2026-01-13,55359,30,326
총신대입구(이수)역4,2026-03-31,2026-01-01 ~ 2026-02-28,2026-01-14,55391,32,358
총신대입구(이수)역4,2026-02-28,2026-01-01 ~ 2026-01-31,2026-01-14,55391,32,358
총신대입구(이수)역4,2026-02-28,2026-01-01 ~ 2026-01-31,2026-01-15,55421,30,388
총신대입구(이수)역4,2026-03-31,2026-01-01 ~ 2026-02-28,2026-01-15,55421,30,388
총신대입구(이수)역4,2026-03-31,2026-01-01 ~ 2026-02-28,2026-01-16,55453,32,420
총신대입구(이수)역4,2026-02-28,2026-01-01 ~ 2026-01-31,2026-01-16,55453,32,420
총신대입구(이수)역4,2026-02-28,2026-01-01 ~ 2026-01-31,2026-01-17,55486,33,453
총신대입구(이수)역4,2026-03-31,2026-01-01 ~ 2026-02-28,2026-01-17,55486,33,453
총신대입구(이수)역4,2026-03-31,2026-01-01 ~ 2026-02-28,2026-01-18,55519,33,486
총신대입구(이수)역4,2026-02-28,2026-01-01 ~ 2026-01-31,2026-01-18,55519,33,486
총신대입구(이수)역4,2026-03-31,2026-01-01 ~ 2026-02-28,2026-01-19,55546,27,513
총신대입구(이수)역4,2026-02-28,2026-01-01 ~ 2026-01-31,2026-01-19,55546,27,513
총신대입구(이수)역4,2026-02-28,2026-01-01 ~ 2026-01-31,2026-01-20,55576,30,543
총신대입구(이수)역4,2026-03-31,2026-01-01 ~ 2026-02-28,2026-01-20,55576,30,543
총신대입구(이수)역4,2026-03-31,2026-01-01 ~ 2026-02-28,2026-01-21,55607,31,574
총신대입구(이수)역4,2026-02-28,2026-01-01 ~ 2026-01-31,2026-01-21,55607,31,574
총신대입구(이수)역4,2026-02-28,2026-01-01 ~ 2026-01-31,2026-01-22,55636,29,603
총신대입구(이수)역4,2026-03-31,2026-01-01 ~ 2026-02-28,2026-01-22,55636,29,603
총신대입구(이수)역4,2026-02-28,2026-01-01 ~ 2026-01-31,2026-01-23,55666,30,633
총신대입구(이수)역4,2026-03-31,2026-01-01 ~ 2026-02-28,2026-01-23,55666,30,633
총신대입구(이수)역4,2026-02-28,2026-01-01 ~ 2026-01-31,2026-01-24,55699,33,666
총신대입구(이수)역4,2026-03-31,2026-01-01 ~ 2026-02-28,2026-01-24,55699,33,666
총신대입구(이수)역4,2026-02-28,2026-01-01 ~ 2026-01-31,2026-01-25,55728,29,695
총신대입구(이수)역4,2026-03-31,2026-01-01 ~ 2026-02-28,2026-01-25,55728,29,695
총신대입구(이수)역4,2026-02-28,2026-01-01 ~ 2026-01-31,2026-01-26,55754,26,721
총신대입구(이수)역4,2026-03-31,2026-01-01 ~ 2026-02-28,2026-01-26,55754,26,721
총신대입구(이수)역4,2026-02-28,2026-01-01 ~ 2026-01-31,2026-01-27,55787,33,754
총신대입구(이수)역4,2026-03-31,2026-01-01 ~ 2026-02-28,2026-01-27,55787,33,754
총신대입구(이수)역4,2026-02-28,2026-01-01 ~ 2026-01-31,2026-01-28,55819,32,786
총신대입구(이수)역4,2026-03-31,2026-01-01 ~ 2026-02-28,2026-01-28,55819,32,786
총신대입구(이수)역4,2026-02-28,2026-01-01 ~ 2026-01-31,2026-01-29,55853,34,820
총신대입구(이수)역4,2026-03-31,2026-01-01 ~ 2026-02-28,2026-01-29,55853,34,820
총신대입구(이수)역4,2026-02-28,2026-01-01 ~ 2026-01-31,2026-01-30,55885,32,852
총신대입구(이수)역4,2026-03-31,2026-01-01 ~ 2026-02-28,2026-01-30,55885,32,852
총신대입구(이수)역4,2026-02-28,2026-01-01 ~ 2026-01-31,2026-01-31,55917,32,884
총신대입구(이수)역4,2026-03-31,2026-01-01 ~ 2026-02-28,2026-01-31,55917,32,884
총신대입구(이수)역4,2026-03-31,2026-01-01 ~ 2026-02-28,2026-02-01,55948,31,915
총신대입구(이수)역4,2026-02-28,2026-01-01 ~ 2026-01-31,2026-02-01,55948,31,915
총신대입구(이수)역4,2026-03-31,2026-01-01 ~ 2026-02-28,2026-02-02,55974,26,941
총신대입구(이수)역4,2026-03-31,2026-01-01 ~ 2026-02-28,2026-02-03,56004,30,971
총신대입구(이수)역4,2026-03-31,2026-01-01 ~ 2026-02-28,2026-02-04,56037,33,1004
총신대입구(이수)역4,2026-03-31,2026-01-01 ~ 2026-02-28,2026-02-05,56069,32,1036
총신대입구(이수)역4,2026-03-31,2026-01-01 ~ 2026-02-28,2026-02-06,56102,33,1069
총신대입구(이수)역4,2026-03-31,2026-01-01 ~ 2026-02-28,2026-02-07,56133,31,1100
총신대입구(이수)역4,2026-03-31,2026-01-01 ~ 2026-02-28,2026-02-08,56163,30,1130
총신대입구(이수)역4,2026-03-31,2026-01-01 ~ 2026-02-28,2026-02-09,56190,27,1157
총신대입구(이수)역4,2026-03-31,2026-01-01 ~ 2026-02-28,2026-02-10,56220,30,1187
총신대입구(이수)역4,2026-03-31,2026-01-01 ~ 2026-02-28,2026-02-11,56252,32,1219
총신대입구(이수)역4,2026-03-31,2026-01-01 ~ 2026-02-28,2026-02-12,56287,35,1254
총신대입구(이수)역4,2026-03-31,2026-01-01 ~ 2026-02-28,2026-02-13,56320,33,1287
총신대입구(이수)역4,2026-03-31,2026-01-01 ~ 2026-02-28,2026-02-14,56354,34,1321
총신대입구(이수)역4,2026-03-31,2026-01-01 ~ 2026-02-28,2026-02-15,56384,30,1351
총신대입구(이수)역4,2026-03-31,2026-01-01 ~ 2026-02-28,2026-02-16,56412,28,1379
총신대입구(이수)역4,2026-03-31,2026-01-01 ~ 2026-02-28,2026-02-17,56436,24,1403
총신대입구(이수)역4,2026-03-31,2026-01-01 ~ 2026-02-28,2026-02-18,56455,19,1422
총신대입구(이수)역4,2026-03-31,2026-01-01 ~ 2026-02-28,2026-02-19,56479,24,1446
총신대입구(이수)역4,2026-03-31,2026-01-01 ~ 2026-02-28,2026-02-20,56510,31,1477
총신대입구(이수)역4,2026-03-31,2026-01-01 ~ 2026-02-28,2026-02-21,56534,24,1501
총신대입구(이수)역4,2026-03-31,2026-01-01 ~ 2026-02-28,2026-02-22,56559,25,1526
총신대입구(이수)역4,2026-03-31,2026-01-01 ~ 2026-02-28,2026-02-23,56579,20,1546
총신대입구(이수)역4,2026-03-31,2026-01-01 ~ 2026-02-28,2026-02-24,56604,25,1571
총신대입구(이수)역4,2026-03-31,2026-01-01 ~ 2026-02-28,2026-02-25,56629,25,1596
총신대입구(이수)역4,2026-03-31,2026-01-01 ~ 2026-02-28,2026-02-26,56655,26,1622
총신대입구(이수)역4,2026-03-31,2026-01-01 ~ 2026-02-28,2026-02-27,56681,26,1648
총신대입구(이수)역4,2026-03-31,2026-01-01 ~ 2026-02-28,2026-02-28,56709,28,1676
총신대입구(이수)역4,2026-03-31,2026-01-01 ~ 2026-02-28,2026-03-01,56736,27,1703
총신대입구(이수)역4,2026-05-31,2026-03-01 ~ 2026-04-30,2026-03-02,56756,20,20
총신대입구(이수)역4,2026-04-30,2026-03-01 ~ 2026-03-31,2026-03-02,56756,20,20
총신대입구(이수)역4,2026-04-30,2026-03-01 ~ 2026-03-31,2026-03-03,56776,20,40
총신대입구(이수)역4,2026-05-31,2026-03-01 ~ 2026-04-30,2026-03-03,56776,20,40
총신대입구(이수)역4,2026-04-30,2026-03-01 ~ 2026-03-31,2026-03-04,56800,24,64
총신대입구(이수)역4,2026-05-31,2026-03-01 ~ 2026-04-30,2026-03-04,56800,24,64
총신대입구(이수)역4,2026-05-31,2026-03-01 ~ 2026-04-30,2026-03-05,56825,25,89
총신대입구(이수)역4,2026-04-30,2026-03-01 ~ 2026-03-31,2026-03-05,56825,25,89
총신대입구(이수)역4,2026-05-31,2026-03-01 ~ 2026-04-30,2026-03-06,56850,25,114
총신대입구(이수)역4,2026-04-30,2026-03-01 ~ 2026-03-31,2026-03-06,56850,25,114
총신대입구(이수)역4,2026-05-31,2026-03-01 ~ 2026-04-30,2026-03-07,56877,27,141
총신대입구(이수)역4,2026-04-30,2026-03-01 ~ 2026-03-31,2026-03-07,56877,27,141
총신대입구(이수)역4,2026-05-31,2026-03-01 ~ 2026-04-30,2026-03-08,56903,26,167
총신대입구(이수)역4,2026-04-30,2026-03-01 ~ 2026-03-31,2026-03-08,56903,26,167
총신대입구(이수)역4,2026-04-30,2026-03-01 ~ 2026-03-31,2026-03-09,56922,19,186
총신대입구(이수)역4,2026-05-31,2026-03-01 ~ 2026-04-30,2026-03-09,56922,19,186
총신대입구(이수)역4,2026-04-30,2026-03-01 ~ 2026-03-31,2026-03-10,56946,24,210
총신대입구(이수)역4,2026-05-31,2026-03-01 ~ 2026-04-30,2026-03-10,56946,24,210
총신대입구(이수)역4,2026-05-31,2026-03-01 ~ 2026-04-30,2026-03-11,56971,25,235
총신대입구(이수)역4,2026-04-30,2026-03-01 ~ 2026-03-31,2026-03-11,56971,25,235
총신대입구(이수)역4,2026-05-31,2026-03-01 ~ 2026-04-30,2026-03-12,56998,27,262
총신대입구(이수)역4,2026-04-30,2026-03-01 ~ 2026-03-31,2026-03-12,56998,27,262
총신대입구(이수)역4,2026-05-31,2026-03-01 ~ 2026-04-30,2026-03-13,57024,26,288
총신대입구(이수)역4,2026-04-30,2026-03-01 ~ 2026-03-31,2026-03-13,57024,26,288
총신대입구(이수)역4,2026-04-30,2026-03-01 ~ 2026-03-31,2026-03-14,57050,26,314
총신대입구(이수)역4,2026-05-31,2026-03-01 ~ 2026-04-30,2026-03-14,57050,26,314
총신대입구(이수)역4,2026-04-30,2026-03-01 ~ 2026-03-31,2026-03-15,57080,30,344
총신대입구(이수)역4,2026-05-31,2026-03-01 ~ 2026-04-30,2026-03-15,57080,30,344
총신대입구(이수)역4,2026-05-31,2026-03-01 ~ 2026-04-30,2026-03-16,57099,19,363
총신대입구(이수)역4,2026-04-30,2026-03-01 ~ 2026-03-31,2026-03-16,57099,19,363
총신대입구(이수)역4,2026-05-31,2026-03-01 ~ 2026-04-30,2026-03-17,57126,27,390
총신대입구(이수)역4,2026-04-30,2026-03-01 ~ 2026-03-31,2026-03-17,57126,27,390
총신대입구(이수)역4,2026-04-30,2026-03-01 ~ 2026-03-31,2026-03-18,57152,26,416
총신대입구(이수)역4,2026-05-31,2026-03-01 ~ 2026-04-30,2026-03-18,57152,26,416
총신대입구(이수)역4,2026-05-31,2026-03-01 ~ 2026-04-30,2026-03-19,57176,24,440
총신대입구(이수)역4,2026-04-30,2026-03-01 ~ 2026-03-31,2026-03-19,57176,24,440
총신대입구(이수)역4,2026-05-31,2026-03-01 ~ 2026-04-30,2026-03-20,57203,27,467
총신대입구(이수)역4,2026-04-30,2026-03-01 ~ 2026-03-31,2026-03-20,57203,27,467
총신대입구(이수)역4,2026-05-31,2026-03-01 ~ 2026-04-30,2026-03-21,57231,28,495
총신대입구(이수)역4,2026-04-30,2026-03-01 ~ 2026-03-31,2026-03-21,57231,28,495
총신대입구(이수)역4,2026-05-31,2026-03-01 ~ 2026-04-30,2026-03-22,57259,28,523
총신대입구(이수)역4,2026-04-30,2026-03-01 ~ 2026-03-31,2026-03-22,57259,28,523
총신대입구(이수)역4,2026-05-31,2026-03-01 ~ 2026-04-30,2026-03-23,57280,21,544
총신대입구(이수)역4,2026-04-30,2026-03-01 ~ 2026-03-31,2026-03-23,57280,21,544
총신대입구(이수)역4,2026-05-31,2026-03-01 ~ 2026-04-30,2026-03-24,57305,25,569
총신대입구(이수)역4,2026-04-30,2026-03-01 ~ 2026-03-31,2026-03-24,57305,25,569
총신대입구(이수)역4,2026-04-30,2026-03-01 ~ 2026-03-31,2026-03-25,57332,27,596
총신대입구(이수)역4,2026-05-31,2026-03-01 ~ 2026-04-30,2026-03-25,57332,27,596
총신대입구(이수)역4,2026-04-30,2026-03-01 ~ 2026-03-31,2026-03-26,57360,28,624
총신대입구(이수)역4,2026-05-31,2026-03-01 ~ 2026-04-30,2026-03-26,57360,28,624
총신대입구(이수)역4,2026-04-30,2026-03-01 ~ 2026-03-31,2026-03-27,57388,28,652
총신대입구(이수)역4,2026-05-31,2026-03-01 ~ 2026-04-30,2026-03-27,57388,28,652
총신대입구(이수)역4,2026-04-30,2026-03-01 ~ 2026-03-31,2026-03-28,57415,27,679
총신대입구(이수)역4,2026-05-31,2026-03-01 ~ 2026-04-30,2026-03-28,57415,27,679
총신대입구(이수)역4,2026-04-30,2026-03-01 ~ 2026-03-31,2026-03-29,57447,32,711
총신대입구(이수)역4,2026-05-31,2026-03-01 ~ 2026-04-30,2026-03-29,57447,32,711
총신대입구(이수)역4,2026-04-30,2026-03-01 ~ 2026-03-31,2026-03-30,57470,23,734
총신대입구(이수)역4,2026-05-31,2026-03-01 ~ 2026-04-30,2026-03-30,57470,23,734
총신대입구(이수)역4,2026-04-30,2026-03-01 ~ 2026-03-31,2026-03-31,57494,24,758
총신대입구(이수)역4,2026-05-31,2026-03-01 ~ 2026-04-30,2026-03-31,57494,24,758
총신대입구(이수)역4,2026-05-31,2026-03-01 ~ 2026-04-30,2026-04-01,57522,28,786
총신대입구(이수)역4,2026-04-30,2026-03-01 ~ 2026-03-31,2026-04-01,57522,28,786
총신대입구(이수)역4,2026-05-31,2026-03-01 ~ 2026-04-30,2026-04-02,57551,29,815
총신대입구(이수)역4,2026-05-31,2026-03-01 ~ 2026-04-30,2026-04-03,57579,28,843
총신대입구(이수)역4,2026-05-31,2026-03-01 ~ 2026-04-30,2026-04-04,57609,30,873
총신대입구(이수)역4,2026-05-31,2026-03-01 ~ 2026-04-30,2026-04-05,57639,30,903
총신대입구(이수)역4,2026-05-31,2026-03-01 ~ 2026-04-30,2026-04-06,57661,22,925
총신대입구(이수)역4,2026-05-31,2026-03-01 ~ 2026-04-30,2026-04-07,57686,25,950
총신대입구(이수)역4,2026-05-31,2026-03-01 ~ 2026-04-30,2026-04-08,57715,29,979
총신대입구(이수)역4,2026-05-31,2026-03-01 ~ 2026-04-30,2026-04-09,57745,30,1009
총신대입구(이수)역4,2026-05-31,2026-03-01 ~ 2026-04-30,2026-04-10,57774,29,1038
총신대입구(이수)역4,2026-05-31,2026-03-01 ~ 2026-04-30,2026-04-11,57804,30,1068
총신대입구(이수)역4,2026-05-31,2026-03-01 ~ 2026-04-30,2026-04-12,57834,30,1098
총신대입구(이수)역4,2026-05-31,2026-03-01 ~ 2026-04-30,2026-04-13,57857,23,1121
총신대입구(이수)역4,2026-05-31,2026-03-01 ~ 2026-04-30,2026-04-14,57883,26,1147
총신대입구(이수)역4,2026-05-31,2026-03-01 ~ 2026-04-30,2026-04-15,57910,27,1174
총신대입구(이수)역4,2026-05-31,2026-03-01 ~ 2026-04-30,2026-04-16,57937,27,1201
총신대입구(이수)역4,2026-05-31,2026-03-01 ~ 2026-04-30,2026-04-17,57962,25,1226
총신대입구(이수)역4,2026-05-31,2026-03-01 ~ 2026-04-30,2026-04-18,57993,31,1257
총신대입구(이수)역4,2026-05-31,2026-03-01 ~ 2026-04-30,2026-04-19,58021,28,1285
총신대입구(이수)역4,2026-05-31,2026-03-01 ~ 2026-04-30,2026-04-20,58043,22,1307
총신대입구(이수)역4,2026-05-31,2026-03-01 ~ 2026-04-30,2026-04-21,58101,58,1365
총신대입구(이수)역4,2026-05-31,2026-03-01 ~ 2026-04-30,2026-04-22,58130,29,1394
총신대입구(이수)역4,2026-05-31,2026-03-01 ~ 2026-04-30,2026-04-23,58158,28,1422
총신대입구(이수)역4,2026-05-31,2026-03-01 ~ 2026-04-30,2026-04-24,58185,27,1449
총신대입구(이수)역4,2026-05-31,2026-03-01 ~ 2026-04-30,2026-04-25,58216,31,1480
총신대입구(이수)역4,2026-05-31,2026-03-01 ~ 2026-04-30,2026-04-26,58246,30,1510
총신대입구(이수)역4,2026-05-31,2026-03-01 ~ 2026-04-30,2026-04-27,58270,24,1534
총신대입구(이수)역4,2026-05-31,2026-03-01 ~ 2026-04-30,2026-04-28,58298,28,1562
총신대입구(이수)역4,2026-05-31,2026-03-01 ~ 2026-04-30,2026-04-29,58329,31,1593
총신대입구(이수)역4,2026-05-31,2026-03-01 ~ 2026-04-30,2026-04-30,58361,32,1625
총신대입구(이수)역4,2026-05-31,2026-03-01 ~ 2026-04-30,2026-05-01,58392,31,1656
