고객번호,역명,시작연월,종료연월,포함월수,격월사용량_톤,격월부과금액_원
000013307,1호선 동대문역,2008-05,2008-06,2,2052.0,2790200.0
000013307,1호선 동대문역,2008-07,2008-08,2,3133.0,4173880.0
000013307,1호선 동대문역,2008-09,2008-10,2,3199.0,4258360.0
000013307,1호선 동대문역,2008-11,2008-12,2,2896.0,3870520.0
000013307,1호선 동대문역,2009-01,2009-02,2,1510.0,2096440.0
000013307,1호선 동대문역,2009-03,2009-04,2,1427.0,1990200.0
000013307,1호선 동대문역,2009-05,2009-06,2,1878.0,2604540.0
000013307,1호선 동대문역,2009-07,2009-08,2,2490.0,3387900.0
000013307,1호선 동대문역,2009-09,2009-10,2,3246.0,4355580.0
000013307,1호선 동대문역,2009-11,2009-12,2,2562.0,3480060.0
000013307,1호선 동대문역,2010-01,2010-02,2,2879.0,3891600.0
000013307,1호선 동대문역,2010-03,2010-04,2,2138.0,2943120.0
000013307,1호선 동대문역,2010-05,2010-06,2,1861.0,2588560.0
000013307,1호선 동대문역,2010-07,2010-08,2,3947.0,5235180.0
000013307,1호선 동대문역,2010-09,2010-10,2,5563.0,7349220.0
000013307,1호선 동대문역,2010-11,2010-12,2,2836.0,3858660.0
000013307,1호선 동대문역,2011-01,2011-02,2,2004.0,2800570.0
000013307,1호선 동대문역,2011-03,2011-04,2,1881.0,2655070.0
000013307,1호선 동대문역,2011-05,2011-06,2,1917.0,2701510.0
000013307,1호선 동대문역,2011-07,2011-08,2,2723.0,3741250.0
000013307,1호선 동대문역,2011-09,2011-10,2,3845.0,5188630.0
000013307,1호선 동대문역,2011-11,2011-12,2,2325.0,3227830.0
000013307,1호선 동대문역,2012-01,2012-02,2,2355.0,3266530.0
000013307,1호선 동대문역,2012-03,2012-04,2,2056.0,3635120.0
000013307,1호선 동대문역,2012-05,2012-06,2,2174.0,3828640.0
000013307,1호선 동대문역,2012-07,2012-08,2,3240.0,5576880.0
000013307,1호선 동대문역,2012-09,2012-10,2,4835.0,8192680.0
000013307,1호선 동대문역,2012-11,2012-12,2,2231.0,3922120.0
000013307,1호선 동대문역,2013-01,2013-02,2,1818.0,3244800.0
000013307,1호선 동대문역,2013-03,2013-04,2,1600.0,3240240.0
000013307,1호선 동대문역,2013-05,2013-06,2,2281.0,4493280.0
000013307,1호선 동대문역,2013-07,2013-08,2,3167.0,6123520.0
000013307,1호선 동대문역,2013-09,2013-10,2,4012.0,7759180.0
000013307,1호선 동대문역,2013-11,2013-12,2,2641.0,5348340.0
000013307,1호선 동대문역,2014-01,2014-02,2,2101.0,4162080.0
000013307,1호선 동대문역,2014-03,2014-04,2,1739.0,3821200.0
000013307,1호선 동대문역,2014-05,2014-06,2,2430.0,5203200.0
000013307,1호선 동대문역,2014-07,2014-08,2,3283.0,6909200.0
000013307,1호선 동대문역,2014-09,2014-10,2,3621.0,8787000.0
000013307,1호선 동대문역,2014-11,2014-12,2,2577.0,6655200.0
000013307,1호선 동대문역,2015-01,2015-02,2,1767.0,3777900.0
000013307,1호선 동대문역,2015-03,2015-04,2,1756.0,3855200.0
000013307,1호선 동대문역,2015-05,2015-06,2,2430.0,5112900.0
000013307,1호선 동대문역,2015-07,2015-08,2,3283.0,7173800.0
000013307,1호선 동대문역,2015-09,2015-10,2,4765.0,10207400.0
000013307,1호선 동대문역,2015-11,2015-12,2,2182.0,4635200.0
000013307,1호선 동대문역,2016-01,2016-02,2,1369.0,3167000.0
000013307,1호선 동대문역,2016-03,2016-04,2,1730.0,4013500.0
000013307,1호선 동대문역,2016-05,2016-06,2,487.0,1462360.0
000013307,1호선 동대문역,2016-07,2016-08,2,3160.0,6663200.0
000013307,1호선 동대문역,2016-09,2016-10,2,3622.0,7587200.0
000013307,1호선 동대문역,2016-11,2016-12,2,3750.0,7843200.0
000013307,1호선 동대문역,2017-01,2017-02,2,2512.0,5463960.0
000013307,1호선 동대문역,2017-03,2017-04,2,2512.0,5659880.0
000013307,1호선 동대문역,2017-05,2017-06,2,2630.0,5901440.0
000013307,1호선 동대문역,2017-07,2017-08,2,3638.0,8018220.0
000013307,1호선 동대문역,2017-09,2017-10,2,3683.0,8112720.0
000013307,1호선 동대문역,2017-11,2017-12,2,3443.0,7608720.0
000013307,1호선 동대문역,2018-01,2018-02,2,2979.0,6749150.0
000013307,1호선 동대문역,2018-03,2018-04,2,2832.0,6666360.0
000013307,1호선 동대문역,2018-05,2018-06,2,3366.0,7846500.0
000013307,1호선 동대문역,2018-07,2018-08,2,3760.0,8717240.0
000013307,1호선 동대문역,2018-09,2018-10,2,4321.0,9957050.0
000013307,1호선 동대문역,2018-11,2018-12,2,4758.0,11256180.0
000013307,1호선 동대문역,2019-01,2019-02,2,5596.0,6112150.0
000013307,1호선 동대문역,2019-03,2019-04,2,7293.0,9418860.0
000013307,1호선 동대문역,2019-05,2019-06,2,3411.0,8403230.0
000013307,1호선 동대문역,2019-07,2019-08,2,3118.0,7424540.0
000013307,1호선 동대문역,2019-09,2019-10,2,3513.0,8749290.0
000013307,1호선 동대문역,2019-11,2019-12,2,2949.0,7326770.0
000013307,1호선 동대문역,2020-01,2020-02,2,2340.0,5715000.0
000013307,1호선 동대문역,2020-03,2020-04,2,1799.0,4408470.0
000013307,1호선 동대문역,2020-05,2020-06,2,2208.0,5600240.0
000013307,1호선 동대문역,2020-07,2020-08,2,2682.0,6458660.0
000013307,1호선 동대문역,2020-09,2020-10,2,2690.0,6813300.0
000013307,1호선 동대문역,2020-11,2020-12,2,2655.0,6817350.0
000013307,1호선 동대문역,2021-01,2021-02,2,1666.0,4491780.0
000013307,1호선 동대문역,2021-03,2021-04,2,1855.0,4861750.0
000013307,1호선 동대문역,2021-05,2021-06,2,2622.0,6670860.0
000013307,1호선 동대문역,2021-07,2021-08,2,2597.0,6805860.0
000013307,1호선 동대문역,2021-09,2021-10,2,3552.0,9702080.0
000013307,1호선 동대문역,2021-11,2021-12,2,2573.0,7301820.0
000013307,1호선 동대문역,2022-01,2022-02,2,1864.0,5837730.0
000013307,1호선 동대문역,2022-03,2022-04,2,1730.0,5695700.0
000013307,1호선 동대문역,2022-05,2022-06,2,2398.0,7701900.0
000013307,1호선 동대문역,2022-07,2022-08,2,3247.0,9483350.0
000013307,1호선 동대문역,2022-09,2022-10,2,3658.0,10982900.0
000013307,1호선 동대문역,2022-11,2022-12,2,2897.0,8827450.0
000013307,1호선 동대문역,2023-01,2023-02,2,2245.0,7555670.0
000013307,1호선 동대문역,2023-03,2023-04,2,2335.0,8754050.0
000013307,1호선 동대문역,2023-05,2023-06,2,2873.0,10460910.0
000013307,1호선 동대문역,2023-07,2023-08,2,2876.0,10756120.0
000013307,1호선 동대문역,2023-09,2023-10,2,3402.0,12614140.0
000013307,1호선 동대문역,2023-11,2023-12,2,2653.0,9595910.0
000013307,1호선 동대문역,2024-01,2024-02,2,2101.0,7532870.0
000013307,1호선 동대문역,2024-03,2024-04,2,2087.0,7597890.0
000013307,1호선 동대문역,2024-05,2024-06,2,2545.0,9209950.0
000013307,1호선 동대문역,2024-07,2024-08,2,3256.0,12078320.0
000013307,1호선 동대문역,2024-09,2024-10,2,3676.0,13771720.0
000013307,1호선 동대문역,2024-11,2024-12,2,3272.0,12445840.0
000013307,1호선 동대문역,2025-01,2025-02,2,2549.0,9084630.0
000013307,1호선 동대문역,2025-03,2025-04,2,2535.0,9114450.0
000013307,1호선 동대문역,2025-05,2025-06,2,3069.0,11091430.0
000013307,1호선 동대문역,2025-07,2025-08,2,3678.0,13160260.0
000013307,1호선 동대문역,2025-09,2025-10,2,4057.0,14565390.0
000013307,1호선 동대문역,2025-11,2025-12,2,3128.0,11234560.0
000013307,1호선 동대문역,2026-01,2026-02,2,2705.0,9703210.0
000013307,1호선 동대문역,2026-03,2026-04,2,2559.0,9503920.0
006205316,5호선동대문역사문화공원역,2010-03,2010-04,2,515.0,585050.0
006205316,5호선동대문역사문화공원역,2010-05,2010-06,2,670.0,772400.0
006205316,5호선동대문역사문화공원역,2010-07,2010-08,2,982.0,1171760.0
006205316,5호선동대문역사문화공원역,2010-09,2010-10,2,781.0,914480.0
006205316,5호선동대문역사문화공원역,2010-11,2010-12,2,671.0,773680.0
006205316,5호선동대문역사문화공원역,2011-01,2011-02,2,671.0,775990.0
006205316,5호선동대문역사문화공원역,2011-03,2011-04,2,575.0,656790.0
006205316,5호선동대문역사문화공원역,2011-05,2011-06,2,714.0,835860.0
006205316,5호선동대문역사문화공원역,2011-07,2011-08,2,775.0,914550.0
006205316,5호선동대문역사문화공원역,2011-09,2011-10,2,806.0,954540.0
006205316,5호선동대문역사문화공원역,2011-11,2011-12,2,717.0,839730.0
006205316,5호선동대문역사문화공원역,2012-01,2012-02,2,674.0,784260.0
006205316,5호선동대문역사문화공원역,2012-03,2012-04,2,738.0,1086120.0
006205316,5호선동대문역사문화공원역,2012-05,2012-06,2,783.0,1159920.0
006205316,5호선동대문역사문화공원역,2012-07,2012-08,2,835.0,1245200.0
006205316,5호선동대문역사문화공원역,2012-09,2012-10,2,1012.0,1535480.0
006205316,5호선동대문역사문화공원역,2012-11,2012-12,2,778.0,1151720.0
006205316,5호선동대문역사문화공원역,2013-01,2013-02,2,744.0,1095960.0
006205316,5호선동대문역사문화공원역,2013-03,2013-04,2,670.0,1082600.0
006205316,5호선동대문역사문화공원역,2013-05,2013-06,2,908.0,1529940.0
006205316,5호선동대문역사문화공원역,2013-07,2013-08,2,830.0,1377000.0
006205316,5호선동대문역사문화공원역,2013-09,2013-10,2,1217.0,2089080.0
006205316,5호선동대문역사문화공원역,2013-11,2013-12,2,755.0,1239000.0
006205316,5호선동대문역사문화공원역,2014-01,2014-02,2,759.0,1246360.0
006205316,5호선동대문역사문화공원역,2014-03,2014-04,2,790.0,1417800.0
006205316,5호선동대문역사문화공원역,2014-05,2014-06,2,669.0,1175800.0
006205316,5호선동대문역사문화공원역,2014-07,2014-08,2,810.0,1457800.0
006205316,5호선동대문역사문화공원역,2014-09,2014-10,2,1099.0,2035800.0
006205316,5호선동대문역사문화공원역,2014-11,2014-12,2,1015.0,1867800.0
006205316,5호선동대문역사문화공원역,2015-01,2015-02,2,794.0,1425800.0
006205316,5호선동대문역사문화공원역,2015-03,2015-04,2,736.0,1309800.0
006205316,5호선동대문역사문화공원역,2015-05,2015-06,2,846.0,1529800.0
006205316,5호선동대문역사문화공원역,2015-07,2015-08,2,842.0,1521800.0
006205316,5호선동대문역사문화공원역,2015-09,2015-10,2,1023.0,1883800.0
006205316,5호선동대문역사문화공원역,2015-11,2015-12,2,761.0,1359800.0
006205316,5호선동대문역사문화공원역,2016-01,2016-02,2,678.0,1193800.0
006205316,5호선동대문역사문화공원역,2016-03,2016-04,2,907.0,1651800.0
006205316,5호선동대문역사문화공원역,2016-05,2016-06,2,784.0,1405800.0
006205316,5호선동대문역사문화공원역,2016-07,2016-08,2,841.0,1519800.0
006205316,5호선동대문역사문화공원역,2016-09,2016-10,2,1191.0,2219800.0
006205316,5호선동대문역사문화공원역,2016-11,2016-12,2,1172.0,2181800.0
006205316,5호선동대문역사문화공원역,2017-01,2017-02,2,811.0,1482700.0
006205316,5호선동대문역사문화공원역,2017-03,2017-04,2,572.0,1033660.0
006205316,5호선동대문역사문화공원역,2017-05,2017-06,2,786.0,1479400.0
006205316,5호선동대문역사문화공원역,2017-07,2017-08,2,830.0,1571800.0
006205316,5호선동대문역사문화공원역,2017-09,2017-10,2,1091.0,2119900.0
006205316,5호선동대문역사문화공원역,2017-11,2017-12,2,841.0,1594900.0
006205316,5호선동대문역사문화공원역,2018-01,2018-02,2,841.0,1627180.0
006205316,5호선동대문역사문화공원역,2018-03,2018-04,2,528.0,989640.0
006205316,5호선동대문역사문화공원역,2018-05,2018-06,2,773.0,1522130.0
006205316,5호선동대문역사문화공원역,2018-07,2018-08,2,1058.0,2151980.0
006205316,5호선동대문역사문화공원역,2018-09,2018-10,2,1628.0,3411680.0
006205316,5호선동대문역사문화공원역,2018-11,2018-12,2,804.0,1590640.0
006205316,5호선동대문역사문화공원역,2019-01,2019-02,2,702.0,1395280.0
006205316,5호선동대문역사문화공원역,2019-03,2019-04,2,644.0,1303320.0
006205316,5호선동대문역사문화공원역,2019-05,2019-06,2,765.0,1585250.0
006205316,5호선동대문역사문화공원역,2019-07,2019-08,2,999.0,2130470.0
006205316,5호선동대문역사문화공원역,2019-09,2019-10,2,1201.0,2601130.0
006205316,5호선동대문역사문화공원역,2019-11,2019-12,2,868.0,1825240.0
006205316,5호선동대문역사문화공원역,2020-01,2020-02,2,641.0,1296330.0
006205316,5호선동대문역사문화공원역,2020-03,2020-04,2,653.0,1324290.0
006205316,5호선동대문역사문화공원역,2020-05,2020-06,2,723.0,1487390.0
006205316,5호선동대문역사문화공원역,2020-07,2020-08,2,1395.0,3053150.0
006205316,5호선동대문역사문화공원역,2020-09,2020-10,2,1140.0,2459000.0
006205316,5호선동대문역사문화공원역,2020-11,2020-12,2,517.0,1028990.0
006205316,5호선동대문역사문화공원역,2021-01,2021-02,2,612.0,1228760.0
006205316,5호선동대문역사문화공원역,2021-03,2021-04,2,685.0,1398850.0
006205316,5호선동대문역사문화공원역,2021-05,2021-06,2,778.0,1615540.0
006205316,5호선동대문역사문화공원역,2021-07,2021-08,2,971.0,2155940.0
006205316,5호선동대문역사문화공원역,2021-09,2021-10,2,855.0,1978500.0
006205316,5호선동대문역사문화공원역,2021-11,2021-12,2,684.0,1544160.0
006205316,5호선동대문역사문화공원역,2022-01,2022-02,2,637.0,1486820.0
006205316,5호선동대문역사문화공원역,2022-03,2022-04,2,564.0,1379160.0
006205316,5호선동대문역사문화공원역,2022-05,2022-06,2,591.0,1446390.0
006205316,5호선동대문역사문화공원역,2022-07,2022-08,2,800.0,1998800.0
006205316,5호선동대문역사문화공원역,2022-09,2022-10,2,978.0,2470500.0
006205316,5호선동대문역사문화공원역,2022-11,2022-12,2,978.0,2470500.0
006205316,5호선동대문역사문화공원역,2023-01,2023-02,2,978.0,2757030.0
006205316,5호선동대문역사문화공원역,2023-03,2023-04,2,279.0,1025350.0
006205316,5호선동대문역사문화공원역,2023-05,2023-06,2,741.0,2328560.0
006205316,5호선동대문역사문화공원역,2023-07,2023-08,2,911.0,2899760.0
006205316,5호선동대문역사문화공원역,2023-09,2023-10,2,1178.0,3796880.0
006205316,5호선동대문역사문화공원역,2023-11,2023-12,2,857.0,2718320.0
006205316,5호선동대문역사문화공원역,2024-01,2024-02,2,831.0,2614620.0
006205316,5호선동대문역사문화공원역,2024-03,2024-04,2,754.0,2372240.0
006205316,5호선동대문역사문화공원역,2024-05,2024-06,2,816.0,2580560.0
006205316,5호선동대문역사문화공원역,2024-07,2024-08,2,874.0,2775440.0
006205316,5호선동대문역사문화공원역,2024-09,2024-10,2,874.0,2775440.0
006205316,5호선동대문역사문화공원역,2024-11,2024-12,2,857.0,2718320.0
006205316,5호선동대문역사문화공원역,2025-01,2025-02,2,831.0,2636140.0
006205316,5호선동대문역사문화공원역,2025-03,2025-04,2,754.0,2372240.0
006205316,5호선동대문역사문화공원역,2025-05,2025-06,2,816.0,2580560.0
006205316,5호선동대문역사문화공원역,2025-07,2025-08,2,1460.0,4744400.0
006205316,5호선동대문역사문화공원역,2025-09,2025-10,2,1596.0,5201360.0
006205316,5호선동대문역사문화공원역,2025-11,2025-12,2,823.0,2604080.0
006205316,5호선동대문역사문화공원역,2026-01,2026-02,2,810.0,2629580.0
006205316,5호선동대문역사문화공원역,2026-03,2026-04,2,814.0,2732160.0
000342971,5호선을지로4가역,2010-02,2010-03,2,769.0,899120.0
000342971,5호선을지로4가역,2010-04,2010-05,2,1165.0,1406000.0
000342971,5호선을지로4가역,2010-06,2010-07,2,1339.0,1628720.0
000342971,5호선을지로4가역,2010-08,2010-09,2,1329.0,1615920.0
000342971,5호선을지로4가역,2010-10,2010-11,2,353.0,398750.0
000342971,5호선을지로4가역,2010-12,2011-01,2,721.0,1310880.0
000342971,5호선을지로4가역,2011-02,2011-03,2,902.0,1096870.0
000342971,5호선을지로4가역,2011-04,2011-05,2,1024.0,1254560.0
000342971,5호선을지로4가역,2011-06,2011-07,2,1073.0,1317770.0
000342971,5호선을지로4가역,2011-08,2011-09,2,1229.0,1519010.0
000342971,5호선을지로4가역,2011-10,2011-11,2,433.0,513880.0
000342971,5호선을지로4가역,2011-12,2012-01,2,1644.0,2054360.0
000342971,5호선을지로4가역,2012-02,2012-03,2,893.0,1329650.0
000342971,5호선을지로4가역,2012-04,2012-05,2,689.0,1024560.0
000342971,5호선을지로4가역,2012-06,2012-07,2,1447.0,2267680.0
000342971,5호선을지로4가역,2012-08,2012-09,2,1435.0,2248000.0
000342971,5호선을지로4가역,2012-10,2012-11,2,1200.0,2676040.0
000342971,5호선을지로4가역,2012-12,2013-01,2,891.0,1839640.0
000342971,5호선을지로4가역,2013-02,2013-03,2,982.0,1656680.0
000342971,5호선을지로4가역,2013-04,2013-05,2,1160.0,1984200.0
000342971,5호선을지로4가역,2013-06,2013-07,2,920.0,1542600.0
000342971,5호선을지로4가역,2013-08,2013-09,2,1079.0,1835160.0
000342971,5호선을지로4가역,2013-10,2013-11,2,1073.0,1824120.0
000342971,5호선을지로4가역,2013-12,2014-01,2,1089.0,1853560.0
000342971,5호선을지로4가역,2014-02,2014-03,2,1072.0,1981800.0
000342971,5호선을지로4가역,2014-04,2014-05,2,1164.0,2165800.0
000342971,5호선을지로4가역,2014-06,2014-07,2,1465.0,2769800.0
000342971,5호선을지로4가역,2014-08,2014-09,2,1724.0,3285800.0
000342971,5호선을지로4가역,2014-10,2014-11,2,979.0,1795800.0
000342971,5호선을지로4가역,2014-12,2015-01,2,1153.0,2143800.0
000342971,5호선을지로4가역,2015-02,2015-03,2,965.0,1767800.0
000342971,5호선을지로4가역,2015-04,2015-05,2,1133.0,2103800.0
000342971,5호선을지로4가역,2015-06,2015-07,2,1153.0,2143800.0
000342971,5호선을지로4가역,2015-08,2015-09,2,1418.0,2673800.0
000342971,5호선을지로4가역,2015-10,2015-11,2,1245.0,2327800.0
000342971,5호선을지로4가역,2015-12,2016-01,2,1264.0,2365800.0
000342971,5호선을지로4가역,2016-02,2016-03,2,1149.0,2135800.0
000342971,5호선을지로4가역,2016-04,2016-05,2,1261.0,2359800.0
000342971,5호선을지로4가역,2016-06,2016-07,2,1304.0,2445800.0
000342971,5호선을지로4가역,2016-08,2016-09,2,1667.0,3171800.0
000342971,5호선을지로4가역,2016-10,2016-11,2,1618.0,3073800.0
000342971,5호선을지로4가역,2016-12,2017-01,2,1291.0,2419800.0
000342971,5호선을지로4가역,2017-02,2017-03,2,1001.0,1925800.0
000342971,5호선을지로4가역,2017-04,2017-05,2,1071.0,2077900.0
000342971,5호선을지로4가역,2017-06,2017-07,2,1212.0,2374000.0
000342971,5호선을지로4가역,2017-08,2017-09,2,1719.0,3438700.0
000342971,5호선을지로4가역,2017-10,2017-11,2,1451.0,2875900.0
000342971,5호선을지로4가역,2017-12,2018-01,2,1232.0,2416000.0
000342971,5호선을지로4가역,2018-02,2018-03,2,1895.0,2463990.0
000342971,5호선을지로4가역,2018-04,2018-05,2,1230.0,2532100.0
000342971,5호선을지로4가역,2018-06,2018-07,2,1463.0,3047030.0
000342971,5호선을지로4가역,2018-08,2018-09,2,1633.0,3422730.0
000342971,5호선을지로4가역,2018-10,2018-11,2,1948.0,4118880.0
000342971,5호선을지로4가역,2018-12,2019-01,2,1573.0,3290130.0
000342971,5호선을지로4가역,2019-02,2019-03,2,1010.0,2146090.0
000342971,5호선을지로4가역,2019-04,2019-05,2,1583.0,3491190.0
000342971,5호선을지로4가역,2019-06,2019-07,2,1463.0,3211590.0
000342971,5호선을지로4가역,2019-08,2019-09,2,1770.0,3926900.0
000342971,5호선을지로4가역,2019-10,2019-11,2,1649.0,3663770.0
000342971,5호선을지로4가역,2019-12,2020-01,2,1573.0,3486690.0
000342971,5호선을지로4가역,2020-02,2020-03,2,1010.0,2174900.0
000342971,5호선을지로4가역,2020-04,2020-05,2,1583.0,3509990.0
000342971,5호선을지로4가역,2020-06,2020-07,2,1371.0,3016030.0
000342971,5호선을지로4가역,2020-08,2020-09,2,1688.0,3754640.0
000342971,5호선을지로4가역,2020-10,2020-11,2,1758.0,3917740.0
000342971,5호선을지로4가역,2020-12,2021-01,2,1125.0,2442850.0
000342971,5호선을지로4가역,2021-02,2021-03,2,1080.0,2338000.0
000342971,5호선을지로4가역,2021-04,2021-05,2,816.0,1722880.0
000342971,5호선을지로4가역,2021-06,2021-07,2,1418.0,3155830.0
000342971,5호선을지로4가역,2021-08,2021-09,2,1902.0,4642230.0
000342971,5호선을지로4가역,2021-10,2021-11,2,1474.0,3569560.0
000342971,5호선을지로4가역,2021-12,2022-01,2,1202.0,2878680.0
000342971,5호선을지로4가역,2022-02,2022-03,2,775.0,1943620.0
000342971,5호선을지로4가역,2022-04,2022-05,2,765.0,1938100.0
000342971,5호선을지로4가역,2022-06,2022-07,2,802.0,2052050.0
000342971,5호선을지로4가역,2022-08,2022-09,2,635.0,1593600.0
000342971,5호선을지로4가역,2022-10,2022-11,2,506.0,1256030.0
000342971,5호선을지로4가역,2022-12,2023-01,2,357.0,882530.0
000342971,5호선을지로4가역,2023-02,2023-03,2,250.0,701430.0
000342971,5호선을지로4가역,2023-04,2023-05,2,211.0,583570.0
000342971,5호선을지로4가역,2023-06,2023-07,2,168.0,452880.0
000342971,5호선을지로4가역,2023-08,2023-09,2,125.0,325600.0
000342971,5호선을지로4가역,2023-10,2023-11,2,0.0,37600.0
000342971,5호선을지로4가역,2023-12,2024-01,2,6.0,47140.0
000342971,5호선을지로4가역,2024-02,2024-03,2,0.0,37600.0
000342971,5호선을지로4가역,2024-04,2024-05,2,0.0,37600.0
000342971,5호선을지로4가역,2024-06,2024-07,2,0.0,37600.0
000342971,5호선을지로4가역,2024-08,2024-09,2,3024.0,10130880.0
000342971,5호선을지로4가역,2024-10,2024-11,2,1687.0,5525920.0
000342971,5호선을지로4가역,2024-12,2025-01,2,1628.0,5315160.0
000342971,5호선을지로4가역,2025-02,2025-03,2,1474.0,4810240.0
000342971,5호선을지로4가역,2025-04,2025-05,2,1623.0,5310880.0
000342971,5호선을지로4가역,2025-06,2025-07,2,1879.0,6170040.0
000342971,5호선을지로4가역,2025-08,2025-09,2,2931.0,9807170.0
000342971,5호선을지로4가역,2025-10,2025-11,2,2205.0,7287950.0
000342971,5호선을지로4가역,2025-12,2026-01,2,1664.0,5447640.0
000342971,5호선을지로4가역,2026-02,2026-03,2,1630.0,5618160.0
000342971,5호선을지로4가역,2026-04,2026-05,2,1681.0,5819140.0
024666597,강동역,2008-06,2008-07,2,556.0,718000.0
024666597,강동역,2008-08,2008-09,2,682.0,873560.0
024666597,강동역,2008-10,2008-11,2,507.0,661650.0
024666597,강동역,2008-12,2009-01,2,657.0,841560.0
024666597,강동역,2009-02,2009-03,2,733.0,938840.0
024666597,강동역,2009-04,2009-05,2,534.0,692700.0
024666597,강동역,2009-06,2009-07,2,571.0,735250.0
024666597,강동역,2009-08,2009-09,2,731.0,936280.0
024666597,강동역,2009-10,2009-11,2,524.0,681200.0
024666597,강동역,2009-12,2010-01,2,698.0,894040.0
024666597,강동역,2010-02,2010-03,2,1752.0,3946020.0
024666597,강동역,2010-04,2010-05,2,1783.0,2282840.0
024666597,강동역,2010-06,2010-07,2,1948.0,2494040.0
024666597,강동역,2010-08,2010-09,2,2154.0,2757720.0
024666597,강동역,2010-10,2010-11,2,1625.0,2080600.0
024666597,강동역,2010-12,2011-01,2,1689.0,2162520.0
024666597,강동역,2011-02,2011-03,2,2133.0,2749720.0
024666597,강동역,2011-04,2011-05,2,1922.0,2479980.0
024666597,강동역,2011-06,2011-07,2,1890.0,2438700.0
024666597,강동역,2011-08,2011-09,2,2285.0,2948250.0
024666597,강동역,2011-10,2011-11,2,2280.0,2941800.0
024666597,강동역,2011-12,2012-01,2,2259.0,2914710.0
024666597,강동역,2012-02,2012-03,2,1610.0,2504300.0
024666597,강동역,2012-04,2012-05,2,2078.0,3369520.0
024666597,강동역,2012-06,2012-07,2,1987.0,3220280.0
024666597,강동역,2012-08,2012-09,2,1133.0,1819720.0
024666597,강동역,2012-10,2012-11,2,1575.0,2544600.0
024666597,강동역,2012-12,2013-01,2,2579.0,4191160.0
024666597,강동역,2013-02,2013-03,2,2508.0,4550320.0
024666597,강동역,2013-04,2013-05,2,2532.0,4594480.0
024666597,강동역,2013-06,2013-07,2,2582.0,4686480.0
024666597,강동역,2013-08,2013-09,2,3180.0,5786800.0
024666597,강동역,2013-10,2013-11,2,3339.0,6079360.0
024666597,강동역,2013-12,2014-01,2,2633.0,4780320.0
024666597,강동역,2014-02,2014-03,2,2405.0,4733600.0
024666597,강동역,2014-04,2014-05,2,2432.0,4787600.0
024666597,강동역,2014-06,2014-07,2,2907.0,5737600.0
024666597,강동역,2014-08,2014-09,2,4004.0,7931600.0
024666597,강동역,2014-10,2014-11,2,3579.0,7081600.0
024666597,강동역,2014-12,2015-01,2,2773.0,5469600.0
024666597,강동역,2015-02,2015-03,2,2388.0,4699600.0
024666597,강동역,2015-04,2015-05,2,2438.0,4799600.0
024666597,강동역,2015-06,2015-07,2,2836.0,5595600.0
024666597,강동역,2015-08,2015-09,2,4411.0,8745600.0
024666597,강동역,2015-10,2015-11,2,4033.0,7989600.0
024666597,강동역,2015-12,2016-01,2,2837.0,5597600.0
024666597,강동역,2016-02,2016-03,2,2369.0,4661600.0
024666597,강동역,2016-04,2016-05,2,2659.0,5241600.0
024666597,강동역,2016-06,2016-07,2,3055.0,6033600.0
024666597,강동역,2016-08,2016-09,2,4649.0,9221600.0
024666597,강동역,2016-10,2016-11,2,4080.0,8083600.0
024666597,강동역,2016-12,2017-01,2,2300.0,4523600.0
024666597,강동역,2017-02,2017-03,2,2231.0,4571720.0
024666597,강동역,2017-04,2017-05,2,2215.0,4568560.0
024666597,강동역,2017-06,2017-07,2,2660.0,5500600.0
024666597,강동역,2017-08,2017-09,2,4333.0,9013900.0
024666597,강동역,2017-10,2017-11,2,2715.0,5616100.0
024666597,강동역,2017-12,2018-01,2,2280.0,4702600.0
024666597,강동역,2018-02,2018-03,2,2108.0,4526060.0
024666597,강동역,2018-04,2018-05,2,2154.0,4659940.0
024666597,강동역,2018-06,2018-07,2,2395.0,5192550.0
024666597,강동역,2018-08,2018-09,2,4139.0,9046790.0
024666597,강동역,2018-10,2018-11,2,2666.0,5791460.0
024666597,강동역,2018-12,2019-01,2,2111.0,4564910.0
024666597,강동역,2019-02,2019-03,2,2111.0,4771200.0
024666597,강동역,2019-04,2019-05,2,2226.0,5075180.0
024666597,강동역,2019-06,2019-07,2,2541.0,5809130.0
024666597,강동역,2019-08,2019-09,2,4992.0,11519960.0
024666597,강동역,2019-10,2019-11,2,4255.0,9802750.0
024666597,강동역,2019-12,2020-01,2,2654.0,6072420.0
024666597,강동역,2020-02,2020-03,2,2299.0,5245270.0
024666597,강동역,2020-04,2020-05,2,1756.0,3980080.0
024666597,강동역,2020-06,2020-07,2,2496.0,5704280.0
024666597,강동역,2020-08,2020-09,2,5206.0,12018580.0
024666597,강동역,2020-10,2020-11,2,3487.0,8013310.0
024666597,강동역,2020-12,2021-01,2,1936.0,4399480.0
024666597,강동역,2021-02,2021-03,2,1600.0,3616600.0
024666597,강동역,2021-04,2021-05,2,1870.0,4245700.0
024666597,강동역,2021-06,2021-07,2,2396.0,5471280.0
024666597,강동역,2021-08,2021-09,2,2946.0,7292460.0
024666597,강동역,2021-10,2021-11,2,2518.0,6288320.0
024666597,강동역,2021-12,2022-01,2,1821.0,4517940.0
024666597,강동역,2022-02,2022-03,2,1707.0,4449930.0
024666597,강동역,2022-04,2022-05,2,1826.0,4803500.0
024666597,강동역,2022-06,2022-07,2,2514.0,6626700.0
024666597,강동역,2022-08,2022-09,2,3928.0,10373800.0
024666597,강동역,2022-10,2022-11,2,2950.0,7782100.0
024666597,강동역,2022-12,2023-01,2,1963.0,5166550.0
024666597,강동역,2023-02,2023-03,2,1914.0,6158180.0
024666597,강동역,2023-04,2023-05,2,2023.0,6724410.0
024666597,강동역,2023-06,2023-07,2,2244.0,7491280.0
024666597,강동역,2023-08,2023-09,2,3374.0,11412380.0
024666597,강동역,2023-10,2023-11,2,3114.0,10510180.0
024666597,강동역,2023-12,2024-01,2,2119.0,7057530.0
024666597,강동역,2024-02,2024-03,2,1907.0,6332120.0
024666597,강동역,2024-04,2024-05,2,2026.0,6734820.0
024666597,강동역,2024-06,2024-07,2,2408.0,8060360.0
024666597,강동역,2024-08,2024-09,2,3399.0,11499130.0
024666597,강동역,2024-10,2024-11,2,3128.0,10558760.0
024666597,강동역,2024-12,2025-01,2,2074.0,6901380.0
024666597,강동역,2025-02,2025-03,2,1877.0,6231320.0
024666597,강동역,2025-04,2025-05,2,2011.0,6682770.0
024666597,강동역,2025-06,2025-07,2,2369.0,7925030.0
024666597,강동역,2025-08,2025-09,2,3931.0,13345170.0
024666597,강동역,2025-10,2025-11,2,3344.0,11308280.0
024666597,강동역,2025-12,2026-01,2,2040.0,6783400.0
024666597,강동역,2026-02,2026-03,2,1865.0,6482300.0
024666597,강동역,2026-04,2026-05,2,2033.0,7136520.0
041559288,강일역,2020-11,2020-12,2,3.0,126140.0
041559288,강일역,2021-01,2021-02,2,174.0,466960.0
041559288,강일역,2021-03,2021-04,2,218.0,9540.0
041559288,강일역,2021-05,2021-06,2,590.0,1703200.0
041559288,강일역,2021-07,2021-08,2,695.0,1644700.0
041559288,강일역,2021-09,2021-10,2,832.0,2000440.0
041559288,강일역,2021-11,2021-12,2,682.0,1626190.0
041559288,강일역,2022-01,2022-02,2,667.0,2026110.0
041559288,강일역,2022-03,2022-04,2,606.0,1081900.0
041559288,강일역,2022-05,2022-06,2,746.0,1844070.0
041559288,강일역,2022-07,2022-08,2,956.0,3022040.0
041559288,강일역,2022-09,2022-10,2,931.0,2941040.0
041559288,강일역,2022-11,2022-12,2,772.0,2425880.0
041559288,강일역,2023-01,2023-02,2,683.0,2175130.0
041559288,강일역,2023-03,2023-04,2,772.0,2518520.0
041559288,강일역,2023-05,2023-06,2,772.0,2518520.0
041559288,강일역,2023-07,2023-08,2,856.0,2800760.0
041559288,강일역,2023-09,2023-10,2,1080.0,3553400.0
041559288,강일역,2023-11,2023-12,2,3051.0,10291570.0
041559288,강일역,2024-01,2024-02,2,1678.0,5562680.0
041559288,강일역,2024-03,2024-04,2,1678.0,5562680.0
041559288,강일역,2024-05,2024-06,2,1678.0,5562680.0
041559288,강일역,2024-07,2024-08,2,1678.0,5562680.0
041559288,강일역,2024-09,2024-10,2,1678.0,5562680.0
041559288,강일역,2024-11,2024-12,2,749.0,2441240.0
041559288,강일역,2025-01,2025-02,2,685.0,2226200.0
041559288,강일역,2025-03,2025-04,2,673.0,2185880.0
041559288,강일역,2025-05,2025-06,2,715.0,2327000.0
041559288,강일역,2025-07,2025-08,2,854.0,2794040.0
041559288,강일역,2025-09,2025-10,2,1084.0,3566840.0
041559288,강일역,2025-11,2025-12,2,707.0,2300120.0
041559288,강일역,2026-01,2026-02,2,637.0,2119730.0
041559288,강일역,2026-03,2026-04,2,643.0,2212620.0
006743375,건대입구역,2008-05,2008-06,1,1328.0,912940.0
006743375,건대입구역,2008-07,2008-08,2,1837.0,1502040.0
006743375,건대입구역,2008-09,2008-10,2,1715.0,1444440.0
006743375,건대입구역,2008-11,2008-12,2,1724.0,1485400.0
006743375,건대입구역,2009-01,2009-02,2,1740.0,1485400.0
006743375,건대입구역,2009-03,2009-04,2,1408.0,1060440.0
006743375,건대입구역,2009-05,2009-06,2,1589.0,1512250.0
006743375,건대입구역,2009-07,2009-08,2,2064.0,1932720.0
006743375,건대입구역,2009-09,2009-10,2,2293.0,2033840.0
006743375,건대입구역,2009-11,2009-12,2,2333.0,2033840.0
006743375,건대입구역,2010-01,2010-02,2,2333.0,2033840.0
006743375,건대입구역,2010-03,2010-04,2,1061.0,1038980.0
006743375,건대입구역,2010-05,2010-06,2,1216.0,784860.0
006743375,건대입구역,2010-07,2010-08,2,1635.0,1406040.0
006743375,건대입구역,2010-09,2010-10,2,1587.0,1329240.0
006743375,건대입구역,2010-11,2010-12,2,1514.0,1274200.0
006743375,건대입구역,2011-01,2011-02,2,1493.0,1277610.0
006743375,건대입구역,2011-03,2011-04,2,1609.0,1433300.0
006743375,건대입구역,2011-05,2011-06,2,1667.0,1433790.0
006743375,건대입구역,2011-07,2011-08,2,1667.0,1433790.0
006743375,건대입구역,2011-09,2011-10,2,2050.0,2010480.0
006743375,건대입구역,2011-11,2011-12,2,1950.0,1552470.0
006743375,건대입구역,2012-01,2012-02,2,1794.0,1538280.0
006743375,건대입구역,2012-03,2012-04,2,1861.0,2036200.0
006743375,건대입구역,2012-05,2012-06,2,1936.0,2098520.0
006743375,건대입구역,2012-07,2012-08,2,2046.0,2247760.0
006743375,건대입구역,2012-09,2012-10,2,2264.0,2561400.0
006743375,건대입구역,2012-11,2012-12,2,2013.0,2026000.0
006743375,건대입구역,2013-01,2013-02,2,1844.0,2001580.0
006743375,건대입구역,2013-03,2013-04,2,1828.0,2165120.0
006743375,건대입구역,2013-05,2013-06,2,1829.0,2193340.0
006743375,건대입구역,2013-07,2013-08,2,1966.0,2428800.0
006743375,건대입구역,2013-09,2013-10,2,1461.0,1376320.0
006743375,건대입구역,2013-11,2013-12,2,1139.0,1311920.0
006743375,건대입구역,2014-01,2014-02,2,1544.0,2088400.0
006743375,건대입구역,2014-03,2014-04,2,1788.0,2329600.0
006743375,건대입구역,2014-05,2014-06,2,1893.0,2505600.0
006743375,건대입구역,2014-07,2014-08,2,2110.0,2851600.0
006743375,건대입구역,2014-09,2014-10,2,2431.0,3321600.0
006743375,건대입구역,2014-11,2014-12,2,2488.0,3199600.0
006743375,건대입구역,2015-01,2015-02,2,2273.0,2831600.0
006743375,건대입구역,2015-03,2015-04,2,2170.0,2809600.0
006743375,건대입구역,2015-05,2015-06,2,2662.0,3803600.0
006743375,건대입구역,2015-07,2015-08,2,3267.0,4517600.0
006743375,건대입구역,2015-09,2015-10,2,3710.0,5045600.0
006743375,건대입구역,2015-11,2015-12,2,3101.0,3563600.0
006743375,건대입구역,2016-01,2016-02,2,2398.0,2899600.0
006743375,건대입구역,2016-03,2016-04,2,1993.0,2421600.0
006743375,건대입구역,2016-05,2016-06,2,2296.0,3265600.0
006743375,건대입구역,2016-07,2016-08,2,3133.0,4517600.0
006743375,건대입구역,2016-09,2016-10,2,3692.0,5009600.0
006743375,건대입구역,2016-11,2016-12,2,2919.0,3217600.0
006743375,건대입구역,2017-01,2017-02,2,2111.0,2536890.0
006743375,건대입구역,2017-03,2017-04,2,1940.0,2638850.0
006743375,건대입구역,2017-05,2017-06,2,2191.0,3154900.0
006743375,건대입구역,2017-07,2017-08,2,2536.0,3619000.0
006743375,건대입구역,2017-09,2017-10,2,3005.0,4372900.0
006743375,건대입구역,2017-11,2017-12,2,2461.0,2852500.0
006743375,건대입구역,2018-01,2018-02,2,2104.0,2906520.0
006743375,건대입구역,2018-03,2018-04,2,1954.0,2666520.0
006743375,건대입구역,2018-05,2018-06,2,2041.0,3026750.0
006743375,건대입구역,2018-07,2018-08,2,2437.0,3745230.0
006743375,건대입구역,2018-09,2018-10,2,3060.0,4799510.0
006743375,건대입구역,2018-11,2018-12,2,2424.0,2879020.0
006743375,건대입구역,2019-01,2019-02,2,1762.0,2416240.0
006743375,건대입구역,2019-03,2019-04,2,1712.0,2650460.0
006743375,건대입구역,2019-05,2019-06,2,1937.0,3102480.0
006743375,건대입구역,2019-07,2019-08,2,2361.0,3864390.0
006743375,건대입구역,2019-09,2019-10,2,2828.0,4570380.0
006743375,건대입구역,2019-11,2019-12,2,2345.0,3093160.0
006743375,건대입구역,2020-01,2020-02,2,1760.0,2468720.0
006743375,건대입구역,2020-03,2020-04,2,1423.0,1995730.0
006743375,건대입구역,2020-05,2020-06,2,1290.0,1921170.0
006743375,건대입구역,2020-07,2020-08,2,1814.0,3179370.0
006743375,건대입구역,2020-09,2020-10,2,2379.0,3866720.0
006743375,건대입구역,2020-11,2020-12,2,1969.0,2568910.0
006743375,건대입구역,2021-01,2021-02,2,1356.0,1788360.0
006743375,건대입구역,2021-03,2021-04,2,1188.0,1788360.0
006743375,건대입구역,2021-05,2021-06,2,1620.0,2794920.0
006743375,건대입구역,2021-07,2021-08,2,1836.0,2879130.0
006743375,건대입구역,2021-09,2021-10,2,1620.0,2507320.0
006743375,건대입구역,2021-11,2021-12,2,2257.0,4385920.0
006743375,건대입구역,2022-01,2022-02,2,2179.0,3323770.0
006743375,건대입구역,2022-03,2022-04,2,870.0,1761850.0
006743375,건대입구역,2022-05,2022-06,2,1266.0,1958930.0
006743375,건대입구역,2022-07,2022-08,2,1802.0,3262600.0
006743375,건대입구역,2022-09,2022-10,2,2686.0,5515100.0
006743375,건대입구역,2022-11,2022-12,2,2272.0,3291750.0
006743375,건대입구역,2023-01,2023-02,2,1983.0,3938260.0
006743375,건대입구역,2023-03,2023-04,2,2138.0,4867800.0
006743375,건대입구역,2023-05,2023-06,2,1237.0,4135320.0
006743375,건대입구역,2023-07,2023-08,2,1988.0,6675290.0
006743375,건대입구역,2023-09,2023-10,2,2831.0,9582570.0
006743375,건대입구역,2023-11,2023-12,2,1722.0,5764920.0
006743375,건대입구역,2024-01,2024-02,2,1519.0,5082840.0
006743375,건대입구역,2024-03,2024-04,2,1194.0,3990840.0
006743375,건대입구역,2024-05,2024-06,2,1460.0,4884600.0
006743375,건대입구역,2024-07,2024-08,2,2236.0,7534080.0
006743375,건대입구역,2024-09,2024-10,2,2965.0,10045550.0
006743375,건대입구역,2024-11,2024-12,2,1689.0,5652040.0
006743375,건대입구역,2025-01,2025-02,2,1285.0,4294600.0
006743375,건대입구역,2025-03,2025-04,2,1190.0,3975400.0
006743375,건대입구역,2025-05,2025-06,2,1449.0,4845640.0
006743375,건대입구역,2025-07,2025-08,2,2282.0,7684450.0
006743375,건대입구역,2025-09,2025-10,2,3371.0,11454370.0
006743375,건대입구역,2025-11,2025-12,2,1670.0,5588200.0
006743375,건대입구역,2026-01,2026-02,2,1408.0,4793720.0
006743375,건대입구역,2026-03,2026-04,2,1393.0,4930900.0
006743375,건대입구역,2026-05,2026-06,1,945.0,3345140.0
000017682,경복궁역,2008-05,2008-06,1,1458.0,1094040.0
000017682,경복궁역,2008-07,2008-08,2,2112.0,1685040.0
000017682,경복궁역,2008-09,2008-10,2,2081.0,1692720.0
000017682,경복궁역,2008-11,2008-12,2,2178.0,1813040.0
000017682,경복궁역,2009-01,2009-02,2,1938.0,1445680.0
000017682,경복궁역,2009-03,2009-04,2,795.0,932400.0
000017682,경복궁역,2009-05,2009-06,2,1154.0,887600.0
000017682,경복궁역,2009-07,2009-08,2,927.0,608560.0
000017682,경복궁역,2009-09,2009-10,2,1064.0,1715050.0
000017682,경복궁역,2009-11,2009-12,2,1806.0,1825030.0
000017682,경복궁역,2010-01,2010-02,2,1233.0,886510.0
000017682,경복궁역,2010-03,2010-04,2,1200.0,1057490.0
000017682,경복궁역,2010-05,2010-06,2,1190.0,1088350.0
000017682,경복궁역,2010-07,2010-08,2,1823.0,1903790.0
000017682,경복궁역,2010-09,2010-10,2,4023.0,4435260.0
000017682,경복궁역,2010-11,2010-12,2,2669.0,1763900.0
000017682,경복궁역,2011-01,2011-02,2,1641.0,1029380.0
000017682,경복궁역,2011-03,2011-04,2,1742.0,1605510.0
000017682,경복궁역,2011-05,2011-06,2,1848.0,1698490.0
000017682,경복궁역,2011-07,2011-08,2,2466.0,2450560.0
000017682,경복궁역,2011-09,2011-10,2,3689.0,3762490.0
000017682,경복궁역,2011-11,2011-12,2,3524.0,3023320.0
000017682,경복궁역,2012-01,2012-02,2,2103.0,1261180.0
000017682,경복궁역,2012-03,2012-04,2,1778.0,1998810.0
000017682,경복궁역,2012-05,2012-06,2,2141.0,2607680.0
000017682,경복궁역,2012-07,2012-08,2,4709.0,6620760.0
000017682,경복궁역,2012-09,2012-10,2,4835.0,5423560.0
000017682,경복궁역,2012-11,2012-12,2,3590.0,3312880.0
000017682,경복궁역,2013-01,2013-02,2,1380.0,369080.0
000017682,경복궁역,2013-03,2013-04,2,1076.0,1308080.0
000017682,경복궁역,2013-05,2013-06,2,1565.0,2297120.0
000017682,경복궁역,2013-07,2013-08,2,3219.0,5040560.0
000017682,경복궁역,2013-09,2013-10,2,6869.0,10805120.0
000017682,경복궁역,2013-11,2013-12,2,5847.0,6664040.0
000017682,경복궁역,2014-01,2014-02,2,2372.0,679340.0
000017682,경복궁역,2014-03,2014-04,2,1170.0,997320.0
000017682,경복궁역,2014-05,2014-06,2,1877.0,3075200.0
000017682,경복궁역,2014-07,2014-08,2,2859.0,4567200.0
000017682,경복궁역,2014-09,2014-10,2,4433.0,7105300.0
000017682,경복궁역,2014-11,2014-12,2,5046.0,7216800.0
000017682,경복궁역,2015-01,2015-02,2,2937.0,2482800.0
000017682,경복궁역,2015-03,2015-04,2,1961.0,2127600.0
000017682,경복궁역,2015-05,2015-06,2,2969.0,4671200.0
000017682,경복궁역,2015-07,2015-08,2,5115.0,8228500.0
000017682,경복궁역,2015-09,2015-10,2,5717.0,8027400.0
000017682,경복궁역,2015-11,2015-12,2,6354.0,8773700.0
000017682,경복궁역,2016-01,2016-02,2,4320.0,4241800.0
000017682,경복궁역,2016-03,2016-04,2,2966.0,2904500.0
000017682,경복궁역,2016-05,2016-06,2,2009.0,1877800.0
000017682,경복궁역,2016-07,2016-08,2,3441.0,5517500.0
000017682,경복궁역,2016-09,2016-10,2,7499.0,12654300.0
000017682,경복궁역,2016-11,2016-12,2,4626.0,4227500.0
000017682,경복궁역,2017-01,2017-02,2,1593.0,55760.0
000017682,경복궁역,2017-03,2017-04,2,1593.0,2022260.0
000017682,경복궁역,2017-05,2017-06,2,4011.0,7257950.0
000017682,경복궁역,2017-07,2017-08,2,3959.0,5335000.0
000017682,경복궁역,2017-09,2017-10,2,5537.0,8801650.0
000017682,경복궁역,2017-11,2017-12,2,4337.0,5190910.0
000017682,경복궁역,2018-01,2018-02,2,2399.0,1901890.0
000017682,경복궁역,2018-03,2018-04,2,2589.0,3909620.0
000017682,경복궁역,2018-05,2018-06,2,2769.0,4099140.0
000017682,경복궁역,2018-07,2018-08,2,6935.0,13628580.0
000017682,경복궁역,2018-09,2018-10,2,4772.0,2726510.0
000017682,경복궁역,2018-11,2018-12,2,2328.0,1442570.0
000017682,경복궁역,2019-01,2019-02,2,2399.0,3570440.0
000017682,경복궁역,2019-03,2019-04,2,2697.0,4267170.0
000017682,경복궁역,2019-05,2019-06,2,2768.0,4237970.0
000017682,경복궁역,2019-07,2019-08,2,3539.0,5898080.0
000017682,경복궁역,2019-09,2019-10,2,3594.0,5427420.0
000017682,경복궁역,2019-11,2019-12,2,3968.0,6417700.0
000017682,경복궁역,2020-01,2020-02,2,2399.0,2390280.0
000017682,경복궁역,2020-03,2020-04,2,2819.0,4507070.0
000017682,경복궁역,2020-05,2020-06,2,2258.0,2873740.0
000017682,경복궁역,2020-07,2020-08,2,3501.0,6205640.0
000017682,경복궁역,2020-09,2020-10,2,3993.0,6387380.0
000017682,경복궁역,2020-11,2020-12,2,3392.0,4604930.0
000017682,경복궁역,2021-01,2021-02,2,2589.0,3199940.0
000017682,경복궁역,2021-03,2021-04,2,2910.0,4733110.0
000017682,경복궁역,2021-05,2021-06,2,3123.0,4980090.0
000017682,경복궁역,2021-07,2021-08,2,3635.0,6195730.0
000017682,경복궁역,2021-09,2021-10,2,3581.0,5985720.0
000017682,경복궁역,2021-11,2021-12,2,3893.0,6823060.0
000017682,경복궁역,2022-01,2022-02,2,3089.0,4622260.0
000017682,경복궁역,2022-03,2022-04,2,0.0,160800.0
000017682,경복궁역,2022-05,2022-06,2,3123.0,7894740.0
000017682,경복궁역,2022-07,2022-08,2,2363.0,3574100.0
000017682,경복궁역,2022-09,2022-10,2,4596.0,10162000.0
000017682,경복궁역,2022-11,2022-12,2,5579.0,10634550.0
000017682,경복궁역,2023-01,2023-02,2,4047.0,6392640.0
000017682,경복궁역,2023-03,2023-04,2,3222.0,6208020.0
000017682,경복궁역,2023-05,2023-06,2,4341.0,10986490.0
000017682,경복궁역,2023-07,2023-08,2,4992.0,11951150.0
000017682,경복궁역,2023-09,2023-10,2,4505.0,9508270.0
000017682,경복궁역,2023-11,2023-12,2,5462.0,13391200.0
000017682,경복궁역,2024-01,2024-02,2,3861.0,6728800.0
000017682,경복궁역,2024-03,2024-04,2,3431.0,7170080.0
000017682,경복궁역,2024-05,2024-06,2,3939.0,9348650.0
000017682,경복궁역,2024-07,2024-08,2,4626.0,11226510.0
000017682,경복궁역,2024-09,2024-10,2,4328.0,9317420.0
000017682,경복궁역,2024-11,2024-12,2,4758.0,56233450.0
000017682,경복궁역,2025-01,2025-02,2,4019.0,32359310.0
000017682,경복궁역,2025-03,2025-04,2,2885.0,31237400.0
000017682,경복궁역,2025-05,2025-06,2,3935.0,17922930.0
000017682,경복궁역,2025-07,2025-08,2,4812.0,38603800.0
000017682,경복궁역,2025-09,2025-10,2,4412.0,35607360.0
000017682,경복궁역,2025-11,2025-12,2,4521.0,36447100.0
000017682,경복궁역,2026-01,2026-02,2,3764.0,28127860.0
000017682,경복궁역,2026-03,2026-04,2,2786.0,59955920.0
000017682,경복궁역,2026-05,2026-06,1,2561.0,46596840.0
036081434,경찰병원역,2009-12,2010-01,2,231.0,382000.0
036081434,경찰병원역,2010-02,2010-03,2,398.0,536300.0
036081434,경찰병원역,2010-04,2010-05,2,825.0,1056600.0
036081434,경찰병원역,2010-06,2010-07,2,1120.0,1434200.0
036081434,경찰병원역,2010-08,2010-09,2,2111.0,2702680.0
036081434,경찰병원역,2010-10,2010-11,2,1034.0,1324120.0
036081434,경찰병원역,2010-12,2011-01,2,737.0,943960.0
036081434,경찰병원역,2011-02,2011-03,2,734.0,947460.0
036081434,경찰병원역,2011-04,2011-05,2,791.0,1020990.0
036081434,경찰병원역,2011-06,2011-07,2,954.0,1231260.0
036081434,경찰병원역,2011-08,2011-09,2,1546.0,1994940.0
036081434,경찰병원역,2011-10,2011-11,2,880.0,1135800.0
036081434,경찰병원역,2011-12,2012-01,2,820.0,1058400.0
036081434,경찰병원역,2012-02,2012-03,2,766.0,4752340.0
036081434,경찰병원역,2012-04,2012-05,2,1077.0,6251270.0
036081434,경찰병원역,2012-06,2012-07,2,902.0,4708840.0
036081434,경찰병원역,2012-08,2012-09,2,1740.0,6372160.0
036081434,경찰병원역,2012-10,2012-11,2,885.0,6170280.0
036081434,경찰병원역,2012-12,2013-01,2,887.0,5562400.0
036081434,경찰병원역,2013-02,2013-03,2,852.0,6423000.0
036081434,경찰병원역,2013-04,2013-05,2,951.0,4710280.0
036081434,경찰병원역,2013-06,2013-07,2,964.0,4940120.0
036081434,경찰병원역,2013-08,2013-09,2,1105.0,5079960.0
036081434,경찰병원역,2013-10,2013-11,2,1448.0,6447920.0
036081434,경찰병원역,2013-12,2014-01,2,879.0,5101960.0
036081434,경찰병원역,2014-02,2014-03,2,891.0,5715700.0
036081434,경찰병원역,2014-04,2014-05,2,956.0,3290900.0
036081434,경찰병원역,2014-06,2014-07,2,956.0,4893500.0
036081434,경찰병원역,2014-08,2014-09,2,803.0,3865100.0
036081434,경찰병원역,2014-10,2014-11,2,1912.0,6980100.0
036081434,경찰병원역,2014-12,2015-01,2,382.0,4183760.0
036081434,경찰병원역,2015-02,2015-03,2,283.0,3231740.0
036081434,경찰병원역,2015-04,2015-05,2,297.0,3223960.0
036081434,경찰병원역,2015-06,2015-07,2,1189.0,5089800.0
036081434,경찰병원역,2015-08,2015-09,2,1767.0,7396000.0
036081434,경찰병원역,2015-10,2015-11,2,629.0,5288600.0
036081434,경찰병원역,2015-12,2016-01,2,578.0,5009040.0
036081434,경찰병원역,2016-02,2016-03,2,407.0,6926160.0
036081434,경찰병원역,2016-04,2016-05,2,1087.0,5819700.0
036081434,경찰병원역,2016-06,2016-07,2,924.0,5393200.0
036081434,경찰병원역,2016-08,2016-09,2,2025.0,8405500.0
036081434,경찰병원역,2016-10,2016-11,2,1072.0,6677100.0
036081434,경찰병원역,2016-12,2017-01,2,1033.0,6799720.0
036081434,경찰병원역,2017-02,2017-03,2,943.0,6795070.0
036081434,경찰병원역,2017-04,2017-05,2,1571.0,7352760.0
036081434,경찰병원역,2017-06,2017-07,2,644.0,5793610.0
036081434,경찰병원역,2017-08,2017-09,2,1892.0,8492620.0
036081434,경찰병원역,2017-10,2017-11,2,1179.0,7571830.0
036081434,경찰병원역,2017-12,2018-01,2,1042.0,7149080.0
036081434,경찰병원역,2018-02,2018-03,2,861.0,6602290.0
036081434,경찰병원역,2018-04,2018-05,2,1010.0,6426500.0
036081434,경찰병원역,2018-06,2018-07,2,1095.0,7047790.0
036081434,경찰병원역,2018-08,2018-09,2,1444.0,8405520.0
036081434,경찰병원역,2018-10,2018-11,2,1090.0,2308500.0
036081434,경찰병원역,2018-12,2019-01,2,1143.0,8007260.0
036081434,경찰병원역,2019-02,2019-03,2,871.0,8187230.0
036081434,경찰병원역,2019-04,2019-05,2,1090.0,7256300.0
036081434,경찰병원역,2019-06,2019-07,2,1363.0,8078390.0
036081434,경찰병원역,2019-08,2019-09,2,1980.0,9470400.0
036081434,경찰병원역,2019-10,2019-11,2,1108.0,8695440.0
036081434,경찰병원역,2019-12,2020-01,2,947.0,10526310.0
036081434,경찰병원역,2020-02,2020-03,2,896.0,11593080.0
036081434,경찰병원역,2020-04,2020-05,2,798.0,8859540.0
036081434,경찰병원역,2020-06,2020-07,2,964.0,6805920.0
036081434,경찰병원역,2020-08,2020-09,2,1760.0,7843000.0
036081434,경찰병원역,2020-10,2020-11,2,995.0,7237750.0
036081434,경찰병원역,2020-12,2021-01,2,795.0,5980550.0
036081434,경찰병원역,2021-02,2021-03,2,863.0,4368990.0
036081434,경찰병원역,2021-04,2021-05,2,1001.0,4886930.0
036081434,경찰병원역,2021-06,2021-07,2,1018.0,6116170.0
036081434,경찰병원역,2021-08,2021-09,2,2453.0,10410420.0
036081434,경찰병원역,2021-10,2021-11,2,992.0,5249080.0
036081434,경찰병원역,2021-12,2022-01,2,828.0,7182940.0
036081434,경찰병원역,2022-02,2022-03,2,743.0,5613150.0
036081434,경찰병원역,2022-04,2022-05,2,825.0,5482450.0
036081434,경찰병원역,2022-06,2022-07,2,1159.0,6573950.0
036081434,경찰병원역,2022-08,2022-09,2,1546.0,7745100.0
036081434,경찰병원역,2022-10,2022-11,2,1546.0,9102700.0
036081434,경찰병원역,2022-12,2023-01,2,851.0,7349550.0
036081434,경찰병원역,2023-02,2023-03,2,818.0,4650000.0
036081434,경찰병원역,2023-04,2023-05,2,931.0,7203730.0
036081434,경찰병원역,2023-06,2023-07,2,1000.0,12340600.0
036081434,경찰병원역,2023-08,2023-09,2,1536.0,5085560.0
036081434,경찰병원역,2023-10,2023-11,2,1021.0,6001560.0
036081434,경찰병원역,2023-12,2024-01,2,871.0,7820360.0
036081434,경찰병원역,2024-02,2024-03,2,840.0,6829400.0
036081434,경찰병원역,2024-04,2024-05,2,994.0,8423240.0
036081434,경찰병원역,2024-06,2024-07,2,1305.0,8873800.0
036081434,경찰병원역,2024-08,2024-09,2,1733.0,12102280.0
036081434,경찰병원역,2024-10,2024-11,2,1202.0,8991720.0
036081434,경찰병원역,2024-12,2025-01,2,896.0,7812760.0
036081434,경찰병원역,2025-02,2025-03,2,890.0,6772600.0
036081434,경찰병원역,2025-04,2025-05,2,983.0,6673080.0
036081434,경찰병원역,2025-06,2025-07,2,1310.0,7608200.0
036081434,경찰병원역,2025-08,2025-09,2,1969.0,10019240.0
036081434,경찰병원역,2025-10,2025-11,2,1063.0,7148280.0
036081434,경찰병원역,2025-12,2026-01,2,840.0,7088470.0
036081434,경찰병원역,2026-02,2026-03,2,977.0,7742300.0
036081434,경찰병원역,2026-04,2026-05,2,943.0,7524020.0
024691164,고속터미널역,2013-02,2013-03,2,679.0,1234960.0
024691164,고속터미널역,2013-04,2013-05,2,803.0,1463120.0
024691164,고속터미널역,2013-06,2013-07,2,4873.0,8951920.0
024691164,고속터미널역,2013-08,2013-09,2,4496.0,8258240.0
024691164,고속터미널역,2013-10,2013-11,2,2192.0,4018880.0
024691164,고속터미널역,2013-12,2014-01,2,537.0,986910.0
024691164,고속터미널역,2014-02,2014-03,2,436.0,881680.0
024691164,고속터미널역,2014-04,2014-05,2,817.0,1607600.0
024691164,고속터미널역,2014-06,2014-07,2,3655.0,7283600.0
024691164,고속터미널역,2014-08,2014-09,2,8254.0,16481600.0
024691164,고속터미널역,2014-10,2014-11,2,4944.0,9861600.0
024691164,고속터미널역,2014-12,2015-01,2,2686.0,5345600.0
024691164,고속터미널역,2015-02,2015-03,2,867.0,1707600.0
024691164,고속터미널역,2015-04,2015-05,2,995.0,1963600.0
024691164,고속터미널역,2015-06,2015-07,2,2826.0,5625600.0
024691164,고속터미널역,2015-08,2015-09,2,10462.0,20897600.0
024691164,고속터미널역,2015-10,2015-11,2,6447.0,12867600.0
024691164,고속터미널역,2015-12,2016-01,2,1890.0,3753600.0
024691164,고속터미널역,2016-02,2016-03,2,374.0,771320.0
024691164,고속터미널역,2016-04,2016-05,2,658.0,1289600.0
024691164,고속터미널역,2016-06,2016-07,2,2041.0,4055600.0
024691164,고속터미널역,2016-08,2016-09,2,7036.0,14045600.0
024691164,고속터미널역,2016-10,2016-11,2,4931.0,9835600.0
024691164,고속터미널역,2016-12,2017-01,2,600.0,1173600.0
024691164,고속터미널역,2017-02,2017-03,2,456.0,952190.0
024691164,고속터미널역,2017-04,2017-05,2,345.0,747750.0
024691164,고속터미널역,2017-06,2017-07,2,1055.0,2180100.0
024691164,고속터미널역,2017-08,2017-09,2,2841.0,5930700.0
024691164,고속터미널역,2017-10,2017-11,2,1315.0,2726100.0
024691164,고속터미널역,2017-12,2018-01,2,286.0,637420.0
024691164,고속터미널역,2018-02,2018-03,2,263.0,613650.0
024691164,고속터미널역,2018-04,2018-05,2,298.0,683680.0
024691164,고속터미널역,2018-06,2018-07,2,1071.0,2316510.0
024691164,고속터미널역,2018-08,2018-09,2,2987.0,6550870.0
024691164,고속터미널역,2018-10,2018-11,2,1082.0,2340820.0
024691164,고속터미널역,2018-12,2019-01,2,312.0,711120.0
024691164,고속터미널역,2019-02,2019-03,2,274.0,660090.0
024691164,고속터미널역,2019-04,2019-05,2,396.0,914320.0
024691164,고속터미널역,2019-06,2019-07,2,1173.0,2671690.0
024691164,고속터미널역,2019-08,2019-09,2,2640.0,6089800.0
024691164,고속터미널역,2019-10,2019-11,2,1395.0,3188950.0
024691164,고속터미널역,2019-12,2020-01,2,260.0,632800.0
024691164,고속터미널역,2020-02,2020-03,2,204.0,516880.0
024691164,고속터미널역,2020-04,2020-05,2,242.0,595540.0
024691164,고속터미널역,2020-06,2020-07,2,1560.0,3573400.0
024691164,고속터미널역,2020-08,2020-09,2,2519.0,5807870.0
024691164,고속터미널역,2020-10,2020-11,2,1022.0,2319860.0
024691164,고속터미널역,2020-12,2021-01,2,444.0,1013680.0
024691164,고속터미널역,2021-02,2021-03,2,179.0,465130.0
024691164,고속터미널역,2021-04,2021-05,2,307.0,730090.0
024691164,고속터미널역,2021-06,2021-07,2,866.0,1956380.0
024691164,고속터미널역,2021-08,2021-09,2,2598.0,6531290.0
024691164,고속터미널역,2021-10,2021-11,2,1255.0,3130300.0
024691164,고속터미널역,2021-12,2022-01,2,162.0,476720.0
024691164,고속터미널역,2022-02,2022-03,2,133.0,440740.0
024691164,고속터미널역,2022-04,2022-05,2,199.0,490240.0
024691164,고속터미널역,2022-06,2022-07,2,629.0,1681450.0
024691164,고속터미널역,2022-08,2022-09,2,2040.0,5420600.0
024691164,고속터미널역,2022-10,2022-11,2,867.0,2312150.0
024691164,고속터미널역,2022-12,2023-01,2,139.0,456710.0
024691164,고속터미널역,2023-02,2023-03,2,115.0,410790.0
024691164,고속터미널역,2023-04,2023-05,2,243.0,805210.0
024691164,고속터미널역,2023-06,2023-07,2,823.0,2739880.0
024691164,고속터미널역,2023-08,2023-09,2,2309.0,7766830.0
024691164,고속터미널역,2023-10,2023-11,2,1112.0,3710920.0
024691164,고속터미널역,2023-12,2024-01,2,196.0,652760.0
024691164,고속터미널역,2024-02,2024-03,2,131.0,460360.0
024691164,고속터미널역,2024-04,2024-05,2,278.0,919660.0
024691164,고속터미널역,2024-06,2024-07,2,939.0,3129640.0
024691164,고속터미널역,2024-08,2024-09,2,2668.0,9012560.0
024691164,고속터미널역,2024-10,2024-11,2,1281.0,4278760.0
024691164,고속터미널역,2024-12,2025-01,2,209.0,694030.0
024691164,고속터미널역,2025-02,2025-03,2,148.0,510680.0
024691164,고속터미널역,2025-04,2025-05,2,1172.0,3912520.0
024691164,고속터미널역,2025-06,2025-07,2,3280.0,11136200.0
024691164,고속터미널역,2025-08,2025-09,2,3771.0,12839970.0
024691164,고속터미널역,2025-10,2025-11,2,2262.0,7603740.0
024691164,고속터미널역,2025-12,2026-01,2,701.0,2329960.0
024691164,고속터미널역,2026-02,2026-03,2,159.0,568580.0
024691164,고속터미널역,2026-04,2026-05,2,800.0,2817400.0
001159721,군자역(5),2010-03,2010-04,2,1549.0,1344760.0
001159721,군자역(5),2010-05,2010-06,2,1654.0,1432960.0
001159721,군자역(5),2010-07,2010-08,2,1333.0,1163320.0
001159721,군자역(5),2010-09,2010-10,2,244.0,277040.0
001159721,군자역(5),2010-11,2010-12,2,1667.0,4083100.0
001159721,군자역(5),2011-01,2011-02,2,1667.0,2142270.0
001159721,군자역(5),2011-03,2011-04,2,1476.0,1904640.0
001159721,군자역(5),2011-05,2011-06,2,1546.0,1994940.0
001159721,군자역(5),2011-07,2011-08,2,1597.0,2060730.0
001159721,군자역(5),2011-09,2011-10,2,1745.0,2251650.0
001159721,군자역(5),2011-11,2011-12,2,1740.0,2245200.0
001159721,군자역(5),2012-01,2012-02,2,1740.0,2245200.0
001159721,군자역(5),2012-03,2012-04,2,1260.0,2107800.0
001159721,군자역(5),2012-05,2012-06,2,1715.0,2774200.0
001159721,군자역(5),2012-07,2012-08,2,1874.0,3034960.0
001159721,군자역(5),2012-09,2012-10,2,1939.0,3141560.0
001159721,군자역(5),2012-11,2012-12,2,1777.0,2875880.0
001159721,군자역(5),2013-01,2013-02,2,1740.0,2815200.0
001159721,군자역(5),2013-03,2013-04,2,1534.0,2773360.0
001159721,군자역(5),2013-05,2013-06,2,1926.0,3503580.0
001159721,군자역(5),2013-07,2013-08,2,2398.0,4347920.0
001159721,군자역(5),2013-09,2013-10,2,2469.0,4478560.0
001159721,군자역(5),2013-11,2013-12,2,2056.0,3718640.0
001159721,군자역(5),2014-01,2014-02,2,1740.0,3137200.0
001159721,군자역(5),2014-03,2014-04,2,2367.0,4602080.0
001159721,군자역(5),2014-05,2014-06,2,2445.0,4804340.0
001159721,군자역(5),2014-07,2014-08,2,2880.0,5683600.0
001159721,군자역(5),2014-09,2014-10,2,3130.0,6183600.0
001159721,군자역(5),2014-11,2014-12,2,2749.0,5421600.0
001159721,군자역(5),2015-01,2015-02,2,2239.0,4401600.0
001159721,군자역(5),2015-03,2015-04,2,2158.0,4239600.0
001159721,군자역(5),2015-05,2015-06,2,2513.0,4949600.0
001159721,군자역(5),2015-07,2015-08,2,2943.0,5809600.0
001159721,군자역(5),2015-09,2015-10,2,3310.0,6543600.0
001159721,군자역(5),2015-11,2015-12,2,3057.0,6037600.0
001159721,군자역(5),2016-01,2016-02,2,2353.0,4629600.0
001159721,군자역(5),2016-03,2016-04,2,2509.0,4941600.0
001159721,군자역(5),2016-05,2016-06,2,2794.0,5511600.0
001159721,군자역(5),2016-07,2016-08,2,2923.0,5769600.0
001159721,군자역(5),2016-09,2016-10,2,3392.0,6707600.0
001159721,군자역(5),2016-11,2016-12,2,2585.0,5093600.0
001159721,군자역(5),2017-01,2017-02,2,2278.0,4599320.0
001159721,군자역(5),2017-03,2017-04,2,2588.0,5354970.0
001159721,군자역(5),2017-05,2017-06,2,2603.0,5380900.0
001159721,군자역(5),2017-07,2017-08,2,2953.0,6115900.0
001159721,군자역(5),2017-09,2017-10,2,2813.0,5821900.0
001159721,군자역(5),2017-11,2017-12,2,2421.0,4998700.0
001159721,군자역(5),2018-01,2018-02,2,2278.0,4815790.0
001159721,군자역(5),2018-03,2018-04,2,2034.0,4398380.0
001159721,군자역(5),2018-05,2018-06,2,2618.0,5685380.0
001159721,군자역(5),2018-07,2018-08,2,3331.0,7261110.0
001159721,군자역(5),2018-09,2018-10,2,3144.0,6847840.0
001159721,군자역(5),2018-11,2018-12,2,2622.0,5694220.0
001159721,군자역(5),2019-01,2019-02,2,2196.0,4878390.0
001159721,군자역(5),2019-03,2019-04,2,2444.0,5583120.0
001159721,군자역(5),2019-05,2019-06,2,2757.0,6312410.0
001159721,군자역(5),2019-07,2019-08,2,2757.0,6312410.0
001159721,군자역(5),2019-09,2019-10,2,3602.0,8281260.0
001159721,군자역(5),2019-11,2019-12,2,2644.0,6049120.0
001159721,군자역(5),2020-01,2020-02,2,2442.0,5578460.0
001159721,군자역(5),2020-03,2020-04,2,1872.0,4250360.0
001159721,군자역(5),2020-05,2020-06,2,2080.0,4735000.0
001159721,군자역(5),2020-07,2020-08,2,2080.0,4735000.0
001159721,군자역(5),2020-09,2020-10,2,2678.0,6128340.0
001159721,군자역(5),2020-11,2020-12,2,2056.0,4679080.0
001159721,군자역(5),2021-01,2021-02,2,2056.0,4679080.0
001159721,군자역(5),2021-03,2021-04,2,1844.0,4185120.0
001159721,군자역(5),2021-05,2021-06,2,2376.0,5424680.0
001159721,군자역(5),2021-07,2021-08,2,2170.0,5184590.0
001159721,군자역(5),2021-09,2021-10,2,2823.0,7063020.0
001159721,군자역(5),2021-11,2021-12,2,2482.0,6196880.0
001159721,군자역(5),2022-01,2022-02,2,1978.0,5064790.0
001159721,군자역(5),2022-03,2022-04,2,1728.0,4543800.0
001159721,군자역(5),2022-05,2022-06,2,2756.0,7268000.0
001159721,군자역(5),2022-07,2022-08,2,3344.0,8826200.0
001159721,군자역(5),2022-09,2022-10,2,2807.0,7403150.0
001159721,군자역(5),2022-11,2022-12,2,2684.0,7077200.0
001159721,군자역(5),2023-01,2023-02,2,2408.0,7221210.0
001159721,군자역(5),2023-03,2023-04,2,2498.0,8372660.0
001159721,군자역(5),2023-05,2023-06,2,3193.0,10784310.0
001159721,군자역(5),2023-07,2023-08,2,3279.0,11082730.0
001159721,군자역(5),2023-09,2023-10,2,3783.0,12831610.0
001159721,군자역(5),2023-11,2023-12,2,2807.0,9444890.0
001159721,군자역(5),2024-01,2024-02,2,2678.0,8997260.0
001159721,군자역(5),2024-03,2024-04,2,3026.0,10204820.0
001159721,군자역(5),2024-05,2024-06,2,3111.0,10499770.0
001159721,군자역(5),2024-07,2024-08,2,3457.0,11700390.0
001159721,군자역(5),2024-09,2024-10,2,3859.0,13095330.0
001159721,군자역(5),2024-11,2024-12,2,3391.0,11471370.0
001159721,군자역(5),2025-01,2025-02,2,3240.0,10947400.0
001159721,군자역(5),2025-03,2025-04,2,2540.0,8518400.0
001159721,군자역(5),2025-05,2025-06,2,2743.0,9222810.0
001159721,군자역(5),2025-07,2025-08,2,3502.0,11856540.0
001159721,군자역(5),2025-09,2025-10,2,4013.0,13629710.0
001159721,군자역(5),2025-11,2025-12,2,2845.0,9576750.0
001159721,군자역(5),2026-01,2026-02,2,2661.0,9175020.0
001159721,군자역(5),2026-03,2026-04,2,2661.0,9422440.0
024167685,굽은다리역,2008-05,2008-06,2,136.0,360150.0
024167685,굽은다리역,2008-07,2008-08,2,80.0,318750.0
024167685,굽은다리역,2008-09,2008-10,2,80.0,318750.0
024167685,굽은다리역,2008-11,2008-12,2,171.0,454450.0
024167685,굽은다리역,2009-01,2009-02,2,134.0,340600.0
024167685,굽은다리역,2009-03,2009-04,2,144.0,359000.0
024167685,굽은다리역,2009-05,2009-06,2,167.0,424550.0
024167685,굽은다리역,2009-07,2009-08,2,146.0,874840.0
024167685,굽은다리역,2009-09,2009-10,2,162.0,770700.0
024167685,굽은다리역,2009-11,2009-12,2,139.0,430300.0
024167685,굽은다리역,2010-01,2010-02,2,195.0,372800.0
024167685,굽은다리역,2010-03,2010-04,2,206.0,315500.0
024167685,굽은다리역,2010-05,2010-06,2,234.0,347700.0
024167685,굽은다리역,2010-07,2010-08,2,375.0,509850.0
024167685,굽은다리역,2010-09,2010-10,2,384.0,520200.0
024167685,굽은다리역,2010-11,2010-12,2,414.0,554700.0
024167685,굽은다리역,2011-01,2011-02,2,733.0,2100680.0
024167685,굽은다리역,2011-03,2011-04,2,674.0,3065100.0
024167685,굽은다리역,2011-05,2011-06,2,695.0,2939530.0
024167685,굽은다리역,2011-07,2011-08,2,788.0,3559640.0
024167685,굽은다리역,2011-09,2011-10,2,736.0,3492560.0
024167685,굽은다리역,2011-11,2011-12,2,797.0,4413430.0
024167685,굽은다리역,2012-01,2012-02,2,605.0,4090950.0
024167685,굽은다리역,2012-03,2012-04,2,643.0,5299520.0
024167685,굽은다리역,2012-05,2012-06,2,827.0,5259840.0
024167685,굽은다리역,2012-07,2012-08,2,823.0,5185520.0
024167685,굽은다리역,2012-09,2012-10,2,753.0,5618520.0
024167685,굽은다리역,2012-11,2012-12,2,698.0,5418760.0
024167685,굽은다리역,2013-01,2013-02,2,665.0,4201720.0
024167685,굽은다리역,2013-03,2013-04,2,596.0,4755240.0
024167685,굽은다리역,2013-05,2013-06,2,721.0,5025800.0
024167685,굽은다리역,2013-07,2013-08,2,767.0,5220360.0
024167685,굽은다리역,2013-09,2013-10,2,754.0,5527680.0
024167685,굽은다리역,2013-11,2013-12,2,778.0,5571840.0
024167685,굽은다리역,2014-01,2014-02,2,676.0,4923440.0
024167685,굽은다리역,2014-03,2014-04,2,627.0,5497600.0
024167685,굽은다리역,2014-05,2014-06,2,794.0,5171600.0
024167685,굽은다리역,2014-07,2014-08,2,869.0,5321600.0
024167685,굽은다리역,2014-09,2014-10,2,952.0,5528400.0
024167685,굽은다리역,2014-11,2014-12,2,814.0,4356600.0
024167685,굽은다리역,2015-01,2015-02,2,724.0,5236200.0
024167685,굽은다리역,2015-03,2015-04,2,756.0,4912600.0
024167685,굽은다리역,2015-05,2015-06,2,784.0,5017800.0
024167685,굽은다리역,2015-07,2015-08,2,916.0,4863600.0
024167685,굽은다리역,2015-09,2015-10,2,1045.0,4933800.0
024167685,굽은다리역,2015-11,2015-12,2,1032.0,4820200.0
024167685,굽은다리역,2016-01,2016-02,2,1096.0,6010800.0
024167685,굽은다리역,2016-03,2016-04,2,972.0,4601800.0
024167685,굽은다리역,2016-05,2016-06,2,1094.0,4710200.0
024167685,굽은다리역,2016-07,2016-08,2,1343.0,5843000.0
024167685,굽은다리역,2016-09,2016-10,2,1069.0,5166600.0
024167685,굽은다리역,2016-11,2016-12,2,1009.0,5001000.0
024167685,굽은다리역,2017-01,2017-02,2,932.0,5915800.0
024167685,굽은다리역,2017-03,2017-04,2,979.0,5096260.0
024167685,굽은다리역,2017-05,2017-06,2,992.0,4856260.0
024167685,굽은다리역,2017-07,2017-08,2,1021.0,4712560.0
024167685,굽은다리역,2017-09,2017-10,2,949.0,5469520.0
024167685,굽은다리역,2017-11,2017-12,2,866.0,5318980.0
024167685,굽은다리역,2018-01,2018-02,2,874.0,5820260.0
024167685,굽은다리역,2018-03,2018-04,2,790.0,5698380.0
024167685,굽은다리역,2018-05,2018-06,2,999.0,5617390.0
024167685,굽은다리역,2018-07,2018-08,2,798.0,6119980.0
024167685,굽은다리역,2018-09,2018-10,2,847.0,6126030.0
024167685,굽은다리역,2018-11,2018-12,2,733.0,5735850.0
024167685,굽은다리역,2019-01,2019-02,2,672.0,6132150.0
024167685,굽은다리역,2019-03,2019-04,2,765.0,5804650.0
024167685,굽은다리역,2019-05,2019-06,2,908.0,5984240.0
024167685,굽은다리역,2019-07,2019-08,2,936.0,5914280.0
024167685,굽은다리역,2019-09,2019-10,2,942.0,6826660.0
024167685,굽은다리역,2019-11,2019-12,2,930.0,6812300.0
024167685,굽은다리역,2020-01,2020-02,2,795.0,6015350.0
024167685,굽은다리역,2020-03,2020-04,2,635.0,5704950.0
024167685,굽은다리역,2020-05,2020-06,2,717.0,5536810.0
024167685,굽은다리역,2020-07,2020-08,2,990.0,6172900.0
024167685,굽은다리역,2020-09,2020-10,2,946.0,6070380.0
024167685,굽은다리역,2020-11,2020-12,2,710.0,5520500.0
024167685,굽은다리역,2021-01,2021-02,2,698.0,5492540.0
024167685,굽은다리역,2021-03,2021-04,2,627.0,5327110.0
024167685,굽은다리역,2021-05,2021-06,2,737.0,5583410.0
024167685,굽은다리역,2021-07,2021-08,2,927.0,6129090.0
024167685,굽은다리역,2021-09,2021-10,2,821.0,5958790.0
024167685,굽은다리역,2021-11,2021-12,2,753.0,5782820.0
024167685,굽은다리역,2022-01,2022-02,2,771.0,5899690.0
024167685,굽은다리역,2022-03,2022-04,2,629.0,5609050.0
024167685,굽은다리역,2022-05,2022-06,2,698.0,5791900.0
024167685,굽은다리역,2022-07,2022-08,2,905.0,6740850.0
024167685,굽은다리역,2022-09,2022-10,2,1044.0,9356000.0
024167685,굽은다리역,2022-11,2022-12,2,598.0,7403220.0
024167685,굽은다리역,2023-01,2023-02,2,771.0,7459560.0
024167685,굽은다리역,2023-03,2023-04,2,869.0,7198840.0
024167685,굽은다리역,2023-05,2023-06,2,931.0,7241070.0
024167685,굽은다리역,2023-07,2023-08,2,934.0,7800440.0
024167685,굽은다리역,2023-09,2023-10,2,950.0,8819000.0
024167685,굽은다리역,2023-11,2023-12,2,916.0,8539960.0
024167685,굽은다리역,2024-01,2024-02,2,919.0,8249240.0
024167685,굽은다리역,2024-03,2024-04,2,844.0,7716040.0
024167685,굽은다리역,2024-05,2024-06,2,961.0,14558360.0
024167685,굽은다리역,2024-07,2024-08,2,1070.0,8515800.0
024167685,굽은다리역,2024-09,2024-10,2,1435.0,16151000.0
024167685,굽은다리역,2024-11,2024-12,2,870.0,8144200.0
024167685,굽은다리역,2025-01,2025-02,2,894.0,8496040.0
024167685,굽은다리역,2025-03,2025-04,2,849.0,8229640.0
024167685,굽은다리역,2025-05,2025-06,2,949.0,8073640.0
024167685,굽은다리역,2025-07,2025-08,2,1064.0,8326440.0
024167685,굽은다리역,2025-09,2025-10,2,1195.0,9311800.0
024167685,굽은다리역,2025-11,2025-12,2,880.0,8790600.0
024167685,굽은다리역,2026-01,2026-02,2,789.0,8371150.0
024167685,굽은다리역,2026-03,2026-04,2,811.0,8138220.0
030632270,길동역,2008-06,2008-07,2,98.0,191820.0
030632270,길동역,2008-08,2008-09,2,62.0,159780.0
030632270,길동역,2008-10,2008-11,2,112.0,207400.0
030632270,길동역,2008-12,2009-01,2,0.0,104600.0
030632270,길동역,2009-02,2009-03,2,0.0,104600.0
030632270,길동역,2009-04,2009-05,2,0.0,104600.0
030632270,길동역,2009-06,2009-07,2,0.0,104600.0
030632270,길동역,2009-08,2009-09,2,0.0,104600.0
030632270,길동역,2009-10,2009-11,2,3.0,101890.0
030632270,길동역,2009-12,2010-01,2,57.0,155330.0
030632270,길동역,2010-02,2010-03,2,387.0,523650.0
030632270,길동역,2010-04,2010-05,2,102.0,195900.0
030632270,길동역,2010-06,2010-07,2,400.0,538600.0
030632270,길동역,2010-08,2010-09,2,711.0,910680.0
030632270,길동역,2010-10,2010-11,2,601.0,769880.0
030632270,길동역,2010-12,2011-01,2,475.0,624850.0
030632270,길동역,2011-02,2011-03,2,440.0,588850.0
030632270,길동역,2011-04,2011-05,2,473.0,627280.0
030632270,길동역,2011-06,2011-07,2,482.0,637720.0
030632270,길동역,2011-08,2011-09,2,604.0,779760.0
030632270,길동역,2011-10,2011-11,2,534.0,698040.0
030632270,길동역,2011-12,2012-01,2,483.0,638880.0
030632270,길동역,2012-02,2012-03,2,449.0,712150.0
030632270,길동역,2012-04,2012-05,2,453.0,730980.0
030632270,길동역,2012-06,2012-07,2,487.0,780620.0
030632270,길동역,2012-08,2012-09,2,500.0,799600.0
030632270,길동역,2012-10,2012-11,2,501.0,801060.0
030632270,길동역,2012-12,2013-01,2,521.0,830260.0
030632270,길동역,2013-02,2013-03,2,436.0,772280.0
030632270,길동역,2013-04,2013-05,2,445.0,786950.0
030632270,길동역,2013-06,2013-07,2,216.0,413680.0
030632270,길동역,2013-08,2013-09,2,0.0,104600.0
030632270,길동역,2013-10,2013-11,2,2.0,107000.0
030632270,길동역,2013-12,2014-01,2,0.0,104600.0
030632270,길동역,2014-02,2014-03,2,0.0,104600.0
030632270,길동역,2014-04,2014-05,2,0.0,104600.0
030632270,길동역,2014-06,2014-07,2,2.0,107180.0
030632270,길동역,2014-08,2014-09,2,2.0,107180.0
030632270,길동역,2014-10,2014-11,2,1.0,105890.0
030632270,길동역,2014-12,2015-01,2,1.0,105890.0
030632270,길동역,2015-02,2015-03,2,92.0,223280.0
030632270,길동역,2015-04,2015-05,2,117.0,263860.0
030632270,길동역,2015-06,2015-07,2,95.0,227150.0
030632270,길동역,2015-08,2015-09,2,106.0,244280.0
030632270,길동역,2015-10,2015-11,2,108.0,247840.0
030632270,길동역,2015-12,2016-01,2,118.0,265640.0
030632270,길동역,2016-02,2016-03,2,102.0,237160.0
030632270,길동역,2016-04,2016-05,2,113.0,256740.0
030632270,길동역,2016-06,2016-07,2,131.0,288780.0
030632270,길동역,2016-08,2016-09,2,106.0,244280.0
030632270,길동역,2016-10,2016-11,2,103.0,238940.0
030632270,길동역,2016-12,2017-01,2,145.0,313700.0
030632270,길동역,2017-02,2017-03,2,149.0,330130.0
030632270,길동역,2017-04,2017-05,2,94.0,234740.0
030632270,길동역,2017-06,2017-07,2,78.0,209900.0
030632270,길동역,2017-08,2017-09,2,156.0,344320.0
030632270,길동역,2017-10,2017-11,2,112.0,262040.0
030632270,길동역,2017-12,2018-01,2,236.0,493920.0
030632270,길동역,2018-02,2018-03,2,207.0,455320.0
030632270,길동역,2018-04,2018-05,2,497.0,1023720.0
030632270,길동역,2018-06,2018-07,2,263.0,565080.0
030632270,길동역,2018-08,2018-09,2,0.0,20380.0
030632270,길동역,2018-10,2018-11,2,156.0,211660.0
030632270,길동역,2018-12,2019-01,2,346.0,722210.0
030632270,길동역,2019-02,2019-03,2,272.0,607640.0
030632270,길동역,2019-04,2019-05,2,291.0,646970.0
030632270,길동역,2019-06,2019-07,2,356.0,781520.0
030632270,길동역,2019-08,2019-09,2,452.0,980240.0
030632270,길동역,2019-10,2019-11,2,502.0,1083740.0
030632270,길동역,2019-12,2020-01,2,383.0,837410.0
030632270,길동역,2020-02,2020-03,2,251.0,564170.0
030632270,길동역,2020-04,2020-05,2,240.0,541400.0
030632270,길동역,2020-06,2020-07,2,304.0,673880.0
030632270,길동역,2020-08,2020-09,2,496.0,1071320.0
030632270,길동역,2020-10,2020-11,2,352.0,773240.0
030632270,길동역,2020-12,2021-01,2,241.0,543470.0
030632270,길동역,2021-02,2021-03,2,253.0,568310.0
030632270,길동역,2021-04,2021-05,2,307.0,680090.0
030632270,길동역,2021-06,2021-07,2,400.0,872600.0
030632270,길동역,2021-08,2021-09,2,396.0,955560.0
030632270,길동역,2021-10,2021-11,2,410.0,987200.0
030632270,길동역,2021-12,2022-01,2,456.0,1091160.0
030632270,길동역,2022-02,2022-03,2,172.0,488880.0
030632270,길동역,2022-04,2022-05,2,191.0,536190.0
030632270,길동역,2022-06,2022-07,2,205.0,571050.0
030632270,길동역,2022-08,2022-09,2,393.0,1039170.0
030632270,길동역,2022-10,2022-11,2,188.0,528720.0
030632270,길동역,2022-12,2023-01,2,205.0,571050.0
030632270,길동역,2023-02,2023-03,2,189.0,582040.0
030632270,길동역,2023-04,2023-05,2,223.0,689810.0
030632270,길동역,2023-06,2023-07,2,176.0,543560.0
030632270,길동역,2023-08,2023-09,2,328.0,1033160.0
030632270,길동역,2023-10,2023-11,2,235.0,729050.0
030632270,길동역,2023-12,2024-01,2,194.0,596840.0
030632270,길동역,2024-02,2024-03,2,191.0,587960.0
030632270,길동역,2024-04,2024-05,2,190.0,585000.0
030632270,길동역,2024-06,2024-07,2,297.0,931790.0
030632270,길동역,2024-08,2024-09,2,385.0,1219550.0
030632270,길동역,2024-10,2024-11,2,360.0,1137800.0
030632270,길동역,2024-12,2025-01,2,197.0,605720.0
030632270,길동역,2025-02,2025-03,2,161.0,499160.0
030632270,길동역,2025-04,2025-05,2,190.0,585000.0
030632270,길동역,2025-06,2025-07,2,229.0,709430.0
030632270,길동역,2025-08,2025-09,2,351.0,1108370.0
030632270,길동역,2025-10,2025-11,2,222.0,686540.0
030632270,길동역,2025-12,2026-01,2,190.0,585000.0
030632270,길동역,2026-02,2026-03,2,183.0,593570.0
030632270,길동역,2026-04,2026-05,2,198.0,638420.0
001703793,길음역,2008-06,2008-07,2,498.0,653240.0
001703793,길음역,2008-08,2008-09,2,1080.0,1390480.0
001703793,길음역,2008-10,2008-11,2,943.0,1230520.0
001703793,길음역,2008-12,2009-01,2,300.0,419310.0
001703793,길음역,2009-03,2009-04,2,776.0,976460.0
001703793,길음역,2009-05,2009-06,2,992.0,1249620.0
001703793,길음역,2009-07,2009-08,2,811.0,1075660.0
001703793,길음역,2009-09,2009-10,2,1020.0,1361340.0
001703793,길음역,2009-11,2009-12,2,700.0,947660.0
001703793,길음역,2010-01,2010-02,2,652.0,885340.0
001703793,길음역,2010-03,2010-04,2,404.0,582360.0
001703793,길음역,2010-05,2010-06,2,321.0,506800.0
001703793,길음역,2010-07,2010-08,2,568.0,803700.0
001703793,길음역,2010-09,2010-10,2,1908.0,2463100.0
001703793,길음역,2010-11,2010-12,2,1077.0,1364660.0
001703793,길음역,2011-01,2011-02,2,1077.0,1442610.0
001703793,길음역,2011-03,2011-04,2,1077.0,1443630.0
001703793,길음역,2011-05,2011-06,2,1077.0,1443630.0
001703793,길음역,2011-07,2011-08,2,1077.0,1507340.0
001703793,길음역,2011-09,2011-10,2,1171.0,1579410.0
001703793,길음역,2011-11,2011-12,2,669.0,946790.0
001703793,길음역,2012-01,2012-02,2,216.0,409660.0
001703793,길음역,2012-03,2012-04,2,230.0,517800.0
001703793,길음역,2012-05,2012-06,2,273.0,608580.0
001703793,길음역,2012-07,2012-08,2,690.0,1272160.0
001703793,길음역,2012-09,2012-10,2,1262.0,2104640.0
001703793,길음역,2012-11,2012-12,2,541.0,1040100.0
001703793,길음역,2013-01,2013-02,2,230.0,493160.0
001703793,길음역,2013-03,2013-04,2,252.0,543720.0
001703793,길음역,2013-05,2013-06,2,237.0,538250.0
001703793,길음역,2013-07,2013-08,2,188.0,482130.0
001703793,길음역,2013-09,2013-10,2,877.0,1624680.0
001703793,길음역,2013-11,2013-12,2,269.0,1536140.0
001703793,길음역,2014-01,2014-02,2,133.0,1198700.0
001703793,길음역,2014-03,2014-04,2,126.0,1021000.0
001703793,길음역,2014-05,2014-06,2,168.0,1100800.0
001703793,길음역,2014-07,2014-08,2,547.0,2878900.0
001703793,길음역,2014-09,2014-10,2,822.0,3016600.0
001703793,길음역,2014-11,2014-12,2,157.0,1721900.0
001703793,길음역,2015-01,2015-02,2,157.0,1557900.0
001703793,길음역,2015-03,2015-04,2,157.0,2713200.0
001703793,길음역,2015-05,2015-06,2,252.0,1777400.0
001703793,길음역,2015-07,2015-08,2,455.0,2139100.0
001703793,길음역,2015-09,2015-10,2,806.0,1969100.0
001703793,길음역,2015-11,2015-12,2,443.0,1238040.0
001703793,길음역,2016-01,2016-02,2,153.0,709240.0
001703793,길음역,2016-03,2016-04,2,152.0,668760.0
001703793,길음역,2016-05,2016-06,2,341.0,1042680.0
001703793,길음역,2016-07,2016-08,2,708.0,1339600.0
001703793,길음역,2016-09,2016-10,2,1228.0,2379600.0
001703793,길음역,2016-11,2016-12,2,331.0,1164380.0
001703793,길음역,2017-01,2017-02,2,196.0,853170.0
001703793,길음역,2017-03,2017-04,2,187.0,869040.0
001703793,길음역,2017-05,2017-06,2,268.0,1024340.0
001703793,길음역,2017-07,2017-08,2,729.0,1839850.0
001703793,길음역,2017-09,2017-10,2,949.0,2265880.0
001703793,길음역,2017-11,2017-12,2,269.0,935790.0
001703793,길음역,2018-01,2018-02,2,160.0,750260.0
001703793,길음역,2018-03,2018-04,2,154.0,775160.0
001703793,길음역,2018-05,2018-06,2,205.0,1067000.0
001703793,길음역,2018-07,2018-08,2,778.0,2880780.0
001703793,길음역,2018-09,2018-10,2,860.0,1800200.0
001703793,길음역,2018-11,2018-12,2,390.0,814000.0
001703793,길음역,2019-01,2019-02,2,383.0,1071250.0
001703793,길음역,2019-03,2019-04,2,223.0,832210.0
001703793,길음역,2019-05,2019-06,2,115.0,925050.0
001703793,길음역,2019-07,2019-08,2,469.0,1461030.0
001703793,길음역,2019-09,2019-10,2,689.0,1939570.0
001703793,길음역,2019-11,2019-12,2,271.0,1051170.0
001703793,길음역,2020-01,2020-02,2,118.0,734460.0
001703793,길음역,2020-03,2020-04,2,391.0,1299570.0
001703793,길음역,2020-05,2020-06,2,1026.0,2724780.0
001703793,길음역,2020-07,2020-08,2,1462.0,3740660.0
001703793,길음역,2020-09,2020-10,2,1727.0,4358110.0
001703793,길음역,2020-11,2020-12,2,1243.0,3230390.0
001703793,길음역,2021-01,2021-02,2,911.0,2456830.0
001703793,길음역,2021-03,2021-04,2,949.0,2545370.0
001703793,길음역,2021-05,2021-06,2,949.0,2545370.0
001703793,길음역,2021-07,2021-08,2,1478.0,3861500.0
001703793,길음역,2021-09,2021-10,2,1669.0,4577460.0
001703793,길음역,2021-11,2021-12,2,1121.0,3185540.0
001703793,길음역,2022-01,2022-02,2,1121.0,3248740.0
001703793,길음역,2022-03,2022-04,2,828.0,2613920.0
001703793,길음역,2022-05,2022-06,2,1247.0,3714750.0
001703793,길음역,2022-07,2022-08,2,1561.0,4546850.0
001703793,길음역,2022-09,2022-10,2,1721.0,4970850.0
001703793,길음역,2022-11,2022-12,2,1359.0,4011550.0
001703793,길음역,2023-01,2023-02,2,1091.0,3539330.0
001703793,길음역,2023-03,2023-04,2,1257.0,4593720.0
001703793,길음역,2023-05,2023-06,2,2032.0,7201240.0
001703793,길음역,2023-07,2023-08,2,1956.0,6942360.0
001703793,길음역,2023-09,2023-10,2,2156.0,7631520.0
001703793,길음역,2023-11,2023-12,2,1383.0,5017080.0
001703793,길음역,2024-01,2024-02,2,1177.0,4324920.0
001703793,길음역,2024-03,2024-04,2,1183.0,3899480.0
001703793,길음역,2024-05,2024-06,2,1370.0,4527800.0
001703793,길음역,2024-07,2024-08,2,1622.0,5374520.0
001703793,길음역,2024-09,2024-10,2,1900.0,6308600.0
001703793,길음역,2024-11,2024-12,2,1365.0,4511000.0
001703793,길음역,2025-01,2025-02,2,1108.0,4093080.0
001703793,길음역,2025-03,2025-04,2,1020.0,3351800.0
001703793,길음역,2025-05,2025-06,2,1237.0,4526520.0
001703793,길음역,2025-07,2025-08,2,1559.0,5608440.0
001703793,길음역,2025-09,2025-10,2,1771.0,6320760.0
001703793,길음역,2025-11,2025-12,2,1225.0,4486200.0
001703793,길음역,2026-01,2026-02,2,1088.0,4119850.0
001703793,길음역,2026-03,2026-04,2,1009.0,4042980.0
027579083,까치산역,2008-06,2008-07,2,177.0,282150.0
027579083,까치산역,2008-08,2008-09,2,577.0,742150.0
027579083,까치산역,2008-10,2008-11,2,616.0,789080.0
027579083,까치산역,2008-12,2009-01,2,531.0,689250.0
027579083,까치산역,2009-02,2009-03,2,381.0,516750.0
027579083,까치산역,2009-04,2009-05,2,338.0,467300.0
027579083,까치산역,2009-06,2009-07,2,525.0,682350.0
027579083,까치산역,2009-08,2009-09,2,243.0,358050.0
027579083,까치산역,2009-10,2009-11,2,208.0,316330.0
027579083,까치산역,2009-12,2010-01,2,99.0,192710.0
027579083,까치산역,2010-02,2010-03,2,192.0,299400.0
027579083,까치산역,2010-04,2010-05,2,400.0,538600.0
027579083,까치산역,2010-06,2010-07,2,128.0,225800.0
027579083,까치산역,2010-08,2010-09,2,243.0,358050.0
027579083,까치산역,2010-10,2010-11,2,200.0,308600.0
027579083,까치산역,2010-12,2011-01,2,332.0,460400.0
027579083,까치산역,2011-02,2011-03,2,355.0,490140.0
027579083,까치산역,2011-04,2011-05,2,992.0,1280280.0
027579083,까치산역,2011-06,2011-07,2,820.0,1058400.0
027579083,까치산역,2011-08,2011-09,2,1435.0,1851750.0
027579083,까치산역,2011-10,2011-11,2,1790.0,2309700.0
027579083,까치산역,2011-12,2012-01,2,1934.0,2495460.0
027579083,까치산역,2012-02,2012-03,2,1980.0,3119610.0
027579083,까치산역,2012-04,2012-05,2,2001.0,3243240.0
027579083,까치산역,2012-06,2012-07,2,1926.0,3120240.0
027579083,까치산역,2012-08,2012-09,2,1998.0,3238320.0
027579083,까치산역,2012-10,2012-11,2,1998.0,3238320.0
027579083,까치산역,2012-12,2013-01,2,1051.0,1685240.0
027579083,까치산역,2013-02,2013-03,2,1875.0,3385600.0
027579083,까치산역,2013-04,2013-05,2,1787.0,3223680.0
027579083,까치산역,2013-06,2013-07,2,1900.0,3431600.0
027579083,까치산역,2013-08,2013-09,2,1909.0,3448160.0
027579083,까치산역,2013-10,2013-11,2,1805.0,3256800.0
027579083,까치산역,2013-12,2014-01,2,1906.0,3442640.0
027579083,까치산역,2014-02,2014-03,2,1708.0,3339600.0
027579083,까치산역,2014-04,2014-05,2,1689.0,3301600.0
027579083,까치산역,2014-06,2014-07,2,1726.0,3375600.0
027579083,까치산역,2014-08,2014-09,2,1855.0,3633600.0
027579083,까치산역,2014-10,2014-11,2,1796.0,3515600.0
027579083,까치산역,2014-12,2015-01,2,1631.0,3185600.0
027579083,까치산역,2015-02,2015-03,2,1684.0,3291600.0
027579083,까치산역,2015-04,2015-05,2,1864.0,3651600.0
027579083,까치산역,2015-06,2015-07,2,1968.0,3859600.0
027579083,까치산역,2015-08,2015-09,2,2047.0,4017600.0
027579083,까치산역,2015-10,2015-11,2,2070.0,4063600.0
027579083,까치산역,2015-12,2016-01,2,1924.0,3771600.0
027579083,까치산역,2016-02,2016-03,2,1952.0,3827600.0
027579083,까치산역,2016-04,2016-05,2,2172.0,4267600.0
027579083,까치산역,2016-06,2016-07,2,2118.0,4159600.0
027579083,까치산역,2016-08,2016-09,2,2394.0,4711600.0
027579083,까치산역,2016-10,2016-11,2,2023.0,3969600.0
027579083,까치산역,2016-12,2017-01,2,2171.0,4265600.0
027579083,까치산역,2017-02,2017-03,2,2232.0,4584200.0
027579083,까치산역,2017-04,2017-05,2,2412.0,4979800.0
027579083,까치산역,2017-06,2017-07,2,2393.0,4939900.0
027579083,까치산역,2017-08,2017-09,2,2725.0,5637100.0
027579083,까치산역,2017-10,2017-11,2,2259.0,4658500.0
027579083,까치산역,2017-12,2018-01,2,2292.0,4727800.0
027579083,까치산역,2018-02,2018-03,2,1940.0,4169900.0
027579083,까치산역,2018-04,2018-05,2,2145.0,4640050.0
027579083,까치산역,2018-06,2018-07,2,2021.0,4366010.0
027579083,까치산역,2018-08,2018-09,2,2643.0,5740630.0
027579083,까치산역,2018-10,2018-11,2,2073.0,4480930.0
027579083,까치산역,2018-12,2019-01,2,1952.0,4213520.0
027579083,까치산역,2019-02,2019-03,2,2033.0,4605790.0
027579083,까치산역,2019-04,2019-05,2,1853.0,4206090.0
027579083,까치산역,2019-06,2019-07,2,2358.0,5382740.0
027579083,까치산역,2019-08,2019-09,2,2857.0,6545410.0
027579083,까치산역,2019-10,2019-11,2,2584.0,5909320.0
027579083,까치산역,2019-12,2020-01,2,2290.0,5224300.0
027579083,까치산역,2020-02,2020-03,2,2507.0,5729910.0
027579083,까치산역,2020-04,2020-05,2,2085.0,4746650.0
027579083,까치산역,2020-06,2020-07,2,2304.0,5256920.0
027579083,까치산역,2020-08,2020-09,2,2739.0,6270470.0
027579083,까치산역,2020-10,2020-11,2,2020.0,4595200.0
027579083,까치산역,2020-12,2021-01,2,1987.0,4518310.0
027579083,까치산역,2021-02,2021-03,2,1984.0,4511320.0
027579083,까치산역,2021-04,2021-05,2,1993.0,4532290.0
027579083,까치산역,2021-06,2021-07,2,2432.0,5555160.0
027579083,까치산역,2021-08,2021-09,2,2919.0,7275150.0
027579083,까치산역,2021-10,2021-11,2,2610.0,6522000.0
027579083,까치산역,2021-12,2022-01,2,2284.0,5693960.0
027579083,까치산역,2022-02,2022-03,2,2020.0,5298410.0
027579083,까치산역,2022-04,2022-05,2,2057.0,5376840.0
027579083,까치산역,2022-06,2022-07,2,2159.0,5685950.0
027579083,까치산역,2022-08,2022-09,2,2786.0,7347500.0
027579083,까치산역,2022-10,2022-11,2,2491.0,6565750.0
027579083,까치산역,2022-12,2023-01,2,2043.0,5378550.0
027579083,까치산역,2023-02,2023-03,2,2003.0,6558970.0
027579083,까치산역,2023-04,2023-05,2,2159.0,7196330.0
027579083,까치산역,2023-06,2023-07,2,2447.0,8195690.0
027579083,까치산역,2023-08,2023-09,2,3174.0,10718380.0
027579083,까치산역,2023-10,2023-11,2,3099.0,10458130.0
027579083,까치산역,2023-12,2024-01,2,2180.0,7269200.0
027579083,까치산역,2024-02,2024-03,2,2278.0,7609260.0
027579083,까치산역,2024-04,2024-05,2,2159.0,7196330.0
027579083,까치산역,2024-06,2024-07,2,1943.0,6446810.0
027579083,까치산역,2024-08,2024-09,2,2628.0,8823760.0
027579083,까치산역,2024-10,2024-11,2,2985.0,10062550.0
027579083,까치산역,2024-12,2025-01,2,2308.0,7713360.0
027579083,까치산역,2025-02,2025-03,2,1701.0,5639960.0
027579083,까치산역,2025-04,2025-05,2,2275.0,7598850.0
027579083,까치산역,2025-06,2025-07,2,2502.0,8385540.0
027579083,까치산역,2025-08,2025-09,2,3474.0,11758380.0
027579083,까치산역,2025-10,2025-11,2,2789.0,9381430.0
027579083,까치산역,2025-12,2026-01,2,2436.0,8156520.0
027579083,까치산역,2026-02,2026-03,2,2038.0,7119730.0
027579083,까치산역,2026-04,2026-05,2,2187.0,7696080.0
032082173,녹사평역,2008-06,2008-07,2,447.0,1320280.0
032082173,녹사평역,2008-08,2008-09,2,452.0,1576280.0
032082173,녹사평역,2008-10,2008-11,2,415.0,1183320.0
032082173,녹사평역,2008-12,2009-01,2,439.0,1214040.0
032082173,녹사평역,2009-02,2009-03,2,334.0,999000.0
032082173,녹사평역,2009-04,2009-05,2,403.0,1229400.0
032082173,녹사평역,2009-06,2009-07,2,510.0,1482840.0
032082173,녹사평역,2009-08,2009-09,2,471.0,1306200.0
032082173,녹사평역,2009-10,2009-11,2,458.0,1379160.0
032082173,녹사평역,2009-12,2010-01,2,411.0,1310040.0
032082173,녹사평역,2010-02,2010-03,2,330.0,1151320.0
032082173,녹사평역,2010-04,2010-05,2,375.0,1174360.0
032082173,녹사평역,2010-06,2010-07,2,453.0,1412440.0
032082173,녹사평역,2010-08,2010-09,2,500.0,1508440.0
032082173,녹사평역,2010-10,2010-11,2,458.0,1411160.0
032082173,녹사평역,2010-12,2011-01,2,446.0,1340760.0
032082173,녹사평역,2011-02,2011-03,2,642.0,1264260.0
032082173,녹사평역,2011-04,2011-05,2,799.0,1837310.0
032082173,녹사평역,2011-06,2011-07,2,425.0,1387100.0
032082173,녹사평역,2011-08,2011-09,2,1482.0,2150780.0
032082173,녹사평역,2011-10,2011-11,2,1068.0,1495460.0
032082173,녹사평역,2011-12,2012-01,2,450.0,706840.0
032082173,녹사평역,2012-02,2012-03,2,1334.0,2158080.0
032082173,녹사평역,2012-04,2012-05,2,853.0,1482720.0
032082173,녹사평역,2012-06,2012-07,2,1056.0,1815640.0
032082173,녹사평역,2012-08,2012-09,2,1015.0,1776280.0
032082173,녹사평역,2012-10,2012-11,2,1106.0,1904200.0
032082173,녹사평역,2012-12,2013-01,2,1024.0,1768080.0
032082173,녹사평역,2013-02,2013-03,2,798.0,1502710.0
032082173,녹사평역,2013-04,2013-05,2,813.0,1538960.0
032082173,녹사평역,2013-06,2013-07,2,1009.0,1918000.0
032082173,녹사평역,2013-08,2013-09,2,974.0,1877520.0
032082173,녹사평역,2013-10,2013-11,2,1075.0,2000800.0
032082173,녹사평역,2013-12,2014-01,2,965.0,1778160.0
032082173,녹사평역,2014-02,2014-03,2,1046.0,2065600.0
032082173,녹사평역,2014-04,2014-05,2,1090.0,2165600.0
032082173,녹사평역,2014-06,2014-07,2,1377.0,2787600.0
032082173,녹사평역,2014-08,2014-09,2,1452.0,2955600.0
032082173,녹사평역,2014-10,2014-11,2,1692.0,3439600.0
032082173,녹사평역,2014-12,2015-01,2,1578.0,3149600.0
032082173,녹사평역,2015-02,2015-03,2,1182.0,2353600.0
032082173,녹사평역,2015-04,2015-05,2,1374.0,2725600.0
032082173,녹사평역,2015-06,2015-07,2,1647.0,3289600.0
032082173,녹사평역,2015-08,2015-09,2,1488.0,3033600.0
032082173,녹사평역,2015-10,2015-11,2,1675.0,3403600.0
032082173,녹사평역,2015-12,2016-01,2,1388.0,2779600.0
032082173,녹사평역,2016-02,2016-03,2,1267.0,2503600.0
032082173,녹사평역,2016-04,2016-05,2,1367.0,2705600.0
032082173,녹사평역,2016-06,2016-07,2,1652.0,3331600.0
032082173,녹사평역,2016-08,2016-09,2,1493.0,2975600.0
032082173,녹사평역,2016-10,2016-11,2,1520.0,3055600.0
032082173,녹사평역,2016-12,2017-01,2,1667.0,3323600.0
032082173,녹사평역,2017-02,2017-03,2,1342.0,2755340.0
032082173,녹사평역,2017-04,2017-05,2,1406.0,2936510.0
032082173,녹사평역,2017-06,2017-07,2,1589.0,3430500.0
032082173,녹사평역,2017-08,2017-09,2,1352.0,3090300.0
032082173,녹사평역,2017-10,2017-11,2,1639.0,4276800.0
032082173,녹사평역,2017-12,2018-01,2,1333.0,2781600.0
032082173,녹사평역,2018-02,2018-03,2,1512.0,4041520.0
032082173,녹사평역,2018-04,2018-05,2,1522.0,3346050.0
032082173,녹사평역,2018-06,2018-07,2,1473.0,3445500.0
032082173,녹사평역,2018-08,2018-09,2,1461.0,4842220.0
032082173,녹사평역,2018-10,2018-11,2,1205.0,2713990.0
032082173,녹사평역,2018-12,2019-01,2,1175.0,2568130.0
032082173,녹사평역,2019-02,2019-03,2,1038.0,2355760.0
032082173,녹사평역,2019-04,2019-05,2,1097.0,2861060.0
032082173,녹사평역,2019-06,2019-07,2,1288.0,3921210.0
032082173,녹사평역,2019-08,2019-09,2,1081.0,2795820.0
032082173,녹사평역,2019-10,2019-11,2,1081.0,2795820.0
032082173,녹사평역,2019-12,2020-01,2,1303.0,4925440.0
032082173,녹사평역,2020-02,2020-03,2,971.0,2183030.0
032082173,녹사평역,2020-04,2020-05,2,816.0,1821880.0
032082173,녹사평역,2020-06,2020-07,2,795.0,1772950.0
032082173,녹사평역,2020-08,2020-09,2,831.0,1856830.0
032082173,녹사평역,2020-10,2020-11,2,803.0,1791590.0
032082173,녹사평역,2020-12,2021-01,2,739.0,1642470.0
032082173,녹사평역,2021-02,2021-03,2,714.0,1584220.0
032082173,녹사평역,2021-04,2021-05,2,901.0,2019930.0
032082173,녹사평역,2021-06,2021-07,2,978.0,2199340.0
032082173,녹사평역,2021-08,2021-09,2,827.0,2701390.0
032082173,녹사평역,2021-10,2021-11,2,914.0,2421420.0
032082173,녹사평역,2021-12,2022-01,2,909.0,2347760.0
032082173,녹사평역,2022-02,2022-03,2,740.0,2079790.0
032082173,녹사평역,2022-04,2022-05,2,789.0,2238500.0
032082173,녹사평역,2022-06,2022-07,2,1087.0,3060000.0
032082173,녹사평역,2022-08,2022-09,2,998.0,3216350.0
032082173,녹사평역,2022-10,2022-11,2,1129.0,3089150.0
032082173,녹사평역,2022-12,2023-01,2,981.0,2638650.0
032082173,녹사평역,2023-02,2023-03,2,847.0,2765070.0
032082173,녹사평역,2023-04,2023-05,2,969.0,3370360.0
032082173,녹사평역,2023-06,2023-07,2,1106.0,3736600.0
032082173,녹사평역,2023-08,2023-09,2,1279.0,4445560.0
032082173,녹사평역,2023-10,2023-11,2,1343.0,4529560.0
032082173,녹사평역,2023-12,2024-01,2,1016.0,3434200.0
032082173,녹사평역,2024-02,2024-03,2,937.0,3225880.0
032082173,녹사평역,2024-04,2024-05,2,1091.0,3763480.0
032082173,녹사평역,2024-06,2024-07,2,1135.0,3860920.0
032082173,녹사평역,2024-08,2024-09,2,1457.0,4909240.0
032082173,녹사평역,2024-10,2024-11,2,1577.0,5312440.0
032082173,녹사평역,2024-12,2025-01,2,1256.0,4227160.0
032082173,녹사평역,2025-02,2025-03,2,1188.0,3988600.0
032082173,녹사평역,2025-04,2025-05,2,1418.0,4788280.0
032082173,녹사평역,2025-06,2025-07,2,1495.0,5056080.0
032082173,녹사평역,2025-08,2025-09,2,1868.0,6433680.0
032082173,녹사평역,2025-10,2025-11,2,1835.0,6292560.0
032082173,녹사평역,2025-12,2026-01,2,1654.0,5546640.0
032082173,녹사평역,2026-02,2026-03,2,1328.0,4646180.0
032082173,녹사평역,2026-04,2026-05,2,1054.0,3811840.0
004769658,답십리역,2010-03,2010-04,2,1075.0,1376600.0
004769658,답십리역,2010-05,2010-06,2,853.0,1092440.0
004769658,답십리역,2010-07,2010-08,2,1646.0,2107480.0
004769658,답십리역,2010-09,2010-10,2,1822.0,2332760.0
004769658,답십리역,2010-11,2010-12,2,1672.0,2140760.0
004769658,답십리역,2011-01,2011-02,2,1510.0,1940070.0
004769658,답십리역,2011-03,2011-04,2,1545.0,1993650.0
004769658,답십리역,2011-05,2011-06,2,1746.0,2252940.0
004769658,답십리역,2011-07,2011-08,2,1799.0,2321310.0
004769658,답십리역,2011-09,2011-10,2,1803.0,2326470.0
004769658,답십리역,2011-11,2011-12,2,1869.0,2411610.0
004769658,답십리역,2012-01,2012-02,2,2290.0,2954700.0
004769658,답십리역,2012-03,2012-04,2,1930.0,3126800.0
004769658,답십리역,2012-05,2012-06,2,1911.0,3095640.0
004769658,답십리역,2012-07,2012-08,2,1951.0,3161240.0
004769658,답십리역,2012-09,2012-10,2,1872.0,3031680.0
004769658,답십리역,2012-11,2012-12,2,1723.0,2787320.0
004769658,답십리역,2013-01,2013-02,2,2213.0,3590920.0
004769658,답십리역,2013-03,2013-04,2,2105.0,3808800.0
004769658,답십리역,2013-05,2013-06,2,2063.0,3764680.0
004769658,답십리역,2013-07,2013-08,2,2148.0,3887920.0
004769658,답십리역,2013-09,2013-10,2,1978.0,3575120.0
004769658,답십리역,2013-11,2013-12,2,1749.0,3153760.0
004769658,답십리역,2014-01,2014-02,2,1655.0,2980800.0
004769658,답십리역,2014-03,2014-04,2,1651.0,3225600.0
004769658,답십리역,2014-05,2014-06,2,1672.0,3267600.0
004769658,답십리역,2014-07,2014-08,2,1786.0,3495600.0
004769658,답십리역,2014-09,2014-10,2,1797.0,3517600.0
004769658,답십리역,2014-11,2014-12,2,1915.0,3753600.0
004769658,답십리역,2015-01,2015-02,2,1655.0,3233600.0
004769658,답십리역,2015-03,2015-04,2,902.0,1727600.0
004769658,답십리역,2015-05,2015-06,2,1634.0,3191600.0
004769658,답십리역,2015-07,2015-08,2,1599.0,3121600.0
004769658,답십리역,2015-09,2015-10,2,1941.0,3805600.0
004769658,답십리역,2015-11,2015-12,2,1565.0,3053600.0
004769658,답십리역,2016-01,2016-02,2,1473.0,2869600.0
004769658,답십리역,2016-03,2016-04,2,1516.0,2955600.0
004769658,답십리역,2016-05,2016-06,2,1479.0,2881600.0
004769658,답십리역,2016-07,2016-08,2,1645.0,3213600.0
004769658,답십리역,2016-09,2016-10,2,1655.0,3233600.0
004769658,답십리역,2016-11,2016-12,2,1399.0,2721600.0
004769658,답십리역,2017-01,2017-02,2,1257.0,2485320.0
004769658,답십리역,2017-03,2017-04,2,1412.0,2878250.0
004769658,답십리역,2017-05,2017-06,2,1367.0,2785300.0
004769658,답십리역,2017-07,2017-08,2,1469.0,2999500.0
004769658,답십리역,2017-09,2017-10,2,1600.0,3274600.0
004769658,답십리역,2017-11,2017-12,2,1501.0,3066700.0
004769658,답십리역,2018-01,2018-02,2,1501.0,3133360.0
004769658,답십리역,2018-03,2018-04,2,1527.0,3272030.0
004769658,답십리역,2018-05,2018-06,2,1665.0,3579250.0
004769658,답십리역,2018-07,2018-08,2,1558.0,3342780.0
004769658,답십리역,2018-09,2018-10,2,1984.0,4284240.0
004769658,답십리역,2018-11,2018-12,2,1405.0,3004650.0
004769658,답십리역,2019-01,2019-02,2,1765.0,3890100.0
004769658,답십리역,2019-03,2019-04,2,1527.0,3446510.0
004769658,답십리역,2019-05,2019-06,2,1526.0,3444180.0
004769658,답십리역,2019-07,2019-08,2,1732.0,3924160.0
004769658,답십리역,2019-09,2019-10,2,1892.0,4296960.0
004769658,답십리역,2019-11,2019-12,2,1612.0,3644560.0
004769658,답십리역,2020-01,2020-02,2,1267.0,2840710.0
004769658,답십리역,2020-03,2020-04,2,984.0,2181320.0
004769658,답십리역,2020-05,2020-06,2,968.0,2144040.0
004769658,답십리역,2020-07,2020-08,2,1179.0,2635670.0
004769658,답십리역,2020-09,2020-10,2,1255.0,2812750.0
004769658,답십리역,2020-11,2020-12,2,1137.0,2537810.0
004769658,답십리역,2021-01,2021-02,2,1126.0,2512180.0
004769658,답십리역,2021-03,2021-04,2,1070.0,2381700.0
004769658,답십리역,2021-05,2021-06,2,1294.0,2903620.0
004769658,답십리역,2021-07,2021-08,2,1435.0,3371000.0
004769658,답십리역,2021-09,2021-10,2,1608.0,3976920.0
004769658,답십리역,2021-11,2021-12,2,1355.0,3334300.0
004769658,답십리역,2022-01,2022-02,2,1313.0,3326230.0
004769658,답십리역,2022-03,2022-04,2,1147.0,2970060.0
004769658,답십리역,2022-05,2022-06,2,1368.0,3570260.0
004769658,답십리역,2022-07,2022-08,2,2563.0,6756550.0
004769658,답십리역,2022-09,2022-10,2,1673.0,4398050.0
004769658,답십리역,2022-11,2022-12,2,1416.0,3717000.0
004769658,답십리역,2023-01,2023-02,2,1150.0,3365460.0
004769658,답십리역,2023-03,2023-04,2,1212.0,3996920.0
004769658,답십리역,2023-05,2023-06,2,1372.0,4534520.0
004769658,답십리역,2023-07,2023-08,2,1435.0,4746200.0
004769658,답십리역,2023-09,2023-10,2,1813.0,6016280.0
004769658,답십리역,2023-11,2023-12,2,1610.0,5334200.0
004769658,답십리역,2024-01,2024-02,2,1565.0,5183000.0
004769658,답십리역,2024-03,2024-04,2,1325.0,4376600.0
004769658,답십리역,2024-05,2024-06,2,1520.0,5031800.0
004769658,답십리역,2024-07,2024-08,2,1412.0,4668920.0
004769658,답십리역,2024-09,2024-10,2,1618.0,5361080.0
004769658,답십리역,2024-11,2024-12,2,1614.0,5347640.0
004769658,답십리역,2025-01,2025-02,2,1270.0,4191800.0
004769658,답십리역,2025-03,2025-04,2,1265.0,4175000.0
004769658,답십리역,2025-05,2025-06,2,1346.0,4447160.0
004769658,답십리역,2025-07,2025-08,2,1543.0,5109080.0
004769658,답십리역,2025-09,2025-10,2,1807.0,5996120.0
004769658,답십리역,2025-11,2025-12,2,1250.0,4124600.0
004769658,답십리역,2026-01,2026-02,2,1137.0,3841040.0
004769658,답십리역,2026-03,2026-04,2,1196.0,4170240.0
022652784,대청역,2008-05,2008-06,2,613.0,805040.0
022652784,대청역,2008-07,2008-08,2,861.0,1123360.0
022652784,대청역,2008-09,2008-10,2,927.0,1238700.0
022652784,대청역,2008-11,2008-12,2,661.0,921820.0
022652784,대청역,2009-01,2009-02,2,515.0,732470.0
022652784,대청역,2009-03,2009-04,2,584.0,813800.0
022652784,대청역,2009-05,2009-06,2,590.0,848560.0
022652784,대청역,2009-07,2009-08,2,1006.0,1423460.0
022652784,대청역,2009-09,2009-10,2,940.0,1297260.0
022652784,대청역,2009-11,2009-12,2,940.0,1308660.0
022652784,대청역,2010-01,2010-02,2,235.0,415940.0
022652784,대청역,2010-03,2010-04,2,637.0,816840.0
022652784,대청역,2010-05,2010-06,2,422.0,663580.0
022652784,대청역,2010-07,2010-08,2,403.0,681800.0
022652784,대청역,2010-09,2010-10,2,613.0,785240.0
022652784,대청역,2010-11,2010-12,2,528.0,731920.0
022652784,대청역,2011-01,2011-02,2,182.0,546740.0
022652784,대청역,2011-03,2011-04,2,391.0,777770.0
022652784,대청역,2011-05,2011-06,2,700.0,1206340.0
022652784,대청역,2011-07,2011-08,2,771.0,1303210.0
022652784,대청역,2011-09,2011-10,2,1115.0,1742570.0
022652784,대청역,2011-11,2011-12,2,829.0,1407510.0
022652784,대청역,2012-01,2012-02,2,607.0,1095610.0
022652784,대청역,2012-03,2012-04,2,607.0,1385440.0
022652784,대청역,2012-05,2012-06,2,1293.0,2298040.0
022652784,대청역,2012-07,2012-08,2,1706.0,3173040.0
022652784,대청역,2012-09,2012-10,2,1826.0,3260400.0
022652784,대청역,2012-11,2012-12,2,900.0,1880720.0
022652784,대청역,2013-01,2013-02,2,998.0,3361760.0
022652784,대청역,2013-03,2013-04,2,868.0,3920160.0
022652784,대청역,2013-05,2013-06,2,803.0,4987480.0
022652784,대청역,2013-07,2013-08,2,1150.0,5897840.0
022652784,대청역,2013-09,2013-10,2,1939.0,4795280.0
022652784,대청역,2013-11,2013-12,2,1150.0,2051600.0
022652784,대청역,2014-01,2014-02,2,966.0,1713040.0
022652784,대청역,2014-03,2014-04,2,1101.0,2125600.0
022652784,대청역,2014-05,2014-06,2,994.0,1911600.0
022652784,대청역,2014-07,2014-08,2,1650.0,3223600.0
022652784,대청역,2014-09,2014-10,2,1545.0,3013600.0
022652784,대청역,2014-11,2014-12,2,1316.0,2555600.0
022652784,대청역,2015-01,2015-02,2,1284.0,2491600.0
022652784,대청역,2015-03,2015-04,2,1257.0,2437600.0
022652784,대청역,2015-05,2015-06,2,1329.0,2638600.0
022652784,대청역,2015-07,2015-08,2,3295.0,6513600.0
022652784,대청역,2015-09,2015-10,2,4963.0,2184760.0
022652784,대청역,2015-11,2015-12,2,775.0,803600.0
022652784,대청역,2016-01,2016-02,2,476.0,817680.0
022652784,대청역,2016-03,2016-04,2,449.0,854820.0
022652784,대청역,2016-05,2016-06,2,500.0,945600.0
022652784,대청역,2016-07,2016-08,2,960.0,1843600.0
022652784,대청역,2016-09,2016-10,2,552.0,1038160.0
022652784,대청역,2016-11,2016-12,2,539.0,1015020.0
022652784,대청역,2017-01,2017-02,2,481.0,930690.0
022652784,대청역,2017-03,2017-04,2,416.0,821740.0
022652784,대청역,2017-05,2017-06,2,558.0,1096060.0
022652784,대청역,2017-07,2017-08,2,599.0,1172730.0
022652784,대청역,2017-09,2017-10,2,579.0,1135330.0
022652784,대청역,2017-11,2017-12,2,533.0,1049310.0
022652784,대청역,2018-01,2018-02,2,495.0,992530.0
022652784,대청역,2018-03,2018-04,2,417.0,866920.0
022652784,대청역,2018-05,2018-06,2,531.0,1090360.0
022652784,대청역,2018-07,2018-08,2,591.0,1207960.0
022652784,대청역,2018-09,2018-10,2,638.0,1309580.0
022652784,대청역,2018-11,2018-12,2,512.0,1117920.0
022652784,대청역,2019-01,2019-02,2,470.0,986850.0
022652784,대청역,2019-03,2019-04,2,496.0,1071320.0
022652784,대청역,2019-05,2019-06,2,721.0,1568530.0
022652784,대청역,2019-07,2019-08,2,584.0,1253480.0
022652784,대청역,2019-09,2019-10,2,819.0,1796870.0
022652784,대청역,2019-11,2019-12,2,572.0,1228640.0
022652784,대청역,2020-01,2020-02,2,469.0,1015430.0
022652784,대청역,2020-03,2020-04,2,410.0,893300.0
022652784,대청역,2020-05,2020-06,2,282.0,628340.0
022652784,대청역,2020-07,2020-08,2,280.0,624200.0
022652784,대청역,2020-09,2020-10,2,733.0,1596490.0
022652784,대청역,2020-11,2020-12,2,600.0,1286600.0
022652784,대청역,2021-01,2021-02,2,391.0,853970.0
022652784,대청역,2021-03,2021-04,2,487.0,1052690.0
022652784,대청역,2021-05,2021-06,2,503.0,1085810.0
022652784,대청역,2021-07,2021-08,2,767.0,1733970.0
022652784,대청역,2021-09,2021-10,2,1015.0,2470700.0
022652784,대청역,2021-11,2021-12,2,649.0,1541060.0
022652784,대청역,2022-01,2022-02,2,557.0,1365550.0
022652784,대청역,2022-03,2022-04,2,476.0,1245840.0
022652784,대청역,2022-05,2022-06,2,596.0,1488980.0
022652784,대청역,2022-07,2022-08,2,760.0,1978600.0
022652784,대청역,2022-09,2022-10,2,790.0,2058100.0
022652784,대청역,2022-11,2022-12,2,649.0,1684450.0
022652784,대청역,2023-01,2023-02,2,518.0,1475140.0
022652784,대청역,2023-03,2023-04,2,547.0,1762520.0
022652784,대청역,2023-05,2023-06,2,670.0,2175800.0
022652784,대청역,2023-07,2023-08,2,864.0,2827640.0
022652784,대청역,2023-09,2023-10,2,1284.0,4238840.0
022652784,대청역,2023-11,2023-12,2,720.0,2343800.0
022652784,대청역,2024-01,2024-02,2,611.0,1977560.0
022652784,대청역,2024-03,2024-04,2,551.0,1775960.0
022652784,대청역,2024-05,2024-06,2,631.0,2044760.0
022652784,대청역,2024-07,2024-08,2,863.0,2824280.0
022652784,대청역,2024-09,2024-10,2,1243.0,4101080.0
022652784,대청역,2024-11,2024-12,2,728.0,2370680.0
022652784,대청역,2025-01,2025-02,2,579.0,1870040.0
022652784,대청역,2025-03,2025-04,2,554.0,1786040.0
022652784,대청역,2025-05,2025-06,2,684.0,2222840.0
022652784,대청역,2025-07,2025-08,2,856.0,2800760.0
022652784,대청역,2025-09,2025-10,2,1010.0,3318200.0
022652784,대청역,2025-11,2025-12,2,690.0,2243000.0
022652784,대청역,2026-01,2026-02,2,643.0,2128020.0
022652784,대청역,2026-03,2026-04,2,582.0,1995680.0
024655212,대치역,2008-05,2008-06,1,629.0,20780320.0
024655212,대치역,2008-07,2008-08,2,1572.0,28718030.0
024655212,대치역,2008-09,2008-10,2,2597.0,33768770.0
024655212,대치역,2008-11,2008-12,2,1857.0,30989130.0
024655212,대치역,2009-01,2009-02,2,1065.0,16316340.0
024655212,대치역,2009-03,2009-04,2,860.0,26104570.0
024655212,대치역,2009-05,2009-06,2,1379.0,26073740.0
024655212,대치역,2009-07,2009-08,2,1981.0,1677840.0
024655212,대치역,2009-09,2009-10,2,2443.0,2206480.0
024655212,대치역,2009-11,2009-12,2,1843.0,1174800.0
024655212,대치역,2010-01,2010-02,2,1095.0,733200.0
024655212,대치역,2010-03,2010-04,2,983.0,810000.0
024655212,대치역,2010-05,2010-06,2,1013.0,810000.0
024655212,대치역,2010-07,2010-08,2,1798.0,1814800.0
024655212,대치역,2010-09,2010-10,2,2238.0,1876240.0
024655212,대치역,2010-11,2010-12,2,1599.0,9834450.0
024655212,대치역,2011-01,2011-02,2,1475.0,1297800.0
024655212,대치역,2011-03,2011-04,2,1092.0,682760.0
024655212,대치역,2011-05,2011-06,2,1213.0,1143500.0
024655212,대치역,2011-07,2011-08,2,2087.0,2038380.0
024655212,대치역,2011-09,2011-10,2,2188.0,1722330.0
024655212,대치역,2011-11,2011-12,2,1611.0,1135380.0
024655212,대치역,2012-01,2012-02,2,1445.0,1215360.0
024655212,대치역,2012-03,2012-04,2,985.0,760550.0
024655212,대치역,2012-05,2012-06,2,1262.0,1545830.0
024655212,대치역,2012-07,2012-08,2,2373.0,2965600.0
024655212,대치역,2012-09,2012-10,2,2805.0,2977080.0
024655212,대치역,2012-11,2012-12,2,2293.0,2132480.0
024655212,대치역,2013-01,2013-02,2,1787.0,1724120.0
024655212,대치역,2013-03,2013-04,2,1531.0,1678680.0
024655212,대치역,2013-05,2013-06,2,1555.0,1842440.0
024655212,대치역,2013-07,2013-08,2,1869.0,2339240.0
024655212,대치역,2013-09,2013-10,2,2397.0,3062360.0
024655212,대치역,2013-11,2013-12,2,1835.0,1667640.0
024655212,대치역,2014-01,2014-02,2,1250.0,1286760.0
024655212,대치역,2014-03,2014-04,2,1037.0,1179000.0
024655212,대치역,2014-05,2014-06,2,1357.0,1927000.0
024655212,대치역,2014-07,2014-08,2,2300.0,3439000.0
024655212,대치역,2014-09,2014-10,2,2552.0,3187000.0
024655212,대치역,2014-11,2014-12,2,2098.0,2405000.0
024655212,대치역,2015-01,2015-02,2,1548.0,1697000.0
024655212,대치역,2015-03,2015-04,2,1203.0,1361000.0
024655212,대치역,2015-05,2015-06,2,1264.0,1651000.0
024655212,대치역,2015-07,2015-08,2,1258.0,1493000.0
024655212,대치역,2015-09,2015-10,2,1117.0,1291000.0
024655212,대치역,2015-11,2015-12,2,1248.0,1653000.0
024655212,대치역,2016-01,2016-02,2,1417.0,1811000.0
024655212,대치역,2016-03,2016-04,2,1383.0,1663000.0
024655212,대치역,2016-05,2016-06,2,1390.0,1751000.0
024655212,대치역,2016-07,2016-08,2,1287.0,1501000.0
024655212,대치역,2016-09,2016-10,2,1187.0,1427000.0
024655212,대치역,2016-11,2016-12,2,1293.0,1675000.0
024655212,대치역,2017-01,2017-02,2,1178.0,1348950.0
024655212,대치역,2017-03,2017-04,2,1180.0,1575700.0
024655212,대치역,2017-05,2017-06,2,1293.0,1716400.0
024655212,대치역,2017-07,2017-08,2,1462.0,2002000.0
024655212,대치역,2017-09,2017-10,2,1261.0,1437100.0
024655212,대치역,2017-11,2017-12,2,1119.0,1420300.0
024655212,대치역,2018-01,2018-02,2,1102.0,1422580.0
024655212,대치역,2018-03,2018-04,2,1075.0,1414100.0
024655212,대치역,2018-05,2018-06,2,1150.0,1601950.0
024655212,대치역,2018-07,2018-08,2,1537.0,2362190.0
024655212,대치역,2018-09,2018-10,2,2469.0,4031170.0
024655212,대치역,2018-11,2018-12,2,1970.0,2099200.0
024655212,대치역,2019-01,2019-02,2,1497.0,2082200.0
024655212,대치역,2019-03,2019-04,2,1289.0,1686350.0
024655212,대치역,2019-05,2019-06,2,1348.0,2047500.0
024655212,대치역,2019-07,2019-08,2,1764.0,2837370.0
024655212,대치역,2019-09,2019-10,2,2202.0,3461810.0
024655212,대치역,2019-11,2019-12,2,865.0,1849450.0
024655212,대치역,2020-01,2020-02,2,758.0,14900180.0
024655212,대치역,2020-03,2020-04,2,544.0,1116080.0
024655212,대치역,2020-05,2020-06,2,661.0,1374130.0
024655212,대치역,2020-07,2020-08,2,1189.0,2604370.0
024655212,대치역,2020-09,2020-10,2,1163.0,2543790.0
024655212,대치역,2020-11,2020-12,2,747.0,1574510.0
024655212,대치역,2021-01,2021-02,2,575.0,1181550.0
024655212,대치역,2021-03,2021-04,2,537.0,1101590.0
024655212,대치역,2021-05,2021-06,2,675.0,1406750.0
024655212,대치역,2021-07,2021-08,2,1417.0,3349540.0
024655212,대치역,2021-09,2021-10,2,1461.0,3548940.0
024655212,대치역,2021-11,2021-12,2,704.0,1626160.0
024655212,대치역,2022-01,2022-02,2,625.0,14867850.0
024655212,대치역,2022-03,2022-04,2,521.0,26197690.0
024655212,대치역,2022-05,2022-06,2,699.0,27601070.0
024655212,대치역,2022-07,2022-08,2,1229.0,29580850.0
024655212,대치역,2022-09,2022-10,2,984.0,36642800.0
024655212,대치역,2022-11,2022-12,2,664.0,38729600.0
024655212,대치역,2023-01,2023-02,2,1413.0,40353670.0
024655212,대치역,2023-03,2023-04,2,796.0,32648620.0
024655212,대치역,2023-05,2023-06,2,648.0,32902480.0
024655212,대치역,2023-07,2023-08,2,1209.0,35698640.0
024655212,대치역,2023-09,2023-10,2,2768.0,46343360.0
024655212,대치역,2023-11,2023-12,2,1210.0,43957600.0
024655212,대치역,2024-01,2024-02,2,651.0,40059360.0
024655212,대치역,2024-03,2024-04,2,607.0,39927520.0
024655212,대치역,2024-05,2024-06,2,641.0,39384160.0
024655212,대치역,2024-07,2024-08,2,1888.0,38704820.0
024655212,대치역,2024-09,2024-10,2,5055.0,54774850.0
024655212,대치역,2024-11,2024-12,2,2337.0,46673550.0
024655212,대치역,2025-01,2025-02,2,546.0,48263760.0
024655212,대치역,2025-03,2025-04,2,612.0,43616720.0
024655212,대치역,2025-05,2025-06,2,680.0,39606000.0
024655212,대치역,2025-07,2025-08,2,810.0,36942000.0
024655212,대치역,2025-09,2025-10,2,728.0,42384480.0
024655212,대치역,2025-11,2025-12,2,653.0,36925680.0
024655212,대치역,2026-01,2026-02,2,616.0,37357910.0
024655212,대치역,2026-03,2026-04,2,584.0,35150680.0
024655212,대치역,2026-05,2026-06,1,338.0,17630180.0
006240196,동대문역사문화공원(4역),2008-05,2008-06,2,4200.0,5385520.0
006240196,동대문역사문화공원(4역),2008-07,2008-08,2,6080.0,7791920.0
006240196,동대문역사문화공원(4역),2008-09,2008-10,2,4849.0,6216240.0
006240196,동대문역사문화공원(4역),2008-11,2008-12,2,3069.0,3937840.0
006240196,동대문역사문화공원(4역),2009-01,2009-02,2,2567.0,3295280.0
006240196,동대문역사문화공원(4역),2009-03,2009-04,2,2287.0,2936880.0
006240196,동대문역사문화공원(4역),2009-05,2009-06,2,2912.0,3736880.0
006240196,동대문역사문화공원(4역),2009-07,2009-08,2,3813.0,4890160.0
006240196,동대문역사문화공원(4역),2009-09,2009-10,2,4072.0,5221680.0
006240196,동대문역사문화공원(4역),2009-11,2009-12,2,639.0,835350.0
006240196,동대문역사문화공원(4역),2010-01,2010-02,2,525.0,691270.0
006240196,동대문역사문화공원(4역),2010-03,2010-04,2,1502.0,1932080.0
006240196,동대문역사문화공원(4역),2010-05,2010-06,2,2251.0,2806480.0
006240196,동대문역사문화공원(4역),2010-07,2010-08,2,3438.0,4325840.0
006240196,동대문역사문화공원(4역),2010-09,2010-10,2,3228.0,4057040.0
006240196,동대문역사문화공원(4역),2010-11,2010-12,2,2476.0,3094480.0
006240196,동대문역사문화공원(4역),2011-01,2011-02,2,1990.0,2482990.0
006240196,동대문역사문화공원(4역),2011-03,2011-04,2,2255.0,2834150.0
006240196,동대문역사문화공원(4역),2011-05,2011-06,2,2753.0,3476570.0
006240196,동대문역사문화공원(4역),2011-07,2011-08,2,3100.0,3924200.0
006240196,동대문역사문화공원(4역),2011-09,2011-10,2,3258.0,4128020.0
006240196,동대문역사문화공원(4역),2011-11,2011-12,2,2040.0,2556800.0
006240196,동대문역사문화공원(4역),2012-01,2012-02,2,2212.0,2778680.0
006240196,동대문역사문화공원(4역),2012-03,2012-04,2,1965.0,3108800.0
006240196,동대문역사문화공원(4역),2012-05,2012-06,2,2359.0,3754960.0
006240196,동대문역사문화공원(4역),2012-07,2012-08,2,2792.0,4465080.0
006240196,동대문역사문화공원(4역),2012-09,2012-10,2,2863.0,4581520.0
006240196,동대문역사문화공원(4역),2012-11,2012-12,2,2301.0,3659840.0
006240196,동대문역사문화공원(4역),2013-01,2013-02,2,2033.0,3220320.0
006240196,동대문역사문화공원(4역),2013-03,2013-04,2,1822.0,3212680.0
006240196,동대문역사문화공원(4역),2013-05,2013-06,2,1600.0,2858800.0
006240196,동대문역사문화공원(4역),2013-07,2013-08,2,1773.0,3206500.0
006240196,동대문역사문화공원(4역),2013-09,2013-10,2,1926.0,3487240.0
006240196,동대문역사문화공원(4역),2013-11,2013-12,2,1744.0,3069160.0
006240196,동대문역사문화공원(4역),2014-01,2014-02,2,2237.0,3976280.0
006240196,동대문역사문화공원(4역),2014-03,2014-04,2,1860.0,3568200.0
006240196,동대문역사문화공원(4역),2014-05,2014-06,2,2004.0,3856200.0
006240196,동대문역사문화공원(4역),2014-07,2014-08,2,2185.0,4218200.0
006240196,동대문역사문화공원(4역),2014-09,2014-10,2,1796.0,3440200.0
006240196,동대문역사문화공원(4역),2014-11,2014-12,2,1103.0,2412400.0
006240196,동대문역사문화공원(4역),2015-01,2015-02,2,1409.0,2705500.0
006240196,동대문역사문화공원(4역),2015-03,2015-04,2,1376.0,2600200.0
006240196,동대문역사문화공원(4역),2015-05,2015-06,2,1048.0,1944200.0
006240196,동대문역사문화공원(4역),2015-07,2015-08,2,1692.0,3232200.0
006240196,동대문역사문화공원(4역),2015-09,2015-10,2,1312.0,2538200.0
006240196,동대문역사문화공원(4역),2015-11,2015-12,2,1272.0,2392200.0
006240196,동대문역사문화공원(4역),2016-01,2016-02,2,1269.0,2386200.0
006240196,동대문역사문화공원(4역),2016-03,2016-04,2,1515.0,2878200.0
006240196,동대문역사문화공원(4역),2016-05,2016-06,2,1861.0,3570200.0
006240196,동대문역사문화공원(4역),2016-07,2016-08,2,1934.0,3716200.0
006240196,동대문역사문화공원(4역),2016-09,2016-10,2,2301.0,4450200.0
006240196,동대문역사문화공원(4역),2016-11,2016-12,2,1792.0,3432200.0
006240196,동대문역사문화공원(4역),2017-01,2017-02,2,896.0,1679330.0
006240196,동대문역사문화공원(4역),2017-03,2017-04,2,1515.0,3014070.0
006240196,동대문역사문화공원(4역),2017-05,2017-06,2,2961.0,6057300.0
006240196,동대문역사문화공원(4역),2017-07,2017-08,2,4619.0,9539100.0
006240196,동대문역사문화공원(4역),2017-09,2017-10,2,4619.0,9539100.0
006240196,동대문역사문화공원(4역),2017-11,2017-12,2,3135.0,6422700.0
006240196,동대문역사문화공원(4역),2018-01,2018-02,2,2855.0,6004120.0
006240196,동대문역사문화공원(4역),2018-03,2018-04,2,2772.0,5950320.0
006240196,동대문역사문화공원(4역),2018-05,2018-06,2,3304.0,7126040.0
006240196,동대문역사문화공원(4역),2018-07,2018-08,2,5223.0,11367030.0
006240196,동대문역사문화공원(4역),2018-09,2018-10,2,4490.0,9778300.0
006240196,동대문역사문화공원(4역),2018-11,2018-12,2,2646.0,5703060.0
006240196,동대문역사문화공원(4역),2019-01,2019-02,2,2325.0,5144740.0
006240196,동대문역사문화공원(4역),2019-03,2019-04,2,2146.0,4844580.0
006240196,동대문역사문화공원(4역),2019-05,2019-06,2,2578.0,5851140.0
006240196,동대문역사문화공원(4역),2019-07,2019-08,2,3939.0,9022270.0
006240196,동대문역사문화공원(4역),2019-09,2019-10,2,5019.0,11538670.0
006240196,동대문역사문화공원(4역),2019-11,2019-12,2,2463.0,5583190.0
006240196,동대문역사문화공원(4역),2020-01,2020-02,2,2485.0,5634450.0
006240196,동대문역사문화공원(4역),2020-03,2020-04,2,1682.0,3763460.0
006240196,동대문역사문화공원(4역),2020-05,2020-06,2,1750.0,3921900.0
006240196,동대문역사문화공원(4역),2020-07,2020-08,2,3256.0,7430880.0
006240196,동대문역사문화공원(4역),2020-09,2020-10,2,3063.0,6981190.0
006240196,동대문역사문화공원(4역),2020-11,2020-12,2,1698.0,3800740.0
006240196,동대문역사문화공원(4역),2021-01,2021-02,2,1332.0,2947960.0
006240196,동대문역사문화공원(4역),2021-03,2021-04,2,1773.0,3975490.0
006240196,동대문역사문화공원(4역),2021-05,2021-06,2,1877.0,4217810.0
006240196,동대문역사문화공원(4역),2021-07,2021-08,2,3445.0,8299210.0
006240196,동대문역사문화공원(4역),2021-09,2021-10,2,3585.0,8954300.0
006240196,동대문역사문화공원(4역),2021-11,2021-12,2,1850.0,4547400.0
006240196,동대문역사문화공원(4역),2022-01,2022-02,2,1592.0,4034510.0
006240196,동대문역사문화공원(4역),2022-03,2022-04,2,1573.0,4088850.0
006240196,동대문역사문화공원(4역),2022-05,2022-06,2,2142.0,5596700.0
006240196,동대문역사문화공원(4역),2022-07,2022-08,2,3288.0,8633600.0
006240196,동대문역사문화공원(4역),2022-09,2022-10,2,3499.0,9192750.0
006240196,동대문역사문화공원(4역),2022-11,2022-12,2,2342.0,6126700.0
006240196,동대문역사문화공원(4역),2023-01,2023-02,2,2113.0,6365110.0
006240196,동대문역사문화공원(4역),2023-03,2023-04,2,2236.0,7419320.0
006240196,동대문역사문화공원(4역),2023-05,2023-06,2,2699.0,9025930.0
006240196,동대문역사문화공원(4역),2023-07,2023-08,2,3671.0,12398770.0
006240196,동대문역사문화공원(4역),2023-09,2023-10,2,4315.0,14633450.0
006240196,동대문역사문화공원(4역),2023-11,2023-12,2,2740.0,7849600.0
006240196,동대문역사문화공원(4역),2024-01,2024-02,2,2377.0,3735250.0
006240196,동대문역사문화공원(4역),2024-03,2024-04,2,2454.0,8175780.0
006240196,동대문역사문화공원(4역),2024-05,2024-06,2,2454.0,8175780.0
006240196,동대문역사문화공원(4역),2024-07,2024-08,2,3671.0,12398770.0
006240196,동대문역사문화공원(4역),2024-09,2024-10,2,3671.0,12398770.0
006240196,동대문역사문화공원(4역),2024-11,2024-12,2,3650.0,12325900.0
006240196,동대문역사문화공원(4역),2025-01,2025-02,2,2540.0,8474200.0
006240196,동대문역사문화공원(4역),2025-03,2025-04,2,2582.0,8619940.0
006240196,동대문역사문화공원(4역),2025-05,2025-06,2,2811.0,9414570.0
006240196,동대문역사문화공원(4역),2025-07,2025-08,2,5639.0,19226730.0
006240196,동대문역사문화공원(4역),2025-09,2025-10,2,5306.0,18071220.0
006240196,동대문역사문화공원(4역),2025-11,2025-12,2,3130.0,10520500.0
006240196,동대문역사문화공원(4역),2026-01,2026-02,2,2434.0,8358400.0
006240196,동대문역사문화공원(4역),2026-03,2026-04,2,2542.0,8944080.0
006240178,동대문역사문화공원2역,2008-05,2008-06,2,1622.0,2267420.0
006240178,동대문역사문화공원2역,2008-07,2008-08,2,1471.0,2074140.0
006240178,동대문역사문화공원2역,2008-09,2008-10,2,1419.0,2007580.0
006240178,동대문역사문화공원2역,2008-11,2008-12,2,1653.0,2307100.0
006240178,동대문역사문화공원2역,2009-01,2009-02,2,1425.0,2015260.0
006240178,동대문역사문화공원2역,2009-03,2009-04,2,1399.0,1981980.0
006240178,동대문역사문화공원2역,2009-05,2009-06,2,1778.0,2467100.0
006240178,동대문역사문화공원2역,2009-07,2009-08,2,1545.0,2168860.0
006240178,동대문역사문화공원2역,2009-09,2009-10,2,1689.0,2353180.0
006240178,동대문역사문화공원2역,2009-11,2009-12,2,2198.0,3033270.0
006240178,동대문역사문화공원2역,2010-01,2010-02,2,1960.0,2700060.0
006240178,동대문역사문화공원2역,2010-03,2010-04,2,908.0,1353500.0
006240178,동대문역사문화공원2역,2010-05,2010-06,2,1526.0,2144540.0
006240178,동대문역사문화공원2역,2010-07,2010-08,2,2287.0,3118620.0
006240178,동대문역사문화공원2역,2010-09,2010-10,2,1822.0,2523420.0
006240178,동대문역사문화공원2역,2010-11,2010-12,2,1961.0,2701340.0
006240178,동대문역사문화공원2역,2011-01,2011-02,2,1845.0,2562660.0
006240178,동대문역사문화공원2역,2011-03,2011-04,2,1922.0,2426180.0
006240178,동대문역사문화공원2역,2011-05,2011-06,2,1965.0,2481650.0
006240178,동대문역사문화공원2역,2011-07,2011-08,2,1958.0,2472620.0
006240178,동대문역사문화공원2역,2011-09,2011-10,2,1974.0,2493260.0
006240178,동대문역사문화공원2역,2011-11,2011-12,2,2088.0,2640320.0
006240178,동대문역사문화공원2역,2012-01,2012-02,2,2139.0,2706110.0
006240178,동대문역사문화공원2역,2012-03,2012-04,2,1943.0,3094320.0
006240178,동대문역사문화공원2역,2012-05,2012-06,2,2223.0,3521520.0
006240178,동대문역사문화공원2역,2012-07,2012-08,2,2347.0,3724880.0
006240178,동대문역사문화공원2역,2012-09,2012-10,2,2413.0,3833120.0
006240178,동대문역사문화공원2역,2012-11,2012-12,2,2348.0,3726520.0
006240178,동대문역사문화공원2역,2013-01,2013-02,2,2169.0,3432960.0
006240178,동대문역사문화공원2역,2013-03,2013-04,2,2019.0,3564760.0
006240178,동대문역사문화공원2역,2013-05,2013-06,2,2019.0,3643280.0
006240178,동대문역사문화공원2역,2013-07,2013-08,2,2347.0,4290220.0
006240178,동대문역사문화공원2역,2013-09,2013-10,2,2491.0,4558040.0
006240178,동대문역사문화공원2역,2013-11,2013-12,2,2839.0,5151820.0
006240178,동대문역사문화공원2역,2014-01,2014-02,2,2050.0,3669120.0
006240178,동대문역사문화공원2역,2014-03,2014-04,2,2173.0,4238400.0
006240178,동대문역사문화공원2역,2014-05,2014-06,2,2411.0,4748900.0
006240178,동대문역사문화공원2역,2014-07,2014-08,2,2938.0,5768400.0
006240178,동대문역사문화공원2역,2014-09,2014-10,2,2858.0,5608400.0
006240178,동대문역사문화공원2역,2014-11,2014-12,2,2974.0,6410100.0
006240178,동대문역사문화공원2역,2015-01,2015-02,2,2413.0,4767000.0
006240178,동대문역사문화공원2역,2015-03,2015-04,2,1309.0,2572800.0
006240178,동대문역사문화공원2역,2015-05,2015-06,2,2510.0,4981700.0
006240178,동대문역사문화공원2역,2015-07,2015-08,2,2664.0,5255800.0
006240178,동대문역사문화공원2역,2015-09,2015-10,2,3037.0,6658500.0
006240178,동대문역사문화공원2역,2015-11,2015-12,2,2348.0,4616600.0
006240178,동대문역사문화공원2역,2016-01,2016-02,2,2004.0,3928600.0
006240178,동대문역사문화공원2역,2016-03,2016-04,2,1942.0,3804600.0
006240178,동대문역사문화공원2역,2016-05,2016-06,2,2737.0,5394600.0
006240178,동대문역사문화공원2역,2016-07,2016-08,2,3190.0,6300600.0
006240178,동대문역사문화공원2역,2016-09,2016-10,2,3169.0,6258600.0
006240178,동대문역사문화공원2역,2016-11,2016-12,2,2643.0,5206600.0
006240178,동대문역사문화공원2역,2017-01,2017-02,2,2444.0,4930050.0
006240178,동대문역사문화공원2역,2017-03,2017-04,2,2444.0,5037300.0
006240178,동대문역사문화공원2역,2017-05,2017-06,2,2594.0,5359000.0
006240178,동대문역사문화공원2역,2017-07,2017-08,2,3053.0,6322900.0
006240178,동대문역사문화공원2역,2017-09,2017-10,2,3223.0,6679900.0
006240178,동대문역사문화공원2역,2017-11,2017-12,2,2390.0,4930600.0
006240178,동대문역사문화공원2역,2018-01,2018-02,2,1879.0,3964480.0
006240178,동대문역사문화공원2역,2018-03,2018-04,2,2444.0,6520460.0
006240178,동대문역사문화공원2역,2018-05,2018-06,2,2594.0,5629340.0
006240178,동대문역사문화공원2역,2018-07,2018-08,2,2900.0,6305600.0
006240178,동대문역사문화공원2역,2018-09,2018-10,2,3181.0,6875810.0
006240178,동대문역사문화공원2역,2018-11,2018-12,2,2211.0,4732110.0
006240178,동대문역사문화공원2역,2019-01,2019-02,2,1962.0,4307480.0
006240178,동대문역사문화공원2역,2019-03,2019-04,2,1962.0,4406260.0
006240178,동대문역사문화공원2역,2019-05,2019-06,2,2594.0,5878820.0
006240178,동대문역사문화공원2역,2019-07,2019-08,2,2900.0,6591800.0
006240178,동대문역사문화공원2역,2019-09,2019-10,2,3494.0,7975820.0
006240178,동대문역사문화공원2역,2019-11,2019-12,2,2204.0,4970120.0
006240178,동대문역사문화공원2역,2020-01,2020-02,2,1879.0,4212870.0
006240178,동대문역사문화공원2역,2020-03,2020-04,2,1234.0,2710020.0
006240178,동대문역사문화공원2역,2020-05,2020-06,2,1389.0,3071170.0
006240178,동대문역사문화공원2역,2020-07,2020-08,2,1584.0,3525520.0
006240178,동대문역사문화공원2역,2020-09,2020-10,2,1392.0,3078160.0
006240178,동대문역사문화공원2역,2020-11,2020-12,2,1160.0,2537600.0
006240178,동대문역사문화공원2역,2021-01,2021-02,2,855.0,1826950.0
006240178,동대문역사문화공원2역,2021-03,2021-04,2,1094.0,2383820.0
006240178,동대문역사문화공원2역,2021-05,2021-06,2,1299.0,2861470.0
006240178,동대문역사문화공원2역,2021-07,2021-08,2,1522.0,3570770.0
006240178,동대문역사문화공원2역,2021-09,2021-10,2,1405.0,3407500.0
006240178,동대문역사문화공원2역,2021-11,2021-12,2,1563.0,3808820.0
006240178,동대문역사문화공원2역,2022-01,2022-02,2,1302.0,3269830.0
006240178,동대문역사문화공원2역,2022-03,2022-04,2,1123.0,2886750.0
006240178,동대문역사문화공원2역,2022-05,2022-06,2,1343.0,3469750.0
006240178,동대문역사문화공원2역,2022-07,2022-08,2,1120.0,2878800.0
006240178,동대문역사문화공원2역,2022-09,2022-10,2,1106.0,2841700.0
006240178,동대문역사문화공원2역,2022-11,2022-12,2,1130.0,2905300.0
006240178,동대문역사문화공원2역,2023-01,2023-02,2,1044.0,3078750.0
006240178,동대문역사문화공원2역,2023-03,2023-04,2,1096.0,3553360.0
006240178,동대문역사문화공원2역,2023-05,2023-06,2,1169.0,3798640.0
006240178,동대문역사문화공원2역,2023-07,2023-08,2,888.0,2854480.0
006240178,동대문역사문화공원2역,2023-09,2023-10,2,1106.0,3586960.0
006240178,동대문역사문화공원2역,2023-11,2023-12,2,1106.0,3586960.0
006240178,동대문역사문화공원2역,2024-01,2024-02,2,0.0,50800.0
006240178,동대문역사문화공원2역,2024-03,2024-04,2,876.0,2814160.0
006240178,동대문역사문화공원2역,2024-05,2024-06,2,1014.0,3277840.0
006240178,동대문역사문화공원2역,2024-07,2024-08,2,1637.0,5371120.0
006240178,동대문역사문화공원2역,2024-09,2024-10,2,1156.0,3754960.0
006240178,동대문역사문화공원2역,2024-11,2024-12,2,967.0,3119920.0
006240178,동대문역사문화공원2역,2025-01,2025-02,2,776.0,2478160.0
006240178,동대문역사문화공원2역,2025-03,2025-04,2,860.0,2760400.0
006240178,동대문역사문화공원2역,2025-05,2025-06,2,1672.0,5488720.0
006240178,동대문역사문화공원2역,2025-07,2025-08,2,1393.0,4550280.0
006240178,동대문역사문화공원2역,2025-09,2025-10,2,1191.0,3871560.0
006240178,동대문역사문화공원2역,2025-11,2025-12,2,976.0,3149160.0
006240178,동대문역사문화공원2역,2026-01,2026-02,2,785.0,2592830.0
006240178,동대문역사문화공원2역,2026-03,2026-04,2,802.0,2720680.0
035270286,동묘역(1호선),2008-06,2008-07,2,1494.0,3163040.0
035270286,동묘역(1호선),2008-08,2008-09,2,2297.0,4078240.0
035270286,동묘역(1호선),2008-10,2008-11,2,1996.0,3603360.0
035270286,동묘역(1호선),2008-12,2009-01,2,1648.0,3192480.0
035270286,동묘역(1호선),2009-02,2009-03,2,1510.0,2892960.0
035270286,동묘역(1호선),2009-04,2009-05,2,1486.0,2951840.0
035270286,동묘역(1호선),2009-06,2009-07,2,1557.0,3183520.0
035270286,동묘역(1호선),2009-08,2009-09,2,2089.0,3788960.0
035270286,동묘역(1호선),2009-10,2009-11,2,2254.0,4032890.0
035270286,동묘역(1호선),2009-12,2010-01,2,1305.0,2768580.0
035270286,동묘역(1호선),2010-02,2010-03,2,1510.0,2873920.0
035270286,동묘역(1호선),2010-04,2010-05,2,2200.0,3846720.0
035270286,동묘역(1호선),2010-06,2010-07,2,1678.0,2874900.0
035270286,동묘역(1호선),2010-08,2010-09,2,2433.0,4228320.0
035270286,동묘역(1호선),2010-10,2010-11,2,1778.0,3596180.0
035270286,동묘역(1호선),2010-12,2011-01,2,1506.0,3025300.0
035270286,동묘역(1호선),2011-02,2011-03,2,1353.0,2845480.0
035270286,동묘역(1호선),2011-04,2011-05,2,1289.0,3043610.0
035270286,동묘역(1호선),2011-06,2011-07,2,1519.0,3181640.0
035270286,동묘역(1호선),2011-08,2011-09,2,2790.0,4680620.0
035270286,동묘역(1호선),2011-10,2011-11,2,1043.0,2510840.0
035270286,동묘역(1호선),2011-12,2012-01,2,1377.0,2868170.0
035270286,동묘역(1호선),2012-02,2012-03,2,1325.0,3280730.0
035270286,동묘역(1호선),2012-04,2012-05,2,1206.0,3288400.0
035270286,동묘역(1호선),2012-06,2012-07,2,1480.0,3998520.0
035270286,동묘역(1호선),2012-08,2012-09,2,1807.0,4208120.0
035270286,동묘역(1호선),2012-10,2012-11,2,1762.0,4331120.0
035270286,동묘역(1호선),2012-12,2013-01,2,1513.0,3765320.0
035270286,동묘역(1호선),2013-02,2013-03,2,1515.0,4144140.0
035270286,동묘역(1호선),2013-04,2013-05,2,1507.0,4198920.0
035270286,동묘역(1호선),2013-06,2013-07,2,1484.0,4267000.0
035270286,동묘역(1호선),2013-08,2013-09,2,1859.0,4776680.0
035270286,동묘역(1호선),2013-10,2013-11,2,1650.0,4620280.0
035270286,동묘역(1호선),2013-12,2014-01,2,1453.0,3967080.0
035270286,동묘역(1호선),2014-02,2014-03,2,1199.0,3619000.0
035270286,동묘역(1호선),2014-04,2014-05,2,1474.0,4439000.0
035270286,동묘역(1호선),2014-06,2014-07,2,1483.0,4577000.0
035270286,동묘역(1호선),2014-08,2014-09,2,2042.0,5531000.0
035270286,동묘역(1호선),2014-10,2014-11,2,1775.0,5299000.0
035270286,동묘역(1호선),2014-12,2015-01,2,1881.0,5351000.0
035270286,동묘역(1호선),2015-02,2015-03,2,1542.0,4433000.0
035270286,동묘역(1호선),2015-04,2015-05,2,1538.0,4489000.0
035270286,동묘역(1호선),2015-06,2015-07,2,1500.0,4447000.0
035270286,동묘역(1호선),2015-08,2015-09,2,2117.0,5927000.0
035270286,동묘역(1호선),2015-10,2015-11,2,1324.0,4705000.0
035270286,동묘역(1호선),2015-12,2016-01,2,1292.0,4417000.0
035270286,동묘역(1호선),2016-02,2016-03,2,1179.0,3835700.0
035270286,동묘역(1호선),2016-04,2016-05,2,1273.0,4471100.0
035270286,동묘역(1호선),2016-06,2016-07,2,1387.0,4807600.0
035270286,동묘역(1호선),2016-08,2016-09,2,2092.0,5597600.0
035270286,동묘역(1호선),2016-10,2016-11,2,1668.0,5393600.0
035270286,동묘역(1호선),2016-12,2017-01,2,1402.0,4891600.0
035270286,동묘역(1호선),2017-02,2017-03,2,1402.0,4738820.0
035270286,동묘역(1호선),2017-04,2017-05,2,1349.0,4885740.0
035270286,동묘역(1호선),2017-06,2017-07,2,1385.0,5308440.0
035270286,동묘역(1호선),2017-08,2017-09,2,2413.0,7076640.0
035270286,동묘역(1호선),2017-10,2017-11,2,1843.0,6303840.0
035270286,동묘역(1호선),2017-12,2018-01,2,1284.0,4798140.0
035270286,동묘역(1호선),2018-02,2018-03,2,1279.0,4949610.0
035270286,동묘역(1호선),2018-04,2018-05,2,1067.0,4247820.0
035270286,동묘역(1호선),2018-06,2018-07,2,1881.0,7078830.0
035270286,동묘역(1호선),2018-08,2018-09,2,2664.0,8272230.0
035270286,동묘역(1호선),2018-10,2018-11,2,1934.0,7069990.0
035270286,동묘역(1호선),2018-12,2019-01,2,1332.0,5487630.0
035270286,동묘역(1호선),2019-02,2019-03,2,1332.0,5730590.0
035270286,동묘역(1호선),2019-04,2019-05,2,1327.0,6795310.0
035270286,동묘역(1호선),2019-06,2019-07,2,1651.0,7415090.0
035270286,동묘역(1호선),2019-08,2019-09,2,2501.0,8698920.0
035270286,동묘역(1호선),2019-10,2019-11,2,2031.0,7981280.0
035270286,동묘역(1호선),2019-12,2020-01,2,1661.0,6911810.0
035270286,동묘역(1호선),2020-02,2020-03,2,1277.0,5660600.0
035270286,동묘역(1호선),2020-04,2020-05,2,1058.0,4803160.0
035270286,동묘역(1호선),2020-06,2020-07,2,1481.0,6350280.0
035270286,동묘역(1호선),2020-08,2020-09,2,2095.0,7091220.0
035270286,동묘역(1호선),2020-10,2020-11,2,1668.0,6135920.0
035270286,동묘역(1호선),2020-12,2021-01,2,1222.0,5031500.0
035270286,동묘역(1호선),2021-02,2021-03,2,1321.0,5157700.0
035270286,동묘역(1호선),2021-04,2021-05,2,1137.0,5188930.0
035270286,동묘역(1호선),2021-06,2021-07,2,1344.0,5518470.0
035270286,동묘역(1호선),2021-08,2021-09,2,2489.0,8067830.0
035270286,동묘역(1호선),2021-10,2021-11,2,1748.0,6820440.0
035270286,동묘역(1호선),2021-12,2022-01,2,1285.0,5385500.0
035270286,동묘역(1호선),2022-02,2022-03,2,1131.0,4979450.0
035270286,동묘역(1호선),2022-04,2022-05,2,1287.0,5622600.0
035270286,동묘역(1호선),2022-06,2022-07,2,1446.0,6479200.0
035270286,동묘역(1호선),2022-08,2022-09,2,2451.0,8637700.0
035270286,동묘역(1호선),2022-10,2022-11,2,1678.0,6828150.0
035270286,동묘역(1호선),2022-12,2023-01,2,1542.0,6486100.0
035270286,동묘역(1호선),2023-02,2023-03,2,1207.0,6335800.0
035270286,동묘역(1호선),2023-04,2023-05,2,1505.0,8017390.0
035270286,동묘역(1호선),2023-06,2023-07,2,1383.0,7634120.0
035270286,동묘역(1호선),2023-08,2023-09,2,2370.0,10615700.0
035270286,동묘역(1호선),2023-10,2023-11,2,2109.0,9979820.0
035270286,동묘역(1호선),2023-12,2024-01,2,1422.0,7460560.0
035270286,동묘역(1호선),2024-02,2024-03,2,1521.0,8039430.0
035270286,동묘역(1호선),2024-04,2024-05,2,1656.0,9020170.0
035270286,동묘역(1호선),2024-06,2024-07,2,1602.0,9020370.0
035270286,동묘역(1호선),2024-08,2024-09,2,2220.0,10637640.0
035270286,동묘역(1호선),2024-10,2024-11,2,2112.0,10228180.0
035270286,동묘역(1호선),2024-12,2025-01,2,1867.0,9507090.0
035270286,동묘역(1호선),2025-02,2025-03,2,1344.0,7152920.0
035270286,동묘역(1호선),2025-04,2025-05,2,1479.0,7813060.0
035270286,동묘역(1호선),2025-06,2025-07,2,1651.0,8770780.0
035270286,동묘역(1호선),2025-08,2025-09,2,2620.0,11525960.0
035270286,동묘역(1호선),2025-10,2025-11,2,2400.0,11092210.0
035270286,동묘역(1호선),2025-12,2026-01,2,1455.0,8179330.0
035270286,동묘역(1호선),2026-02,2026-03,2,1583.0,9216720.0
035270286,동묘역(1호선),2026-04,2026-05,2,1773.0,10487160.0
026547747,마포역,2011-01,2011-02,2,196.0,241620.0
026547747,마포역,2011-03,2011-04,2,999.0,892750.0
026547747,마포역,2011-05,2011-06,2,999.0,892750.0
026547747,마포역,2011-07,2011-08,2,945.0,846850.0
026547747,마포역,2011-09,2011-10,2,1666.0,1459700.0
026547747,마포역,2011-11,2011-12,2,1491.0,1310950.0
026547747,마포역,2012-01,2012-02,2,1276.0,1128200.0
026547747,마포역,2012-03,2012-04,2,1381.0,1409600.0
026547747,마포역,2012-05,2012-06,2,1347.0,1375600.0
026547747,마포역,2012-07,2012-08,2,1338.0,1366600.0
026547747,마포역,2012-09,2012-10,2,1271.0,1299600.0
026547747,마포역,2012-11,2012-12,2,1230.0,8177360.0
026547747,마포역,2013-01,2013-02,2,1239.0,1993560.0
026547747,마포역,2013-03,2013-04,2,1247.0,2230080.0
026547747,마포역,2013-05,2013-06,2,1437.0,2599090.0
026547747,마포역,2013-07,2013-08,2,1413.0,2535520.0
026547747,마포역,2013-09,2013-10,2,1623.0,2921920.0
026547747,마포역,2013-11,2013-12,2,1532.0,2754480.0
026547747,마포역,2014-01,2014-02,2,1411.0,2531840.0
026547747,마포역,2014-03,2014-04,2,1482.0,2887600.0
026547747,마포역,2014-05,2014-06,2,1549.0,3021600.0
026547747,마포역,2014-07,2014-08,2,1824.0,3571600.0
026547747,마포역,2014-09,2014-10,2,1929.0,3781600.0
026547747,마포역,2014-11,2014-12,2,1616.0,3155600.0
026547747,마포역,2015-01,2015-02,2,1603.0,3129600.0
026547747,마포역,2015-03,2015-04,2,1355.0,2633600.0
026547747,마포역,2015-05,2015-06,2,1752.0,3427600.0
026547747,마포역,2015-07,2015-08,2,1677.0,3277600.0
026547747,마포역,2015-09,2015-10,2,1843.0,3609600.0
026547747,마포역,2015-11,2015-12,2,1768.0,3459600.0
026547747,마포역,2016-01,2016-02,2,1479.0,2881600.0
026547747,마포역,2016-03,2016-04,2,1411.0,2745600.0
026547747,마포역,2016-05,2016-06,2,1526.0,2975600.0
026547747,마포역,2016-07,2016-08,2,1993.0,3909600.0
026547747,마포역,2016-09,2016-10,2,1537.0,2997600.0
026547747,마포역,2016-11,2016-12,2,1563.0,3049600.0
026547747,마포역,2017-01,2017-02,2,1359.0,2707350.0
026547747,마포역,2017-03,2017-04,2,1365.0,2779610.0
026547747,마포역,2017-05,2017-06,2,1450.0,2959600.0
026547747,마포역,2017-07,2017-08,2,1389.0,2831500.0
026547747,마포역,2017-09,2017-10,2,1246.0,2531200.0
026547747,마포역,2017-11,2017-12,2,1313.0,2671900.0
026547747,마포역,2018-01,2018-02,2,1313.0,2742900.0
026547747,마포역,2018-03,2018-04,2,1634.0,3510740.0
026547747,마포역,2018-05,2018-06,2,1231.0,2620110.0
026547747,마포역,2018-07,2018-08,2,1237.0,2633370.0
026547747,마포역,2018-09,2018-10,2,1940.0,4187000.0
026547747,마포역,2018-11,2018-12,2,1508.0,3232280.0
026547747,마포역,2019-01,2019-02,2,1430.0,3148540.0
026547747,마포역,2019-03,2019-04,2,1367.0,3073710.0
026547747,마포역,2019-05,2019-06,2,1593.0,3600290.0
026547747,마포역,2019-07,2019-08,2,1693.0,3833290.0
026547747,마포역,2019-09,2019-10,2,1932.0,4390160.0
026547747,마포역,2019-11,2019-12,2,1758.0,3984740.0
026547747,마포역,2020-01,2020-02,2,1483.0,3343990.0
026547747,마포역,2020-03,2020-04,2,1284.0,2880320.0
026547747,마포역,2020-05,2020-06,2,1257.0,2817410.0
026547747,마포역,2020-07,2020-08,2,1464.0,3299720.0
026547747,마포역,2020-09,2020-10,2,1623.0,3670190.0
026547747,마포역,2020-11,2020-12,2,1283.0,2877990.0
026547747,마포역,2021-01,2021-02,2,1050.0,2335100.0
026547747,마포역,2021-03,2021-04,2,1217.0,2724210.0
026547747,마포역,2021-05,2021-06,2,1305.0,2929250.0
026547747,마포역,2021-07,2021-08,2,1216.0,2873650.0
026547747,마포역,2021-09,2021-10,2,1156.0,2828840.0
026547747,마포역,2021-11,2021-12,2,1363.0,3354620.0
026547747,마포역,2022-01,2022-02,2,1120.0,2849650.0
026547747,마포역,2022-03,2022-04,2,1025.0,2680850.0
026547747,마포역,2022-05,2022-06,2,1330.0,3481700.0
026547747,마포역,2022-07,2022-08,2,1726.0,4538500.0
026547747,마포역,2022-09,2022-10,2,1656.0,4353000.0
026547747,마포역,2022-11,2022-12,2,1499.0,3936950.0
026547747,마포역,2023-01,2023-02,2,1406.0,4241320.0
026547747,마포역,2023-03,2023-04,2,1610.0,5334200.0
026547747,마포역,2023-05,2023-06,2,1407.0,4652120.0
026547747,마포역,2023-07,2023-08,2,1785.0,5922200.0
026547747,마포역,2023-09,2023-10,2,1695.0,5619800.0
026547747,마포역,2023-11,2023-12,2,1451.0,4799960.0
026547747,마포역,2024-01,2024-02,2,2159.0,7196330.0
026547747,마포역,2024-03,2024-04,2,1256.0,3661030.0
026547747,마포역,2024-05,2024-06,2,1435.0,4746200.0
026547747,마포역,2024-07,2024-08,2,1935.0,6426200.0
026547747,마포역,2024-09,2024-10,2,2700.0,9073600.0
026547747,마포역,2024-11,2024-12,2,1878.0,6234680.0
026547747,마포역,2025-01,2025-02,2,1410.0,4662200.0
026547747,마포역,2025-03,2025-04,2,1376.0,4547960.0
026547747,마포역,2025-05,2025-06,2,1728.0,5730680.0
026547747,마포역,2025-07,2025-08,2,1967.0,6533720.0
026547747,마포역,2025-09,2025-10,2,2317.0,7744590.0
026547747,마포역,2025-11,2025-12,2,2164.0,7213680.0
026547747,마포역,2026-01,2026-02,2,1410.0,4810400.0
026547747,마포역,2026-03,2026-04,2,1531.0,5356140.0
006735213,먹골역,2010-01,2010-02,2,643.0,823640.0
006735213,먹골역,2010-03,2010-04,2,823.0,1054040.0
006735213,먹골역,2010-05,2010-06,2,928.0,1188440.0
006735213,먹골역,2010-07,2010-08,2,912.0,1167960.0
006735213,먹골역,2010-09,2010-10,2,900.0,1152600.0
006735213,먹골역,2010-11,2010-12,2,929.0,1189720.0
006735213,먹골역,2011-01,2011-02,2,805.0,1035790.0
006735213,먹골역,2011-03,2011-04,2,1894.0,2443860.0
006735213,먹골역,2011-05,2011-06,2,2726.0,3517140.0
006735213,먹골역,2011-07,2011-08,2,2315.0,791750.0
006735213,먹골역,2011-09,2011-10,2,899.0,873450.0
006735213,먹골역,2011-11,2011-12,2,979.0,1263510.0
006735213,먹골역,2012-01,2012-02,2,901.0,1162890.0
006735213,먹골역,2012-03,2012-04,2,1037.0,1662280.0
006735213,먹골역,2012-05,2012-06,2,1035.0,1659000.0
006735213,먹골역,2012-07,2012-08,2,1029.0,1649160.0
006735213,먹골역,2012-09,2012-10,2,909.0,1452360.0
006735213,먹골역,2012-11,2012-12,2,965.0,1544200.0
006735213,먹골역,2013-01,2013-02,2,965.0,1544200.0
006735213,먹골역,2013-03,2013-04,2,715.0,1272200.0
006735213,먹골역,2013-05,2013-06,2,971.0,1733300.0
006735213,먹골역,2013-07,2013-08,2,1026.0,1823440.0
006735213,먹골역,2013-09,2013-10,2,1068.0,1900720.0
006735213,먹골역,2013-11,2013-12,2,994.0,1764560.0
006735213,먹골역,2014-01,2014-02,2,890.0,1573200.0
006735213,먹골역,2014-03,2014-04,2,871.0,1665600.0
006735213,먹골역,2014-05,2014-06,2,928.0,1779600.0
006735213,먹골역,2014-07,2014-08,2,928.0,1779600.0
006735213,먹골역,2014-09,2014-10,2,0.0,104600.0
006735213,먹골역,2014-11,2014-12,2,1074.0,2071600.0
006735213,먹골역,2015-01,2015-02,2,1233.0,2389600.0
006735213,먹골역,2015-03,2015-04,2,1171.0,3075100.0
006735213,먹골역,2015-05,2015-06,2,1346.0,3425100.0
006735213,먹골역,2015-07,2015-08,2,1326.0,2575600.0
006735213,먹골역,2015-09,2015-10,2,1385.0,2693600.0
006735213,먹골역,2015-11,2015-12,2,1301.0,2525600.0
006735213,먹골역,2016-01,2016-02,2,1182.0,2287600.0
006735213,먹골역,2016-03,2016-04,2,1197.0,2317600.0
006735213,먹골역,2016-05,2016-06,2,2117.0,4157600.0
006735213,먹골역,2016-07,2016-08,2,1280.0,2483600.0
006735213,먹골역,2016-09,2016-10,2,1446.0,2815600.0
006735213,먹골역,2016-11,2016-12,2,1200.0,2323600.0
006735213,먹골역,2017-01,2017-02,2,1033.0,2042110.0
006735213,먹골역,2017-03,2017-04,2,1028.0,2073400.0
006735213,먹골역,2017-05,2017-06,2,1291.0,2625700.0
006735213,먹골역,2017-07,2017-08,2,1229.0,2495500.0
006735213,먹골역,2017-09,2017-10,2,1212.0,2459800.0
006735213,먹골역,2017-11,2017-12,2,1071.0,2163700.0
006735213,먹골역,2018-01,2018-02,2,1035.0,2144560.0
006735213,먹골역,2018-03,2018-04,2,1120.0,2374800.0
006735213,먹골역,2018-05,2018-06,2,1264.0,2693040.0
006735213,먹골역,2018-07,2018-08,2,1499.0,3212390.0
006735213,먹골역,2018-09,2018-10,2,1482.0,3174820.0
006735213,먹골역,2018-11,2018-12,2,1084.0,2295240.0
006735213,먹골역,2019-01,2019-02,2,1094.0,2386380.0
006735213,먹골역,2019-03,2019-04,2,1129.0,2519170.0
006735213,먹골역,2019-05,2019-06,2,1379.0,3101670.0
006735213,먹골역,2019-07,2019-08,2,1425.0,3208850.0
006735213,먹골역,2019-09,2019-10,2,1544.0,3486120.0
006735213,먹골역,2019-11,2019-12,2,1237.0,2770810.0
006735213,먹골역,2020-01,2020-02,2,1046.0,2325780.0
006735213,먹골역,2020-03,2020-04,2,1118.0,2493540.0
006735213,먹골역,2020-05,2020-06,2,1281.0,2873330.0
006735213,먹골역,2020-07,2020-08,2,1448.0,3262440.0
006735213,먹골역,2020-09,2020-10,2,1397.0,3143610.0
006735213,먹골역,2020-11,2020-12,2,1163.0,2598390.0
006735213,먹골역,2021-01,2021-02,2,1000.0,2218600.0
006735213,먹골역,2021-03,2021-04,2,1195.0,2672950.0
006735213,먹골역,2021-05,2021-06,2,1294.0,2903620.0
006735213,먹골역,2021-07,2021-08,2,1443.0,3440680.0
006735213,먹골역,2021-09,2021-10,2,1472.0,3631480.0
006735213,먹골역,2021-11,2021-12,2,1251.0,3070140.0
006735213,먹골역,2022-01,2022-02,2,1077.0,2743920.0
006735213,먹골역,2022-03,2022-04,2,1022.0,2672900.0
006735213,먹골역,2022-05,2022-06,2,1286.0,3372500.0
006735213,먹골역,2022-07,2022-08,2,1122.0,2937900.0
006735213,먹골역,2022-09,2022-10,2,2033.0,5352050.0
006735213,먹골역,2022-11,2022-12,2,1333.0,3497050.0
006735213,먹골역,2023-01,2023-02,2,1141.0,3454180.0
006735213,먹골역,2023-03,2023-04,2,1177.0,3879320.0
006735213,먹골역,2023-05,2023-06,2,1576.0,5219960.0
006735213,먹골역,2023-07,2023-08,2,1749.0,5801240.0
006735213,먹골역,2023-09,2023-10,2,1878.0,6234680.0
006735213,먹골역,2023-11,2023-12,2,1294.0,4272440.0
006735213,먹골역,2024-01,2024-02,2,1288.0,4252280.0
006735213,먹골역,2024-03,2024-04,2,1378.0,4554680.0
006735213,먹골역,2024-05,2024-06,2,1445.0,4779800.0
006735213,먹골역,2024-07,2024-08,2,1645.0,5451800.0
006735213,먹골역,2024-09,2024-10,2,1767.0,5861720.0
006735213,먹골역,2024-11,2024-12,2,1241.0,4094360.0
006735213,먹골역,2025-01,2025-02,2,1156.0,3808760.0
006735213,먹골역,2025-03,2025-04,2,1228.0,4050680.0
006735213,먹골역,2025-05,2025-06,2,1426.0,4715960.0
006735213,먹골역,2025-07,2025-08,2,1743.0,5781080.0
006735213,먹골역,2025-09,2025-10,2,1725.0,5720600.0
006735213,먹골역,2025-11,2025-12,2,1243.0,4101080.0
006735213,먹골역,2026-01,2026-02,2,1234.0,4208040.0
006735213,먹골역,2026-03,2026-04,2,1189.0,4145460.0
000399808,명동역장,2008-05,2008-06,1,1920.0,2217180.0
000399808,명동역장,2008-07,2008-08,2,3578.0,5299640.0
000399808,명동역장,2008-09,2008-10,2,4132.0,5562040.0
000399808,명동역장,2008-11,2008-12,2,3305.0,4371640.0
000399808,명동역장,2009-01,2009-02,2,2567.0,4022200.0
000399808,명동역장,2009-03,2009-04,2,2464.0,4065720.0
000399808,명동역장,2009-05,2009-06,2,2927.0,2634000.0
000399808,명동역장,2009-07,2009-08,2,4155.0,3920400.0
000399808,명동역장,2009-09,2009-10,2,4596.0,5843640.0
000399808,명동역장,2009-11,2009-12,2,2791.0,7828830.0
000399808,명동역장,2010-01,2010-02,2,3036.0,4617180.0
000399808,명동역장,2010-03,2010-04,2,2887.0,4134840.0
000399808,명동역장,2010-05,2010-06,2,2389.0,3913400.0
000399808,명동역장,2010-07,2010-08,2,4247.0,6401720.0
000399808,명동역장,2010-09,2010-10,2,5454.0,6702520.0
000399808,명동역장,2010-11,2010-12,2,4227.0,3981920.0
000399808,명동역장,2011-01,2011-02,2,3280.0,3616050.0
000399808,명동역장,2011-03,2011-04,2,3296.0,3335860.0
000399808,명동역장,2011-05,2011-06,2,3187.0,2607270.0
000399808,명동역장,2011-07,2011-08,2,4090.0,3890820.0
000399808,명동역장,2011-09,2011-10,2,5700.0,5326590.0
000399808,명동역장,2011-11,2011-12,2,5570.0,4867740.0
000399808,명동역장,2012-01,2012-02,2,4489.0,3860060.0
000399808,명동역장,2012-03,2012-04,2,4205.0,4687070.0
000399808,명동역장,2012-05,2012-06,2,4666.0,5652800.0
000399808,명동역장,2012-07,2012-08,2,4826.0,6565520.0
000399808,명동역장,2012-09,2012-10,2,5741.0,8607520.0
000399808,명동역장,2012-11,2012-12,2,5830.0,7452360.0
000399808,명동역장,2013-01,2013-02,2,4936.0,5608320.0
000399808,명동역장,2013-03,2013-04,2,4190.0,4920960.0
000399808,명동역장,2013-05,2013-06,2,4652.0,6196780.0
000399808,명동역장,2013-07,2013-08,2,6702.0,9294500.0
000399808,명동역장,2013-09,2013-10,2,8793.0,12599020.0
000399808,명동역장,2013-11,2013-12,2,6866.0,6964680.0
000399808,명동역장,2014-01,2014-02,2,5134.0,6407120.0
000399808,명동역장,2014-03,2014-04,2,4692.0,6292000.0
000399808,명동역장,2014-05,2014-06,2,5637.0,8667000.0
000399808,명동역장,2014-07,2014-08,2,6986.0,10568500.0
000399808,명동역장,2014-09,2014-10,2,8426.0,13420700.0
000399808,명동역장,2014-11,2014-12,2,7194.0,8898500.0
000399808,명동역장,2015-01,2015-02,2,5821.0,7772800.0
000399808,명동역장,2015-03,2015-04,2,5448.0,7356400.0
000399808,명동역장,2015-05,2015-06,2,5030.0,6723100.0
000399808,명동역장,2015-07,2015-08,2,6750.0,11117200.0
000399808,명동역장,2015-09,2015-10,2,9638.0,15316300.0
000399808,명동역장,2015-11,2015-12,2,7162.0,7674500.0
000399808,명동역장,2016-01,2016-02,2,4850.0,6744600.0
000399808,명동역장,2016-03,2016-04,2,4205.0,5952900.0
000399808,명동역장,2016-05,2016-06,2,5243.0,8101900.0
000399808,명동역장,2016-07,2016-08,2,6427.0,9425100.0
000399808,명동역장,2016-09,2016-10,2,7312.0,12003400.0
000399808,명동역장,2016-11,2016-12,2,6540.0,7965700.0
000399808,명동역장,2017-01,2017-02,2,4477.0,6120510.0
000399808,명동역장,2017-03,2017-04,2,3919.0,6245660.0
000399808,명동역장,2017-05,2017-06,2,3995.0,5885050.0
000399808,명동역장,2017-07,2017-08,2,5189.0,8516080.0
000399808,명동역장,2017-09,2017-10,2,4520.0,6608620.0
000399808,명동역장,2017-11,2017-12,2,3896.0,6828070.0
000399808,명동역장,2018-01,2018-02,2,2717.0,3956450.0
000399808,명동역장,2018-03,2018-04,2,2184.0,4034270.0
000399808,명동역장,2018-05,2018-06,2,2312.0,4319660.0
000399808,명동역장,2018-07,2018-08,2,3292.0,5951290.0
000399808,명동역장,2018-09,2018-10,2,4682.0,8571490.0
000399808,명동역장,2018-11,2018-12,2,3441.0,4984960.0
000399808,명동역장,2019-01,2019-02,2,2498.0,4161280.0
000399808,명동역장,2019-03,2019-04,2,2598.0,4524120.0
000399808,명동역장,2019-05,2019-06,2,3082.0,5575760.0
000399808,명동역장,2019-07,2019-08,2,3988.0,7647160.0
000399808,명동역장,2019-09,2019-10,2,5743.0,11010410.0
000399808,명동역장,2019-11,2019-12,2,4242.0,5558570.0
000399808,명동역장,2020-01,2020-02,2,2748.0,4896650.0
000399808,명동역장,2020-03,2020-04,2,1884.0,3466490.0
000399808,명동역장,2020-05,2020-06,2,1482.0,3261650.0
000399808,명동역장,2020-07,2020-08,2,2101.0,4781540.0
000399808,명동역장,2020-09,2020-10,2,2766.0,5635410.0
000399808,명동역장,2020-11,2020-12,2,2248.0,3954370.0
000399808,명동역장,2021-01,2021-02,2,1335.0,2689800.0
000399808,명동역장,2021-03,2021-04,2,1036.0,2862780.0
000399808,명동역장,2021-05,2021-06,2,1390.0,3235910.0
000399808,명동역장,2021-07,2021-08,2,1985.0,4709520.0
000399808,명동역장,2021-09,2021-10,2,3154.0,7636020.0
000399808,명동역장,2021-11,2021-12,2,2533.0,4514540.0
000399808,명동역장,2022-01,2022-02,2,1738.0,3628430.0
000399808,명동역장,2022-03,2022-04,2,1306.0,2903750.0
000399808,명동역장,2022-05,2022-06,2,1600.0,3588400.0
000399808,명동역장,2022-07,2022-08,2,2069.0,4436450.0
000399808,명동역장,2022-09,2022-10,2,3154.0,7754550.0
000399808,명동역장,2022-11,2022-12,2,3328.0,5598200.0
000399808,명동역장,2023-01,2023-02,2,5652.0,14258030.0
000399808,명동역장,2023-03,2023-04,2,2734.0,1162240.0
000399808,명동역장,2023-05,2023-06,2,2563.0,4856410.0
000399808,명동역장,2023-07,2023-08,2,3932.0,10706850.0
000399808,명동역장,2023-09,2023-10,2,4903.0,11497450.0
000399808,명동역장,2023-11,2023-12,2,4145.0,8828890.0
000399808,명동역장,2024-01,2024-02,2,3282.0,7668500.0
000399808,명동역장,2024-03,2024-04,2,2743.0,7662190.0
000399808,명동역장,2024-05,2024-06,2,2891.0,6897170.0
000399808,명동역장,2024-07,2024-08,2,4225.0,10906030.0
000399808,명동역장,2024-09,2024-10,2,4814.0,12684030.0
000399808,명동역장,2024-11,2024-12,2,4072.0,8235290.0
000399808,명동역장,2025-01,2025-02,2,3282.0,7054380.0
000399808,명동역장,2025-03,2025-04,2,2743.0,5732260.0
000399808,명동역장,2025-05,2025-06,2,2891.0,7135970.0
000399808,명동역장,2025-07,2025-08,2,4225.0,11178830.0
000399808,명동역장,2025-09,2025-10,2,5478.0,13226510.0
000399808,명동역장,2025-11,2025-12,2,4625.0,9430560.0
000399808,명동역장,2026-01,2026-02,2,3331.0,7110530.0
000399808,명동역장,2026-03,2026-04,2,3026.0,9882360.0
000399808,명동역장,2026-05,2026-06,1,1016.0,3850140.0
030154123,문정역,2008-06,2008-07,2,978.0,1262840.0
030154123,문정역,2008-08,2008-09,2,668.0,866040.0
030154123,문정역,2008-10,2008-11,2,702.0,909560.0
030154123,문정역,2008-12,2009-01,2,650.0,843000.0
030154123,문정역,2009-02,2009-03,2,618.0,802040.0
030154123,문정역,2009-04,2009-05,2,618.0,802040.0
030154123,문정역,2009-06,2009-07,2,794.0,1027320.0
030154123,문정역,2009-08,2009-09,2,759.0,982520.0
030154123,문정역,2009-10,2009-11,2,666.0,863480.0
030154123,문정역,2009-12,2010-01,2,695.0,900600.0
030154123,문정역,2010-02,2010-03,2,550.0,711100.0
030154123,문정역,2010-04,2010-05,2,650.0,832600.0
030154123,문정역,2010-06,2010-07,2,595.0,762850.0
030154123,문정역,2010-08,2010-09,2,759.0,972120.0
030154123,문정역,2010-10,2010-11,2,885.0,1133400.0
030154123,문정역,2010-12,2011-01,2,672.0,860760.0
030154123,문정역,2011-02,2011-03,2,573.0,742880.0
030154123,문정역,2011-04,2011-05,2,707.0,912630.0
030154123,문정역,2011-06,2011-07,2,753.0,971970.0
030154123,문정역,2011-08,2011-09,2,706.0,911340.0
030154123,문정역,2011-10,2011-11,2,769.0,992610.0
030154123,문정역,2011-12,2012-01,2,746.0,962940.0
030154123,문정역,2012-02,2012-03,2,617.0,946430.0
030154123,문정역,2012-04,2012-05,2,708.0,1122720.0
030154123,문정역,2012-06,2012-07,2,850.0,1355600.0
030154123,문정역,2012-08,2012-09,2,810.0,1290000.0
030154123,문정역,2012-10,2012-11,2,777.0,1235880.0
030154123,문정역,2012-12,2013-01,2,727.0,1153880.0
030154123,문정역,2013-02,2013-03,2,579.0,1005370.0
030154123,문정역,2013-04,2013-05,2,662.0,1153680.0
030154123,문정역,2013-06,2013-07,2,750.0,1315600.0
030154123,문정역,2013-08,2013-09,2,881.0,1556640.0
030154123,문정역,2013-10,2013-11,2,910.0,1610000.0
030154123,문정역,2013-12,2014-01,2,749.0,1313760.0
030154123,문정역,2014-02,2014-03,2,631.0,1185600.0
030154123,문정역,2014-04,2014-05,2,712.0,1347600.0
030154123,문정역,2014-06,2014-07,2,792.0,1507600.0
030154123,문정역,2014-08,2014-09,2,963.0,1849600.0
030154123,문정역,2014-10,2014-11,2,937.0,1797600.0
030154123,문정역,2014-12,2015-01,2,862.0,1647600.0
030154123,문정역,2015-02,2015-03,2,810.0,1543600.0
030154123,문정역,2015-04,2015-05,2,873.0,1669600.0
030154123,문정역,2015-06,2015-07,2,935.0,1793600.0
030154123,문정역,2015-08,2015-09,2,858.0,1639600.0
030154123,문정역,2015-10,2015-11,2,419.0,801420.0
030154123,문정역,2015-12,2016-01,2,213.0,434740.0
030154123,문정역,2016-02,2016-03,2,672.0,1267600.0
030154123,문정역,2016-04,2016-05,2,802.0,1527600.0
030154123,문정역,2016-06,2016-07,2,872.0,1667600.0
030154123,문정역,2016-08,2016-09,2,888.0,1699600.0
030154123,문정역,2016-10,2016-11,2,812.0,1547600.0
030154123,문정역,2016-12,2017-01,2,862.0,1647600.0
030154123,문정역,2017-02,2017-03,2,821.0,1630070.0
030154123,문정역,2017-04,2017-05,2,1103.0,2217760.0
030154123,문정역,2017-06,2017-07,2,1079.0,2180500.0
030154123,문정역,2017-08,2017-09,2,1038.0,2094400.0
030154123,문정역,2017-10,2017-11,2,1117.0,2260300.0
030154123,문정역,2017-12,2018-01,2,887.0,1784770.0
030154123,문정역,2018-02,2018-03,2,1102.0,2335020.0
030154123,문정역,2018-04,2018-05,2,1052.0,2224520.0
030154123,문정역,2018-06,2018-07,2,1002.0,2114020.0
030154123,문정역,2018-08,2018-09,2,1245.0,2651050.0
030154123,문정역,2018-10,2018-11,2,1162.0,2467620.0
030154123,문정역,2018-12,2019-01,2,1207.0,2580240.0
030154123,문정역,2019-02,2019-03,2,1070.0,2381700.0
030154123,문정역,2019-04,2019-05,2,1179.0,2635670.0
030154123,문정역,2019-06,2019-07,2,1280.0,2871000.0
030154123,문정역,2019-08,2019-09,2,1654.0,3742420.0
030154123,문정역,2019-10,2019-11,2,1513.0,3413890.0
030154123,문정역,2019-12,2020-01,2,1192.0,2665960.0
030154123,문정역,2020-02,2020-03,2,930.0,2055500.0
030154123,문정역,2020-04,2020-05,2,897.0,1978610.0
030154123,문정역,2020-06,2020-07,2,928.0,2050840.0
030154123,문정역,2020-08,2020-09,2,1643.0,3716790.0
030154123,문정역,2020-10,2020-11,2,997.0,2211610.0
030154123,문정역,2020-12,2021-01,2,858.0,1887740.0
030154123,문정역,2021-02,2021-03,2,960.0,2125400.0
030154123,문정역,2021-04,2021-05,2,1155.0,2579750.0
030154123,문정역,2021-06,2021-07,2,1093.0,2460750.0
030154123,문정역,2021-08,2021-09,2,1607.0,3974380.0
030154123,문정역,2021-10,2021-11,2,1326.0,3260640.0
030154123,문정역,2021-12,2022-01,2,1025.0,2516020.0
030154123,문정역,2022-02,2022-03,2,951.0,2484750.0
030154123,문정역,2022-04,2022-05,2,993.0,2596050.0
030154123,문정역,2022-06,2022-07,2,1123.0,2940550.0
030154123,문정역,2022-08,2022-09,2,1046.0,2736500.0
030154123,문정역,2022-10,2022-11,2,1107.0,2898150.0
030154123,문정역,2022-12,2023-01,2,1073.0,2888440.0
030154123,문정역,2023-02,2023-03,2,1158.0,3815480.0
030154123,문정역,2023-04,2023-05,2,1246.0,4111160.0
030154123,문정역,2023-06,2023-07,2,1258.0,4151480.0
030154123,문정역,2023-08,2023-09,2,1233.0,4067480.0
030154123,문정역,2023-10,2023-11,2,1244.0,4103440.0
030154123,문정역,2023-12,2024-01,2,1219.0,4019440.0
030154123,문정역,2024-02,2024-03,2,1083.0,3562480.0
030154123,문정역,2024-04,2024-05,2,1208.0,3982480.0
030154123,문정역,2024-06,2024-07,2,1279.0,4221040.0
030154123,문정역,2024-08,2024-09,2,1450.0,4795600.0
030154123,문정역,2024-10,2024-11,2,1462.0,4842640.0
030154123,문정역,2024-12,2025-01,2,1296.0,4278160.0
030154123,문정역,2025-02,2025-03,2,1154.0,3801040.0
030154123,문정역,2025-04,2025-05,2,1342.0,4432720.0
030154123,문정역,2025-06,2025-07,2,1427.0,4718320.0
030154123,문정역,2025-08,2025-09,2,1782.0,5911120.0
030154123,문정역,2025-10,2025-11,2,1420.0,4694800.0
030154123,문정역,2025-12,2026-01,2,1385.0,4603990.0
030154123,문정역,2026-02,2026-03,2,1256.0,4381640.0
030154123,문정역,2026-04,2026-05,2,1437.0,5022380.0
002956726,미아역,2008-05,2008-06,1,1208.0,869680.0
002956726,미아역,2008-07,2008-08,2,2296.0,2072160.0
002956726,미아역,2008-09,2008-10,2,2783.0,2385760.0
002956726,미아역,2008-11,2008-12,2,2732.0,2163040.0
002956726,미아역,2009-01,2009-02,2,2189.0,1579360.0
002956726,미아역,2009-03,2009-04,2,1907.0,1510240.0
002956726,미아역,2009-05,2009-06,2,2200.0,1919840.0
002956726,미아역,2009-07,2009-08,2,3134.0,2910560.0
002956726,미아역,2009-09,2009-10,2,3814.0,3285600.0
002956726,미아역,2009-11,2009-12,2,3415.0,2583260.0
002956726,미아역,2010-01,2010-02,2,2733.0,2106720.0
002956726,미아역,2010-03,2010-04,2,2438.0,1926240.0
002956726,미아역,2010-05,2010-06,2,2673.0,2317920.0
002956726,미아역,2010-07,2010-08,2,4194.0,4068960.0
002956726,미아역,2010-09,2010-10,2,5789.0,5235040.0
002956726,미아역,2010-11,2010-12,2,4239.0,2667360.0
002956726,미아역,2011-01,2011-02,2,2697.0,1984580.0
002956726,미아역,2011-03,2011-04,2,2270.0,1791090.0
002956726,미아역,2011-05,2011-06,2,2736.0,2492850.0
002956726,미아역,2011-07,2011-08,2,3885.0,3624180.0
002956726,미아역,2011-09,2011-10,2,5039.0,4547820.0
002956726,미아역,2011-11,2011-12,2,4308.0,3143010.0
002956726,미아역,2012-01,2012-02,2,2862.0,1979430.0
002956726,미아역,2012-03,2012-04,2,2422.0,2520920.0
002956726,미아역,2012-05,2012-06,2,2874.0,3254000.0
002956726,미아역,2012-07,2012-08,2,4415.0,5413880.0
002956726,미아역,2012-09,2012-10,2,5233.0,5676280.0
002956726,미아역,2012-11,2012-12,2,3829.0,3242520.0
002956726,미아역,2013-01,2013-02,2,2449.0,2196200.0
002956726,미아역,2013-03,2013-04,2,2198.0,2579320.0
002956726,미아역,2013-05,2013-06,2,2677.0,3398120.0
002956726,미아역,2013-07,2013-08,2,3673.0,4820440.0
002956726,미아역,2013-09,2013-10,2,5208.0,6934600.0
002956726,미아역,2013-11,2013-12,2,4295.0,4198520.0
002956726,미아역,2014-01,2014-02,2,2722.0,2671320.0
002956726,미아역,2014-03,2014-04,2,2216.0,2723400.0
002956726,미아역,2014-05,2014-06,2,2769.0,3919400.0
002956726,미아역,2014-07,2014-08,2,4400.0,6583400.0
002956726,미아역,2014-09,2014-10,2,5681.0,7813400.0
002956726,미아역,2014-11,2014-12,2,4331.0,4499400.0
002956726,미아역,2015-01,2015-02,2,2785.0,3063400.0
002956726,미아역,2015-03,2015-04,2,2377.0,2965400.0
002956726,미아역,2015-05,2015-06,2,2928.0,4117400.0
002956726,미아역,2015-07,2015-08,2,4465.0,6615400.0
002956726,미아역,2015-09,2015-10,2,5712.0,7859400.0
002956726,미아역,2015-11,2015-12,2,4153.0,4119400.0
002956726,미아역,2016-01,2016-02,2,2488.0,2659400.0
002956726,미아역,2016-03,2016-04,2,2430.0,3273400.0
002956726,미아역,2016-05,2016-06,2,2655.0,3417400.0
002956726,미아역,2016-07,2016-08,2,3410.0,4855400.0
002956726,미아역,2016-09,2016-10,2,4783.0,6881400.0
002956726,미아역,2016-11,2016-12,2,3825.0,3953400.0
002956726,미아역,2017-01,2017-02,2,2430.0,2683450.0
002956726,미아역,2017-03,2017-04,2,2105.0,2761700.0
002956726,미아역,2017-05,2017-06,2,2504.0,3602500.0
002956726,미아역,2017-07,2017-08,2,3192.0,4631500.0
002956726,미아역,2017-09,2017-10,2,3568.0,4906600.0
002956726,미아역,2017-11,2017-12,2,3286.0,4177900.0
002956726,미아역,2018-01,2018-02,2,2759.0,3540110.0
002956726,미아역,2018-03,2018-04,2,2471.0,3403100.0
002956726,미아역,2018-05,2018-06,2,2779.0,4207540.0
002956726,미아역,2018-07,2018-08,2,2860.0,3984330.0
002956726,미아역,2018-09,2018-10,2,2725.0,3796480.0
002956726,미아역,2018-11,2018-12,2,2362.0,3089280.0
002956726,미아역,2019-01,2019-02,2,2174.0,3103620.0
002956726,미아역,2019-03,2019-04,2,2190.0,3259100.0
002956726,미아역,2019-05,2019-06,2,2288.0,3452490.0
002956726,미아역,2019-07,2019-08,2,2548.0,3960430.0
002956726,미아역,2019-09,2019-10,2,2676.0,4004700.0
002956726,미아역,2019-11,2019-12,2,2514.0,3606270.0
002956726,미아역,2020-01,2020-02,2,2267.0,3228810.0
002956726,미아역,2020-03,2020-04,2,2279.0,3445500.0
002956726,미아역,2020-05,2020-06,2,2335.0,3468800.0
002956726,미아역,2020-07,2020-08,2,1960.0,2583400.0
002956726,미아역,2020-09,2020-10,2,1861.0,2795430.0
002956726,미아역,2020-11,2020-12,2,1790.0,2522820.0
002956726,미아역,2021-01,2021-02,2,1503.0,1991580.0
002956726,미아역,2021-03,2021-04,2,1426.0,2077790.0
002956726,미아역,2021-05,2021-06,2,1595.0,2427290.0
002956726,미아역,2021-07,2021-08,2,1473.0,2066660.0
002956726,미아역,2021-09,2021-10,2,533.0,1082320.0
002956726,미아역,2021-11,2021-12,2,615.0,453250.0
002956726,미아역,2022-01,2022-02,2,1293.0,1785300.0
002956726,미아역,2022-03,2022-04,2,1229.0,2272750.0
002956726,미아역,2022-05,2022-06,2,953.0,2490050.0
002956726,미아역,2022-07,2022-08,2,1312.0,3441400.0
002956726,미아역,2022-09,2022-10,2,1441.0,3783250.0
002956726,미아역,2022-11,2022-12,2,999.0,2611950.0
002956726,미아역,2023-01,2023-02,2,897.0,2624110.0
002956726,미아역,2023-03,2023-04,2,1026.0,3371960.0
002956726,미아역,2023-05,2023-06,2,1282.0,4232120.0
002956726,미아역,2023-07,2023-08,2,1494.0,4944440.0
002956726,미아역,2023-09,2023-10,2,1678.0,5562680.0
002956726,미아역,2023-11,2023-12,2,1136.0,3741560.0
002956726,미아역,2024-01,2024-02,2,1045.0,3435800.0
002956726,미아역,2024-03,2024-04,2,1156.0,3808760.0
002956726,미아역,2024-05,2024-06,2,1305.0,4309400.0
002956726,미아역,2024-07,2024-08,2,1559.0,5162840.0
002956726,미아역,2024-09,2024-10,2,1523.0,5041880.0
002956726,미아역,2024-11,2024-12,2,1283.0,4235480.0
002956726,미아역,2025-01,2025-02,2,1127.0,3711320.0
002956726,미아역,2025-03,2025-04,2,1190.0,3923000.0
002956726,미아역,2025-05,2025-06,2,1340.0,4427000.0
002956726,미아역,2025-07,2025-08,2,1704.0,5650040.0
002956726,미아역,2025-09,2025-10,2,1916.0,6355300.0
002956726,미아역,2025-11,2025-12,2,1370.0,4686200.0
002956726,미아역,2026-01,2026-02,2,1300.0,4490560.0
002956726,미아역,2026-03,2026-04,2,1386.0,4929240.0
002956726,미아역,2026-05,2026-06,1,544.0,1937160.0
023654087,방이역,2008-05,2008-06,2,154.0,990040.0
023654087,방이역,2008-07,2008-08,2,111.0,868440.0
023654087,방이역,2008-09,2008-10,2,118.0,879960.0
023654087,방이역,2008-11,2008-12,2,159.0,961880.0
023654087,방이역,2009-01,2009-02,2,146.0,827480.0
023654087,방이역,2009-03,2009-04,2,110.0,763800.0
023654087,방이역,2009-05,2009-06,2,138.0,951640.0
023654087,방이역,2009-07,2009-08,2,118.0,886360.0
023654087,방이역,2009-09,2009-10,2,141.0,931160.0
023654087,방이역,2009-11,2009-12,2,139.0,872280.0
023654087,방이역,2010-01,2010-02,2,482.0,840280.0
023654087,방이역,2010-03,2010-04,2,559.0,721450.0
023654087,방이역,2010-05,2010-06,2,738.0,945240.0
023654087,방이역,2010-07,2010-08,2,1669.0,2136920.0
023654087,방이역,2010-09,2010-10,2,607.0,777560.0
023654087,방이역,2010-11,2010-12,2,661.0,846680.0
023654087,방이역,2011-01,2011-02,2,695.0,893860.0
023654087,방이역,2011-03,2011-04,2,695.0,897150.0
023654087,방이역,2011-05,2011-06,2,571.0,747920.0
023654087,방이역,2011-07,2011-08,2,766.0,988740.0
023654087,방이역,2011-09,2011-10,2,754.0,973260.0
023654087,방이역,2011-11,2011-12,2,823.0,1062270.0
023654087,방이역,2012-01,2012-02,2,727.0,938430.0
023654087,방이역,2012-03,2012-04,2,704.0,1116160.0
023654087,방이역,2012-05,2012-06,2,771.0,1230960.0
023654087,방이역,2012-07,2012-08,2,830.0,1322800.0
023654087,방이역,2012-09,2012-10,2,1957.0,3171080.0
023654087,방이역,2012-11,2012-12,2,1103.0,1770520.0
023654087,방이역,2013-01,2013-02,2,669.0,1058760.0
023654087,방이역,2013-03,2013-04,2,613.0,1063520.0
023654087,방이역,2013-05,2013-06,2,754.0,1332210.0
023654087,방이역,2013-07,2013-08,2,357.0,643510.0
023654087,방이역,2013-09,2013-10,2,175.0,346850.0
023654087,방이역,2013-11,2013-12,2,526.0,918980.0
023654087,방이역,2014-01,2014-02,2,662.0,1153680.0
023654087,방이역,2014-03,2014-04,2,742.0,1407600.0
023654087,방이역,2014-05,2014-06,2,797.0,1517600.0
023654087,방이역,2014-07,2014-08,2,778.0,1479600.0
023654087,방이역,2014-09,2014-10,2,781.0,1485600.0
023654087,방이역,2014-11,2014-12,2,820.0,1563600.0
023654087,방이역,2015-01,2015-02,2,815.0,1553600.0
023654087,방이역,2015-03,2015-04,2,786.0,1495600.0
023654087,방이역,2015-05,2015-06,2,888.0,1699600.0
023654087,방이역,2015-07,2015-08,2,983.0,1889600.0
023654087,방이역,2015-09,2015-10,2,979.0,1881600.0
023654087,방이역,2015-11,2015-12,2,985.0,1893600.0
023654087,방이역,2016-01,2016-02,2,944.0,1811600.0
023654087,방이역,2016-03,2016-04,2,939.0,1801600.0
023654087,방이역,2016-05,2016-06,2,1044.0,2011600.0
023654087,방이역,2016-07,2016-08,2,1169.0,2261600.0
023654087,방이역,2016-09,2016-10,2,1054.0,2031600.0
023654087,방이역,2016-11,2016-12,2,927.0,1777600.0
023654087,방이역,2017-01,2017-02,2,829.0,1617210.0
023654087,방이역,2017-03,2017-04,2,390.0,769460.0
023654087,방이역,2017-05,2017-06,2,1044.0,2107000.0
023654087,방이역,2017-07,2017-08,2,1169.0,2369500.0
023654087,방이역,2017-09,2017-10,2,1581.0,3234700.0
023654087,방이역,2017-11,2017-12,2,897.0,1798300.0
023654087,방이역,2018-01,2018-02,2,821.0,1661240.0
023654087,방이역,2018-03,2018-04,2,841.0,1758210.0
023654087,방이역,2018-05,2018-06,2,1313.0,2801330.0
023654087,방이역,2018-07,2018-08,2,927.0,1948270.0
023654087,방이역,2018-09,2018-10,2,1108.0,2348280.0
023654087,방이역,2018-11,2018-12,2,775.0,1612350.0
023654087,방이역,2019-01,2019-02,2,721.0,1515330.0
023654087,방이역,2019-03,2019-04,2,717.0,1559210.0
023654087,방이역,2019-05,2019-06,2,1069.0,2379370.0
023654087,방이역,2019-07,2019-08,2,833.0,1829490.0
023654087,방이역,2019-09,2019-10,2,1065.0,2370050.0
023654087,방이역,2019-11,2019-12,2,897.0,1978610.0
023654087,방이역,2020-01,2020-02,2,852.0,1873760.0
023654087,방이역,2020-03,2020-04,2,617.0,1326210.0
023654087,방이역,2020-05,2020-06,2,597.0,1280390.0
023654087,방이역,2020-07,2020-08,2,682.0,1477660.0
023654087,방이역,2020-09,2020-10,2,641.0,1382130.0
023654087,방이역,2020-11,2020-12,2,831.0,1824830.0
023654087,방이역,2021-01,2021-02,2,676.0,1463680.0
023654087,방이역,2021-03,2021-04,2,752.0,1640760.0
023654087,방이역,2021-05,2021-06,2,931.0,2057830.0
023654087,방이역,2021-07,2021-08,2,912.0,2076370.0
023654087,방이역,2021-09,2021-10,2,874.0,2112560.0
023654087,방이역,2021-11,2021-12,2,724.0,1731560.0
023654087,방이역,2022-01,2022-02,2,730.0,1795890.0
023654087,방이역,2022-03,2022-04,2,691.0,1795750.0
023654087,방이역,2022-05,2022-06,2,828.0,2158800.0
023654087,방이역,2022-07,2022-08,2,1121.0,2935250.0
023654087,방이역,2022-09,2022-10,2,1403.0,3682550.0
023654087,방이역,2022-11,2022-12,2,2857.0,2238270.0
023654087,방이역,2023-01,2023-02,2,1281.0,3641780.0
023654087,방이역,2023-03,2023-04,2,764.0,2491640.0
023654087,방이역,2023-05,2023-06,2,1113.0,3664280.0
023654087,방이역,2023-07,2023-08,2,1169.0,3852440.0
023654087,방이역,2023-09,2023-10,2,1208.0,3983480.0
023654087,방이역,2023-11,2023-12,2,1530.0,5065400.0
023654087,방이역,2024-01,2024-02,2,1281.0,4228760.0
023654087,방이역,2024-03,2024-04,2,865.0,2831000.0
023654087,방이역,2024-05,2024-06,2,912.0,2988920.0
023654087,방이역,2024-07,2024-08,2,1205.0,3973400.0
023654087,방이역,2024-09,2024-10,2,1195.0,3939800.0
023654087,방이역,2024-11,2024-12,2,989.0,3247640.0
023654087,방이역,2025-01,2025-02,2,897.0,2938520.0
023654087,방이역,2025-03,2025-04,2,767.0,2501720.0
023654087,방이역,2025-05,2025-06,2,957.0,3140120.0
023654087,방이역,2025-07,2025-08,2,994.0,3264440.0
023654087,방이역,2025-09,2025-10,2,1096.0,3607160.0
023654087,방이역,2025-11,2025-12,2,1206.0,3976760.0
023654087,방이역,2026-01,2026-02,2,964.0,3221060.0
023654087,방이역,2026-03,2026-04,2,904.0,3136560.0
021091226,방화역,2008-05,2008-06,2,731.0,874080.0
021091226,방화역,2008-07,2008-08,2,923.0,1465450.0
021091226,방화역,2008-09,2008-10,2,885.0,1172860.0
021091226,방화역,2008-11,2008-12,2,815.0,1428870.0
021091226,방화역,2009-01,2009-02,2,875.0,1146130.0
021091226,방화역,2009-03,2009-04,2,829.0,1094210.0
021091226,방화역,2009-05,2009-06,2,778.0,1068540.0
021091226,방화역,2009-07,2009-08,2,829.0,1268120.0
021091226,방화역,2009-09,2009-10,2,847.0,1295580.0
021091226,방화역,2009-11,2009-12,2,847.0,1210380.0
021091226,방화역,2010-01,2010-02,2,847.0,1199840.0
021091226,방화역,2010-03,2010-04,2,933.0,1299720.0
021091226,방화역,2010-05,2010-06,2,827.0,1164040.0
021091226,방화역,2010-07,2010-08,2,808.0,1063560.0
021091226,방화역,2010-09,2010-10,2,872.0,1211440.0
021091226,방화역,2010-11,2010-12,2,767.0,1077040.0
021091226,방화역,2011-01,2011-02,2,808.0,1103410.0
021091226,방화역,2011-03,2011-04,2,713.0,997370.0
021091226,방화역,2011-05,2011-06,2,783.0,1047890.0
021091226,방화역,2011-07,2011-08,2,900.0,1301840.0
021091226,방화역,2011-09,2011-10,2,835.0,1539630.0
021091226,방화역,2011-11,2011-12,2,817.0,1330430.0
021091226,방화역,2012-01,2012-02,2,752.0,1145940.0
021091226,방화역,2012-03,2012-04,2,709.0,1302120.0
021091226,방화역,2012-05,2012-06,2,811.0,1469400.0
021091226,방화역,2012-07,2012-08,2,824.0,1573880.0
021091226,방화역,2012-09,2012-10,2,833.0,1687420.0
021091226,방화역,2012-11,2012-12,2,900.0,1698520.0
021091226,방화역,2013-01,2013-02,2,855.0,1317160.0
021091226,방화역,2013-03,2013-04,2,780.0,1355140.0
021091226,방화역,2013-05,2013-06,2,870.0,1475580.0
021091226,방화역,2013-07,2013-08,2,1320.0,2366680.0
021091226,방화역,2013-09,2013-10,2,1548.0,2746160.0
021091226,방화역,2013-11,2013-12,2,855.0,1436200.0
021091226,방화역,2014-01,2014-02,2,781.0,1300040.0
021091226,방화역,2014-03,2014-04,2,702.0,1291000.0
021091226,방화역,2014-05,2014-06,2,842.0,1571000.0
021091226,방화역,2014-07,2014-08,2,1194.0,2239000.0
021091226,방화역,2014-09,2014-10,2,1273.0,2397000.0
021091226,방화역,2014-11,2014-12,2,824.0,1499000.0
021091226,방화역,2015-01,2015-02,2,803.0,1512800.0
021091226,방화역,2015-03,2015-04,2,867.0,1640800.0
021091226,방화역,2015-05,2015-06,2,939.0,1784800.0
021091226,방화역,2015-07,2015-08,2,1639.0,3129000.0
021091226,방화역,2015-09,2015-10,2,1217.0,2285000.0
021091226,방화역,2015-11,2015-12,2,502.0,876560.0
021091226,방화역,2016-01,2016-02,2,884.0,1619000.0
021091226,방화역,2016-03,2016-04,2,916.0,1683000.0
021091226,방화역,2016-05,2016-06,2,1029.0,1909000.0
021091226,방화역,2016-07,2016-08,2,1243.0,2337000.0
021091226,방화역,2016-09,2016-10,2,1254.0,2359000.0
021091226,방화역,2016-11,2016-12,2,1026.0,1903000.0
021091226,방화역,2017-01,2017-02,2,994.0,1887660.0
021091226,방화역,2017-03,2017-04,2,1054.0,2055400.0
021091226,방화역,2017-05,2017-06,2,1110.0,2173000.0
021091226,방화역,2017-07,2017-08,2,1383.0,2746300.0
021091226,방화역,2017-09,2017-10,2,1377.0,2733700.0
021091226,방화역,2017-11,2017-12,2,951.0,1839100.0
021091226,방화역,2018-01,2018-02,2,892.0,1760670.0
021091226,방화역,2018-03,2018-04,2,902.0,1820420.0
021091226,방화역,2018-05,2018-06,2,1065.0,2243890.0
021091226,방화역,2018-07,2018-08,2,1346.0,2868260.0
021091226,방화역,2018-09,2018-10,2,1377.0,2936770.0
021091226,방화역,2018-11,2018-12,2,1436.0,3000560.0
021091226,방화역,2019-01,2019-02,2,997.0,2090630.0
021091226,방화역,2019-03,2019-04,2,992.0,2180160.0
021091226,방화역,2019-05,2019-06,2,1166.0,2585580.0
021091226,방화역,2019-07,2019-08,2,1414.0,3110620.0
021091226,방화역,2019-09,2019-10,2,1416.0,3168080.0
021091226,방화역,2019-11,2019-12,2,1279.0,2848870.0
021091226,방화역,2020-01,2020-02,2,1145.0,2536650.0
021091226,방화역,2020-03,2020-04,2,932.0,2040360.0
021091226,방화역,2020-05,2020-06,2,980.0,2273000.0
021091226,방화역,2020-07,2020-08,2,1181.0,2726530.0
021091226,방화역,2020-09,2020-10,2,1194.0,2691220.0
021091226,방화역,2020-11,2020-12,2,1010.0,2169300.0
021091226,방화역,2021-01,2021-02,2,849.0,1794170.0
021091226,방화역,2021-03,2021-04,2,896.0,1903680.0
021091226,방화역,2021-05,2021-06,2,1022.0,2197260.0
021091226,방화역,2021-07,2021-08,2,1469.0,3426970.0
021091226,방화역,2021-09,2021-10,2,1426.0,3442040.0
021091226,방화역,2021-11,2021-12,2,1072.0,2542880.0
021091226,방화역,2022-01,2022-02,2,1706.0,4307030.0
021091226,방화역,2022-03,2022-04,2,871.0,2200150.0
021091226,방화역,2022-05,2022-06,2,959.0,2430400.0
021091226,방화역,2022-07,2022-08,2,1583.0,4386550.0
021091226,방화역,2022-09,2022-10,2,1262.0,3350300.0
021091226,방화역,2022-11,2022-12,2,946.0,2453700.0
021091226,방화역,2023-01,2023-02,2,846.0,2462680.0
021091226,방화역,2023-03,2023-04,2,903.0,2886080.0
021091226,방화역,2023-05,2023-06,2,1060.0,3413600.0
021091226,방화역,2023-07,2023-08,2,1724.0,5644640.0
021091226,방화역,2023-09,2023-10,2,1857.0,6091520.0
021091226,방화역,2023-11,2023-12,2,1050.0,3380000.0
021091226,방화역,2024-01,2024-02,2,1050.0,3380000.0
021091226,방화역,2024-03,2024-04,2,903.0,2886080.0
021091226,방화역,2024-05,2024-06,2,1060.0,3413600.0
021091226,방화역,2024-07,2024-08,2,1724.0,5644640.0
021091226,방화역,2024-09,2024-10,2,1857.0,6261920.0
021091226,방화역,2024-11,2024-12,2,1050.0,3533600.0
021091226,방화역,2025-01,2025-02,2,1050.0,3533600.0
021091226,방화역,2025-03,2025-04,2,969.0,3107840.0
021091226,방화역,2025-05,2025-06,2,1041.0,3398360.0
021091226,방화역,2025-07,2025-08,2,1492.0,5038520.0
021091226,방화역,2025-09,2025-10,2,1633.0,5916280.0
021091226,방화역,2025-11,2025-12,2,1140.0,4715800.0
021091226,방화역,2026-01,2026-02,2,935.0,3803400.0
021091226,방화역,2026-03,2026-04,2,1054.0,4063400.0
032121991,버티고개역,2008-05,2008-06,2,391.0,680450.0
032121991,버티고개역,2008-07,2008-08,2,411.0,705750.0
032121991,버티고개역,2008-09,2008-10,2,411.0,680450.0
032121991,버티고개역,2008-11,2008-12,2,401.0,708050.0
032121991,버티고개역,2009-01,2009-02,2,405.0,869480.0
032121991,버티고개역,2009-03,2009-04,2,464.0,788240.0
032121991,버티고개역,2009-05,2009-06,2,449.0,756240.0
032121991,버티고개역,2009-07,2009-08,2,463.0,783120.0
032121991,버티고개역,2009-09,2009-10,2,449.0,769040.0
032121991,버티고개역,2009-11,2009-12,2,397.0,739100.0
032121991,버티고개역,2010-01,2010-02,2,385.0,704600.0
032121991,버티고개역,2010-03,2010-04,2,345.0,629850.0
032121991,버티고개역,2010-05,2010-06,2,439.0,989200.0
032121991,버티고개역,2010-07,2010-08,2,429.0,916240.0
032121991,버티고개역,2010-09,2010-10,2,433.0,859920.0
032121991,버티고개역,2010-11,2010-12,2,432.0,783120.0
032121991,버티고개역,2011-01,2011-02,2,370.0,624710.0
032121991,버티고개역,2011-03,2011-04,2,340.0,610480.0
032121991,버티고개역,2011-05,2011-06,2,431.0,725320.0
032121991,버티고개역,2011-07,2011-08,2,399.0,696320.0
032121991,버티고개역,2011-09,2011-10,2,390.0,665000.0
032121991,버티고개역,2011-11,2011-12,2,385.0,671960.0
032121991,버티고개역,2012-01,2012-02,2,339.0,615120.0
032121991,버티고개역,2012-03,2012-04,2,384.0,831020.0
032121991,버티고개역,2012-05,2012-06,2,415.0,832480.0
032121991,버티고개역,2012-07,2012-08,2,376.0,781380.0
032121991,버티고개역,2012-09,2012-10,2,369.0,772620.0
032121991,버티고개역,2012-11,2012-12,2,377.0,804740.0
032121991,버티고개역,2013-01,2013-02,2,340.0,746340.0
032121991,버티고개역,2013-03,2013-04,2,324.0,796950.0
032121991,버티고개역,2013-05,2013-06,2,398.0,978290.0
032121991,버티고개역,2013-07,2013-08,2,348.0,844220.0
032121991,버티고개역,2013-09,2013-10,2,346.0,832810.0
032121991,버티고개역,2013-11,2013-12,2,374.0,1024730.0
032121991,버티고개역,2014-01,2014-02,2,366.0,972990.0
032121991,버티고개역,2014-03,2014-04,2,369.0,978180.0
032121991,버티고개역,2014-05,2014-06,2,423.0,1049380.0
032121991,버티고개역,2014-07,2014-08,2,408.0,1010220.0
032121991,버티고개역,2014-09,2014-10,2,421.0,1065400.0
032121991,버티고개역,2014-11,2014-12,2,403.0,1029800.0
032121991,버티고개역,2015-01,2015-02,2,384.0,1019120.0
032121991,버티고개역,2015-03,2015-04,2,377.0,985300.0
032121991,버티고개역,2015-05,2015-06,2,432.0,1171000.0
032121991,버티고개역,2015-07,2015-08,2,376.0,1074300.0
032121991,버티고개역,2015-09,2015-10,2,375.0,2013000.0
032121991,버티고개역,2015-11,2015-12,2,387.0,1341000.0
032121991,버티고개역,2016-01,2016-02,2,339.0,908760.0
032121991,버티고개역,2016-03,2016-04,2,363.0,1006660.0
032121991,버티고개역,2016-05,2016-06,2,429.0,1125000.0
032121991,버티고개역,2016-07,2016-08,2,406.0,1163000.0
032121991,버티고개역,2016-09,2016-10,2,335.0,983520.0
032121991,버티고개역,2016-11,2016-12,2,362.0,979960.0
032121991,버티고개역,2017-01,2017-02,2,340.0,1034800.0
032121991,버티고개역,2017-03,2017-04,2,296.0,894950.0
032121991,버티고개역,2017-05,2017-06,2,377.0,1146390.0
032121991,버티고개역,2017-07,2017-08,2,372.0,2479200.0
032121991,버티고개역,2017-09,2017-10,2,345.0,2611500.0
032121991,버티고개역,2017-11,2017-12,2,396.0,2603100.0
032121991,버티고개역,2018-01,2018-02,2,333.0,2183560.0
032121991,버티고개역,2018-03,2018-04,2,342.0,2151090.0
032121991,버티고개역,2018-05,2018-06,2,377.0,2356620.0
032121991,버티고개역,2018-07,2018-08,2,197.0,2338940.0
032121991,버티고개역,2018-09,2018-10,2,269.0,3103600.0
032121991,버티고개역,2018-11,2018-12,2,255.0,1879260.0
032121991,버티고개역,2019-01,2019-02,2,247.0,1637810.0
032121991,버티고개역,2019-03,2019-04,2,267.0,1778930.0
032121991,버티고개역,2019-05,2019-06,2,311.0,2198330.0
032121991,버티고개역,2019-07,2019-08,2,290.0,2620060.0
032121991,버티고개역,2019-09,2019-10,2,296.0,3242170.0
032121991,버티고개역,2019-11,2019-12,2,378.0,2564140.0
032121991,버티고개역,2020-01,2020-02,2,412.0,2228620.0
032121991,버티고개역,2020-03,2020-04,2,242.0,1590200.0
032121991,버티고개역,2020-05,2020-06,2,279.0,2100470.0
032121991,버티고개역,2020-07,2020-08,2,290.0,2370750.0
032121991,버티고개역,2020-09,2020-10,2,268.0,2629380.0
032121991,버티고개역,2020-11,2020-12,2,316.0,2398710.0
032121991,버티고개역,2021-01,2021-02,2,251.0,1564570.0
032121991,버티고개역,2021-03,2021-04,2,281.0,1897760.0
032121991,버티고개역,2021-05,2021-06,2,320.0,2144740.0
032121991,버티고개역,2021-07,2021-08,2,258.0,2420260.0
032121991,버티고개역,2021-09,2021-10,2,276.0,3253280.0
032121991,버티고개역,2021-11,2021-12,2,250.0,2587800.0
032121991,버티고개역,2022-01,2022-02,2,270.0,2205510.0
032121991,버티고개역,2022-03,2022-04,2,251.0,2382650.0
032121991,버티고개역,2022-05,2022-06,2,333.0,3053100.0
032121991,버티고개역,2022-07,2022-08,2,274.0,3175000.0
032121991,버티고개역,2022-09,2022-10,2,290.0,2745700.0
032121991,버티고개역,2022-11,2022-12,2,299.0,2769550.0
032121991,버티고개역,2023-01,2023-02,2,267.0,1629370.0
032121991,버티고개역,2023-03,2023-04,2,269.0,1319920.0
032121991,버티고개역,2023-05,2023-06,2,297.0,1867600.0
032121991,버티고개역,2023-07,2023-08,2,395.0,2667280.0
032121991,버티고개역,2023-09,2023-10,2,146.0,2670640.0
032121991,버티고개역,2023-11,2023-12,2,271.0,1548400.0
032121991,버티고개역,2024-01,2024-02,2,267.0,1434200.0
032121991,버티고개역,2024-03,2024-04,2,261.0,1397200.0
032121991,버티고개역,2024-05,2024-06,2,304.0,1645840.0
032121991,버티고개역,2024-07,2024-08,2,321.0,2606800.0
032121991,버티고개역,2024-09,2024-10,2,313.0,3406480.0
032121991,버티고개역,2024-11,2024-12,2,549.0,2579920.0
032121991,버티고개역,2025-01,2025-02,2,364.0,1717390.0
032121991,버티고개역,2025-03,2025-04,2,336.0,2885680.0
032121991,버티고개역,2025-05,2025-06,2,398.0,2676370.0
032121991,버티고개역,2025-07,2025-08,2,357.0,1863240.0
032121991,버티고개역,2025-09,2025-10,2,345.0,2011080.0
032121991,버티고개역,2025-11,2025-12,2,375.0,1839720.0
032121991,버티고개역,2026-01,2026-02,2,372.0,1915560.0
032121991,버티고개역,2026-03,2026-04,2,358.0,1955380.0
032086710,보문역,2008-05,2008-06,2,181.0,860040.0
032086710,보문역,2008-07,2008-08,2,254.0,926640.0
032086710,보문역,2008-09,2008-10,2,280.0,996600.0
032086710,보문역,2008-11,2008-12,2,244.0,951280.0
032086710,보문역,2009-01,2009-02,2,206.0,797800.0
032086710,보문역,2009-03,2009-04,2,250.0,905320.0
032086710,보문역,2009-05,2009-06,2,318.0,1066760.0
032086710,보문역,2009-07,2009-08,2,295.0,1081360.0
032086710,보문역,2009-09,2009-10,2,280.0,1074720.0
032086710,보문역,2009-11,2009-12,2,341.0,680560.0
032086710,보문역,2010-01,2010-02,2,200.0,455970.0
032086710,보문역,2010-03,2010-04,2,399.0,596500.0
032086710,보문역,2010-05,2010-06,2,332.0,523610.0
032086710,보문역,2010-07,2010-08,2,281.0,481620.0
032086710,보문역,2010-09,2010-10,2,221.0,436020.0
032086710,보문역,2010-11,2010-12,2,174.0,402850.0
032086710,보문역,2011-01,2011-02,2,143.0,373210.0
032086710,보문역,2011-03,2011-04,2,124.0,355720.0
032086710,보문역,2011-05,2011-06,2,163.0,399010.0
032086710,보문역,2011-07,2011-08,2,147.0,385500.0
032086710,보문역,2011-09,2011-10,2,135.0,387310.0
032086710,보문역,2011-11,2011-12,2,196.0,458080.0
032086710,보문역,2012-01,2012-02,2,100.0,338260.0
032086710,보문역,2012-03,2012-04,2,102.0,406340.0
032086710,보문역,2012-05,2012-06,2,261.0,499940.0
032086710,보문역,2012-07,2012-08,2,266.0,524020.0
032086710,보문역,2012-09,2012-10,2,266.0,524240.0
032086710,보문역,2012-11,2012-12,2,266.0,533260.0
032086710,보문역,2013-01,2013-02,2,19.0,313140.0
032086710,보문역,2013-03,2013-04,2,154.0,450020.0
032086710,보문역,2013-05,2013-06,2,189.0,542110.0
032086710,보문역,2013-07,2013-08,2,213.0,533020.0
032086710,보문역,2013-09,2013-10,2,209.0,508620.0
032086710,보문역,2013-11,2013-12,2,217.0,648790.0
032086710,보문역,2014-01,2014-02,2,261.0,694770.0
032086710,보문역,2014-03,2014-04,2,601.0,1254300.0
032086710,보문역,2014-05,2014-06,2,947.0,1908800.0
032086710,보문역,2014-07,2014-08,2,1069.0,2107800.0
032086710,보문역,2014-09,2014-10,2,1070.0,2109800.0
032086710,보문역,2014-11,2014-12,2,1070.0,2109800.0
032086710,보문역,2015-01,2015-02,2,147.0,317260.0
032086710,보문역,2015-03,2015-04,2,147.0,317260.0
032086710,보문역,2015-05,2015-06,2,1869.0,3661600.0
032086710,보문역,2015-07,2015-08,2,698.0,1319600.0
032086710,보문역,2015-09,2015-10,2,1442.0,2807600.0
032086710,보문역,2015-11,2015-12,2,1005.0,1933600.0
032086710,보문역,2016-01,2016-02,2,970.0,1863600.0
032086710,보문역,2016-03,2016-04,2,991.0,1905600.0
032086710,보문역,2016-05,2016-06,2,1201.0,2325600.0
032086710,보문역,2016-07,2016-08,2,1159.0,2241600.0
032086710,보문역,2016-09,2016-10,2,1192.0,2307600.0
032086710,보문역,2016-11,2016-12,2,1282.0,2487600.0
032086710,보문역,2017-01,2017-02,2,869.0,1699220.0
032086710,보문역,2017-03,2017-04,2,1093.0,2213900.0
032086710,보문역,2017-05,2017-06,2,1201.0,2436700.0
032086710,보문역,2017-07,2017-08,2,1318.0,2682400.0
032086710,보문역,2017-09,2017-10,2,1241.0,2520700.0
032086710,보문역,2017-11,2017-12,2,1344.0,2737000.0
032086710,보문역,2018-01,2018-02,2,1040.0,2144180.0
032086710,보문역,2018-03,2018-04,2,1053.0,2226730.0
032086710,보문역,2018-05,2018-06,2,1184.0,2516240.0
032086710,보문역,2018-07,2018-08,2,1400.0,2993600.0
032086710,보문역,2018-09,2018-10,2,1754.0,3775940.0
032086710,보문역,2018-11,2018-12,2,1343.0,2867630.0
032086710,보문역,2019-01,2019-02,2,999.0,2157110.0
032086710,보문역,2019-03,2019-04,2,1141.0,2547130.0
032086710,보문역,2019-05,2019-06,2,1168.0,2610040.0
032086710,보문역,2019-07,2019-08,2,1428.0,3215840.0
032086710,보문역,2019-09,2019-10,2,1372.0,3085360.0
032086710,보문역,2019-11,2019-12,2,1276.0,2866340.0
032086710,보문역,2020-01,2020-02,2,1075.0,2393350.0
032086710,보문역,2020-03,2020-04,2,848.0,1864440.0
032086710,보문역,2020-05,2020-06,2,901.0,1987930.0
032086710,보문역,2020-07,2020-08,2,912.0,2013560.0
032086710,보문역,2020-09,2020-10,2,1160.0,2591400.0
032086710,보문역,2020-11,2020-12,2,954.0,2111420.0
032086710,보문역,2021-01,2021-02,2,789.0,1726970.0
032086710,보문역,2021-03,2021-04,2,839.0,1843470.0
032086710,보문역,2021-05,2021-06,2,1072.0,2386360.0
032086710,보문역,2021-07,2021-08,2,1173.0,2747510.0
032086710,보문역,2021-09,2021-10,2,1134.0,2772960.0
032086710,보문역,2021-11,2021-12,2,995.0,2419900.0
032086710,보문역,2022-01,2022-02,2,981.0,2472910.0
032086710,보문역,2022-03,2022-04,2,825.0,2150850.0
032086710,보문역,2022-05,2022-06,2,1072.0,2805400.0
032086710,보문역,2022-07,2022-08,2,1388.0,3642800.0
032086710,보문역,2022-09,2022-10,2,1347.0,3534150.0
032086710,보문역,2022-11,2022-12,2,1113.0,2914050.0
032086710,보문역,2023-01,2023-02,2,1113.0,3283530.0
032086710,보문역,2023-03,2023-04,2,911.0,2985560.0
032086710,보문역,2023-05,2023-06,2,1174.0,3869240.0
032086710,보문역,2023-07,2023-08,2,1355.0,4477400.0
032086710,보문역,2023-09,2023-10,2,1491.0,4934360.0
032086710,보문역,2023-11,2023-12,2,1058.0,3479480.0
032086710,보문역,2024-01,2024-02,2,997.0,3274520.0
032086710,보문역,2024-03,2024-04,2,1039.0,3415640.0
032086710,보문역,2024-05,2024-06,2,1286.0,4245560.0
032086710,보문역,2024-07,2024-08,2,1371.0,4531160.0
032086710,보문역,2024-09,2024-10,2,1575.0,5216600.0
032086710,보문역,2024-11,2024-12,2,1209.0,3986840.0
032086710,보문역,2025-01,2025-02,2,1125.0,3695550.0
032086710,보문역,2025-03,2025-04,2,1078.0,3546680.0
032086710,보문역,2025-05,2025-06,2,1342.0,4433720.0
032086710,보문역,2025-07,2025-08,2,1664.0,5514640.0
032086710,보문역,2025-09,2025-10,2,1666.0,5521360.0
032086710,보문역,2025-11,2025-12,2,1150.0,3787600.0
032086710,보문역,2026-01,2026-02,2,978.0,3315710.0
032086710,보문역,2026-03,2026-04,2,1046.0,3638240.0
030179738,복정역,2008-06,2008-07,2,195.0,1265240.0
030179738,복정역,2008-08,2008-09,2,209.0,1449560.0
030179738,복정역,2008-10,2008-11,2,0.0,1327960.0
030179738,복정역,2008-12,2009-01,2,2.0,1261400.0
030179738,복정역,2009-02,2009-03,2,0.0,979800.0
030179738,복정역,2009-04,2009-05,2,0.0,1125720.0
030179738,복정역,2009-06,2009-07,2,0.0,1185880.0
030179738,복정역,2009-08,2009-09,2,751.0,1192280.0
030179738,복정역,2009-10,2009-11,2,971.0,1276760.0
030179738,복정역,2009-12,2010-01,2,971.0,1276760.0
030179738,복정역,2010-02,2010-03,2,771.0,988760.0
030179738,복정역,2010-04,2010-05,2,1201.0,1537880.0
030179738,복정역,2010-06,2010-07,2,1150.0,1472600.0
030179738,복정역,2010-08,2010-09,2,1068.0,1367640.0
030179738,복정역,2010-10,2010-11,2,929.0,1189720.0
030179738,복정역,2010-12,2011-01,2,1073.0,1374040.0
030179738,복정역,2011-02,2011-03,2,764.0,986160.0
030179738,복정역,2011-04,2011-05,2,970.0,1251900.0
030179738,복정역,2011-06,2011-07,2,969.0,1250610.0
030179738,복정역,2011-08,2011-09,2,1097.0,1415730.0
030179738,복정역,2011-10,2011-11,2,942.0,1215780.0
030179738,복정역,2011-12,2012-01,2,898.0,1159020.0
030179738,복정역,2012-02,2012-03,2,807.0,1285080.0
030179738,복정역,2012-04,2012-05,2,982.0,1572080.0
030179738,복정역,2012-06,2012-07,2,1100.0,1765600.0
030179738,복정역,2012-08,2012-09,2,1294.0,2083760.0
030179738,복정역,2012-10,2012-11,2,978.0,1565520.0
030179738,복정역,2012-12,2013-01,2,892.0,1424480.0
030179738,복정역,2013-02,2013-03,2,796.0,1402290.0
030179738,복정역,2013-04,2013-05,2,1022.0,1816080.0
030179738,복정역,2013-06,2013-07,2,1043.0,1854720.0
030179738,복정역,2013-08,2013-09,2,1496.0,2688240.0
030179738,복정역,2013-10,2013-11,2,1246.0,2228240.0
030179738,복정역,2013-12,2014-01,2,1033.0,1836320.0
030179738,복정역,2014-02,2014-03,2,989.0,1901600.0
030179738,복정역,2014-04,2014-05,2,1096.0,2115600.0
030179738,복정역,2014-06,2014-07,2,1122.0,2167600.0
030179738,복정역,2014-08,2014-09,2,1778.0,3479600.0
030179738,복정역,2014-10,2014-11,2,1234.0,2391600.0
030179738,복정역,2014-12,2015-01,2,1022.0,1964960.0
030179738,복정역,2015-02,2015-03,2,965.0,1853600.0
030179738,복정역,2015-04,2015-05,2,1161.0,2245600.0
030179738,복정역,2015-06,2015-07,2,1108.0,2139600.0
030179738,복정역,2015-08,2015-09,2,1795.0,3513600.0
030179738,복정역,2015-10,2015-11,2,518.0,977640.0
030179738,복정역,2015-12,2016-01,2,452.0,860160.0
030179738,복정역,2016-02,2016-03,2,931.0,1785600.0
030179738,복정역,2016-04,2016-05,2,1172.0,2267600.0
030179738,복정역,2016-06,2016-07,2,1321.0,2565600.0
030179738,복정역,2016-08,2016-09,2,2077.0,4077600.0
030179738,복정역,2016-10,2016-11,2,1445.0,2813600.0
030179738,복정역,2016-12,2017-01,2,1213.0,2356920.0
030179738,복정역,2017-02,2017-03,2,1045.0,2109100.0
030179738,복정역,2017-04,2017-05,2,1304.0,2649840.0
030179738,복정역,2017-06,2017-07,2,1453.0,2965900.0
030179738,복정역,2017-08,2017-09,2,1988.0,4089400.0
030179738,복정역,2017-10,2017-11,2,1467.0,2995300.0
030179738,복정역,2017-12,2018-01,2,1187.0,2416580.0
030179738,복정역,2018-02,2018-03,2,1026.0,2167060.0
030179738,복정역,2018-04,2018-05,2,1315.0,2805750.0
030179738,복정역,2018-06,2018-07,2,1572.0,3373720.0
030179738,복정역,2018-08,2018-09,2,1386.0,2962660.0
030179738,복정역,2018-10,2018-11,2,2433.0,5276530.0
030179738,복정역,2018-12,2019-01,2,1318.0,2819620.0
030179738,복정역,2019-02,2019-03,2,1194.0,2670620.0
030179738,복정역,2019-04,2019-05,2,1406.0,3164580.0
030179738,복정역,2019-06,2019-07,2,1533.0,3460490.0
030179738,복정역,2019-08,2019-09,2,1817.0,4122210.0
030179738,복정역,2019-10,2019-11,2,1567.0,3539710.0
030179738,복정역,2019-12,2020-01,2,1359.0,3055070.0
030179738,복정역,2020-02,2020-03,2,1042.0,2316460.0
030179738,복정역,2020-04,2020-05,2,1118.0,2493540.0
030179738,복정역,2020-06,2020-07,2,1251.0,2803430.0
030179738,복정역,2020-08,2020-09,2,1255.0,2812750.0
030179738,복정역,2020-10,2020-11,2,1380.0,3104000.0
030179738,복정역,2020-12,2021-01,2,927.0,2048510.0
030179738,복정역,2021-02,2021-03,2,992.0,2199960.0
030179738,복정역,2021-04,2021-05,2,1088.0,2423640.0
030179738,복정역,2021-06,2021-07,2,1164.0,2615640.0
030179738,복정역,2021-08,2021-09,2,1861.0,4619540.0
030179738,복정역,2021-10,2021-11,2,1349.0,3319060.0
030179738,복정역,2021-12,2022-01,2,1001.0,2445750.0
030179738,복정역,2022-02,2022-03,2,944.0,2466200.0
030179738,복정역,2022-04,2022-05,2,1029.0,2689320.0
030179738,복정역,2022-06,2022-07,2,1285.0,3369850.0
030179738,복정역,2022-08,2022-09,2,1701.0,4472250.0
030179738,복정역,2022-10,2022-11,2,1202.0,3149900.0
030179738,복정역,2022-12,2023-01,2,998.0,2650650.0
030179738,복정역,2023-02,2023-03,2,968.0,3177080.0
030179738,복정역,2023-04,2023-05,2,1177.0,3879320.0
030179738,복정역,2023-06,2023-07,2,1207.0,3980120.0
030179738,복정역,2023-08,2023-09,2,1857.0,6164120.0
030179738,복정역,2023-10,2023-11,2,1317.0,4348720.0
030179738,복정역,2023-12,2024-01,2,967.0,3172720.0
030179738,복정역,2024-02,2024-03,2,925.0,3031600.0
030179738,복정역,2024-04,2024-05,2,1158.0,3814480.0
030179738,복정역,2024-06,2024-07,2,1274.0,4204240.0
030179738,복정역,2024-08,2024-09,2,1900.0,6307600.0
030179738,복정역,2024-10,2024-11,2,1506.0,4983760.0
030179738,복정역,2024-12,2025-01,2,1138.0,3747280.0
030179738,복정역,2025-02,2025-03,2,928.0,3041680.0
030179738,복정역,2025-04,2025-05,2,1211.0,3992560.0
030179738,복정역,2025-06,2025-07,2,1378.0,4553680.0
030179738,복정역,2025-08,2025-09,2,2068.0,6879560.0
030179738,복정역,2025-10,2025-11,2,1576.0,5218960.0
030179738,복정역,2025-12,2026-01,2,1110.0,3664080.0
030179738,복정역,2026-02,2026-03,2,932.0,3234680.0
030179738,복정역,2026-04,2026-05,2,1247.0,4349780.0
006499412,사가정역,2010-02,2010-03,2,861.0,1102680.0
006499412,사가정역,2010-04,2010-05,2,353.0,484550.0
006499412,사가정역,2010-06,2010-07,2,1151.0,1473880.0
006499412,사가정역,2010-08,2010-09,2,1105.0,2326250.0
006499412,사가정역,2010-10,2010-11,2,1187.0,1519960.0
006499412,사가정역,2010-12,2011-01,2,1094.0,1400920.0
006499412,사가정역,2011-02,2011-03,2,1066.0,1374010.0
006499412,사가정역,2011-04,2011-05,2,1078.0,1391220.0
006499412,사가정역,2011-06,2011-07,2,1136.0,1466040.0
006499412,사가정역,2011-08,2011-09,2,1141.0,1472490.0
006499412,사가정역,2011-10,2011-11,2,1157.0,1493130.0
006499412,사가정역,2011-12,2012-01,2,1135.0,1464750.0
006499412,사가정역,2012-02,2012-03,2,1001.0,1528300.0
006499412,사가정역,2012-04,2012-05,2,1048.0,1680320.0
006499412,사가정역,2012-06,2012-07,2,1243.0,2000120.0
006499412,사가정역,2012-08,2012-09,2,1138.0,1827920.0
006499412,사가정역,2012-10,2012-11,2,1179.0,1895160.0
006499412,사가정역,2012-12,2013-01,2,1179.0,1895160.0
006499412,사가정역,2013-02,2013-03,2,1016.0,1820060.0
006499412,사가정역,2013-04,2013-05,2,1101.0,1961440.0
006499412,사가정역,2013-06,2013-07,2,1338.0,2397520.0
006499412,사가정역,2013-08,2013-09,2,1392.0,2496880.0
006499412,사가정역,2013-10,2013-11,2,1296.0,2320240.0
006499412,사가정역,2013-12,2014-01,2,1096.0,1952240.0
006499412,사가정역,2014-02,2014-03,2,1067.0,2057600.0
006499412,사가정역,2014-04,2014-05,2,1102.0,2127600.0
006499412,사가정역,2014-06,2014-07,2,1285.0,2493600.0
006499412,사가정역,2014-08,2014-09,2,1257.0,2437600.0
006499412,사가정역,2014-10,2014-11,2,1287.0,2497600.0
006499412,사가정역,2014-12,2015-01,2,1195.0,2313600.0
006499412,사가정역,2015-02,2015-03,2,1086.0,2095600.0
006499412,사가정역,2015-04,2015-05,2,1207.0,2337600.0
006499412,사가정역,2015-06,2015-07,2,1408.0,2739600.0
006499412,사가정역,2015-08,2015-09,2,1620.0,3163600.0
006499412,사가정역,2015-10,2015-11,2,1598.0,3119600.0
006499412,사가정역,2015-12,2016-01,2,1328.0,2579600.0
006499412,사가정역,2016-02,2016-03,2,1250.0,2423600.0
006499412,사가정역,2016-04,2016-05,2,1507.0,2937600.0
006499412,사가정역,2016-06,2016-07,2,1449.0,2821600.0
006499412,사가정역,2016-08,2016-09,2,1874.0,3671600.0
006499412,사가정역,2016-10,2016-11,2,1689.0,3301600.0
006499412,사가정역,2016-12,2017-01,2,1398.0,2719600.0
006499412,사가정역,2017-02,2017-03,2,1343.0,2710850.0
006499412,사가정역,2017-04,2017-05,2,2466.0,3342870.0
006499412,사가정역,2017-06,2017-07,2,1623.0,3090890.0
006499412,사가정역,2017-08,2017-09,2,1885.0,3873100.0
006499412,사가정역,2017-10,2017-11,2,1557.0,3184300.0
006499412,사가정역,2017-12,2018-01,2,1432.0,2921800.0
006499412,사가정역,2018-02,2018-03,2,1505.0,3194660.0
006499412,사가정역,2018-04,2018-05,2,1343.0,2867630.0
006499412,사가정역,2018-06,2018-07,2,1697.0,3649970.0
006499412,사가정역,2018-08,2018-09,2,1874.0,4041140.0
006499412,사가정역,2018-10,2018-11,2,1661.0,3570410.0
006499412,사가정역,2018-12,2019-01,2,1769.0,3809090.0
006499412,사가정역,2019-02,2019-03,2,1006.0,2208310.0
006499412,사가정역,2019-04,2019-05,2,1397.0,3143610.0
006499412,사가정역,2019-06,2019-07,2,1598.0,3611940.0
006499412,사가정역,2019-08,2019-09,2,2014.0,4581220.0
006499412,사가정역,2019-10,2019-11,2,1855.0,4210750.0
006499412,사가정역,2019-12,2020-01,2,1515.0,3418550.0
006499412,사가정역,2020-02,2020-03,2,1588.0,3588640.0
006499412,사가정역,2020-04,2020-05,2,1264.0,2833720.0
006499412,사가정역,2020-06,2020-07,2,1495.0,3371950.0
006499412,사가정역,2020-08,2020-09,2,1850.0,4199100.0
006499412,사가정역,2020-10,2020-11,2,1677.0,3796010.0
006499412,사가정역,2020-12,2021-01,2,1685.0,3814650.0
006499412,사가정역,2021-02,2021-03,2,1021.0,2267530.0
006499412,사가정역,2021-04,2021-05,2,1287.0,2887310.0
006499412,사가정역,2021-06,2021-07,2,1476.0,3327680.0
006499412,사가정역,2021-08,2021-09,2,2347.0,5771180.0
006499412,사가정역,2021-10,2021-11,2,1677.0,4152180.0
006499412,사가정역,2021-12,2022-01,2,1685.0,4172500.0
006499412,사가정역,2022-02,2022-03,2,1021.0,2637040.0
006499412,사가정역,2022-04,2022-05,2,1114.0,2916700.0
006499412,사가정역,2022-06,2022-07,2,1325.0,3475850.0
006499412,사가정역,2022-08,2022-09,2,1741.0,4578250.0
006499412,사가정역,2022-10,2022-11,2,1519.0,3989950.0
006499412,사가정역,2022-12,2023-01,2,1371.0,3597750.0
006499412,사가정역,2023-02,2023-03,2,1237.0,3926110.0
006499412,사가정역,2023-04,2023-05,2,1169.0,3852440.0
006499412,사가정역,2023-06,2023-07,2,1232.0,4064120.0
006499412,사가정역,2023-08,2023-09,2,1512.0,5004920.0
006499412,사가정역,2023-10,2023-11,2,1687.0,5592920.0
006499412,사가정역,2023-12,2024-01,2,1579.0,5230040.0
006499412,사가정역,2024-02,2024-03,2,1515.0,5015000.0
006499412,사가정역,2024-04,2024-05,2,1658.0,5495480.0
006499412,사가정역,2024-06,2024-07,2,1871.0,6211160.0
006499412,사가정역,2024-08,2024-09,2,2340.0,7824400.0
006499412,사가정역,2024-10,2024-11,2,2543.0,8528810.0
006499412,사가정역,2024-12,2025-01,2,1895.0,6291800.0
006499412,사가정역,2025-02,2025-03,2,1926.0,6395960.0
006499412,사가정역,2025-04,2025-05,2,1859.0,6170840.0
006499412,사가정역,2025-06,2025-07,2,2045.0,6800750.0
006499412,사가정역,2025-08,2025-09,2,2765.0,9299150.0
006499412,사가정역,2025-10,2025-11,2,2625.0,8813350.0
006499412,사가정역,2025-12,2026-01,2,2245.0,7494750.0
006499412,사가정역,2026-02,2026-03,2,2179.0,7583880.0
006499412,사가정역,2026-04,2026-05,2,2328.0,8210320.0
032072396,삼각지역,2008-06,2008-07,2,971.0,1292120.0
032072396,삼각지역,2008-08,2008-09,2,923.0,1233240.0
032072396,삼각지역,2008-10,2008-11,2,2160.0,2821720.0
032072396,삼각지역,2008-12,2009-01,2,1360.0,1796440.0
032072396,삼각지역,2009-03,2009-04,2,1045.0,1431300.0
032072396,삼각지역,2009-05,2009-06,2,959.0,1352280.0
032072396,삼각지역,2009-07,2009-08,2,1233.0,1709400.0
032072396,삼각지역,2009-09,2009-10,2,945.0,1343320.0
032072396,삼각지역,2009-11,2009-12,2,1133.0,1556550.0
032072396,삼각지역,2010-01,2010-02,2,864.0,1210200.0
032072396,삼각지역,2010-03,2010-04,2,973.0,1281880.0
032072396,삼각지역,2010-05,2010-06,2,1020.0,1409880.0
032072396,삼각지역,2010-07,2010-08,2,957.0,1347160.0
032072396,삼각지역,2010-09,2010-10,2,918.0,1289560.0
032072396,삼각지역,2010-11,2010-12,2,1014.0,1415000.0
032072396,삼각지역,2011-01,2011-02,2,783.0,1073820.0
032072396,삼각지역,2011-03,2011-04,2,845.0,1154900.0
032072396,삼각지역,2011-05,2011-06,2,1199.0,1625750.0
032072396,삼각지역,2011-07,2011-08,2,896.0,1252940.0
032072396,삼각지역,2011-09,2011-10,2,1056.0,1465790.0
032072396,삼각지역,2011-11,2011-12,2,1074.0,1479980.0
032072396,삼각지역,2012-01,2012-02,2,1074.0,1490300.0
032072396,삼각지역,2012-03,2012-04,2,1086.0,1856640.0
032072396,삼각지역,2012-05,2012-06,2,1001.0,1730360.0
032072396,삼각지역,2012-07,2012-08,2,1033.0,1800880.0
032072396,삼각지역,2012-09,2012-10,2,1066.0,1843520.0
032072396,삼각지역,2012-11,2012-12,2,1076.0,1848440.0
032072396,삼각지역,2013-01,2013-02,2,864.0,1469600.0
032072396,삼각지역,2013-03,2013-04,2,863.0,1601520.0
032072396,삼각지역,2013-05,2013-06,2,1013.0,1920890.0
032072396,삼각지역,2013-07,2013-08,2,1029.0,1967680.0
032072396,삼각지역,2013-09,2013-10,2,1228.0,2348560.0
032072396,삼각지역,2013-11,2013-12,2,1216.0,2468160.0
032072396,삼각지역,2014-01,2014-02,2,988.0,1901440.0
032072396,삼각지역,2014-03,2014-04,2,982.0,2045600.0
032072396,삼각지역,2014-05,2014-06,2,989.0,2105600.0
032072396,삼각지역,2014-07,2014-08,2,1283.0,2719600.0
032072396,삼각지역,2014-09,2014-10,2,1034.0,2227600.0
032072396,삼각지역,2014-11,2014-12,2,936.0,1987330.0
032072396,삼각지역,2015-01,2015-02,2,801.0,1637600.0
032072396,삼각지역,2015-03,2015-04,2,713.0,1457600.0
032072396,삼각지역,2015-05,2015-06,2,1151.0,2369600.0
032072396,삼각지역,2015-07,2015-08,2,1006.0,2107600.0
032072396,삼각지역,2015-09,2015-10,2,1037.0,2169600.0
032072396,삼각지역,2015-11,2015-12,2,571.0,1245600.0
032072396,삼각지역,2016-01,2016-02,2,792.0,1595600.0
032072396,삼각지역,2016-03,2016-04,2,781.0,1621600.0
032072396,삼각지역,2016-05,2016-06,2,905.0,1893600.0
032072396,삼각지역,2016-07,2016-08,2,1155.0,2409600.0
032072396,삼각지역,2016-09,2016-10,2,952.0,1995600.0
032072396,삼각지역,2016-11,2016-12,2,1045.0,2181600.0
032072396,삼각지역,2017-01,2017-02,2,784.0,1666890.0
032072396,삼각지역,2017-03,2017-04,2,798.0,1747190.0
032072396,삼각지역,2017-05,2017-06,2,888.0,1962600.0
032072396,삼각지역,2017-07,2017-08,2,1241.0,2710200.0
032072396,삼각지역,2017-09,2017-10,2,1311.0,2886600.0
032072396,삼각지역,2017-11,2017-12,2,838.0,1847100.0
032072396,삼각지역,2018-01,2018-02,2,745.0,1673470.0
032072396,삼각지역,2018-03,2018-04,2,763.0,1743800.0
032072396,삼각지역,2018-05,2018-06,2,604.0,1392410.0
032072396,삼각지역,2018-07,2018-08,2,999.0,2139390.0
032072396,삼각지역,2018-09,2018-10,2,942.0,2565550.0
032072396,삼각지역,2018-11,2018-12,2,679.0,1980270.0
032072396,삼각지역,2019-01,2019-02,2,485.0,1882620.0
032072396,삼각지역,2019-03,2019-04,2,498.0,1649460.0
032072396,삼각지역,2019-05,2019-06,2,564.0,1896440.0
032072396,삼각지역,2019-07,2019-08,2,939.0,2735240.0
032072396,삼각지역,2019-09,2019-10,2,1316.0,3615980.0
032072396,삼각지역,2019-11,2019-12,2,699.0,2166720.0
032072396,삼각지역,2020-01,2020-02,2,504.0,1849840.0
032072396,삼각지역,2020-03,2020-04,2,573.0,1952360.0
032072396,삼각지역,2020-05,2020-06,2,688.0,2238950.0
032072396,삼각지역,2020-07,2020-08,2,845.0,2579130.0
032072396,삼각지역,2020-09,2020-10,2,1094.0,3103380.0
032072396,삼각지역,2020-11,2020-12,2,767.0,2367100.0
032072396,삼각지역,2021-01,2021-02,2,534.0,1798580.0
032072396,삼각지역,2021-03,2021-04,2,578.0,2180700.0
032072396,삼각지역,2021-05,2021-06,2,698.0,2399720.0
032072396,삼각지역,2021-07,2021-08,2,1048.0,3246610.0
032072396,삼각지역,2021-09,2021-10,2,792.0,2784640.0
032072396,삼각지역,2021-11,2021-12,2,724.0,2683040.0
032072396,삼각지역,2022-01,2022-02,2,610.0,2423510.0
032072396,삼각지역,2022-03,2022-04,2,605.0,2384250.0
032072396,삼각지역,2022-05,2022-06,2,796.0,3306680.0
032072396,삼각지역,2022-07,2022-08,2,1246.0,4321400.0
032072396,삼각지역,2022-09,2022-10,2,1089.0,3852350.0
032072396,삼각지역,2022-11,2022-12,2,1152.0,3666850.0
032072396,삼각지역,2023-01,2023-02,2,984.0,3068480.0
032072396,삼각지역,2023-03,2023-04,2,1045.0,3555160.0
032072396,삼각지역,2023-05,2023-06,2,1203.0,4106200.0
032072396,삼각지역,2023-07,2023-08,2,1613.0,5483800.0
032072396,삼각지역,2023-09,2023-10,2,1740.0,5937400.0
032072396,삼각지역,2023-11,2023-12,2,1153.0,3924760.0
032072396,삼각지역,2024-01,2024-02,2,997.0,3380440.0
032072396,삼각지역,2024-03,2024-04,2,976.0,3303160.0
032072396,삼각지역,2024-05,2024-06,2,1108.0,3760120.0
032072396,삼각지역,2024-07,2024-08,2,1108.0,3773560.0
032072396,삼각지역,2024-09,2024-10,2,1108.0,3803800.0
032072396,삼각지역,2024-11,2024-12,2,1078.0,3669400.0
032072396,삼각지역,2025-01,2025-02,2,1062.0,3605560.0
032072396,삼각지역,2025-03,2025-04,2,1043.0,3538360.0
032072396,삼각지역,2025-05,2025-06,2,1315.0,4459000.0
032072396,삼각지역,2025-07,2025-08,2,1926.0,6527760.0
032072396,삼각지역,2025-09,2025-10,2,2039.0,6925440.0
032072396,삼각지역,2025-11,2025-12,2,1139.0,3880080.0
032072396,삼각지역,2026-01,2026-02,2,1268.0,4530290.0
032072396,삼각지역,2026-03,2026-04,2,887.0,3397660.0
022277395,삼성지하철,2008-05,2008-06,2,1904.0,2469720.0
022277395,삼성지하철,2008-07,2008-08,2,2803.0,3620440.0
022277395,삼성지하철,2008-09,2008-10,2,2575.0,3328600.0
022277395,삼성지하철,2008-11,2008-12,2,1694.0,2200920.0
022277395,삼성지하철,2009-01,2009-02,2,1446.0,1883480.0
022277395,삼성지하철,2009-03,2009-04,2,1584.0,2088680.0
022277395,삼성지하철,2009-05,2009-06,2,2257.0,2970860.0
022277395,삼성지하철,2009-07,2009-08,2,1961.0,2625980.0
022277395,삼성지하철,2009-09,2009-10,2,2202.0,3035400.0
022277395,삼성지하철,2009-11,2009-12,2,1645.0,2175560.0
022277395,삼성지하철,2010-01,2010-02,2,1788.0,2358600.0
022277395,삼성지하철,2010-03,2010-04,2,1843.0,2409960.0
022277395,삼성지하철,2010-05,2010-06,2,2174.0,2837720.0
022277395,삼성지하철,2010-07,2010-08,2,3631.0,4701320.0
022277395,삼성지하철,2010-09,2010-10,2,5205.0,6743580.0
022277395,삼성지하철,2010-11,2010-12,2,42.0,286480.0
022277395,삼성지하철,2011-01,2011-02,2,2966.0,3838550.0
022277395,삼성지하철,2011-03,2011-04,2,2556.0,3340680.0
022277395,삼성지하철,2011-05,2011-06,2,1845.0,2408530.0
022277395,삼성지하철,2011-07,2011-08,2,3701.0,4802770.0
022277395,삼성지하철,2011-09,2011-10,2,3784.0,4909840.0
022277395,삼성지하철,2011-11,2011-12,2,2879.0,3742390.0
022277395,삼성지하철,2012-01,2012-02,2,3395.0,4415170.0
022277395,삼성지하철,2012-03,2012-04,2,1454.0,2414360.0
022277395,삼성지하철,2012-05,2012-06,2,3862.0,6373600.0
022277395,삼성지하철,2012-07,2012-08,2,5244.0,8963920.0
022277395,삼성지하철,2012-09,2012-10,2,3580.0,5930040.0
022277395,삼성지하철,2012-11,2012-12,2,3215.0,5322640.0
022277395,삼성지하철,2013-01,2013-02,2,2812.0,4661720.0
022277395,삼성지하철,2013-03,2013-04,2,2686.0,4913960.0
022277395,삼성지하철,2013-05,2013-06,2,4374.0,8051880.0
022277395,삼성지하철,2013-07,2013-08,2,3996.0,7361560.0
022277395,삼성지하철,2013-09,2013-10,2,3458.0,6395040.0
022277395,삼성지하철,2013-11,2013-12,2,2781.0,4132990.0
022277395,삼성지하철,2014-01,2014-02,2,3112.0,5703280.0
022277395,삼성지하철,2014-03,2014-04,2,2960.0,5892200.0
022277395,삼성지하철,2014-05,2014-06,2,3136.0,6244200.0
022277395,삼성지하철,2014-07,2014-08,2,3996.0,7959700.0
022277395,삼성지하철,2014-09,2014-10,2,3506.0,6979400.0
022277395,삼성지하철,2014-11,2014-12,2,3346.0,6689400.0
022277395,삼성지하철,2015-01,2015-02,2,3498.0,6988000.0
022277395,삼성지하철,2015-03,2015-04,2,3189.0,6347800.0
022277395,삼성지하철,2015-05,2015-06,2,3936.0,7849000.0
022277395,삼성지하철,2015-07,2015-08,2,4287.0,8579200.0
022277395,삼성지하철,2015-09,2015-10,2,3510.0,7124800.0
022277395,삼성지하철,2015-11,2015-12,2,3510.0,7031200.0
022277395,삼성지하철,2016-01,2016-02,2,3510.0,7006600.0
022277395,삼성지하철,2016-03,2016-04,2,1870.0,3757200.0
022277395,삼성지하철,2016-05,2016-06,2,1824.0,3663100.0
022277395,삼성지하철,2016-07,2016-08,2,3138.0,6344800.0
022277395,삼성지하철,2016-09,2016-10,2,3582.0,7322800.0
022277395,삼성지하철,2016-11,2016-12,2,2007.0,3993100.0
022277395,삼성지하철,2017-01,2017-02,2,1963.0,4000510.0
022277395,삼성지하철,2017-03,2017-04,2,1791.0,3760510.0
022277395,삼성지하철,2017-05,2017-06,2,2356.0,4946020.0
022277395,삼성지하철,2017-07,2017-08,2,3047.0,6484570.0
022277395,삼성지하철,2017-09,2017-10,2,3508.0,7557610.0
022277395,삼성지하철,2017-11,2017-12,2,2212.0,4603030.0
022277395,삼성지하철,2018-01,2018-02,2,2681.0,5766960.0
022277395,삼성지하철,2018-03,2018-04,2,2664.0,5862640.0
022277395,삼성지하철,2018-05,2018-06,2,2137.0,4764570.0
022277395,삼성지하철,2018-07,2018-08,2,3050.0,6842420.0
022277395,삼성지하철,2018-09,2018-10,2,3801.0,8600770.0
022277395,삼성지하철,2018-11,2018-12,2,1833.0,4059970.0
022277395,삼성지하철,2019-01,2019-02,2,1907.0,4305840.0
022277395,삼성지하철,2019-03,2019-04,2,1871.0,4360030.0
022277395,삼성지하철,2019-05,2019-06,2,2355.0,5456150.0
022277395,삼성지하철,2019-07,2019-08,2,3762.0,8922860.0
022277395,삼성지하철,2019-09,2019-10,2,3401.0,8264930.0
022277395,삼성지하철,2019-11,2019-12,2,1927.0,4632910.0
022277395,삼성지하철,2020-01,2020-02,2,1682.0,4048860.0
022277395,삼성지하철,2020-03,2020-04,2,1215.0,3139550.0
022277395,삼성지하철,2020-05,2020-06,2,1188.0,2741440.0
022277395,삼성지하철,2020-07,2020-08,2,2598.0,6171540.0
022277395,삼성지하철,2020-09,2020-10,2,2638.0,6591940.0
022277395,삼성지하철,2020-11,2020-12,2,1379.0,3198470.0
022277395,삼성지하철,2021-01,2021-02,2,1095.0,2599550.0
022277395,삼성지하철,2021-03,2021-04,2,1290.0,3226700.0
022277395,삼성지하철,2021-05,2021-06,2,1482.0,3734460.0
022277395,삼성지하철,2021-07,2021-08,2,2644.0,6693050.0
022277395,삼성지하철,2021-09,2021-10,2,2631.0,7064140.0
022277395,삼성지하철,2021-11,2021-12,2,1617.0,4170180.0
022277395,삼성지하철,2022-01,2022-02,2,1502.0,4302500.0
022277395,삼성지하철,2022-03,2022-04,2,1148.0,3499200.0
022277395,삼성지하철,2022-05,2022-06,2,1781.0,5553850.0
022277395,삼성지하철,2022-07,2022-08,2,3285.0,10193850.0
022277395,삼성지하철,2022-09,2022-10,2,2752.0,8982200.0
022277395,삼성지하철,2022-11,2022-12,2,1750.0,5306100.0
022277395,삼성지하철,2023-01,2023-02,2,1454.0,4583740.0
022277395,삼성지하철,2023-03,2023-04,2,1662.0,5508920.0
022277395,삼성지하철,2023-05,2023-06,2,2089.0,6953430.0
022277395,삼성지하철,2023-07,2023-08,2,3134.0,11065980.0
022277395,삼성지하철,2023-09,2023-10,2,2982.0,10338940.0
022277395,삼성지하철,2023-11,2023-12,2,1999.0,6779240.0
022277395,삼성지하철,2024-01,2024-02,2,1775.0,6012200.0
022277395,삼성지하철,2024-03,2024-04,2,1691.0,5753160.0
022277395,삼성지하철,2024-05,2024-06,2,2031.0,6901370.0
022277395,삼성지하철,2024-07,2024-08,2,2913.0,10248910.0
022277395,삼성지하철,2024-09,2024-10,2,2848.0,10129360.0
022277395,삼성지하철,2024-11,2024-12,2,1970.0,6819200.0
022277395,삼성지하철,2025-01,2025-02,2,1513.0,5188080.0
022277395,삼성지하철,2025-03,2025-04,2,1681.0,6021360.0
022277395,삼성지하철,2025-05,2025-06,2,1856.0,6708560.0
022277395,삼성지하철,2025-07,2025-08,2,3222.0,11584340.0
022277395,삼성지하철,2025-09,2025-10,2,2223.0,8005410.0
022277395,삼성지하철,2025-11,2025-12,2,1736.0,6282160.0
022277395,삼성지하철,2026-01,2026-02,2,1461.0,5200110.0
022277395,삼성지하철,2026-03,2026-04,2,1397.0,4944140.0
002296399,상계역장,2008-05,2008-06,1,1687.0,1159560.0
002296399,상계역장,2008-07,2008-08,2,2480.0,2040080.0
002296399,상계역장,2008-09,2008-10,2,2515.0,2118160.0
002296399,상계역장,2008-11,2008-12,2,2586.0,2169360.0
002296399,상계역장,2009-01,2009-02,2,2363.0,1858320.0
002296399,상계역장,2009-03,2009-04,2,2213.0,1822480.0
002296399,상계역장,2009-05,2009-06,2,2284.0,1931280.0
002296399,상계역장,2009-07,2009-08,2,2628.0,2316560.0
002296399,상계역장,2009-09,2009-10,2,2656.0,2160400.0
002296399,상계역장,2009-11,2009-12,2,2506.0,2046480.0
002296399,상계역장,2010-01,2010-02,2,2269.0,1782800.0
002296399,상계역장,2010-03,2010-04,2,2340.0,2022160.0
002296399,상계역장,2010-05,2010-06,2,2602.0,2238480.0
002296399,상계역장,2010-07,2010-08,2,1991.0,1347600.0
002296399,상계역장,2010-09,2010-10,2,1382.0,1013520.0
002296399,상계역장,2010-11,2010-12,2,2077.0,2070800.0
002296399,상계역장,2011-01,2011-02,2,2309.0,1844420.0
002296399,상계역장,2011-03,2011-04,2,2491.0,2204790.0
002296399,상계역장,2011-05,2011-06,2,2712.0,2314440.0
002296399,상계역장,2011-07,2011-08,2,2819.0,2398290.0
002296399,상계역장,2011-09,2011-10,2,2615.0,2092560.0
002296399,상계역장,2011-11,2011-12,2,3495.0,2619450.0
002296399,상계역장,2012-01,2012-02,2,3593.0,2862690.0
002296399,상계역장,2012-03,2012-04,2,2770.0,2594960.0
002296399,상계역장,2012-05,2012-06,2,2542.0,2731080.0
002296399,상계역장,2012-07,2012-08,2,2546.0,2670400.0
002296399,상계역장,2012-09,2012-10,2,2672.0,2906560.0
002296399,상계역장,2012-11,2012-12,2,2637.0,2731080.0
002296399,상계역장,2013-01,2013-02,2,2195.0,2094760.0
002296399,상계역장,2013-03,2013-04,2,2224.0,2745880.0
002296399,상계역장,2013-05,2013-06,2,2449.0,2953800.0
002296399,상계역장,2013-07,2013-08,2,2808.0,3511320.0
002296399,상계역장,2013-09,2013-10,2,2876.0,3356760.0
002296399,상계역장,2013-11,2013-12,2,2591.0,2911480.0
002296399,상계역장,2014-01,2014-02,2,2322.0,2637320.0
002296399,상계역장,2014-03,2014-04,2,2122.0,2615000.0
002296399,상계역장,2014-05,2014-06,2,2443.0,3381000.0
002296399,상계역장,2014-07,2014-08,2,2864.0,3841000.0
002296399,상계역장,2014-09,2014-10,2,2670.0,3223000.0
002296399,상계역장,2014-11,2014-12,2,2594.0,3379000.0
002296399,상계역장,2015-01,2015-02,2,2377.0,2867000.0
002296399,상계역장,2015-03,2015-04,2,2090.0,2549000.0
002296399,상계역장,2015-05,2015-06,2,2363.0,3255000.0
002296399,상계역장,2015-07,2015-08,2,2825.0,3825000.0
002296399,상계역장,2015-09,2015-10,2,3057.0,4005000.0
002296399,상계역장,2015-11,2015-12,2,2744.0,3289000.0
002296399,상계역장,2016-01,2016-02,2,2583.0,3325000.0
002296399,상계역장,2016-03,2016-04,2,2476.0,3093000.0
002296399,상계역장,2016-05,2016-06,2,2518.0,3293000.0
002296399,상계역장,2016-07,2016-08,2,3050.0,4257000.0
002296399,상계역장,2016-09,2016-10,2,3144.0,3963000.0
002296399,상계역장,2016-11,2016-12,2,2935.0,3691000.0
002296399,상계역장,2017-01,2017-02,2,2548.0,3105250.0
002296399,상계역장,2017-03,2017-04,2,2431.0,3300380.0
002296399,상계역장,2017-05,2017-06,2,2829.0,4083100.0
002296399,상계역장,2017-07,2017-08,2,2780.0,3585400.0
002296399,상계역장,2017-09,2017-10,2,2939.0,4169200.0
002296399,상계역장,2017-11,2017-12,2,2885.0,3763900.0
002296399,상계역장,2018-01,2018-02,2,2798.0,3843060.0
002296399,상계역장,2018-03,2018-04,2,2487.0,3277130.0
002296399,상계역장,2018-05,2018-06,2,2624.0,3926870.0
002296399,상계역장,2018-07,2018-08,2,2886.0,4181020.0
002296399,상계역장,2018-09,2018-10,2,2841.0,3955600.0
002296399,상계역장,2018-11,2018-12,2,2580.0,3491500.0
002296399,상계역장,2019-01,2019-02,2,2374.0,3323400.0
002296399,상계역장,2019-03,2019-04,2,2264.0,3303370.0
002296399,상계역장,2019-05,2019-06,2,2495.0,3911500.0
002296399,상계역장,2019-07,2019-08,2,2659.0,3990720.0
002296399,상계역장,2019-09,2019-10,2,2866.0,4433420.0
002296399,상계역장,2019-11,2019-12,2,2852.0,4179450.0
002296399,상계역장,2020-01,2020-02,2,2418.0,3294050.0
002296399,상계역장,2020-03,2020-04,2,1871.0,2462240.0
002296399,상계역장,2020-05,2020-06,2,1817.0,2753490.0
002296399,상계역장,2020-07,2020-08,2,2156.0,3396570.0
002296399,상계역장,2020-09,2020-10,2,2239.0,3268420.0
002296399,상계역장,2020-11,2020-12,2,2151.0,3128620.0
002296399,상계역장,2021-01,2021-02,2,1932.0,2688250.0
002296399,상계역장,2021-03,2021-04,2,2449.0,4111880.0
002296399,상계역장,2021-05,2021-06,2,2155.0,2716210.0
002296399,상계역장,2021-07,2021-08,2,2103.0,3393890.0
002296399,상계역장,2021-09,2021-10,2,2527.0,4371900.0
002296399,상계역장,2021-11,2021-12,2,2381.0,3617520.0
002296399,상계역장,2022-01,2022-02,2,1942.0,2946750.0
002296399,상계역장,2022-03,2022-04,2,1635.0,2655400.0
002296399,상계역장,2022-05,2022-06,2,1833.0,3394750.0
002296399,상계역장,2022-07,2022-08,2,2166.0,3906200.0
002296399,상계역장,2022-09,2022-10,2,2176.0,3678300.0
002296399,상계역장,2022-11,2022-12,2,2217.0,3900900.0
002296399,상계역장,2023-01,2023-02,2,2077.0,3710870.0
002296399,상계역장,2023-03,2023-04,2,2022.0,4439600.0
002296399,상계역장,2023-05,2023-06,2,2224.0,5057840.0
002296399,상계역장,2023-07,2023-08,2,2310.0,5037680.0
002296399,상계역장,2023-09,2023-10,2,2268.0,4906640.0
002296399,상계역장,2023-11,2023-12,2,2231.0,4846160.0
002296399,상계역장,2024-01,2024-02,2,2173.0,4681520.0
002296399,상계역장,2024-03,2024-04,2,1984.0,4130480.0
002296399,상계역장,2024-05,2024-06,2,2232.0,5239280.0
002296399,상계역장,2024-07,2024-08,2,2295.0,4896560.0
002296399,상계역장,2024-09,2024-10,2,2190.0,4715120.0
002296399,상계역장,2024-11,2024-12,2,2342.0,5316560.0
002296399,상계역장,2025-01,2025-02,2,2109.0,4231280.0
002296399,상계역장,2025-03,2025-04,2,1828.0,3831440.0
002296399,상계역장,2025-05,2025-06,2,2048.0,4768880.0
002296399,상계역장,2025-07,2025-08,2,2263.0,5024240.0
002296399,상계역장,2025-09,2025-10,2,2261.0,4889840.0
002296399,상계역장,2025-11,2025-12,2,2113.0,4459760.0
002296399,상계역장,2026-01,2026-02,2,1976.0,4291710.0
002296399,상계역장,2026-03,2026-04,2,1808.0,3991740.0
002296399,상계역장,2026-05,2026-06,1,581.0,1997640.0
000828353,상봉역,2008-06,2008-07,2,4.0,880600.0
000828353,상봉역,2008-08,2008-09,2,4.0,822020.0
000828353,상봉역,2008-10,2008-11,2,2.0,477830.0
000828353,상봉역,2008-12,2009-01,2,1.0,764690.0
000828353,상봉역,2009-02,2009-03,2,0.0,659590.0
000828353,상봉역,2009-04,2009-05,2,0.0,733260.0
000828353,상봉역,2009-06,2009-07,2,0.0,824340.0
000828353,상봉역,2009-08,2009-09,2,0.0,379950.0
000828353,상봉역,2009-10,2009-11,2,2.0,140580.0
000828353,상봉역,2009-12,2010-01,2,0.0,348070.0
000828353,상봉역,2010-02,2010-03,2,0.0,279190.0
000828353,상봉역,2010-04,2010-05,2,0.0,302310.0
000828353,상봉역,2010-06,2010-07,2,0.0,314210.0
000828353,상봉역,2010-08,2010-09,2,0.0,302310.0
000828353,상봉역,2010-10,2010-11,2,0.0,297890.0
000828353,상봉역,2010-12,2011-01,2,0.0,297890.0
000828353,상봉역,2011-02,2011-03,2,0.0,285820.0
000828353,상봉역,2011-04,2011-05,2,0.0,255730.0
000828353,상봉역,2011-06,2011-07,2,0.0,268140.0
000828353,상봉역,2011-08,2011-09,2,863.0,1277580.0
000828353,상봉역,2011-10,2011-11,2,646.0,992550.0
000828353,상봉역,2011-12,2012-01,2,598.0,921030.0
000828353,상봉역,2012-02,2012-03,2,618.0,1140040.0
000828353,상봉역,2012-04,2012-05,2,609.0,1163860.0
000828353,상봉역,2012-06,2012-07,2,693.0,1346500.0
000828353,상봉역,2012-08,2012-09,2,1265.0,2261260.0
000828353,상봉역,2012-10,2012-11,2,825.0,1521180.0
000828353,상봉역,2012-12,2013-01,2,607.0,1161240.0
000828353,상봉역,2013-02,2013-03,2,531.0,1120830.0
000828353,상봉역,2013-04,2013-05,2,570.0,1227040.0
000828353,상봉역,2013-06,2013-07,2,611.0,1323740.0
000828353,상봉역,2013-08,2013-09,2,932.0,1905280.0
000828353,상봉역,2013-10,2013-11,2,659.0,1405560.0
000828353,상봉역,2013-12,2014-01,2,762.0,1599240.0
000828353,상봉역,2014-02,2014-03,2,403.0,1082840.0
000828353,상봉역,2014-04,2014-05,2,833.0,1934600.0
000828353,상봉역,2014-06,2014-07,2,1406.0,2981900.0
000828353,상봉역,2014-08,2014-09,2,1917.0,3882400.0
000828353,상봉역,2014-10,2014-11,2,1806.0,3640900.0
000828353,상봉역,2014-12,2015-01,2,1763.0,3509600.0
000828353,상봉역,2015-02,2015-03,2,1822.0,3567600.0
000828353,상봉역,2015-04,2015-05,2,2604.0,5131600.0
000828353,상봉역,2015-06,2015-07,2,2494.0,4911600.0
000828353,상봉역,2015-08,2015-09,2,2415.0,4753600.0
000828353,상봉역,2015-10,2015-11,2,1691.0,3305600.0
000828353,상봉역,2015-12,2016-01,2,1489.0,2901600.0
000828353,상봉역,2016-02,2016-03,2,1229.0,2381600.0
000828353,상봉역,2016-04,2016-05,2,1537.0,2997600.0
000828353,상봉역,2016-06,2016-07,2,1603.0,3129600.0
000828353,상봉역,2016-08,2016-09,2,1866.0,3655600.0
000828353,상봉역,2016-10,2016-11,2,1609.0,3141600.0
000828353,상봉역,2016-12,2017-01,2,1493.0,2914610.0
000828353,상봉역,2017-02,2017-03,2,1406.0,2867200.0
000828353,상봉역,2017-04,2017-05,2,1628.0,3328950.0
000828353,상봉역,2017-06,2017-07,2,1673.0,3427900.0
000828353,상봉역,2017-08,2017-09,2,2025.0,4167100.0
000828353,상봉역,2017-10,2017-11,2,1701.0,3486700.0
000828353,상봉역,2017-12,2018-01,2,1469.0,3009460.0
000828353,상봉역,2018-02,2018-03,2,1253.0,2668730.0
000828353,상봉역,2018-04,2018-05,2,1640.0,3524000.0
000828353,상봉역,2018-06,2018-07,2,1932.0,4169320.0
000828353,상봉역,2018-08,2018-09,2,2670.0,5793290.0
000828353,상봉역,2018-10,2018-11,2,1879.0,4052190.0
000828353,상봉역,2018-12,2019-01,2,1879.0,4074380.0
000828353,상봉역,2019-02,2019-03,2,1606.0,3630580.0
000828353,상봉역,2019-04,2019-05,2,2065.0,4700050.0
000828353,상봉역,2019-06,2019-07,2,2115.0,4816550.0
000828353,상봉역,2019-08,2019-09,2,2701.0,6181930.0
000828353,상봉역,2019-10,2019-11,2,2559.0,5851070.0
000828353,상봉역,2019-12,2020-01,2,2439.0,5571470.0
000828353,상봉역,2020-02,2020-03,2,2197.0,5007610.0
000828353,상봉역,2020-04,2020-05,2,2029.0,4616170.0
000828353,상봉역,2020-06,2020-07,2,2343.0,5347790.0
000828353,상봉역,2020-08,2020-09,2,2560.0,5853400.0
000828353,상봉역,2020-10,2020-11,2,2090.0,4758300.0
000828353,상봉역,2020-12,2021-01,2,1329.0,2985170.0
000828353,상봉역,2021-02,2021-03,2,1618.0,3658540.0
000828353,상봉역,2021-04,2021-05,2,1963.0,4462390.0
000828353,상봉역,2021-06,2021-07,2,1927.0,4424130.0
000828353,상봉역,2021-08,2021-09,2,2189.0,5452660.0
000828353,상봉역,2021-10,2021-11,2,2030.0,5048800.0
000828353,상봉역,2021-12,2022-01,2,1203.0,2970520.0
000828353,상봉역,2022-02,2022-03,2,1457.0,3825650.0
000828353,상봉역,2022-04,2022-05,2,1631.0,4286750.0
000828353,상봉역,2022-06,2022-07,2,1754.0,4612700.0
000828353,상봉역,2022-08,2022-09,2,2071.0,5452750.0
000828353,상봉역,2022-10,2022-11,2,1960.0,5158600.0
000828353,상봉역,2022-12,2023-01,2,1814.0,4912320.0
000828353,상봉역,2023-02,2023-03,2,1641.0,5438360.0
000828353,상봉역,2023-04,2023-05,2,1732.0,5744120.0
000828353,상봉역,2023-06,2023-07,2,1988.0,6604280.0
000828353,상봉역,2023-08,2023-09,2,2235.0,7460050.0
000828353,상봉역,2023-10,2023-11,2,2008.0,6672360.0
000828353,상봉역,2023-12,2024-01,2,1744.0,5784440.0
000828353,상봉역,2024-02,2024-03,2,1553.0,5142680.0
000828353,상봉역,2024-04,2024-05,2,1818.0,6033080.0
000828353,상봉역,2024-06,2024-07,2,1847.0,6130520.0
000828353,상봉역,2024-08,2024-09,2,2316.0,7741120.0
000828353,상봉역,2024-10,2024-11,2,1936.0,6429560.0
000828353,상봉역,2024-12,2025-01,2,1785.0,5922200.0
000828353,상봉역,2025-02,2025-03,2,1507.0,4988120.0
000828353,상봉역,2025-04,2025-05,2,1860.0,6174200.0
000828353,상봉역,2025-06,2025-07,2,1953.0,6486680.0
000828353,상봉역,2025-08,2025-09,2,2386.0,7984020.0
000828353,상봉역,2025-10,2025-11,2,2948.0,9934160.0
000828353,상봉역,2025-12,2026-01,2,5043.0,15038460.0
000828353,상봉역,2026-02,2026-03,2,2716.0,953600.0
000828353,상봉역,2026-04,2026-05,2,2128.0,4267240.0
031928061,서울교통공사(돌곶이역),2025-01,2025-02,2,0.0,21660.0
031928061,서울교통공사(돌곶이역),2025-03,2025-04,2,504.0,1563440.0
031928061,서울교통공사(돌곶이역),2025-05,2025-06,2,419.0,1277840.0
031928061,서울교통공사(돌곶이역),2025-07,2025-08,2,416.0,1266760.0
031928061,서울교통공사(돌곶이역),2025-09,2025-10,2,403.0,1223080.0
031928061,서울교통공사(돌곶이역),2025-11,2025-12,2,383.0,1157410.0
031928061,서울교통공사(돌곶이역),2026-01,2026-02,2,367.0,1145360.0
031928061,서울교통공사(돌곶이역),2026-03,2026-04,2,409.0,1328660.0
032909986,서울교통공사(보문역 직원용),2008-05,2008-06,2,43.0,50840.0
032909986,서울교통공사(보문역 직원용),2008-07,2008-08,2,47.0,55440.0
032909986,서울교통공사(보문역 직원용),2008-09,2008-10,2,42.0,49790.0
032909986,서울교통공사(보문역 직원용),2008-11,2008-12,2,43.0,51040.0
032909986,서울교통공사(보문역 직원용),2009-01,2009-02,2,44.0,52170.0
032909986,서울교통공사(보문역 직원용),2009-03,2009-04,2,38.0,45410.0
032909986,서울교통공사(보문역 직원용),2009-05,2009-06,2,38.0,45270.0
032909986,서울교통공사(보문역 직원용),2009-07,2009-08,2,43.0,51120.0
032909986,서울교통공사(보문역 직원용),2009-09,2009-10,2,40.0,47850.0
032909986,서울교통공사(보문역 직원용),2009-11,2009-12,2,28.0,34600.0
032909986,서울교통공사(보문역 직원용),2010-01,2010-02,2,10.0,14160.0
032909986,서울교통공사(보문역 직원용),2010-03,2010-04,2,8.0,11900.0
032909986,서울교통공사(보문역 직원용),2010-05,2010-06,2,13.0,18420.0
032909986,서울교통공사(보문역 직원용),2010-07,2010-08,2,35.0,43060.0
032909986,서울교통공사(보문역 직원용),2010-09,2010-10,2,45.0,54360.0
032909986,서울교통공사(보문역 직원용),2010-11,2010-12,2,48.0,56400.0
032909986,서울교통공사(보문역 직원용),2011-01,2011-02,2,40.0,47540.0
032909986,서울교통공사(보문역 직원용),2011-03,2011-04,2,56.0,67360.0
032909986,서울교통공사(보문역 직원용),2011-05,2011-06,2,30.0,37210.0
032909986,서울교통공사(보문역 직원용),2011-07,2011-08,2,31.0,37940.0
032909986,서울교통공사(보문역 직원용),2011-09,2011-10,2,28.0,34080.0
032909986,서울교통공사(보문역 직원용),2011-11,2011-12,2,28.0,34520.0
032909986,서울교통공사(보문역 직원용),2012-01,2012-02,2,20.0,25640.0
032909986,서울교통공사(보문역 직원용),2012-03,2012-04,2,21.0,28260.0
032909986,서울교통공사(보문역 직원용),2012-05,2012-06,2,20.0,27040.0
032909986,서울교통공사(보문역 직원용),2012-07,2012-08,2,25.0,33140.0
032909986,서울교통공사(보문역 직원용),2012-09,2012-10,2,27.0,35100.0
032909986,서울교통공사(보문역 직원용),2012-11,2012-12,2,23.0,30460.0
032909986,서울교통공사(보문역 직원용),2013-01,2013-02,2,20.0,28020.0
032909986,서울교통공사(보문역 직원용),2013-03,2013-04,2,22.0,33120.0
032909986,서울교통공사(보문역 직원용),2013-05,2013-06,2,25.0,34410.0
032909986,서울교통공사(보문역 직원용),2013-07,2013-08,2,26.0,35950.0
032909986,서울교통공사(보문역 직원용),2013-09,2013-10,2,25.0,35180.0
032909986,서울교통공사(보문역 직원용),2013-11,2013-12,2,20.0,27960.0
032909986,서울교통공사(보문역 직원용),2014-01,2014-02,2,12.0,18410.0
032909986,서울교통공사(보문역 직원용),2014-03,2014-04,2,10.0,15920.0
032909986,서울교통공사(보문역 직원용),2014-05,2014-06,2,5.0,9980.0
032909986,서울교통공사(보문역 직원용),2014-07,2014-08,2,26.0,42110.0
032909986,서울교통공사(보문역 직원용),2014-09,2014-10,2,44.0,61560.0
032909986,서울교통공사(보문역 직원용),2014-11,2014-12,2,36.0,50760.0
032909986,서울교통공사(보문역 직원용),2015-01,2015-02,2,3.0,7830.0
032909986,서울교통공사(보문역 직원용),2015-03,2015-04,2,1.0,4310.0
032909986,서울교통공사(보문역 직원용),2015-05,2015-06,2,8.0,12960.0
032909986,서울교통공사(보문역 직원용),2015-07,2015-08,2,8.0,14310.0
032909986,서울교통공사(보문역 직원용),2015-09,2015-10,2,6.0,10260.0
032909986,서울교통공사(보문역 직원용),2015-11,2015-12,2,8.0,13220.0
032909986,서울교통공사(보문역 직원용),2016-01,2016-02,2,8.0,12960.0
032909986,서울교통공사(보문역 직원용),2016-03,2016-04,2,7.0,14310.0
032909986,서울교통공사(보문역 직원용),2016-05,2016-06,2,7.0,11610.0
032909986,서울교통공사(보문역 직원용),2016-07,2016-08,2,9.0,14310.0
032909986,서울교통공사(보문역 직원용),2016-09,2016-10,2,9.0,14570.0
032909986,서울교통공사(보문역 직원용),2016-11,2016-12,2,9.0,14840.0
032909986,서울교통공사(보문역 직원용),2017-01,2017-02,2,8.0,14900.0
032909986,서울교통공사(보문역 직원용),2017-03,2017-04,2,7.0,12880.0
032909986,서울교통공사(보문역 직원용),2017-05,2017-06,2,5.0,9110.0
032909986,서울교통공사(보문역 직원용),2017-07,2017-08,2,9.0,14670.0
032909986,서울교통공사(보문역 직원용),2017-09,2017-10,2,8.0,13280.0
032909986,서울교통공사(보문역 직원용),2017-11,2017-12,2,7.0,12160.0
032909986,서울교통공사(보문역 직원용),2018-01,2018-02,2,8.0,13670.0
032909986,서울교통공사(보문역 직원용),2018-03,2018-04,2,7.0,13020.0
032909986,서울교통공사(보문역 직원용),2018-05,2018-06,2,9.0,15590.0
032909986,서울교통공사(보문역 직원용),2018-07,2018-08,2,10.0,16460.0
032909986,서울교통공사(보문역 직원용),2018-09,2018-10,2,6.0,11590.0
032909986,서울교통공사(보문역 직원용),2018-11,2018-12,2,4.0,8440.0
032909986,서울교통공사(보문역 직원용),2019-01,2019-02,2,5.0,11950.0
032909986,서울교통공사(보문역 직원용),2019-03,2019-04,2,4.0,8040.0
032909986,서울교통공사(보문역 직원용),2019-05,2019-06,2,6.0,10980.0
032909986,서울교통공사(보문역 직원용),2019-07,2019-08,2,6.0,10980.0
032909986,서울교통공사(보문역 직원용),2019-09,2019-10,2,7.0,18330.0
032909986,서울교통공사(보문역 직원용),2019-11,2019-12,2,5.0,15090.0
032909986,서울교통공사(보문역 직원용),2020-01,2020-02,2,4.0,16270.0
032909986,서울교통공사(보문역 직원용),2020-03,2020-04,2,2.0,6570.0
032909986,서울교통공사(보문역 직원용),2020-05,2020-06,2,4.0,12450.0
032909986,서울교통공사(보문역 직원용),2020-07,2020-08,2,7.0,21270.0
032909986,서울교통공사(보문역 직원용),2020-09,2020-10,2,7.0,16560.0
032909986,서울교통공사(보문역 직원용),2020-11,2020-12,2,6.0,12450.0
032909986,서울교통공사(보문역 직원용),2021-01,2021-02,2,6.0,16270.0
032909986,서울교통공사(보문역 직원용),2021-03,2021-04,2,6.0,10980.0
032909986,서울교통공사(보문역 직원용),2021-05,2021-06,2,8.0,14210.0
032909986,서울교통공사(보문역 직원용),2021-07,2021-08,2,8.0,11300.0
032909986,서울교통공사(보문역 직원용),2021-09,2021-10,2,8.0,14420.0
032909986,서울교통공사(보문역 직원용),2021-11,2021-12,2,8.0,11840.0
032909986,서울교통공사(보문역 직원용),2022-01,2022-02,2,7.0,20810.0
032909986,서울교통공사(보문역 직원용),2022-03,2022-04,2,10.0,9670.0
032909986,서울교통공사(보문역 직원용),2022-05,2022-06,2,9.0,15240.0
032909986,서울교통공사(보문역 직원용),2022-07,2022-08,2,9.0,21450.0
032909986,서울교통공사(보문역 직원용),2022-09,2022-10,2,12.0,27640.0
032909986,서울교통공사(보문역 직원용),2022-11,2022-12,2,14.0,32000.0
032909986,서울교통공사(보문역 직원용),2023-01,2023-02,2,10.0,26600.0
032909986,서울교통공사(보문역 직원용),2023-03,2023-04,2,10.0,23500.0
032909986,서울교통공사(보문역 직원용),2023-05,2023-06,2,9.0,19620.0
032909986,서울교통공사(보문역 직원용),2023-07,2023-08,2,11.0,25820.0
032909986,서울교통공사(보문역 직원용),2023-09,2023-10,2,12.0,30080.0
032909986,서울교통공사(보문역 직원용),2023-11,2023-12,2,11.0,25040.0
032909986,서울교통공사(보문역 직원용),2024-01,2024-02,2,16.0,37080.0
032909986,서울교통공사(보문역 직원용),2024-03,2024-04,2,6.0,2960.0
032909986,서울교통공사(보문역 직원용),2024-05,2024-06,2,2.0,8740.0
032909986,서울교통공사(보문역 직원용),2024-07,2024-08,2,2.0,11080.0
032909986,서울교통공사(보문역 직원용),2024-09,2024-10,2,3.0,18440.0
032909986,서울교통공사(보문역 직원용),2024-11,2024-12,2,2.0,6800.0
032909986,서울교통공사(보문역 직원용),2025-01,2025-02,2,1.0,4860.0
032909986,서울교통공사(보문역 직원용),2025-03,2025-04,2,2.0,6040.0
032909986,서울교통공사(보문역 직원용),2025-05,2025-06,2,1.0,4100.0
032909986,서울교통공사(보문역 직원용),2025-07,2025-08,2,2.0,7000.0
032909986,서울교통공사(보문역 직원용),2025-09,2025-10,2,2.0,6220.0
032909986,서울교통공사(보문역 직원용),2025-11,2025-12,2,3.0,8160.0
032909986,서울교통공사(보문역 직원용),2026-01,2026-02,2,2.0,7560.0
032909986,서울교통공사(보문역 직원용),2026-03,2026-04,2,2.0,7600.0
035438586,서울대입구역,2008-11,2008-12,2,7052.0,5604960.0
035438586,서울대입구역,2009-01,2009-02,2,4313.0,2507360.0
035438586,서울대입구역,2009-03,2009-04,2,3306.0,2387040.0
035438586,서울대입구역,2009-05,2009-06,2,4392.0,4207200.0
035438586,서울대입구역,2009-07,2009-08,2,6311.0,6200160.0
035438586,서울대입구역,2009-09,2009-10,2,8685.0,8419680.0
035438586,서울대입구역,2009-11,2009-12,2,6131.0,4138080.0
035438586,서울대입구역,2010-01,2010-02,2,4019.0,2524440.0
035438586,서울대입구역,2010-03,2010-04,2,3321.0,2297440.0
035438586,서울대입구역,2010-05,2010-06,2,4059.0,3774560.0
035438586,서울대입구역,2010-07,2010-08,2,5807.0,5697120.0
035438586,서울대입구역,2010-09,2010-10,2,9381.0,9525600.0
035438586,서울대입구역,2010-11,2010-12,2,6738.0,4618080.0
035438586,서울대입구역,2011-01,2011-02,2,4817.0,3299290.0
035438586,서울대입구역,2011-03,2011-04,2,4020.0,3110650.0
035438586,서울대입구역,2011-05,2011-06,2,4172.0,3649280.0
035438586,서울대입구역,2011-07,2011-08,2,5313.0,5055380.0
035438586,서울대입구역,2011-09,2011-10,2,7031.0,7270660.0
035438586,서울대입구역,2011-11,2011-12,2,6239.0,5198030.0
035438586,서울대입구역,2012-01,2012-02,2,5003.0,3903010.0
035438586,서울대입구역,2012-03,2012-04,2,4326.0,4850960.0
035438586,서울대입구역,2012-05,2012-06,2,4518.0,5240120.0
035438586,서울대입구역,2012-07,2012-08,2,6662.0,8767920.0
035438586,서울대입구역,2012-09,2012-10,2,8711.0,11047640.0
035438586,서울대입구역,2012-11,2012-12,2,7587.0,7956120.0
035438586,서울대입구역,2013-01,2013-02,2,4992.0,4236780.0
035438586,서울대입구역,2013-03,2013-04,2,4110.0,5057520.0
035438586,서울대입구역,2013-05,2013-06,2,4428.0,5841640.0
035438586,서울대입구역,2013-07,2013-08,2,6963.0,10311000.0
035438586,서울대입구역,2013-09,2013-10,2,9017.0,12535560.0
035438586,서울대입구역,2013-11,2013-12,2,6952.0,7475560.0
035438586,서울대입구역,2014-01,2014-02,2,4920.0,5004440.0
035438586,서울대입구역,2014-03,2014-04,2,4503.0,6250840.0
035438586,서울대입구역,2014-05,2014-06,2,5112.0,7285000.0
035438586,서울대입구역,2014-07,2014-08,2,7721.0,12223000.0
035438586,서울대입구역,2014-09,2014-10,2,9540.0,14099400.0
035438586,서울대입구역,2014-11,2014-12,2,6044.0,5895400.0
035438586,서울대입구역,2015-01,2015-02,2,4245.0,4627400.0
035438586,서울대입구역,2015-03,2015-04,2,4763.0,6863400.0
035438586,서울대입구역,2015-05,2015-06,2,5286.0,7563400.0
035438586,서울대입구역,2015-07,2015-08,2,6489.0,9621400.0
035438586,서울대입구역,2015-09,2015-10,2,6489.0,8819400.0
035438586,서울대입구역,2015-11,2015-12,2,8343.0,12527400.0
035438586,서울대입구역,2016-01,2016-02,2,5016.0,4637400.0
035438586,서울대입구역,2016-03,2016-04,2,3677.0,4074800.0
035438586,서울대입구역,2016-05,2016-06,2,4370.0,6349500.0
035438586,서울대입구역,2016-07,2016-08,2,7284.0,11691500.0
035438586,서울대입구역,2016-09,2016-10,2,9026.0,13191200.0
035438586,서울대입구역,2016-11,2016-12,2,7217.0,8400700.0
035438586,서울대입구역,2017-01,2017-02,2,4439.0,4229220.0
035438586,서울대입구역,2017-03,2017-04,2,3405.0,4156250.0
035438586,서울대입구역,2017-05,2017-06,2,3840.0,5788500.0
035438586,서울대입구역,2017-07,2017-08,2,6498.0,11065800.0
035438586,서울대입구역,2017-09,2017-10,2,6432.0,9052410.0
035438586,서울대입구역,2017-11,2017-12,2,5276.0,6685200.0
035438586,서울대입구역,2018-01,2018-02,2,3921.0,4690850.0
035438586,서울대입구역,2018-03,2018-04,2,2900.0,3596300.0
035438586,서울대입구역,2018-05,2018-06,2,4092.0,7036690.0
035438586,서울대입구역,2018-07,2018-08,2,3621.0,5100410.0
035438586,서울대입구역,2018-09,2018-10,2,6557.0,11864660.0
035438586,서울대입구역,2018-11,2018-12,2,7509.0,11798510.0
035438586,서울대입구역,2019-01,2019-02,2,5994.0,7979710.0
035438586,서울대입구역,2019-03,2019-04,2,5865.0,9216340.0
035438586,서울대입구역,2019-05,2019-06,2,5811.0,9264880.0
035438586,서울대입구역,2019-07,2019-08,2,6713.0,11218480.0
035438586,서울대입구역,2019-09,2019-10,2,7961.0,13900190.0
035438586,서울대입구역,2019-11,2019-12,2,6533.0,9328870.0
035438586,서울대입구역,2020-01,2020-02,2,5561.0,8127590.0
035438586,서울대입구역,2020-03,2020-04,2,5462.0,8839040.0
035438586,서울대입구역,2020-05,2020-06,2,4371.0,6128300.0
035438586,서울대입구역,2020-07,2020-08,2,7715.0,15134740.0
035438586,서울대입구역,2020-09,2020-10,2,5745.0,7892690.0
035438586,서울대입구역,2020-11,2020-12,2,4650.0,6509750.0
035438586,서울대입구역,2021-01,2021-02,2,3623.0,5077950.0
035438586,서울대입구역,2021-03,2021-04,2,3201.0,4780960.0
035438586,서울대입구역,2021-05,2021-06,2,3752.0,6595650.0
035438586,서울대입구역,2021-07,2021-08,2,4583.0,8306660.0
035438586,서울대입구역,2021-09,2021-10,2,5883.0,11560350.0
035438586,서울대입구역,2021-11,2021-12,2,4820.0,7479460.0
035438586,서울대입구역,2022-01,2022-02,2,3404.0,4917470.0
035438586,서울대입구역,2022-03,2022-04,2,3185.0,6048430.0
035438586,서울대입구역,2022-05,2022-06,2,3083.0,5221050.0
035438586,서울대입구역,2022-07,2022-08,2,4373.0,8956650.0
035438586,서울대입구역,2022-09,2022-10,2,6116.0,12303700.0
035438586,서울대입구역,2022-11,2022-12,2,4506.0,6723150.0
035438586,서울대입구역,2023-01,2023-02,2,3476.0,5882490.0
035438586,서울대입구역,2023-03,2023-04,2,3123.0,6610180.0
035438586,서울대입구역,2023-05,2023-06,2,3755.0,9203980.0
035438586,서울대입구역,2023-07,2023-08,2,3426.0,7498180.0
035438586,서울대입구역,2023-09,2023-10,2,3894.0,9428240.0
035438586,서울대입구역,2023-11,2023-12,2,3741.0,8320010.0
035438586,서울대입구역,2024-01,2024-02,2,3341.0,7040580.0
035438586,서울대입구역,2024-03,2024-04,2,3137.0,6819410.0
035438586,서울대입구역,2024-05,2024-06,2,3447.0,8210670.0
035438586,서울대입구역,2024-07,2024-08,2,3681.0,8805640.0
035438586,서울대입구역,2024-09,2024-10,2,4044.0,9579790.0
035438586,서울대입구역,2024-11,2024-12,2,3804.0,8378720.0
035438586,서울대입구역,2025-01,2025-02,2,3510.0,7571740.0
035438586,서울대입구역,2025-03,2025-04,2,3233.0,7025410.0
035438586,서울대입구역,2025-05,2025-06,2,3353.0,7754650.0
035438586,서울대입구역,2025-07,2025-08,2,4554.0,11828920.0
035438586,서울대입구역,2025-09,2025-10,2,5355.0,13506790.0
035438586,서울대입구역,2025-11,2025-12,2,4229.0,8527880.0
035438586,서울대입구역,2026-01,2026-02,2,3881.0,8686830.0
035438586,서울대입구역,2026-03,2026-04,2,3413.0,7677850.0
035438586,서울대입구역,2026-05,2026-06,1,2602.0,5235620.0
031914399,석계역,2008-05,2008-06,2,1384.0,2504240.0
031914399,석계역,2008-07,2008-08,2,1228.0,2310960.0
031914399,석계역,2008-09,2008-10,2,1250.0,2309680.0
031914399,석계역,2008-11,2008-12,2,1250.0,2351920.0
031914399,석계역,2009-01,2009-02,2,1417.0,2430400.0
031914399,석계역,2009-03,2009-04,2,1159.0,2236720.0
031914399,석계역,2009-05,2009-06,2,1331.0,2477360.0
031914399,석계역,2009-07,2009-08,2,1387.0,2604080.0
031914399,석계역,2009-09,2009-10,2,1438.0,2688560.0
031914399,석계역,2009-11,2009-12,2,1389.0,2586160.0
031914399,석계역,2010-01,2010-02,2,1410.0,2383920.0
031914399,석계역,2010-03,2010-04,2,1245.0,2181680.0
031914399,석계역,2010-05,2010-06,2,1443.0,2733360.0
031914399,석계역,2010-07,2010-08,2,1443.0,2733360.0
031914399,석계역,2010-09,2010-10,2,1443.0,2733360.0
031914399,석계역,2010-11,2010-12,2,1443.0,2733360.0
031914399,석계역,2011-01,2011-02,2,1443.0,2432820.0
031914399,석계역,2011-03,2011-04,2,1443.0,2445530.0
031914399,석계역,2011-05,2011-06,2,0.0,995570.0
031914399,석계역,2011-07,2011-08,2,1240.0,2362970.0
031914399,석계역,2011-09,2011-10,2,1440.0,2592590.0
031914399,석계역,2011-11,2011-12,2,1537.0,2784800.0
031914399,석계역,2012-01,2012-02,2,1422.0,2531960.0
031914399,석계역,2012-03,2012-04,2,1611.0,3382960.0
031914399,석계역,2012-05,2012-06,2,1699.0,3779840.0
031914399,석계역,2012-07,2012-08,2,1666.0,3714240.0
031914399,석계역,2012-09,2012-10,2,2248.0,4635920.0
031914399,석계역,2012-11,2012-12,2,1957.0,4189840.0
031914399,석계역,2013-01,2013-02,2,1958.0,4011080.0
031914399,석계역,2013-03,2013-04,2,1569.0,3764200.0
031914399,석계역,2013-05,2013-06,2,1858.0,4317690.0
031914399,석계역,2013-07,2013-08,2,1362.0,3374120.0
031914399,석계역,2013-09,2013-10,2,1711.0,4042040.0
031914399,석계역,2013-11,2013-12,2,1453.0,3819400.0
031914399,석계역,2014-01,2014-02,2,1301.0,3320760.0
031914399,석계역,2014-03,2014-04,2,1758.0,4521800.0
031914399,석계역,2014-05,2014-06,2,1133.0,3393800.0
031914399,석계역,2014-07,2014-08,2,1788.0,4293800.0
031914399,석계역,2014-09,2014-10,2,1949.0,4477800.0
031914399,석계역,2014-11,2014-12,2,1794.0,4257800.0
031914399,석계역,2015-01,2015-02,2,1754.0,4095800.0
031914399,석계역,2015-03,2015-04,2,1531.0,3663800.0
031914399,석계역,2015-05,2015-06,2,1939.0,4895800.0
031914399,석계역,2015-07,2015-08,2,2154.0,5315800.0
031914399,석계역,2015-09,2015-10,2,2174.0,5279800.0
031914399,석계역,2015-11,2015-12,2,1865.0,4791800.0
031914399,석계역,2016-01,2016-02,2,1670.0,3961800.0
031914399,석계역,2016-03,2016-04,2,1728.0,4021800.0
031914399,석계역,2016-05,2016-06,2,1783.0,4275800.0
031914399,석계역,2016-07,2016-08,2,1826.0,4359800.0
031914399,석계역,2016-09,2016-10,2,2128.0,4827800.0
031914399,석계역,2016-11,2016-12,2,1868.0,4391800.0
031914399,석계역,2017-01,2017-02,2,1464.0,3473840.0
031914399,석계역,2017-03,2017-04,2,1408.0,3403720.0
031914399,석계역,2017-05,2017-06,2,1596.0,3960000.0
031914399,석계역,2017-07,2017-08,2,1696.0,4128000.0
031914399,석계역,2017-09,2017-10,2,2221.0,5251500.0
031914399,석계역,2017-11,2017-12,2,1874.0,4533300.0
031914399,석계역,2018-01,2018-02,2,1508.0,3670920.0
031914399,석계역,2018-03,2018-04,2,1337.0,3350860.0
031914399,석계역,2018-05,2018-06,2,1657.0,4301160.0
031914399,석계역,2018-07,2018-08,2,1766.0,4654760.0
031914399,석계역,2018-09,2018-10,2,2592.0,6489060.0
031914399,석계역,2018-11,2018-12,2,1665.0,4427130.0
031914399,석계역,2019-01,2019-02,2,1713.0,4473590.0
031914399,석계역,2019-03,2019-04,2,1247.0,3553480.0
031914399,석계역,2019-05,2019-06,2,1749.0,4939830.0
031914399,석계역,2019-07,2019-08,2,1564.0,4548390.0
031914399,석계역,2019-09,2019-10,2,2828.0,7404970.0
031914399,석계역,2019-11,2019-12,2,1667.0,4739450.0
031914399,석계역,2020-01,2020-02,2,2761.0,7155660.0
031914399,석계역,2020-03,2020-04,2,1359.0,3763180.0
031914399,석계역,2020-05,2020-06,2,1223.0,3439310.0
031914399,석계역,2020-07,2020-08,2,1415.0,4021810.0
031914399,석계역,2020-09,2020-10,2,1563.0,4275780.0
031914399,석계역,2020-11,2020-12,2,1289.0,3735220.0
031914399,석계역,2021-01,2021-02,2,1032.0,2905740.0
031914399,석계역,2021-03,2021-04,2,1071.0,3152720.0
031914399,석계역,2021-05,2021-06,2,1106.0,3509210.0
031914399,석계역,2021-07,2021-08,2,1415.0,4308700.0
031914399,석계역,2021-09,2021-10,2,1319.0,4266020.0
031914399,석계역,2021-11,2021-12,2,1285.0,4233000.0
031914399,석계역,2022-01,2022-02,2,1731.0,5255800.0
031914399,석계역,2022-03,2022-04,2,1196.0,4039500.0
031914399,석계역,2022-05,2022-06,2,1306.0,4590210.0
031914399,석계역,2022-07,2022-08,2,1350.0,4972300.0
031914399,석계역,2022-09,2022-10,2,1319.0,4847750.0
031914399,석계역,2022-11,2022-12,2,1124.0,4389300.0
031914399,석계역,2023-01,2023-02,2,1124.0,4472530.0
031914399,석계역,2023-03,2023-04,2,1660.0,7048840.0
031914399,석계역,2023-05,2023-06,2,1401.0,6463120.0
031914399,석계역,2023-07,2023-08,2,1103.0,5465200.0
031914399,석계역,2023-09,2023-10,2,1661.0,7381960.0
031914399,석계역,2023-11,2023-12,2,1169.0,5962480.0
031914399,석계역,2024-01,2024-02,2,1519.0,6788590.0
031914399,석계역,2024-03,2024-04,2,1307.0,5784400.0
031914399,석계역,2024-05,2024-06,2,466.0,3613840.0
031914399,석계역,2024-07,2024-08,2,647.0,4090960.0
031914399,석계역,2024-09,2024-10,2,1846.0,7708140.0
031914399,석계역,2024-11,2024-12,2,991.0,5243440.0
031914399,석계역,2025-01,2025-02,2,936.0,4682320.0
031914399,석계역,2025-03,2025-04,2,935.0,4406800.0
031914399,석계역,2025-05,2025-06,2,1068.0,5283760.0
031914399,석계역,2025-07,2025-08,2,1068.0,5433960.0
031914399,석계역,2025-09,2025-10,2,1229.0,5625480.0
031914399,석계역,2025-11,2025-12,2,1229.0,5773320.0
031914399,석계역,2026-01,2026-02,2,859.0,4270800.0
031914399,석계역,2026-03,2026-04,2,960.0,4625200.0
023726393,석촌역,2008-05,2008-06,2,878.0,1156440.0
023726393,석촌역,2008-07,2008-08,2,1014.0,1330520.0
023726393,석촌역,2008-09,2008-10,2,789.0,1042520.0
023726393,석촌역,2008-11,2008-12,2,875.0,1152600.0
023726393,석촌역,2009-01,2009-02,2,795.0,1050200.0
023726393,석촌역,2009-03,2009-04,2,873.0,1150040.0
023726393,석촌역,2009-05,2009-06,2,955.0,1255000.0
023726393,석촌역,2009-07,2009-08,2,652.0,867160.0
023726393,석촌역,2009-09,2009-10,2,194.0,333700.0
023726393,석촌역,2009-11,2009-12,2,900.0,831600.0
023726393,석촌역,2010-01,2010-02,2,871.0,1468480.0
023726393,석촌역,2010-03,2010-04,2,941.0,1205080.0
023726393,석촌역,2010-05,2010-06,2,1030.0,1319000.0
023726393,석촌역,2010-07,2010-08,2,966.0,1237080.0
023726393,석촌역,2010-09,2010-10,2,926.0,1185880.0
023726393,석촌역,2010-11,2010-12,2,1015.0,1299800.0
023726393,석촌역,2011-01,2011-02,2,803.0,1033210.0
023726393,석촌역,2011-03,2011-04,2,849.0,1095810.0
023726393,석촌역,2011-05,2011-06,2,863.0,1113870.0
023726393,석촌역,2011-07,2011-08,2,864.0,1115160.0
023726393,석촌역,2011-09,2011-10,2,894.0,1153860.0
023726393,석촌역,2011-11,2011-12,2,1031.0,1330590.0
023726393,석촌역,2012-01,2012-02,2,892.0,1151280.0
023726393,석촌역,2012-03,2012-04,2,907.0,1449080.0
023726393,석촌역,2012-05,2012-06,2,980.0,1568800.0
023726393,석촌역,2012-07,2012-08,2,969.0,1550760.0
023726393,석촌역,2012-09,2012-10,2,905.0,1445800.0
023726393,석촌역,2012-11,2012-12,2,1027.0,1645880.0
023726393,석촌역,2013-01,2013-02,2,897.0,1432680.0
023726393,석촌역,2013-03,2013-04,2,871.0,1538240.0
023726393,석촌역,2013-05,2013-06,2,991.0,1772420.0
023726393,석촌역,2013-07,2013-08,2,994.0,1764560.0
023726393,석촌역,2013-09,2013-10,2,1277.0,2285280.0
023726393,석촌역,2013-11,2013-12,2,1017.0,1806880.0
023726393,석촌역,2014-01,2014-02,2,945.0,1674400.0
023726393,석촌역,2014-03,2014-04,2,645.0,1213600.0
023726393,석촌역,2014-05,2014-06,2,873.0,1669600.0
023726393,석촌역,2014-07,2014-08,2,924.0,1771600.0
023726393,석촌역,2014-09,2014-10,2,847.0,1617600.0
023726393,석촌역,2014-11,2014-12,2,840.0,1603600.0
023726393,석촌역,2015-01,2015-02,2,1029.0,1981600.0
023726393,석촌역,2015-03,2015-04,2,755.0,1433600.0
023726393,석촌역,2015-05,2015-06,2,768.0,1459600.0
023726393,석촌역,2015-07,2015-08,2,967.0,1857600.0
023726393,석촌역,2015-09,2015-10,2,968.0,1859600.0
023726393,석촌역,2015-11,2015-12,2,990.0,1903600.0
023726393,석촌역,2016-01,2016-02,2,923.0,1769600.0
023726393,석촌역,2016-03,2016-04,2,926.0,1775600.0
023726393,석촌역,2016-05,2016-06,2,942.0,1807600.0
023726393,석촌역,2016-07,2016-08,2,963.0,1849600.0
023726393,석촌역,2016-09,2016-10,2,952.0,1827600.0
023726393,석촌역,2016-11,2016-12,2,915.0,1753600.0
023726393,석촌역,2017-01,2017-02,2,915.0,1799060.0
023726393,석촌역,2017-03,2017-04,2,915.0,1845960.0
023726393,석촌역,2017-05,2017-06,2,851.0,1701700.0
023726393,석촌역,2017-07,2017-08,2,923.0,1852900.0
023726393,석촌역,2017-09,2017-10,2,827.0,1651300.0
023726393,석촌역,2017-11,2017-12,2,939.0,1888140.0
023726393,석촌역,2018-01,2018-02,2,888.0,1816500.0
023726393,석촌역,2018-03,2018-04,2,751.0,1559310.0
023726393,석촌역,2018-05,2018-06,2,915.0,1921750.0
023726393,석촌역,2018-07,2018-08,2,1188.0,2525080.0
023726393,석촌역,2018-09,2018-10,2,1208.0,2569280.0
023726393,석촌역,2018-11,2018-12,2,938.0,1972580.0
023726393,석촌역,2019-01,2019-02,2,976.0,2104980.0
023726393,석촌역,2019-03,2019-04,2,1003.0,2225590.0
023726393,석촌역,2019-05,2019-06,2,1048.0,2330440.0
023726393,석촌역,2019-07,2019-08,2,1142.0,2549460.0
023726393,석촌역,2019-09,2019-10,2,1307.0,2933910.0
023726393,석촌역,2019-11,2019-12,2,1257.0,2817410.0
023726393,석촌역,2020-01,2020-02,2,1413.0,3180890.0
023726393,석촌역,2020-03,2020-04,2,1090.0,2428300.0
023726393,석촌역,2020-05,2020-06,2,1170.0,2614700.0
023726393,석촌역,2020-07,2020-08,2,1440.0,3243800.0
023726393,석촌역,2020-09,2020-10,2,1396.0,3141280.0
023726393,석촌역,2020-11,2020-12,2,1319.0,2961870.0
023726393,석촌역,2021-01,2021-02,2,1258.0,2819740.0
023726393,석촌역,2021-03,2021-04,2,1225.0,2742850.0
023726393,석촌역,2021-05,2021-06,2,1380.0,3104000.0
023726393,석촌역,2021-07,2021-08,2,1447.0,3415260.0
023726393,석촌역,2021-09,2021-10,2,1369.0,3369860.0
023726393,석촌역,2021-11,2021-12,2,1469.0,3623860.0
023726393,석촌역,2022-01,2022-02,2,1499.0,3817250.0
023726393,석촌역,2022-03,2022-04,2,1287.0,3375150.0
023726393,석촌역,2022-05,2022-06,2,1619.0,4254950.0
023726393,석촌역,2022-07,2022-08,2,1709.0,4493450.0
023726393,석촌역,2022-09,2022-10,2,1556.0,4088000.0
023726393,석촌역,2022-11,2022-12,2,1412.0,3706400.0
023726393,석촌역,2023-01,2023-02,2,1292.0,3821360.0
023726393,석촌역,2023-03,2023-04,2,1242.0,4097720.0
023726393,석촌역,2023-05,2023-06,2,1412.0,4668920.0
023726393,석촌역,2023-07,2023-08,2,1412.0,4668920.0
023726393,석촌역,2023-09,2023-10,2,2961.0,5559800.0
023726393,석촌역,2023-11,2023-12,2,1576.0,4560590.0
023726393,석촌역,2024-01,2024-02,2,1078.0,3545680.0
023726393,석촌역,2024-03,2024-04,2,1078.0,3545680.0
023726393,석촌역,2024-05,2024-06,2,1220.0,4022800.0
023726393,석촌역,2024-07,2024-08,2,1449.0,4792240.0
023726393,석촌역,2024-09,2024-10,2,1802.0,5978320.0
023726393,석촌역,2024-11,2024-12,2,1339.0,4422640.0
023726393,석촌역,2025-01,2025-02,2,1075.0,3535600.0
023726393,석촌역,2025-03,2025-04,2,1081.0,3555760.0
023726393,석촌역,2025-05,2025-06,2,1271.0,4194160.0
023726393,석촌역,2025-07,2025-08,2,1291.0,4261360.0
023726393,석촌역,2025-09,2025-10,2,1510.0,4997200.0
023726393,석촌역,2025-11,2025-12,2,1203.0,3965680.0
023726393,석촌역,2026-01,2026-02,2,1152.0,3898010.0
023726393,석촌역,2026-03,2026-04,2,1119.0,3896660.0
001506473,성신여대역,2008-05,2008-06,1,360.0,1255660.0
001506473,성신여대역,2008-07,2008-08,2,1129.0,2877760.0
001506473,성신여대역,2008-09,2008-10,2,1073.0,2827640.0
001506473,성신여대역,2008-11,2008-12,2,735.0,2450520.0
001506473,성신여대역,2009-01,2009-02,2,693.0,2263000.0
001506473,성신여대역,2009-03,2009-04,2,623.0,3041250.0
001506473,성신여대역,2009-05,2009-06,2,765.0,2222760.0
001506473,성신여대역,2009-07,2009-08,2,1194.0,2051600.0
001506473,성신여대역,2009-09,2009-10,2,1171.0,1752690.0
001506473,성신여대역,2009-11,2009-12,2,1104.0,1760840.0
001506473,성신여대역,2010-01,2010-02,2,886.0,1517440.0
001506473,성신여대역,2010-03,2010-04,2,514.0,1026600.0
001506473,성신여대역,2010-05,2010-06,2,1630.0,2079920.0
001506473,성신여대역,2010-07,2010-08,2,2243.0,2817040.0
001506473,성신여대역,2010-09,2010-10,2,2497.0,3328280.0
001506473,성신여대역,2010-11,2010-12,2,4160.0,5270800.0
001506473,성신여대역,2011-01,2011-02,2,1366.0,1700590.0
001506473,성신여대역,2011-03,2011-04,2,1280.0,1597200.0
001506473,성신여대역,2011-05,2011-06,2,1867.0,2354430.0
001506473,성신여대역,2011-07,2011-08,2,1364.0,1705560.0
001506473,성신여대역,2011-09,2011-10,2,1658.0,2084820.0
001506473,성신여대역,2011-11,2011-12,2,2124.0,2685960.0
001506473,성신여대역,2012-01,2012-02,2,1470.0,1842300.0
001506473,성신여대역,2012-03,2012-04,2,1136.0,1770040.0
001506473,성신여대역,2012-05,2012-06,2,1335.0,2096400.0
001506473,성신여대역,2012-07,2012-08,2,1279.0,2004560.0
001506473,성신여대역,2012-09,2012-10,2,2013.0,3208320.0
001506473,성신여대역,2012-11,2012-12,2,1794.0,2849160.0
001506473,성신여대역,2013-01,2013-02,2,897.0,1449580.0
001506473,성신여대역,2013-03,2013-04,2,584.0,50770.0
001506473,성신여대역,2013-05,2013-06,2,553.0,881930.0
001506473,성신여대역,2013-07,2013-08,2,1713.0,3032920.0
001506473,성신여대역,2013-09,2013-10,2,1639.0,2896760.0
001506473,성신여대역,2013-11,2013-12,2,825.0,1399000.0
001506473,성신여대역,2014-01,2014-02,2,663.0,1100920.0
001506473,성신여대역,2014-03,2014-04,2,644.0,1157880.0
001506473,성신여대역,2014-05,2014-06,2,1194.0,2257000.0
001506473,성신여대역,2014-07,2014-08,2,2004.0,3877000.0
001506473,성신여대역,2014-09,2014-10,2,1885.0,3639000.0
001506473,성신여대역,2014-11,2014-12,2,2059.0,3987000.0
001506473,성신여대역,2015-01,2015-02,2,925.0,1719000.0
001506473,성신여대역,2015-03,2015-04,2,850.0,1569000.0
001506473,성신여대역,2015-05,2015-06,2,1180.0,2655600.0
001506473,성신여대역,2015-07,2015-08,1,977.0,2092800.0
001506473,성신여대역,2015-09,2015-10,1,2763.0,4894810.0
001506473,성신여대역,2015-11,2015-12,1,2054.0,4142600.0
001506473,성신여대역,2016-01,2016-02,1,1186.0,2500800.0
001506473,성신여대역,2016-03,2016-04,1,977.0,2161700.0
001506473,성신여대역,2016-05,2016-06,1,1078.0,2394000.0
001506473,성신여대역,2016-07,2016-08,1,1223.0,2696600.0
001506473,성신여대역,2016-09,2016-10,1,2090.0,4406300.0
001506473,성신여대역,2016-11,2016-12,1,1043.0,2676200.0
001506473,성신여대역,2017-01,2017-02,1,692.0,1898340.0
001506473,성신여대역,2017-03,2017-04,1,1290.0,2996020.0
001506473,성신여대역,2017-05,2017-06,1,2025.0,4900500.0
001506473,성신여대역,2017-07,2017-08,1,2415.0,4931500.0
001506473,성신여대역,2017-09,2017-10,1,3104.0,6378400.0
001506473,성신여대역,2017-11,2017-12,1,2636.0,5831200.0
001506473,성신여대역,2018-01,2018-02,1,1775.0,4014850.0
001506473,성신여대역,2018-03,2018-04,1,823.0,2342270.0
001506473,성신여대역,2018-05,2018-06,1,1488.0,3331840.0
001506473,성신여대역,2018-07,2018-08,1,1894.0,4242780.0
001506473,성신여대역,2018-09,2018-10,1,2444.0,5380160.0
001506473,성신여대역,2018-11,2018-12,1,1877.0,4127090.0
001506473,성신여대역,2019-01,2019-02,1,1326.0,2909380.0
001506473,성신여대역,2019-03,2019-04,1,1234.0,2850430.0
001506473,성신여대역,2019-05,2019-06,1,1392.0,3226160.0
001506473,성신여대역,2019-07,2019-08,1,1947.0,4519310.0
001506473,성신여대역,2019-09,2019-10,1,2614.0,6073420.0
001506473,성신여대역,2019-11,2019-12,1,2428.0,5640040.0
001506473,성신여대역,2020-01,2020-02,1,1525.0,3536050.0
001506473,성신여대역,2020-03,2020-04,1,1258.0,2913940.0
001506473,성신여대역,2020-05,2020-06,1,1926.0,4470380.0
001506473,성신여대역,2020-07,2020-08,1,2309.0,5362770.0
001506473,성신여대역,2020-09,2020-10,1,2617.0,6080410.0
001506473,성신여대역,2020-11,2020-12,1,1606.0,3724780.0
001506473,성신여대역,2021-01,2021-02,1,1056.0,2443280.0
001506473,성신여대역,2021-03,2021-04,1,1160.0,2685600.0
001506473,성신여대역,2021-05,2021-06,1,1255.0,2906950.0
001506473,성신여대역,2021-07,2021-08,1,1633.0,3787690.0
001506473,성신여대역,2021-09,2021-10,1,3066.0,7762470.0
001506473,성신여대역,2021-11,2021-12,1,2142.0,5427480.0
001506473,성신여대역,2022-01,2022-02,1,820.0,2069600.0
001506473,성신여대역,2022-03,2022-04,1,1841.0,4928380.0
001506473,성신여대역,2022-05,2022-06,1,2597.0,6933190.0
001506473,성신여대역,2022-07,2022-08,1,1880.0,5040800.0
001506473,성신여대역,2022-09,2022-10,1,2510.0,6710300.0
001506473,성신여대역,2022-11,2022-12,1,1781.0,4778450.0
001506473,성신여대역,2023-01,2023-02,1,2658.0,7102500.0
001506473,성신여대역,2023-03,2023-04,1,2074.0,6941820.0
001506473,성신여대역,2023-05,2023-06,1,1600.0,5394800.0
001506473,성신여대역,2023-07,2023-08,1,1779.0,5996240.0
001506473,성신여대역,2023-09,2023-10,1,2300.0,7779800.0
001506473,성신여대역,2023-11,2023-12,1,2351.0,7956770.0
001506473,성신여대역,2024-01,2024-02,1,2369.0,8019230.0
001506473,성신여대역,2024-03,2024-04,1,2498.0,8466860.0
001506473,성신여대역,2024-05,2024-06,1,2938.0,9993660.0
001506473,성신여대역,2024-07,2024-08,1,3225.0,10989550.0
001506473,성신여대역,2024-09,2024-10,1,3954.0,13539980.0
001506473,성신여대역,2024-11,2024-12,1,4297.0,14560590.0
001506473,성신여대역,2025-01,2025-02,1,4432.0,15029040.0
001506473,성신여대역,2025-03,2025-04,1,4012.0,2524630.0
001506473,성신여대역,2025-05,2025-06,1,4110.0,12344450.0
001506473,성신여대역,2025-07,2025-08,1,4697.0,11205770.0
001506473,성신여대역,2025-09,2025-10,1,5005.0,17017350.0
001506473,성신여대역,2025-11,2025-12,1,3635.0,8244790.0
001506473,성신여대역,2026-01,2026-02,1,1952.0,6422040.0
001506473,성신여대역,2026-03,2026-04,1,1633.0,5662620.0
001506473,성신여대역,2026-05,2026-06,1,1970.0,6855600.0
000252579,시청1역,2008-05,2008-06,1,2043.0,1825490.0
000252579,시청1역,2008-07,2008-08,2,4858.0,5304740.0
000252579,시청1역,2008-09,2008-10,2,6183.0,5853860.0
000252579,시청1역,2008-11,2008-12,2,4329.0,3205540.0
000252579,시청1역,2009-01,2009-02,2,2627.0,2351780.0
000252579,시청1역,2009-03,2009-04,2,2186.0,2206230.0
000252579,시청1역,2009-05,2009-06,2,2583.0,2352560.0
000252579,시청1역,2009-07,2009-08,2,4539.0,4568240.0
000252579,시청1역,2009-09,2009-10,2,6045.0,5825700.0
000252579,시청1역,2009-11,2009-12,2,4763.0,5169590.0
000252579,시청1역,2010-01,2010-02,2,2703.0,2401700.0
000252579,시청1역,2010-03,2010-04,2,2054.0,2239140.0
000252579,시청1역,2010-05,2010-06,2,2688.0,2912420.0
000252579,시청1역,2010-07,2010-08,2,5050.0,5599140.0
000252579,시청1역,2010-09,2010-10,2,5731.0,5128100.0
000252579,시청1역,2010-11,2010-12,2,4269.0,3492260.0
000252579,시청1역,2011-01,2011-02,2,2715.0,2168670.0
000252579,시청1역,2011-03,2011-04,2,2201.0,2102440.0
000252579,시청1역,2011-05,2011-06,2,2685.0,2752310.0
000252579,시청1역,2011-07,2011-08,2,3940.0,4092770.0
000252579,시청1역,2011-09,2011-10,2,5182.0,4989020.0
000252579,시청1역,2011-11,2011-12,2,4174.0,3209090.0
000252579,시청1역,2012-01,2012-02,2,2593.0,2041410.0
000252579,시청1역,2012-03,2012-04,2,1965.0,2245160.0
000252579,시청1역,2012-05,2012-06,2,2415.0,3155720.0
000252579,시청1역,2012-07,2012-08,2,3474.0,4487960.0
000252579,시청1역,2012-09,2012-10,2,3600.0,4046440.0
000252579,시청1역,2012-11,2012-12,2,1705.0,2199260.0
000252579,시청1역,2013-01,2013-02,2,647.0,98120.0
000252579,시청1역,2013-03,2013-04,2,684.0,482360.0
000252579,시청1역,2013-05,2013-06,2,3018.0,5111160.0
000252579,시청1역,2013-07,2013-08,2,6771.0,9926440.0
000252579,시청1역,2013-09,2013-10,2,8711.0,12235920.0
000252579,시청1역,2013-11,2013-12,2,6728.0,6889840.0
000252579,시청1역,2014-01,2014-02,2,4480.0,5098300.0
000252579,시청1역,2014-03,2014-04,2,4316.0,6424600.0
000252579,시청1역,2014-05,2014-06,2,4903.0,7212600.0
000252579,시청1역,2014-07,2014-08,2,7632.0,12276600.0
000252579,시청1역,2014-09,2014-10,2,9184.0,12848600.0
000252579,시청1역,2014-11,2014-12,2,7206.0,8606600.0
000252579,시청1역,2015-01,2015-02,2,4503.0,5048800.0
000252579,시청1역,2015-03,2015-04,2,3494.0,4403000.0
000252579,시청1역,2015-05,2015-06,2,5314.0,8466300.0
000252579,시청1역,2015-07,2015-08,2,8089.0,13074800.0
000252579,시청1역,2015-09,2015-10,2,11110.0,17268000.0
000252579,시청1역,2015-11,2015-12,2,8531.0,9005200.0
000252579,시청1역,2016-01,2016-02,2,4936.0,5647200.0
000252579,시청1역,2016-03,2016-04,2,3574.0,4781300.0
000252579,시청1역,2016-05,2016-06,2,5163.0,8153200.0
000252579,시청1역,2016-07,2016-08,2,8040.0,12277300.0
000252579,시청1역,2016-09,2016-10,2,5205.0,9583100.0
000252579,시청1역,2016-11,2016-12,2,5973.0,7228400.0
000252579,시청1역,2017-01,2017-02,2,4434.0,5302310.0
000252579,시청1역,2017-03,2017-04,2,4288.0,6158100.0
000252579,시청1역,2017-05,2017-06,2,4679.0,6589480.0
000252579,시청1역,2017-07,2017-08,2,5722.0,8715790.0
000252579,시청1역,2017-09,2017-10,2,7645.0,11913730.0
000252579,시청1역,2017-11,2017-12,2,10162.0,9921260.0
000252579,시청1역,2018-01,2018-02,2,4671.0,5873650.0
000252579,시청1역,2018-03,2018-04,2,3933.0,5374420.0
000252579,시청1역,2018-05,2018-06,2,4295.0,6702200.0
000252579,시청1역,2018-07,2018-08,2,6403.0,10867450.0
000252579,시청1역,2018-09,2018-10,2,8462.0,13574410.0
000252579,시청1역,2018-11,2018-12,2,6610.0,7998230.0
000252579,시청1역,2019-01,2019-02,2,4363.0,5797200.0
000252579,시청1역,2019-03,2019-04,2,3827.0,5915850.0
000252579,시청1역,2019-05,2019-06,2,5128.0,8968150.0
000252579,시청1역,2019-07,2019-08,2,6573.0,10986050.0
000252579,시청1역,2019-09,2019-10,2,6922.0,10925670.0
000252579,시청1역,2019-11,2019-12,2,6491.0,9869030.0
000252579,시청1역,2020-01,2020-02,2,5082.0,6910980.0
000252579,시청1역,2020-03,2020-04,2,3086.0,3628090.0
000252579,시청1역,2020-05,2020-06,2,2884.0,4759910.0
000252579,시청1역,2020-07,2020-08,2,4269.0,7432650.0
000252579,시청1역,2020-09,2020-10,2,6095.0,10389060.0
000252579,시청1역,2020-11,2020-12,2,5138.0,6735210.0
000252579,시청1역,2021-01,2021-02,2,2945.0,3450770.0
000252579,시청1역,2021-03,2021-04,2,2732.0,4506830.0
000252579,시청1역,2021-05,2021-06,2,3679.0,6169110.0
000252579,시청1역,2021-07,2021-08,2,4652.0,7984510.0
000252579,시청1역,2021-09,2021-10,2,5462.0,9755920.0
000252579,시청1역,2021-11,2021-12,2,4565.0,6800540.0
000252579,시청1역,2022-01,2022-02,2,3460.0,5525010.0
000252579,시청1역,2022-03,2022-04,2,3010.0,5221840.0
000252579,시청1역,2022-05,2022-06,2,4004.0,8005910.0
000252579,시청1역,2022-07,2022-08,2,6911.0,14608750.0
000252579,시청1역,2022-09,2022-10,2,9025.0,17284550.0
000252579,시청1역,2022-11,2022-12,2,6500.0,9270800.0
000252579,시청1역,2023-01,2023-02,2,3838.0,6770800.0
000252579,시청1역,2023-03,2023-04,2,3505.0,8257800.0
000252579,시청1역,2023-05,2023-06,2,2854.0,9870580.0
000252579,시청1역,2023-07,2023-08,2,3548.0,12260760.0
000252579,시청1역,2023-09,2023-10,2,3803.0,13384410.0
000252579,시청1역,2023-11,2023-12,2,2882.0,9830140.0
000252579,시청1역,2024-01,2024-02,2,2151.0,7264110.0
000252579,시청1역,2024-03,2024-04,2,2099.0,6976090.0
000252579,시청1역,2024-05,2024-06,2,3126.0,10598820.0
000252579,시청1역,2024-07,2024-08,2,3290.0,11324700.0
000252579,시청1역,2024-09,2024-10,2,3367.0,11581490.0
000252579,시청1역,2024-11,2024-12,2,3478.0,11781860.0
000252579,시청1역,2025-01,2025-02,2,2388.0,7963020.0
000252579,시청1역,2025-03,2025-04,2,2348.0,7797560.0
000252579,시청1역,2025-05,2025-06,2,2924.0,9880280.0
000252579,시청1역,2025-07,2025-08,2,3954.0,13689580.0
000252579,시청1역,2025-09,2025-10,2,4431.0,15467970.0
000252579,시청1역,2025-11,2025-12,2,3929.0,13548830.0
000252579,시청1역,2026-01,2026-02,2,3594.0,12599320.0
000252579,시청1역,2026-03,2026-04,2,2424.0,8683240.0
000252579,시청1역,2026-05,2026-06,1,1537.0,5499380.0
000390183,시청2역,2008-05,2008-06,1,3553.0,5889120.0
000390183,시청2역,2008-07,2008-08,2,7157.0,10008880.0
000390183,시청2역,2008-09,2008-10,2,8848.0,11954240.0
000390183,시청2역,2008-11,2008-12,2,4528.0,6993460.0
000390183,시청2역,2009-01,2009-02,2,1566.0,4338720.0
000390183,시청2역,2009-03,2009-04,2,1518.0,4513420.0
000390183,시청2역,2009-05,2009-06,2,3739.0,5873160.0
000390183,시청2역,2009-07,2009-08,2,6520.0,7792120.0
000390183,시청2역,2009-09,2009-10,2,7113.0,7937760.0
000390183,시청2역,2009-11,2009-12,2,4363.0,5663720.0
000390183,시청2역,2010-01,2010-02,2,2632.0,5529760.0
000390183,시청2역,2010-03,2010-04,2,2189.0,5210000.0
000390183,시청2역,2010-05,2010-06,2,2512.0,6073320.0
000390183,시청2역,2010-07,2010-08,2,6014.0,10403840.0
000390183,시청2역,2010-09,2010-10,2,9947.0,13005520.0
000390183,시청2역,2010-11,2010-12,2,6431.0,8010340.0
000390183,시청2역,2011-01,2011-02,2,2723.0,4617030.0
000390183,시청2역,2011-03,2011-04,2,2522.0,3633980.0
000390183,시청2역,2011-05,2011-06,2,3246.0,4001890.0
000390183,시청2역,2011-07,2011-08,2,6163.0,10132310.0
000390183,시청2역,2011-09,2011-10,2,8217.0,9148960.0
000390183,시청2역,2011-11,2011-12,2,5845.0,4996150.0
000390183,시청2역,2012-01,2012-02,2,2729.0,2989850.0
000390183,시청2역,2012-03,2012-04,2,1783.0,2825870.0
000390183,시청2역,2012-05,2012-06,2,2873.0,5139380.0
000390183,시청2역,2012-07,2012-08,2,6365.0,9835460.0
000390183,시청2역,2012-09,2012-10,2,8970.0,12524340.0
000390183,시청2역,2012-11,2012-12,2,7078.0,8819740.0
000390183,시청2역,2013-01,2013-02,2,4060.0,6402540.0
000390183,시청2역,2013-03,2013-04,2,3294.0,7196680.0
000390183,시청2역,2013-05,2013-06,2,4456.0,8874080.0
000390183,시청2역,2013-07,2013-08,2,8956.0,17059360.0
000390183,시청2역,2013-09,2013-10,2,11622.0,18287900.0
000390183,시청2역,2013-11,2013-12,2,8235.0,11050780.0
000390183,시청2역,2014-01,2014-02,2,3475.0,6862960.0
000390183,시청2역,2014-03,2014-04,2,2279.0,4489160.0
000390183,시청2역,2014-05,2014-06,2,3438.0,7453300.0
000390183,시청2역,2014-07,2014-08,2,9227.0,18564800.0
000390183,시청2역,2014-09,2014-10,2,12505.0,22901400.0
000390183,시청2역,2014-11,2014-12,2,8494.0,11681400.0
000390183,시청2역,2015-01,2015-02,2,4995.0,8479500.0
000390183,시청2역,2015-03,2015-04,2,3935.0,6964000.0
000390183,시청2역,2015-05,2015-06,2,5299.0,10045500.0
000390183,시청2역,2015-07,2015-08,2,8375.0,16192200.0
000390183,시청2역,2015-09,2015-10,2,10490.0,17974300.0
000390183,시청2역,2015-11,2015-12,2,8258.0,12106100.0
000390183,시청2역,2016-01,2016-02,2,5558.0,9427800.0
000390183,시청2역,2016-03,2016-04,2,4718.0,9615400.0
000390183,시청2역,2016-05,2016-06,2,5355.0,10101300.0
000390183,시청2역,2016-07,2016-08,2,7571.0,14298100.0
000390183,시청2역,2016-09,2016-10,2,9819.0,16550800.0
000390183,시청2역,2016-11,2016-12,2,8027.0,11630000.0
000390183,시청2역,2017-01,2017-02,2,5761.0,10504220.0
000390183,시청2역,2017-03,2017-04,2,5291.0,11287620.0
000390183,시청2역,2017-05,2017-06,2,4998.0,9591870.0
000390183,시청2역,2017-07,2017-08,2,6047.0,12046830.0
000390183,시청2역,2017-09,2017-10,2,6752.0,13853820.0
000390183,시청2역,2017-11,2017-12,2,5326.0,10214880.0
000390183,시청2역,2018-01,2018-02,2,4151.0,9401160.0
000390183,시청2역,2018-03,2018-04,2,4388.0,9188290.0
000390183,시청2역,2018-05,2018-06,2,4585.0,11101580.0
000390183,시청2역,2018-07,2018-08,2,6263.0,15307560.0
000390183,시청2역,2018-09,2018-10,2,9288.0,20408940.0
000390183,시청2역,2018-11,2018-12,2,7940.0,14778010.0
000390183,시청2역,2019-01,2019-02,2,4844.0,11568670.0
000390183,시청2역,2019-03,2019-04,2,4049.0,10385310.0
000390183,시청2역,2019-05,2019-06,2,4932.0,12748540.0
000390183,시청2역,2019-07,2019-08,2,7483.0,19234320.0
000390183,시청2역,2019-09,2019-10,2,9071.0,20637870.0
000390183,시청2역,2019-11,2019-12,2,8358.0,18018640.0
000390183,시청2역,2020-01,2020-02,2,5409.0,11597850.0
000390183,시청2역,2020-03,2020-04,2,3745.0,10847760.0
000390183,시청2역,2020-05,2020-06,2,4551.0,13992950.0
000390183,시청2역,2020-07,2020-08,2,5693.0,15102050.0
000390183,시청2역,2020-09,2020-10,2,5787.0,16808320.0
000390183,시청2역,2020-11,2020-12,2,4629.0,12383610.0
000390183,시청2역,2021-01,2021-02,2,2748.0,8798470.0
000390183,시청2역,2021-03,2021-04,2,2294.0,8675120.0
000390183,시청2역,2021-05,2021-06,2,2894.0,8907960.0
000390183,시청2역,2021-07,2021-08,2,3797.0,10806710.0
000390183,시청2역,2021-09,2021-10,2,4800.0,13138160.0
000390183,시청2역,2021-11,2021-12,2,3929.0,10040380.0
000390183,시청2역,2022-01,2022-02,2,2649.0,8386380.0
000390183,시청2역,2022-03,2022-04,2,2255.0,8471400.0
000390183,시청2역,2022-05,2022-06,2,2777.0,8932500.0
000390183,시청2역,2022-07,2022-08,2,4091.0,12163300.0
000390183,시청2역,2022-09,2022-10,2,4320.0,12226150.0
000390183,시청2역,2022-11,2022-12,2,3284.0,9826200.0
000390183,시청2역,2023-01,2023-02,2,2349.0,6889780.0
000390183,시청2역,2023-03,2023-04,2,2081.0,7329040.0
000390183,시청2역,2023-05,2023-06,2,2663.0,9324880.0
000390183,시청2역,2023-07,2023-08,2,3112.0,9849350.0
000390183,시청2역,2023-09,2023-10,2,3290.0,10203290.0
000390183,시청2역,2023-11,2023-12,2,2786.0,8313520.0
000390183,시청2역,2024-01,2024-02,2,1968.0,6507500.0
000390183,시청2역,2024-03,2024-04,2,1472.0,5739760.0
000390183,시청2역,2024-05,2024-06,2,1694.0,6865360.0
000390183,시청2역,2024-07,2024-08,2,2364.0,8552080.0
000390183,시청2역,2024-09,2024-10,2,2844.0,13437920.0
000390183,시청2역,2024-11,2024-12,2,2315.0,10649440.0
000390183,시청2역,2025-01,2025-02,2,1797.0,9345470.0
000390183,시청2역,2025-03,2025-04,2,1472.0,7341360.0
000390183,시청2역,2025-05,2025-06,2,1503.0,7591200.0
000390183,시청2역,2025-07,2025-08,2,4319.0,15640780.0
000390183,시청2역,2025-09,2025-10,2,6858.0,22347870.0
000390183,시청2역,2025-11,2025-12,2,5488.0,13067090.0
000390183,시청2역,2026-01,2026-02,2,3880.0,11551280.0
000390183,시청2역,2026-03,2026-04,2,3276.0,11694600.0
000390183,시청2역,2026-05,2026-06,1,1044.0,7541420.0
000262188,신당지하철역(2호선),2008-05,2008-06,2,934.0,1887300.0
000262188,신당지하철역(2호선),2008-07,2008-08,2,1933.0,2935020.0
000262188,신당지하철역(2호선),2008-09,2008-10,2,2375.0,3102140.0
000262188,신당지하철역(2호선),2008-11,2008-12,2,764.0,1040060.0
000262188,신당지하철역(2호선),2009-01,2009-02,2,662.0,909500.0
000262188,신당지하철역(2호선),2009-03,2009-04,2,1250.0,1663020.0
000262188,신당지하철역(2호선),2009-05,2009-06,2,1632.0,1990960.0
000262188,신당지하철역(2호선),2009-07,2009-08,2,2384.0,2953520.0
000262188,신당지하철역(2호선),2009-09,2009-10,2,2889.0,3599920.0
000262188,신당지하철역(2호선),2009-11,2009-12,2,1796.0,2358830.0
000262188,신당지하철역(2호선),2010-01,2010-02,2,662.0,661220.0
000262188,신당지하철역(2호선),2010-03,2010-04,2,2178.0,2849980.0
000262188,신당지하철역(2호선),2010-05,2010-06,2,1855.0,1663340.0
000262188,신당지하철역(2호선),2010-07,2010-08,2,1948.0,2555580.0
000262188,신당지하철역(2호선),2010-09,2010-10,2,2932.0,3815100.0
000262188,신당지하철역(2호선),2010-11,2010-12,2,1305.0,1744100.0
000262188,신당지하철역(2호선),2011-01,2011-02,2,704.0,1183720.0
000262188,신당지하철역(2호선),2011-03,2011-04,2,305.0,711880.0
000262188,신당지하철역(2호선),2011-05,2011-06,2,382.0,787600.0
000262188,신당지하철역(2호선),2011-07,2011-08,2,1744.0,2516240.0
000262188,신당지하철역(2호선),2011-09,2011-10,2,3189.0,4414970.0
000262188,신당지하철역(2호선),2011-11,2011-12,2,1662.0,2357080.0
000262188,신당지하철역(2호선),2012-01,2012-02,2,1391.0,1994570.0
000262188,신당지하철역(2호선),2012-03,2012-04,2,1283.0,2353000.0
000262188,신당지하철역(2호선),2012-05,2012-06,2,1663.0,2976200.0
000262188,신당지하철역(2호선),2012-07,2012-08,2,2198.0,3884180.0
000262188,신당지하철역(2호선),2012-09,2012-10,2,3100.0,5456300.0
000262188,신당지하철역(2호선),2012-11,2012-12,2,1662.0,3033080.0
000262188,신당지하철역(2호선),2013-01,2013-02,2,1664.0,2879720.0
000262188,신당지하철역(2호선),2013-03,2013-04,2,1705.0,3306480.0
000262188,신당지하철역(2호선),2013-05,2013-06,2,1488.0,2899920.0
000262188,신당지하철역(2호선),2013-07,2013-08,2,2708.0,5261980.0
000262188,신당지하철역(2호선),2013-09,2013-10,2,4143.0,7829320.0
000262188,신당지하철역(2호선),2013-11,2013-12,2,3214.0,6118400.0
000262188,신당지하철역(2호선),2014-01,2014-02,2,1315.0,2624240.0
000262188,신당지하철역(2호선),2014-03,2014-04,2,1742.0,3733200.0
000262188,신당지하철역(2호선),2014-05,2014-06,2,2586.0,5421200.0
000262188,신당지하철역(2호선),2014-07,2014-08,2,2239.0,4727200.0
000262188,신당지하철역(2호선),2014-09,2014-10,2,3102.0,6453200.0
000262188,신당지하철역(2호선),2014-11,2014-12,2,2249.0,4747200.0
000262188,신당지하철역(2호선),2015-01,2015-02,2,1314.0,2723600.0
000262188,신당지하철역(2호선),2015-03,2015-04,2,1446.0,2996300.0
000262188,신당지하철역(2호선),2015-05,2015-06,2,1593.0,3422600.0
000262188,신당지하철역(2호선),2015-07,2015-08,2,3649.0,8505400.0
000262188,신당지하철역(2호선),2015-09,2015-10,2,3851.0,9894300.0
000262188,신당지하철역(2호선),2015-11,2015-12,2,2249.0,4323000.0
000262188,신당지하철역(2호선),2016-01,2016-02,2,1485.0,2795000.0
000262188,신당지하철역(2호선),2016-03,2016-04,2,1485.0,2795000.0
000262188,신당지하철역(2호선),2016-05,2016-06,2,1991.0,3807000.0
000262188,신당지하철역(2호선),2016-07,2016-08,2,2828.0,5481000.0
000262188,신당지하철역(2호선),2016-09,2016-10,2,3376.0,6577000.0
000262188,신당지하철역(2호선),2016-11,2016-12,2,2015.0,3855000.0
000262188,신당지하철역(2호선),2017-01,2017-02,2,1453.0,2778160.0
000262188,신당지하철역(2호선),2017-03,2017-04,2,1421.0,2800100.0
000262188,신당지하철역(2호선),2017-05,2017-06,2,2056.0,4133600.0
000262188,신당지하철역(2호선),2017-07,2017-08,2,2851.0,5803100.0
000262188,신당지하철역(2호선),2017-09,2017-10,2,2925.0,5958500.0
000262188,신당지하철역(2호선),2017-11,2017-12,2,1436.0,2831600.0
000262188,신당지하철역(2호선),2018-01,2018-02,2,1415.0,2836230.0
000262188,신당지하철역(2호선),2018-03,2018-04,2,1473.0,3056330.0
000262188,신당지하철역(2호선),2018-05,2018-06,2,1447.0,2998870.0
000262188,신당지하철역(2호선),2018-07,2018-08,2,2487.0,5297270.0
000262188,신당지하철역(2호선),2018-09,2018-10,2,2928.0,6271880.0
000262188,신당지하철역(2호선),2018-11,2018-12,2,1311.0,2698310.0
000262188,신당지하철역(2호선),2019-01,2019-02,2,1273.0,2663070.0
000262188,신당지하철역(2호선),2019-03,2019-04,2,1077.0,2299410.0
000262188,신당지하철역(2호선),2019-05,2019-06,2,1410.0,3075300.0
000262188,신당지하철역(2호선),2019-07,2019-08,2,2051.0,4568830.0
000262188,신당지하철역(2호선),2019-09,2019-10,2,2707.0,6097310.0
000262188,신당지하철역(2호선),2019-11,2019-12,2,1288.0,2791040.0
000262188,신당지하철역(2호선),2020-01,2020-02,2,994.0,2106020.0
000262188,신당지하철역(2호선),2020-03,2020-04,2,1010.0,2143300.0
000262188,신당지하철역(2호선),2020-05,2020-06,2,850.0,1770500.0
000262188,신당지하철역(2호선),2020-07,2020-08,2,815.0,1688950.0
000262188,신당지하철역(2호선),2020-09,2020-10,2,3028.0,6845240.0
000262188,신당지하철역(2호선),2020-11,2020-12,2,937.0,1973210.0
000262188,신당지하철역(2호선),2021-01,2021-02,2,683.0,1381390.0
000262188,신당지하철역(2호선),2021-03,2021-04,2,827.0,1716910.0
000262188,신당지하철역(2호선),2021-05,2021-06,2,943.0,1987190.0
000262188,신당지하철역(2호선),2021-07,2021-08,2,2351.0,5446030.0
000262188,신당지하철역(2호선),2021-09,2021-10,2,3928.0,9771120.0
000262188,신당지하철역(2호선),2021-11,2021-12,2,1066.0,2501640.0
000262188,신당지하철역(2호선),2022-01,2022-02,2,812.0,1913790.0
000262188,신당지하철역(2호선),2022-03,2022-04,2,851.0,2121150.0
000262188,신당지하철역(2호선),2022-05,2022-06,2,924.0,2272560.0
000262188,신당지하철역(2호선),2022-07,2022-08,2,1572.0,4031800.0
000262188,신당지하철역(2호선),2022-09,2022-10,2,1702.0,4376300.0
000262188,신당지하철역(2호선),2022-11,2022-12,2,734.0,1811100.0
000262188,신당지하철역(2호선),2023-01,2023-02,2,661.0,1769440.0
000262188,신당지하철역(2호선),2023-03,2023-04,2,680.0,2110800.0
000262188,신당지하철역(2호선),2023-05,2023-06,2,872.0,2755920.0
000262188,신당지하철역(2호선),2023-07,2023-08,2,1526.0,4953360.0
000262188,신당지하철역(2호선),2023-09,2023-10,2,1801.0,5877360.0
000262188,신당지하철역(2호선),2023-11,2023-12,2,849.0,2678640.0
000262188,신당지하철역(2호선),2024-01,2024-02,2,853.0,2685970.0
000262188,신당지하철역(2호선),2024-03,2024-04,2,1018.0,3246480.0
000262188,신당지하철역(2호선),2024-05,2024-06,2,1404.0,4543440.0
000262188,신당지하철역(2호선),2024-07,2024-08,2,2106.0,6913820.0
000262188,신당지하철역(2호선),2024-09,2024-10,2,2257.0,7437790.0
000262188,신당지하철역(2호선),2024-11,2024-12,2,1502.0,4872720.0
000262188,신당지하철역(2호선),2025-01,2025-02,2,1399.0,4528560.0
000262188,신당지하철역(2호선),2025-03,2025-04,2,1378.0,4456080.0
000262188,신당지하철역(2호선),2025-05,2025-06,2,1585.0,5151600.0
000262188,신당지하철역(2호선),2025-07,2025-08,2,2239.0,7374330.0
000262188,신당지하철역(2호선),2025-09,2025-10,2,2999.0,10011530.0
000262188,신당지하철역(2호선),2025-11,2025-12,2,1588.0,5160680.0
000262188,신당지하철역(2호선),2026-01,2026-02,2,1354.0,4467850.0
000262188,신당지하철역(2호선),2026-03,2026-04,2,1362.0,4658280.0
023011906,신도림역,2008-05,2008-06,2,4681.0,4935720.0
023011906,신도림역,2008-07,2008-08,2,6599.0,7412520.0
023011906,신도림역,2008-09,2008-10,2,8336.0,9556520.0
023011906,신도림역,2008-11,2008-12,2,5037.0,6245360.0
023011906,신도림역,2009-01,2009-02,2,4102.0,5464320.0
023011906,신도림역,2009-03,2009-04,2,3876.0,5056160.0
023011906,신도림역,2009-05,2009-06,2,4749.0,5742240.0
023011906,신도림역,2009-07,2009-08,2,6891.0,8545440.0
023011906,신도림역,2009-09,2009-10,2,8879.0,10083660.0
023011906,신도림역,2009-11,2009-12,2,5613.0,6026060.0
023011906,신도림역,2010-01,2010-02,2,4431.0,4397540.0
023011906,신도림역,2010-03,2010-04,2,4793.0,4735460.0
023011906,신도림역,2010-05,2010-06,2,5183.0,4962440.0
023011906,신도림역,2010-07,2010-08,2,7876.0,9208200.0
023011906,신도림역,2010-09,2010-10,2,8582.0,10191440.0
023011906,신도림역,2010-11,2010-12,2,4606.0,6021200.0
023011906,신도림역,2011-01,2011-02,2,3953.0,5224890.0
023011906,신도림역,2011-03,2011-04,2,4117.0,5436450.0
023011906,신도림역,2011-05,2011-06,2,4113.0,5459420.0
023011906,신도림역,2011-07,2011-08,2,3452.0,4633200.0
023011906,신도림역,2011-09,2011-10,2,6166.0,9209340.0
023011906,신도림역,2011-11,2011-12,2,4662.0,6836020.0
023011906,신도림역,2012-01,2012-02,2,2984.0,4210020.0
023011906,신도림역,2012-03,2012-04,2,3566.0,6057560.0
023011906,신도림역,2012-05,2012-06,2,5086.0,8409120.0
023011906,신도림역,2012-07,2012-08,2,6604.0,11173200.0
023011906,신도림역,2012-09,2012-10,2,16802.0,28159280.0
023011906,신도림역,2012-11,2012-12,2,7411.0,12812600.0
023011906,신도림역,2013-01,2013-02,2,4398.0,7536440.0
023011906,신도림역,2013-03,2013-04,2,4491.0,8707600.0
023011906,신도림역,2013-05,2013-06,2,5373.0,10081400.0
023011906,신도림역,2013-07,2013-08,2,6764.0,12612240.0
023011906,신도림역,2013-09,2013-10,2,8737.0,16239440.0
023011906,신도림역,2013-11,2013-12,2,5819.0,10826120.0
023011906,신도림역,2014-01,2014-02,2,5192.0,9672440.0
023011906,신도림역,2014-03,2014-04,2,4973.0,10081400.0
023011906,신도림역,2014-05,2014-06,2,6749.0,13633400.0
023011906,신도림역,2014-07,2014-08,2,8255.0,16645400.0
023011906,신도림역,2014-09,2014-10,2,8453.0,17041400.0
023011906,신도림역,2014-11,2014-12,2,5512.0,11159400.0
023011906,신도림역,2015-01,2015-02,2,5006.0,10147400.0
023011906,신도림역,2015-03,2015-04,2,4539.0,9109000.0
023011906,신도림역,2015-05,2015-06,2,5465.0,10992500.0
023011906,신도림역,2015-07,2015-08,2,8072.0,16556300.0
023011906,신도림역,2015-09,2015-10,2,10107.0,22702000.0
023011906,신도림역,2015-11,2015-12,2,5792.0,11577800.0
023011906,신도림역,2016-01,2016-02,2,4494.0,8981800.0
023011906,신도림역,2016-03,2016-04,2,4237.0,8397600.0
023011906,신도림역,2016-05,2016-06,2,5241.0,10405600.0
023011906,신도림역,2016-07,2016-08,2,6277.0,12477600.0
023011906,신도림역,2016-09,2016-10,2,7576.0,15075600.0
023011906,신도림역,2016-11,2016-12,2,5528.0,10979600.0
023011906,신도림역,2017-01,2017-02,2,4568.0,9211830.0
023011906,신도림역,2017-03,2017-04,2,4479.0,9323230.0
023011906,신도림역,2017-05,2017-06,2,5337.0,11122300.0
023011906,신도림역,2017-07,2017-08,2,6024.0,12565000.0
023011906,신도림역,2017-09,2017-10,2,7720.0,16167520.0
023011906,신도림역,2017-11,2017-12,2,5691.0,11906620.0
023011906,신도림역,2018-01,2018-02,2,5202.0,11061450.0
023011906,신도림역,2018-03,2018-04,2,4676.0,10278200.0
023011906,신도림역,2018-05,2018-06,2,5443.0,11973270.0
023011906,신도림역,2018-07,2018-08,2,6263.0,13785470.0
023011906,신도림역,2018-09,2018-10,2,7185.0,15823090.0
023011906,신도림역,2018-11,2018-12,2,5618.0,12360020.0
023011906,신도림역,2019-01,2019-02,2,4946.0,11018890.0
023011906,신도림역,2019-03,2019-04,2,4736.0,10923480.0
023011906,신도림역,2019-05,2019-06,2,5402.0,12475260.0
023011906,신도림역,2019-07,2019-08,2,6800.0,15732600.0
023011906,신도림역,2019-09,2019-10,2,7199.0,16662270.0
023011906,신도림역,2019-11,2019-12,2,5522.0,12754860.0
023011906,신도림역,2020-01,2020-02,2,4606.0,10620580.0
023011906,신도림역,2020-03,2020-04,2,3729.0,8577170.0
023011906,신도림역,2020-05,2020-06,2,3760.0,8649400.0
023011906,신도림역,2020-07,2020-08,2,5353.0,12361090.0
023011906,신도림역,2020-09,2020-10,2,6126.0,14320580.0
023011906,신도림역,2020-11,2020-12,2,4195.0,9662950.0
023011906,신도림역,2021-01,2021-02,2,3384.0,7773320.0
023011906,신도림역,2021-03,2021-04,2,3392.0,7791960.0
023011906,신도림역,2021-05,2021-06,2,4188.0,9646640.0
023011906,신도림역,2021-07,2021-08,2,4831.0,11477510.0
023011906,신도림역,2021-09,2021-10,2,6241.0,15744740.0
023011906,신도림역,2021-11,2021-12,2,4749.0,11955060.0
023011906,신도림역,2022-01,2022-02,2,3826.0,9771340.0
023011906,신도림역,2022-03,2022-04,2,3722.0,9827900.0
023011906,신도림역,2022-05,2022-06,2,4593.0,12064850.0
023011906,신도림역,2022-07,2022-08,2,5973.0,15793050.0
023011906,신도림역,2022-09,2022-10,2,6497.0,17181650.0
023011906,신도림역,2022-11,2022-12,2,5673.0,14998050.0
023011906,신도림역,2023-01,2023-02,2,4540.0,13126700.0
023011906,신도림역,2023-03,2023-04,2,4081.0,13865670.0
023011906,신도림역,2023-05,2023-06,2,5744.0,19636280.0
023011906,신도림역,2023-07,2023-08,2,5694.0,19462780.0
023011906,신도림역,2023-09,2023-10,2,6357.0,21763390.0
023011906,신도림역,2023-11,2023-12,2,5397.0,18432190.0
023011906,신도림역,2024-01,2024-02,2,4368.0,14861560.0
023011906,신도림역,2024-03,2024-04,2,4353.0,14809510.0
023011906,신도림역,2024-05,2024-06,2,5508.0,18817360.0
023011906,신도림역,2024-07,2024-08,2,6230.0,21322700.0
023011906,신도림역,2024-09,2024-10,2,6975.0,23907850.0
023011906,신도림역,2024-11,2024-12,2,5601.0,19140070.0
023011906,신도림역,2025-01,2025-02,2,4891.0,16821970.0
023011906,신도림역,2025-03,2025-04,2,4192.0,14306440.0
023011906,신도림역,2025-05,2025-06,2,5337.0,18306990.0
023011906,신도림역,2025-07,2025-08,2,6257.0,21671790.0
023011906,신도림역,2025-09,2025-10,2,7623.0,26653810.0
023011906,신도림역,2025-11,2025-12,2,5247.0,18281090.0
023011906,신도림역,2026-01,2026-02,2,4121.0,14631680.0
023011906,신도림역,2026-03,2026-04,2,3681.0,13259040.0
021205524,신용산역,2008-05,2008-06,1,1632.0,1183930.0
021205524,신용산역,2008-07,2008-08,2,2488.0,2086160.0
021205524,신용산역,2008-09,2008-10,2,2558.0,2150160.0
021205524,신용산역,2008-11,2008-12,2,2692.0,2289680.0
021205524,신용산역,2009-01,2009-02,2,2370.0,1807120.0
021205524,신용산역,2009-03,2009-04,2,2125.0,1735440.0
021205524,신용산역,2009-05,2009-06,2,2248.0,1928720.0
021205524,신용산역,2009-07,2009-08,2,2356.0,1969680.0
021205524,신용산역,2009-09,2009-10,2,2417.0,2027280.0
021205524,신용산역,2009-11,2009-12,2,2548.0,2160290.0
021205524,신용산역,2010-01,2010-02,2,2243.0,1805840.0
021205524,신용산역,2010-03,2010-04,2,2015.0,1594640.0
021205524,신용산역,2010-05,2010-06,2,2022.0,1709840.0
021205524,신용산역,2010-07,2010-08,2,2204.0,1885200.0
021205524,신용산역,2010-09,2010-10,2,2220.0,1817360.0
021205524,신용산역,2010-11,2010-12,2,2212.0,1841680.0
021205524,신용산역,2011-01,2011-02,2,2058.0,1638530.0
021205524,신용산역,2011-03,2011-04,2,1929.0,1584300.0
021205524,신용산역,2011-05,2011-06,2,1945.0,1635900.0
021205524,신용산역,2011-07,2011-08,2,1991.0,1669440.0
021205524,신용산역,2011-09,2011-10,2,1990.0,1651380.0
021205524,신용산역,2011-11,2011-12,2,1988.0,1657830.0
021205524,신용산역,2012-01,2012-02,2,1818.0,1434660.0
021205524,신용산역,2012-03,2012-04,2,1841.0,1979960.0
021205524,신용산역,2012-05,2012-06,2,2058.0,2245640.0
021205524,신용산역,2012-07,2012-08,2,2127.0,2225960.0
021205524,신용산역,2012-09,2012-10,2,2023.0,2065240.0
021205524,신용산역,2012-11,2012-12,2,1955.0,2034080.0
021205524,신용산역,2013-01,2013-02,2,1842.0,1863520.0
021205524,신용산역,2013-03,2013-04,2,1891.0,2261960.0
021205524,신용산역,2013-05,2013-06,2,1956.0,2289560.0
021205524,신용산역,2013-07,2013-08,2,2072.0,2488280.0
021205524,신용산역,2013-09,2013-10,2,1975.0,2210440.0
021205524,신용산역,2013-11,2013-12,2,1940.0,2285880.0
021205524,신용산역,2014-01,2014-02,2,2131.0,2598680.0
021205524,신용산역,2014-03,2014-04,2,2066.0,2523000.0
021205524,신용산역,2014-05,2014-06,2,2001.0,2543000.0
021205524,신용산역,2014-07,2014-08,2,2181.0,2893000.0
021205524,신용산역,2014-09,2014-10,2,2233.0,2823000.0
021205524,신용산역,2014-11,2014-12,2,2096.0,2583000.0
021205524,신용산역,2015-01,2015-02,2,2141.0,2793000.0
021205524,신용산역,2015-03,2015-04,2,1905.0,2217000.0
021205524,신용산역,2015-05,2015-06,2,1933.0,2561000.0
021205524,신용산역,2015-07,2015-08,2,2011.0,2545000.0
021205524,신용산역,2015-09,2015-10,2,1980.0,2491000.0
021205524,신용산역,2015-11,2015-12,2,1885.0,2327000.0
021205524,신용산역,2016-01,2016-02,2,1884.0,2407000.0
021205524,신용산역,2016-03,2016-04,2,1760.0,2119000.0
021205524,신용산역,2016-05,2016-06,2,889.0,1060500.0
021205524,신용산역,2016-07,2016-08,2,1026.0,1372400.0
021205524,신용산역,2016-09,2016-10,2,1806.0,2617000.0
021205524,신용산역,2016-11,2016-12,2,2145.0,2785000.0
021205524,신용산역,2017-01,2017-02,2,1936.0,2336920.0
021205524,신용산역,2017-03,2017-04,2,1627.0,2003620.0
021205524,신용산역,2017-05,2017-06,2,1818.0,2602600.0
021205524,신용산역,2017-07,2017-08,2,2201.0,3110800.0
021205524,신용산역,2017-09,2017-10,2,2157.0,2764300.0
021205524,신용산역,2017-11,2017-12,2,2387.0,3419500.0
021205524,신용산역,2018-01,2018-02,2,2292.0,2969490.0
021205524,신용산역,2018-03,2018-04,2,2116.0,2925740.0
021205524,신용산역,2018-05,2018-06,2,2106.0,2958890.0
021205524,신용산역,2018-07,2018-08,2,2190.0,3126850.0
021205524,신용산역,2018-09,2018-10,2,2538.0,3806540.0
021205524,신용산역,2018-11,2018-12,2,2207.0,2737890.0
021205524,신용산역,2019-01,2019-02,2,2049.0,3011920.0
021205524,신용산역,2019-03,2019-04,2,1856.0,2534470.0
021205524,신용산역,2019-05,2019-06,2,1884.0,2872320.0
021205524,신용산역,2019-07,2019-08,2,2299.0,3671510.0
021205524,신용산역,2019-09,2019-10,2,2542.0,3836940.0
021205524,신용산역,2019-11,2019-12,2,2242.0,3056390.0
021205524,신용산역,2020-01,2020-02,2,1980.0,2835040.0
021205524,신용산역,2020-03,2020-04,2,1751.0,2413310.0
021205524,신용산역,2020-05,2020-06,2,1718.0,2546120.0
021205524,신용산역,2020-07,2020-08,2,2054.0,3263760.0
021205524,신용산역,2020-09,2020-10,2,2110.0,3035420.0
021205524,신용산역,2020-11,2020-12,2,1939.0,2751160.0
021205524,신용산역,2021-01,2021-02,2,1928.0,2867660.0
021205524,신용산역,2021-03,2021-04,2,1695.0,2266520.0
021205524,신용산역,2021-05,2021-06,2,1604.0,2355060.0
021205524,신용산역,2021-07,2021-08,2,1714.0,2713430.0
021205524,신용산역,2021-09,2021-10,2,1775.0,2855520.0
021205524,신용산역,2021-11,2021-12,2,1570.0,2317040.0
021205524,신용산역,2022-01,2022-02,2,1425.0,2318420.0
021205524,신용산역,2022-03,2022-04,2,1171.0,1770300.0
021205524,신용산역,2022-05,2022-06,2,1196.0,2104110.0
021205524,신용산역,2022-07,2022-08,2,1077.0,1643100.0
021205524,신용산역,2022-09,2022-10,2,741.0,1036860.0
021205524,신용산역,2022-11,2022-12,2,490.0,710670.0
021205524,신용산역,2023-01,2023-02,2,350.0,556380.0
021205524,신용산역,2023-03,2023-04,2,234.0,355520.0
021205524,신용산역,2023-05,2023-06,2,190.0,335280.0
021205524,신용산역,2023-07,2023-08,2,262.0,557040.0
021205524,신용산역,2023-09,2023-10,2,337.0,746990.0
021205524,신용산역,2023-11,2023-12,2,190.0,385330.0
021205524,신용산역,2024-01,2024-02,2,98.0,95160.0
021205524,신용산역,2024-03,2024-04,2,109.0,168750.0
021205524,신용산역,2024-05,2024-06,2,257.0,618860.0
021205524,신용산역,2024-07,2024-08,2,1418.0,4268240.0
021205524,신용산역,2024-09,2024-10,2,2835.0,7214600.0
021205524,신용산역,2024-11,2024-12,2,2689.0,5242640.0
021205524,신용산역,2025-01,2025-02,2,2048.0,4063280.0
021205524,신용산역,2025-03,2025-04,2,1872.0,4063280.0
021205524,신용산역,2025-05,2025-06,2,2264.0,5380400.0
021205524,신용산역,2025-07,2025-08,2,2722.0,6319520.0
021205524,신용산역,2025-09,2025-10,2,2875.0,6410640.0
021205524,신용산역,2025-11,2025-12,2,2441.0,4837440.0
021205524,신용산역,2026-01,2026-02,2,2167.0,4812590.0
021205524,신용산역,2026-03,2026-04,2,2166.0,5019880.0
021205524,신용산역,2026-05,2026-06,1,814.0,2821460.0
020681438,신정네거리역 역무실,2008-05,2008-06,2,633.0,829640.0
020681438,신정네거리역 역무실,2008-07,2008-08,2,609.0,798920.0
020681438,신정네거리역 역무실,2008-09,2008-10,2,698.0,914120.0
020681438,신정네거리역 역무실,2008-11,2008-12,2,544.0,723000.0
020681438,신정네거리역 역무실,2009-01,2009-02,2,516.0,691950.0
020681438,신정네거리역 역무실,2009-03,2009-04,2,470.0,637900.0
020681438,신정네거리역 역무실,2009-05,2009-06,2,454.0,619500.0
020681438,신정네거리역 역무실,2009-07,2009-08,2,456.0,622950.0
020681438,신정네거리역 역무실,2009-09,2009-10,2,456.0,621800.0
020681438,신정네거리역 역무실,2009-11,2009-12,2,636.0,832400.0
020681438,신정네거리역 역무실,2010-01,2010-02,2,676.0,884680.0
020681438,신정네거리역 역무실,2010-03,2010-04,2,611.0,801480.0
020681438,신정네거리역 역무실,2010-05,2010-06,2,661.0,865480.0
020681438,신정네거리역 역무실,2010-07,2010-08,2,544.0,723000.0
020681438,신정네거리역 역무실,2010-09,2010-10,2,784.0,1022920.0
020681438,신정네거리역 역무실,2010-11,2010-12,2,766.0,999880.0
020681438,신정네거리역 역무실,2011-01,2011-02,2,956.0,1247830.0
020681438,신정네거리역 역무실,2011-03,2011-04,2,924.0,1211360.0
020681438,신정네거리역 역무실,2011-05,2011-06,2,759.0,998510.0
020681438,신정네거리역 역무실,2011-07,2011-08,2,2145.0,2786450.0
020681438,신정네거리역 역무실,2011-09,2011-10,2,1741.0,2265290.0
020681438,신정네거리역 역무실,2011-11,2011-12,2,1370.0,1786700.0
020681438,신정네거리역 역무실,2012-01,2012-02,2,1144.0,1495160.0
020681438,신정네거리역 역무실,2012-03,2012-04,2,1231.0,1999240.0
020681438,신정네거리역 역무실,2012-05,2012-06,2,1122.0,1820480.0
020681438,신정네거리역 역무실,2012-07,2012-08,2,1373.0,2232120.0
020681438,신정네거리역 역무실,2012-09,2012-10,2,1663.0,2707720.0
020681438,신정네거리역 역무실,2012-11,2012-12,2,1054.0,1708960.0
020681438,신정네거리역 역무실,2013-01,2013-02,2,977.0,1582680.0
020681438,신정네거리역 역무실,2013-03,2013-04,2,944.0,1691360.0
020681438,신정네거리역 역무실,2013-05,2013-06,2,1053.0,1891920.0
020681438,신정네거리역 역무실,2013-07,2013-08,2,1146.0,2063040.0
020681438,신정네거리역 역무실,2013-09,2013-10,2,2146.0,3903040.0
020681438,신정네거리역 역무실,2013-11,2013-12,2,1161.0,2090640.0
020681438,신정네거리역 역무실,2014-01,2014-02,2,1011.0,1814640.0
020681438,신정네거리역 역무실,2014-03,2014-04,2,1077.0,2096400.0
020681438,신정네거리역 역무실,2014-05,2014-06,2,1117.0,2176400.0
020681438,신정네거리역 역무실,2014-07,2014-08,2,1714.0,3370400.0
020681438,신정네거리역 역무실,2014-09,2014-10,2,1861.0,3664400.0
020681438,신정네거리역 역무실,2014-11,2014-12,2,1189.0,2320400.0
020681438,신정네거리역 역무실,2015-01,2015-02,2,954.0,1850400.0
020681438,신정네거리역 역무실,2015-03,2015-04,2,920.0,1782400.0
020681438,신정네거리역 역무실,2015-05,2015-06,2,1060.0,2062400.0
020681438,신정네거리역 역무실,2015-07,2015-08,2,1461.0,2864400.0
020681438,신정네거리역 역무실,2015-09,2015-10,2,1601.0,3144400.0
020681438,신정네거리역 역무실,2015-11,2015-12,2,1032.0,2006400.0
020681438,신정네거리역 역무실,2016-01,2016-02,2,846.0,1634400.0
020681438,신정네거리역 역무실,2016-03,2016-04,2,893.0,1728400.0
020681438,신정네거리역 역무실,2016-05,2016-06,2,1068.0,2078400.0
020681438,신정네거리역 역무실,2016-07,2016-08,2,1534.0,3010400.0
020681438,신정네거리역 역무실,2016-09,2016-10,2,2037.0,4018400.0
020681438,신정네거리역 역무실,2016-11,2016-12,2,1197.0,2336400.0
020681438,신정네거리역 역무실,2017-01,2017-02,2,1011.0,2006590.0
020681438,신정네거리역 역무실,2017-03,2017-04,2,970.0,1974650.0
020681438,신정네거리역 역무실,2017-05,2017-06,2,1180.0,2411400.0
020681438,신정네거리역 역무실,2017-07,2017-08,2,1472.0,3024600.0
020681438,신정네거리역 역무실,2017-09,2017-10,2,1937.0,4001100.0
020681438,신정네거리역 역무실,2017-11,2017-12,2,1173.0,2396700.0
020681438,신정네거리역 역무실,2018-01,2018-02,2,815.0,1677100.0
020681438,신정네거리역 역무실,2018-03,2018-04,2,782.0,1646620.0
020681438,신정네거리역 역무실,2018-05,2018-06,2,1097.0,2342770.0
020681438,신정네거리역 역무실,2018-07,2018-08,2,1530.0,3299700.0
020681438,신정네거리역 역무실,2018-09,2018-10,2,1838.0,3980380.0
020681438,신정네거리역 역무실,2018-11,2018-12,2,968.0,2059890.0
020681438,신정네거리역 역무실,2019-01,2019-02,2,792.0,1705040.0
020681438,신정네거리역 역무실,2019-03,2019-04,2,858.0,1906540.0
020681438,신정네거리역 역무실,2019-05,2019-06,2,1131.0,2542630.0
020681438,신정네거리역 역무실,2019-07,2019-08,2,1469.0,3330170.0
020681438,신정네거리역 역무실,2019-09,2019-10,2,1726.0,3928980.0
020681438,신정네거리역 역무실,2019-11,2019-12,2,1219.0,2747670.0
020681438,신정네거리역 역무실,2020-01,2020-02,2,940.0,2097600.0
020681438,신정네거리역 역무실,2020-03,2020-04,2,752.0,1659560.0
020681438,신정네거리역 역무실,2020-05,2020-06,2,838.0,1859940.0
020681438,신정네거리역 역무실,2020-07,2020-08,2,1369.0,3097170.0
020681438,신정네거리역 역무실,2020-09,2020-10,2,1224.0,2740520.0
020681438,신정네거리역 역무실,2020-11,2020-12,2,849.0,1866770.0
020681438,신정네거리역 역무실,2021-01,2021-02,2,593.0,1272110.0
020681438,신정네거리역 역무실,2021-03,2021-04,2,667.0,1442710.0
020681438,신정네거리역 역무실,2021-05,2021-06,2,754.0,1645420.0
020681438,신정네거리역 역무실,2021-07,2021-08,2,1128.0,2626060.0
020681438,신정네거리역 역무실,2021-09,2021-10,2,1531.0,3781340.0
020681438,신정네거리역 역무실,2021-11,2021-12,2,769.0,1845860.0
020681438,신정네거리역 역무실,2022-01,2022-02,2,661.0,1637130.0
020681438,신정네거리역 역무실,2022-03,2022-04,2,713.0,1854050.0
020681438,신정네거리역 역무실,2022-05,2022-06,2,797.0,2076650.0
020681438,신정네거리역 역무실,2022-07,2022-08,2,1181.0,3094250.0
020681438,신정네거리역 역무실,2022-09,2022-10,2,1082.0,2831900.0
020681438,신정네거리역 역무실,2022-11,2022-12,2,826.0,2153500.0
020681438,신정네거리역 역무실,2023-01,2023-02,2,747.0,2166150.0
020681438,신정네거리역 역무실,2023-03,2023-04,2,766.0,2498360.0
020681438,신정네거리역 역무실,2023-05,2023-06,2,889.0,2911640.0
020681438,신정네거리역 역무실,2023-07,2023-08,2,1253.0,4134680.0
020681438,신정네거리역 역무실,2023-09,2023-10,2,1224.0,4037240.0
020681438,신정네거리역 역무실,2023-11,2023-12,2,962.0,3156920.0
020681438,신정네거리역 역무실,2024-01,2024-02,2,883.0,2891480.0
020681438,신정네거리역 역무실,2024-03,2024-04,2,830.0,2713400.0
020681438,신정네거리역 역무실,2024-05,2024-06,2,1048.0,3445880.0
020681438,신정네거리역 역무실,2024-07,2024-08,2,1495.0,4947800.0
020681438,신정네거리역 역무실,2024-09,2024-10,2,1402.0,4635320.0
020681438,신정네거리역 역무실,2024-11,2024-12,2,1225.0,4040600.0
020681438,신정네거리역 역무실,2025-01,2025-02,2,1068.0,3513080.0
020681438,신정네거리역 역무실,2025-03,2025-04,2,1080.0,3553400.0
020681438,신정네거리역 역무실,2025-05,2025-06,2,841.0,2749360.0
020681438,신정네거리역 역무실,2025-07,2025-08,2,1217.0,4012720.0
020681438,신정네거리역 역무실,2025-09,2025-10,2,1458.0,4822480.0
020681438,신정네거리역 역무실,2025-11,2025-12,2,1194.0,3935440.0
020681438,신정네거리역 역무실,2026-01,2026-02,2,741.0,2476980.0
020681438,신정네거리역 역무실,2026-03,2026-04,2,774.0,2675360.0
031834359,신풍역,2008-05,2008-06,2,751.0,1151360.0
031834359,신풍역,2008-07,2008-08,2,755.0,1624960.0
031834359,신풍역,2008-09,2008-10,2,738.0,1146240.0
031834359,신풍역,2008-11,2008-12,2,775.0,1166720.0
031834359,신풍역,2009-01,2009-02,2,724.0,1080960.0
031834359,신풍역,2009-03,2009-04,2,717.0,1055360.0
031834359,신풍역,2009-05,2009-06,2,828.0,1225600.0
031834359,신풍역,2009-07,2009-08,2,911.0,1347200.0
031834359,신풍역,2009-09,2009-10,2,806.0,1238400.0
031834359,신풍역,2009-11,2009-12,2,815.0,1249760.0
031834359,신풍역,2010-01,2010-02,2,705.0,1086080.0
031834359,신풍역,2010-03,2010-04,2,728.0,1136000.0
031834359,신풍역,2010-05,2010-06,2,840.0,1292160.0
031834359,신풍역,2010-07,2010-08,2,902.0,1377920.0
031834359,신풍역,2010-09,2010-10,2,893.0,1354880.0
031834359,신풍역,2010-11,2010-12,2,924.0,1383040.0
031834359,신풍역,2011-01,2011-02,2,863.0,1300730.0
031834359,신풍역,2011-03,2011-04,2,880.0,1383800.0
031834359,신풍역,2011-05,2011-06,2,932.0,1452170.0
031834359,신풍역,2011-07,2011-08,2,974.0,1526990.0
031834359,신풍역,2011-09,2011-10,2,994.0,1498610.0
031834359,신풍역,2011-11,2011-12,2,960.0,1655990.0
031834359,신풍역,2012-01,2012-02,2,849.0,1323170.0
031834359,신풍역,2012-03,2012-04,2,880.0,1715040.0
031834359,신풍역,2012-05,2012-06,2,963.0,1829840.0
031834359,신풍역,2012-07,2012-08,2,973.0,1915120.0
031834359,신풍역,2012-09,2012-10,2,965.0,1880680.0
031834359,신풍역,2012-11,2012-12,2,974.0,1806880.0
031834359,신풍역,2013-01,2013-02,2,918.0,1662560.0
031834359,신풍역,2013-03,2013-04,2,827.0,1675400.0
031834359,신풍역,2013-05,2013-06,2,979.0,2015660.0
031834359,신풍역,2013-07,2013-08,2,977.0,2030520.0
031834359,신풍역,2013-09,2013-10,2,882.0,1822600.0
031834359,신풍역,2013-11,2013-12,2,962.0,1977160.0
031834359,신풍역,2014-01,2014-02,2,869.0,1772920.0
031834359,신풍역,2014-03,2014-04,2,898.0,1997800.0
031834359,신풍역,2014-05,2014-06,2,956.0,2119800.0
031834359,신풍역,2014-07,2014-08,2,936.0,2059800.0
031834359,신풍역,2014-09,2014-10,2,963.0,2173800.0
031834359,신풍역,2014-11,2014-12,2,878.0,2017800.0
031834359,신풍역,2015-01,2015-02,2,820.0,1865800.0
031834359,신풍역,2015-03,2015-04,2,808.0,1837800.0
031834359,신풍역,2015-05,2015-06,2,945.0,2117800.0
031834359,신풍역,2015-07,2015-08,2,946.0,2199800.0
031834359,신풍역,2015-09,2015-10,2,965.0,2607800.0
031834359,신풍역,2015-11,2015-12,2,886.0,2009800.0
031834359,신풍역,2016-01,2016-02,2,884.0,2049800.0
031834359,신풍역,2016-03,2016-04,2,848.0,1919800.0
031834359,신풍역,2016-05,2016-06,2,924.0,2103800.0
031834359,신풍역,2016-07,2016-08,2,936.0,2519800.0
031834359,신풍역,2016-09,2016-10,2,873.0,2419800.0
031834359,신풍역,2016-11,2016-12,2,932.0,2137800.0
031834359,신풍역,2017-01,2017-02,2,791.0,1811300.0
031834359,신풍역,2017-03,2017-04,2,764.0,1774480.0
031834359,신풍역,2017-05,2017-06,2,956.0,2260200.0
031834359,신풍역,2017-07,2017-08,2,919.0,2869200.0
031834359,신풍역,2017-09,2017-10,2,889.0,2529000.0
031834359,신풍역,2017-11,2017-12,2,874.0,2018700.0
031834359,신풍역,2018-01,2018-02,2,826.0,1968190.0
031834359,신풍역,2018-03,2018-04,2,814.0,1945620.0
031834359,신풍역,2018-05,2018-06,2,923.0,2250600.0
031834359,신풍역,2018-07,2018-08,2,924.0,2579890.0
031834359,신풍역,2018-09,2018-10,2,979.0,3163330.0
031834359,신풍역,2018-11,2018-12,2,768.0,1815230.0
031834359,신풍역,2019-01,2019-02,2,779.0,1921760.0
031834359,신풍역,2019-03,2019-04,2,837.0,2199110.0
031834359,신풍역,2019-05,2019-06,2,900.0,2378520.0
031834359,신풍역,2019-07,2019-08,2,1057.0,3177710.0
031834359,신풍역,2019-09,2019-10,2,1004.0,2942380.0
031834359,신풍역,2019-11,2019-12,2,1047.0,2613850.0
031834359,신풍역,2020-01,2020-02,2,970.0,2359880.0
031834359,신풍역,2020-03,2020-04,2,628.0,1597970.0
031834359,신풍역,2020-05,2020-06,2,711.0,1747090.0
031834359,신풍역,2020-07,2020-08,2,797.0,2285320.0
031834359,신풍역,2020-09,2020-10,2,713.0,2292310.0
031834359,신풍역,2020-11,2020-12,2,701.0,1693500.0
031834359,신풍역,2021-01,2021-02,2,599.0,2192120.0
031834359,신풍역,2021-03,2021-04,2,645.0,1863590.0
031834359,신풍역,2021-05,2021-06,2,761.0,2005720.0
031834359,신풍역,2021-07,2021-08,2,709.0,2482710.0
031834359,신풍역,2021-09,2021-10,2,758.0,2363780.0
031834359,신풍역,2021-11,2021-12,2,803.0,2183440.0
031834359,신풍역,2022-01,2022-02,2,653.0,1853400.0
031834359,신풍역,2022-03,2022-04,2,667.0,1889800.0
031834359,신풍역,2022-05,2022-06,2,895.0,2605300.0
031834359,신풍역,2022-07,2022-08,2,954.0,3834900.0
031834359,신풍역,2022-09,2022-10,2,905.0,3872000.0
031834359,신풍역,2022-11,2022-12,2,808.0,2313800.0
031834359,신풍역,2023-01,2023-02,2,906.0,3217910.0
031834359,신풍역,2023-03,2023-04,2,945.0,3379840.0
031834359,신풍역,2023-05,2023-06,2,1064.0,3870400.0
031834359,신풍역,2023-07,2023-08,2,1055.0,4969120.0
031834359,신풍역,2023-09,2023-10,2,1023.0,5741920.0
031834359,신풍역,2023-11,2023-12,2,1083.0,3840160.0
031834359,신풍역,2024-01,2024-02,2,890.0,3124480.0
031834359,신풍역,2024-03,2024-04,2,680.0,2378560.0
031834359,신풍역,2024-05,2024-06,2,648.0,2331520.0
031834359,신풍역,2024-07,2024-08,2,474.0,2351680.0
031834359,신풍역,2024-09,2024-10,2,395.0,2086240.0
031834359,신풍역,2024-11,2024-12,2,405.0,1562080.0
031834359,신풍역,2025-01,2025-02,2,336.0,1263040.0
031834359,신풍역,2025-03,2025-04,2,296.0,1092190.0
031834359,신풍역,2025-05,2025-06,2,79.0,401200.0
031834359,신풍역,2025-07,2025-08,2,627.0,2424600.0
031834359,신풍역,2025-09,2025-10,2,201.0,4766520.0
031834359,신풍역,2025-11,2025-12,2,665.0,2575800.0
031834359,신풍역,2026-01,2026-02,2,631.0,2606120.0
031834359,신풍역,2026-03,2026-04,2,641.0,2487340.0
001895650,쌍문역,2008-05,2008-06,1,1395.0,2473220.0
001895650,쌍문역,2008-07,2008-08,2,2030.0,4411080.0
001895650,쌍문역,2008-09,2008-10,2,1929.0,4322760.0
001895650,쌍문역,2008-11,2008-12,2,2225.0,4938960.0
001895650,쌍문역,2009-01,2009-02,2,2091.0,4556240.0
001895650,쌍문역,2009-03,2009-04,2,1852.0,4442320.0
001895650,쌍문역,2009-05,2009-06,2,2068.0,4815920.0
001895650,쌍문역,2009-07,2009-08,2,2361.0,5024560.0
001895650,쌍문역,2009-09,2009-10,2,2276.0,4812080.0
001895650,쌍문역,2009-11,2009-12,2,2499.0,5561190.0
001895650,쌍문역,2010-01,2010-02,2,2307.0,4848040.0
001895650,쌍문역,2010-03,2010-04,2,2233.0,4799400.0
001895650,쌍문역,2010-05,2010-06,2,2369.0,4997800.0
001895650,쌍문역,2010-07,2010-08,2,2423.0,4967080.0
001895650,쌍문역,2010-09,2010-10,2,2296.0,4819880.0
001895650,쌍문역,2010-11,2010-12,2,2089.0,4629160.0
001895650,쌍문역,2011-01,2011-02,2,2543.0,5315850.0
001895650,쌍문역,2011-03,2011-04,2,2406.0,4806420.0
001895650,쌍문역,2011-05,2011-06,2,2677.0,5415300.0
001895650,쌍문역,2011-07,2011-08,2,2611.0,5025720.0
001895650,쌍문역,2011-09,2011-10,2,2776.0,5433360.0
001895650,쌍문역,2011-11,2011-12,2,2856.0,5332740.0
001895650,쌍문역,2012-01,2012-02,2,2576.0,5021850.0
001895650,쌍문역,2012-03,2012-04,2,2456.0,5397120.0
001895650,쌍문역,2012-05,2012-06,2,2694.0,5214120.0
001895650,쌍문역,2012-07,2012-08,2,2847.0,5269880.0
001895650,쌍문역,2012-09,2012-10,2,3130.0,5706120.0
001895650,쌍문역,2012-11,2012-12,2,2863.0,5050120.0
001895650,쌍문역,2013-01,2013-02,2,2593.0,4935320.0
001895650,쌍문역,2013-03,2013-04,2,2340.0,5255040.0
001895650,쌍문역,2013-05,2013-06,2,2749.0,6208160.0
001895650,쌍문역,2013-07,2013-08,2,3304.0,7591560.0
001895650,쌍문역,2013-09,2013-10,2,3034.0,6822440.0
001895650,쌍문역,2013-11,2013-12,2,2827.0,6827960.0
001895650,쌍문역,2014-01,2014-02,2,2811.0,5612360.0
001895650,쌍문역,2014-03,2014-04,2,2727.0,6102200.0
001895650,쌍문역,2014-05,2014-06,2,3009.0,6740200.0
001895650,쌍문역,2014-07,2014-08,2,3407.0,7218200.0
001895650,쌍문역,2014-09,2014-10,2,3263.0,6690200.0
001895650,쌍문역,2014-11,2014-12,2,2877.0,5598400.0
001895650,쌍문역,2015-01,2015-02,2,2451.0,5000400.0
001895650,쌍문역,2015-03,2015-04,2,2276.0,4950400.0
001895650,쌍문역,2015-05,2015-06,2,2452.0,5326400.0
001895650,쌍문역,2015-07,2015-08,2,2757.0,6254800.0
001895650,쌍문역,2015-09,2015-10,2,2477.0,5484800.0
001895650,쌍문역,2015-11,2015-12,2,1246.0,3213500.0
001895650,쌍문역,2016-01,2016-02,2,1417.0,3378320.0
001895650,쌍문역,2016-03,2016-04,2,1971.0,4390300.0
001895650,쌍문역,2016-05,2016-06,2,2459.0,5187100.0
001895650,쌍문역,2016-07,2016-08,2,3473.0,6831100.0
001895650,쌍문역,2016-09,2016-10,2,4064.0,7191100.0
001895650,쌍문역,2016-11,2016-12,2,3482.0,5999800.0
001895650,쌍문역,2017-01,2017-02,2,2729.0,5366850.0
001895650,쌍문역,2017-03,2017-04,2,2500.0,5476480.0
001895650,쌍문역,2017-05,2017-06,2,2829.0,6191680.0
001895650,쌍문역,2017-07,2017-08,2,3618.0,7491580.0
001895650,쌍문역,2017-09,2017-10,2,4183.0,8029180.0
001895650,쌍문역,2017-11,2017-12,2,3508.0,6418780.0
001895650,쌍문역,2018-01,2018-02,2,2920.0,6256550.0
001895650,쌍문역,2018-03,2018-04,2,2754.0,6260080.0
001895650,쌍문역,2018-05,2018-06,2,3195.0,7314250.0
001895650,쌍문역,2018-07,2018-08,2,4267.0,9350300.0
001895650,쌍문역,2018-09,2018-10,2,4674.0,9330410.0
001895650,쌍문역,2018-11,2018-12,2,3543.0,6839740.0
001895650,쌍문역,2019-01,2019-02,2,2850.0,6734750.0
001895650,쌍문역,2019-03,2019-04,2,2762.0,6880890.0
001895650,쌍문역,2019-05,2019-06,2,3342.0,8260250.0
001895650,쌍문역,2019-07,2019-08,2,4482.0,10035570.0
001895650,쌍문역,2019-09,2019-10,2,4769.0,9721020.0
001895650,쌍문역,2019-11,2019-12,2,3716.0,7425970.0
001895650,쌍문역,2020-01,2020-02,2,2910.0,6694350.0
001895650,쌍문역,2020-03,2020-04,2,2337.0,5725070.0
001895650,쌍문역,2020-05,2020-06,2,2517.0,6629110.0
001895650,쌍문역,2020-07,2020-08,2,3049.0,7416650.0
001895650,쌍문역,2020-09,2020-10,2,3020.0,6955310.0
001895650,쌍문역,2020-11,2020-12,2,2677.0,6386790.0
001895650,쌍문역,2021-01,2021-02,2,2038.0,5182180.0
001895650,쌍문역,2021-03,2021-04,2,1924.0,5114430.0
001895650,쌍문역,2021-05,2021-06,2,2057.0,5254230.0
001895650,쌍문역,2021-07,2021-08,2,2240.0,5808500.0
001895650,쌍문역,2021-09,2021-10,2,2643.0,6769540.0
001895650,쌍문역,2021-11,2021-12,2,2363.0,5641780.0
001895650,쌍문역,2022-01,2022-02,2,1564.0,4301090.0
001895650,쌍문역,2022-03,2022-04,2,1948.0,6179750.0
001895650,쌍문역,2022-05,2022-06,2,2169.0,5872350.0
001895650,쌍문역,2022-07,2022-08,2,2505.0,6916450.0
001895650,쌍문역,2022-09,2022-10,2,2702.0,6916450.0
001895650,쌍문역,2022-11,2022-12,2,2378.0,6057850.0
001895650,쌍문역,2023-01,2023-02,2,1392.0,4977440.0
001895650,쌍문역,2023-03,2023-04,2,1548.0,5897880.0
001895650,쌍문역,2023-05,2023-06,2,1640.0,6081400.0
001895650,쌍문역,2023-07,2023-08,2,1972.0,7338730.0
001895650,쌍문역,2023-09,2023-10,2,1975.0,7239750.0
001895650,쌍문역,2023-11,2023-12,2,1411.0,5210360.0
001895650,쌍문역,2024-01,2024-02,2,936.0,3639960.0
001895650,쌍문역,2024-03,2024-04,2,1604.0,5768440.0
001895650,쌍문역,2024-05,2024-06,2,1710.0,6160600.0
001895650,쌍문역,2024-07,2024-08,2,1966.0,7009310.0
001895650,쌍문역,2024-09,2024-10,2,1917.0,7022520.0
001895650,쌍문역,2024-11,2024-12,2,1758.0,6069880.0
001895650,쌍문역,2025-01,2025-02,2,1591.0,6080760.0
001895650,쌍문역,2025-03,2025-04,2,1647.0,6564120.0
001895650,쌍문역,2025-05,2025-06,2,1830.0,7239400.0
001895650,쌍문역,2025-07,2025-08,2,2318.0,9092060.0
001895650,쌍문역,2025-09,2025-10,2,2230.0,8377500.0
001895650,쌍문역,2025-11,2025-12,2,1857.0,6880120.0
001895650,쌍문역,2026-01,2026-02,2,1665.0,6057430.0
001895650,쌍문역,2026-03,2026-04,2,1667.0,6223500.0
001895650,쌍문역,2026-05,2026-06,1,978.0,3623280.0
000978203,아차산역,2010-02,2010-03,2,1216.0,1557080.0
000978203,아차산역,2010-04,2010-05,2,1390.0,1779800.0
000978203,아차산역,2010-06,2010-07,2,1410.0,1805400.0
000978203,아차산역,2010-08,2010-09,2,1341.0,1717080.0
000978203,아차산역,2010-10,2010-11,2,1344.0,1720920.0
000978203,아차산역,2010-12,2011-01,2,1347.0,1724760.0
000978203,아차산역,2011-02,2011-03,2,1255.0,1617500.0
000978203,아차산역,2011-04,2011-05,2,1694.0,2185860.0
000978203,아차산역,2011-06,2011-07,2,1358.0,1752420.0
000978203,아차산역,2011-08,2011-09,2,1807.0,2331630.0
000978203,아차산역,2011-10,2011-11,2,2882.0,3718380.0
000978203,아차산역,2011-12,2012-01,2,3577.0,4614930.0
000978203,아차산역,2012-02,2012-03,2,2100.0,3243870.0
000978203,아차산역,2012-04,2012-05,2,1716.0,2775840.0
000978203,아차산역,2012-06,2012-07,2,1228.0,1975520.0
000978203,아차산역,2012-08,2012-09,2,1302.0,2096880.0
000978203,아차산역,2012-10,2012-11,2,1290.0,2077200.0
000978203,아차산역,2012-12,2013-01,2,1251.0,2013240.0
000978203,아차산역,2013-02,2013-03,2,1181.0,2105450.0
000978203,아차산역,2013-04,2013-05,2,1220.0,2180400.0
000978203,아차산역,2013-06,2013-07,2,1510.0,2714000.0
000978203,아차산역,2013-08,2013-09,2,1236.0,2209840.0
000978203,아차산역,2013-10,2013-11,2,1276.0,2283440.0
000978203,아차산역,2013-12,2014-01,2,1365.0,2447200.0
000978203,아차산역,2014-02,2014-03,2,866.0,1655600.0
000978203,아차산역,2014-04,2014-05,2,1203.0,2329600.0
000978203,아차산역,2014-06,2014-07,2,1241.0,2405600.0
000978203,아차산역,2014-08,2014-09,2,1545.0,3013600.0
000978203,아차산역,2014-10,2014-11,2,1335.0,2593600.0
000978203,아차산역,2014-12,2015-01,2,1430.0,2783600.0
000978203,아차산역,2015-02,2015-03,2,1173.0,2269600.0
000978203,아차산역,2015-04,2015-05,2,1173.0,2269600.0
000978203,아차산역,2015-06,2015-07,2,1749.0,3421600.0
000978203,아차산역,2015-08,2015-09,2,1704.0,3331600.0
000978203,아차산역,2015-10,2015-11,2,1252.0,2427600.0
000978203,아차산역,2015-12,2016-01,2,211.0,431180.0
000978203,아차산역,2016-02,2016-03,2,1390.0,2703600.0
000978203,아차산역,2016-04,2016-05,2,1497.0,2917600.0
000978203,아차산역,2016-06,2016-07,2,1697.0,3317600.0
000978203,아차산역,2016-08,2016-09,2,1665.0,3253600.0
000978203,아차산역,2016-10,2016-11,2,1685.0,3293600.0
000978203,아차산역,2016-12,2017-01,2,1594.0,3111600.0
000978203,아차산역,2017-02,2017-03,2,1276.0,2571270.0
000978203,아차산역,2017-04,2017-05,2,1531.0,3132130.0
000978203,아차산역,2017-06,2017-07,2,1648.0,3375400.0
000978203,아차산역,2017-08,2017-09,2,1771.0,3633700.0
000978203,아차산역,2017-10,2017-11,2,1681.0,3444700.0
000978203,아차산역,2017-12,2018-01,2,1463.0,2986900.0
000978203,아차산역,2018-02,2018-03,2,1460.0,3096020.0
000978203,아차산역,2018-04,2018-05,2,1717.0,3694170.0
000978203,아차산역,2018-06,2018-07,2,2234.0,4836740.0
000978203,아차산역,2018-08,2018-09,2,1983.0,4282030.0
000978203,아차산역,2018-10,2018-11,2,1853.0,3994730.0
000978203,아차산역,2018-12,2019-01,2,1853.0,3994730.0
000978203,아차산역,2019-02,2019-03,2,1084.0,2427740.0
000978203,아차산역,2019-04,2019-05,2,1516.0,3420880.0
000978203,아차산역,2019-06,2019-07,2,1866.0,4236380.0
000978203,아차산역,2019-08,2019-09,2,1950.0,4432100.0
000978203,아차산역,2019-10,2019-11,2,1824.0,4138520.0
000978203,아차산역,2019-12,2020-01,2,1824.0,4138520.0
000978203,아차산역,2020-02,2020-03,2,1438.0,3239140.0
000978203,아차산역,2020-04,2020-05,2,1564.0,3532720.0
000978203,아차산역,2020-06,2020-07,2,1933.0,4392490.0
000978203,아차산역,2020-08,2020-09,2,2300.0,5247600.0
000978203,아차산역,2020-10,2020-11,2,1766.0,4003380.0
000978203,아차산역,2020-12,2021-01,2,1766.0,4003380.0
000978203,아차산역,2021-02,2021-03,2,1568.0,3542040.0
000978203,아차산역,2021-04,2021-05,2,1735.0,3931150.0
000978203,아차산역,2021-06,2021-07,2,1924.0,4371520.0
000978203,아차산역,2021-08,2021-09,2,1977.0,4844050.0
000978203,아차산역,2021-10,2021-11,2,1835.0,4553500.0
000978203,아차산역,2021-12,2022-01,2,1912.0,4749080.0
000978203,아차산역,2022-02,2022-03,2,1767.0,4599460.0
000978203,아차산역,2022-04,2022-05,2,1836.0,4739480.0
000978203,아차산역,2022-06,2022-07,2,1995.0,5251350.0
000978203,아차산역,2022-08,2022-09,2,2314.0,5303340.0
000978203,아차산역,2022-10,2022-11,2,1942.0,5110900.0
000978203,아차산역,2022-12,2023-01,2,1992.0,5243400.0
000978203,아차산역,2023-02,2023-03,2,1834.0,5857020.0
000978203,아차산역,2023-04,2023-05,2,2015.0,6696650.0
000978203,아차산역,2023-06,2023-07,2,2139.0,7126930.0
000978203,아차산역,2023-08,2023-09,2,2082.0,6929140.0
000978203,아차산역,2023-10,2023-11,2,2087.0,6946490.0
000978203,아차산역,2023-12,2024-01,2,1963.0,6520280.0
000978203,아차산역,2024-02,2024-03,2,1890.0,6275000.0
000978203,아차산역,2024-04,2024-05,2,2184.0,7283080.0
000978203,아차산역,2024-06,2024-07,2,2224.0,7421880.0
000978203,아차산역,2024-08,2024-09,2,2162.0,7206740.0
000978203,아차산역,2024-10,2024-11,2,2511.0,8417770.0
000978203,아차산역,2024-12,2025-01,2,1988.0,6604280.0
000978203,아차산역,2025-02,2025-03,2,1735.0,5754200.0
000978203,아차산역,2025-04,2025-05,2,1948.0,6469880.0
000978203,아차산역,2025-06,2025-07,2,2296.0,7671720.0
000978203,아차산역,2025-08,2025-09,2,2126.0,7081820.0
000978203,아차산역,2025-10,2025-11,2,2080.0,6922200.0
000978203,아차산역,2025-12,2026-01,2,2140.0,7130400.0
000978203,아차산역,2026-02,2026-03,2,2557.0,8948390.0
000978203,아차산역,2026-04,2026-05,2,2106.0,7402240.0
000214696,안국지하철역,2008-06,2008-07,2,2073.0,2574320.0
000214696,안국지하철역,2008-08,2008-09,2,2782.0,3477760.0
000214696,안국지하철역,2008-10,2008-11,2,2187.0,2766300.0
000214696,안국지하철역,2008-12,2009-01,2,1941.0,2451420.0
000214696,안국지하철역,2009-02,2009-03,2,1897.0,2395100.0
000214696,안국지하철역,2009-04,2009-05,2,2158.0,2729180.0
000214696,안국지하철역,2009-06,2009-07,2,2533.0,3209180.0
000214696,안국지하철역,2009-08,2009-09,2,2828.0,3536640.0
000214696,안국지하철역,2009-10,2009-11,2,1269.0,1560490.0
000214696,안국지하철역,2009-12,2010-01,2,404.0,1202900.0
000214696,안국지하철역,2010-02,2010-03,2,1445.0,2143280.0
000214696,안국지하철역,2010-04,2010-05,2,2042.0,2607220.0
000214696,안국지하철역,2010-06,2010-07,2,2391.0,3091000.0
000214696,안국지하철역,2010-08,2010-09,2,3090.0,3985720.0
000214696,안국지하철역,2010-10,2010-11,2,2693.0,3453240.0
000214696,안국지하철역,2010-12,2011-01,2,894.0,1362690.0
000214696,안국지하철역,2011-02,2011-03,2,766.0,2345120.0
000214696,안국지하철역,2011-04,2011-05,2,898.0,1445810.0
000214696,안국지하철역,2011-06,2011-07,2,953.0,1541920.0
000214696,안국지하철역,2011-08,2011-09,2,1370.0,2108920.0
000214696,안국지하철역,2011-10,2011-11,2,1441.0,2200510.0
000214696,안국지하철역,2011-12,2012-01,2,850.0,1438120.0
000214696,안국지하철역,2012-02,2012-03,2,737.0,1550370.0
000214696,안국지하철역,2012-04,2012-05,2,841.0,1795160.0
000214696,안국지하철역,2012-06,2012-07,2,2219.0,4055080.0
000214696,안국지하철역,2012-08,2012-09,2,4562.0,7897600.0
000214696,안국지하철역,2012-10,2012-11,2,1141.0,2287160.0
000214696,안국지하철역,2012-12,2013-01,2,1901.0,3533560.0
000214696,안국지하철역,2013-02,2013-03,2,1751.0,3702400.0
000214696,안국지하철역,2013-04,2013-05,2,1864.0,3910320.0
000214696,안국지하철역,2013-06,2013-07,2,1661.0,3536800.0
000214696,안국지하철역,2013-08,2013-09,2,2627.0,5179560.0
000214696,안국지하철역,2013-10,2013-11,2,1823.0,3772480.0
000214696,안국지하철역,2013-12,2014-01,2,817.0,2017120.0
000214696,안국지하철역,2014-02,2014-03,2,1131.0,2859600.0
000214696,안국지하철역,2014-04,2014-05,2,2215.0,5027600.0
000214696,안국지하철역,2014-06,2014-07,2,2319.0,5235600.0
000214696,안국지하철역,2014-08,2014-09,2,3654.0,7905600.0
000214696,안국지하철역,2014-10,2014-11,2,2696.0,5989600.0
000214696,안국지하철역,2014-12,2015-01,2,1809.0,4215600.0
000214696,안국지하철역,2015-02,2015-03,2,1070.0,2737600.0
000214696,안국지하철역,2015-04,2015-05,2,727.0,1830500.0
000214696,안국지하철역,2015-06,2015-07,2,1698.0,3582000.0
000214696,안국지하철역,2015-08,2015-09,2,3417.0,7247700.0
000214696,안국지하철역,2015-10,2015-11,2,1682.0,3591700.0
000214696,안국지하철역,2015-12,2016-01,2,1478.0,3127600.0
000214696,안국지하철역,2016-02,2016-03,2,1456.0,3116600.0
000214696,안국지하철역,2016-04,2016-05,2,1451.0,3088000.0
000214696,안국지하철역,2016-06,2016-07,2,1960.0,4106000.0
000214696,안국지하철역,2016-08,2016-09,2,2461.0,4863500.0
000214696,안국지하철역,2016-10,2016-11,2,1910.0,4006000.0
000214696,안국지하철역,2016-12,2017-01,2,2226.0,4398300.0
000214696,안국지하철역,2017-02,2017-03,2,1101.0,2558950.0
000214696,안국지하철역,2017-04,2017-05,2,1824.0,3904670.0
000214696,안국지하철역,2017-06,2017-07,2,2052.0,4348230.0
000214696,안국지하철역,2017-08,2017-09,2,2596.0,5322000.0
000214696,안국지하철역,2017-10,2017-11,2,2755.0,5655900.0
000214696,안국지하철역,2017-12,2018-01,2,1966.0,3999000.0
000214696,안국지하철역,2018-02,2018-03,2,1193.0,2801340.0
000214696,안국지하철역,2018-04,2018-05,2,1768.0,4151840.0
000214696,안국지하철역,2018-06,2018-07,2,2115.0,4610550.0
000214696,안국지하철역,2018-08,2018-09,2,2320.0,5043440.0
000214696,안국지하철역,2018-10,2018-11,2,2367.0,5173590.0
000214696,안국지하철역,2018-12,2019-01,2,1706.0,3703420.0
000214696,안국지하철역,2019-02,2019-03,2,14915.0,10282970.0
000214696,안국지하철역,2019-04,2019-05,2,2608.0,6271840.0
000214696,안국지하철역,2019-06,2019-07,2,2313.0,3826090.0
000214696,안국지하철역,2019-08,2019-09,2,2127.0,4929910.0
000214696,안국지하철역,2019-10,2019-11,2,2771.0,6430430.0
000214696,안국지하철역,2019-12,2020-01,2,2259.0,5237470.0
000214696,안국지하철역,2020-02,2020-03,2,1618.0,3743940.0
000214696,안국지하철역,2020-04,2020-05,2,1271.0,2925030.0
000214696,안국지하철역,2020-06,2020-07,2,1767.0,4080710.0
000214696,안국지하철역,2020-08,2020-09,2,1990.0,4600300.0
000214696,안국지하철역,2020-10,2020-11,2,1662.0,3836060.0
000214696,안국지하철역,2020-12,2021-01,2,1411.0,3251230.0
000214696,안국지하철역,2021-02,2021-03,2,1143.0,2626790.0
000214696,안국지하철역,2021-04,2021-05,2,1431.0,3297830.0
000214696,안국지하철역,2021-06,2021-07,2,1963.0,4537390.0
000214696,안국지하철역,2021-08,2021-09,2,1800.0,4475670.0
000214696,안국지하철역,2021-10,2021-11,2,3703.0,9373220.0
000214696,안국지하철역,2021-12,2022-01,2,2504.0,1090210.0
000214696,안국지하철역,2022-02,2022-03,2,1508.0,2683110.0
000214696,안국지하철역,2022-04,2022-05,2,1778.0,4751300.0
000214696,안국지하철역,2022-06,2022-07,2,2832.0,7544400.0
000214696,안국지하철역,2022-08,2022-09,2,3061.0,8151250.0
000214696,안국지하철역,2022-10,2022-11,2,4670.0,6204300.0
000214696,안국지하철역,2022-12,2023-01,2,3023.0,8050550.0
000214696,안국지하철역,2023-02,2023-03,2,2475.0,8041570.0
000214696,안국지하철역,2023-04,2023-05,2,2894.0,9821780.0
000214696,안국지하철역,2023-06,2023-07,2,3152.0,10717040.0
000214696,안국지하철역,2023-08,2023-09,2,2971.0,10088970.0
000214696,안국지하철역,2023-10,2023-11,2,3036.0,10314520.0
000214696,안국지하철역,2023-12,2024-01,2,3036.0,10314520.0
000214696,안국지하철역,2024-02,2024-03,2,6395.0,21970250.0
000214696,안국지하철역,2024-04,2024-05,2,2691.0,129600.0
000214696,안국지하철역,2024-06,2024-07,2,2915.0,7112180.0
000214696,안국지하철역,2024-08,2024-09,2,2863.0,9714210.0
000214696,안국지하철역,2024-10,2024-11,2,3101.0,10540070.0
000214696,안국지하철역,2024-12,2025-01,2,2673.0,9054910.0
000214696,안국지하철역,2025-02,2025-03,2,2288.0,7718960.0
000214696,안국지하철역,2025-04,2025-05,2,2877.0,9762790.0
000214696,안국지하철역,2025-06,2025-07,2,3013.0,10234710.0
000214696,안국지하철역,2025-08,2025-09,2,3198.0,10876660.0
000214696,안국지하철역,2025-10,2025-11,2,2857.0,9693390.0
000214696,안국지하철역,2025-12,2026-01,2,2564.0,8658710.0
000214696,안국지하철역,2026-02,2026-03,2,1992.0,7025430.0
000214696,안국지하철역,2026-04,2026-05,2,2457.0,8780800.0
031750442,암사역,2008-06,2008-07,2,1183.0,1201550.0
031750442,암사역,2008-08,2008-09,2,1206.0,1590380.0
031750442,암사역,2008-10,2008-11,2,1120.0,1444600.0
031750442,암사역,2008-12,2009-01,2,991.0,1279480.0
031750442,암사역,2009-02,2009-03,2,845.0,1092600.0
031750442,암사역,2009-04,2009-05,2,1064.0,1372920.0
031750442,암사역,2009-06,2009-07,2,1064.0,1372920.0
031750442,암사역,2009-08,2009-09,2,1367.0,1760760.0
031750442,암사역,2009-10,2009-11,2,1491.0,1920170.0
031750442,암사역,2009-12,2010-01,2,1248.0,1608440.0
031750442,암사역,2010-02,2010-03,2,947.0,1212760.0
031750442,암사역,2010-04,2010-05,2,1243.0,1591640.0
031750442,암사역,2010-06,2010-07,2,1465.0,1875800.0
031750442,암사역,2010-08,2010-09,2,1295.0,1658200.0
031750442,암사역,2010-10,2010-11,2,1248.0,1598040.0
031750442,암사역,2010-12,2011-01,2,1188.0,1521240.0
031750442,암사역,2011-02,2011-03,2,1182.0,1525380.0
031750442,암사역,2011-04,2011-05,2,1246.0,1607940.0
031750442,암사역,2011-06,2011-07,2,1364.0,1760160.0
031750442,암사역,2011-08,2011-09,2,1429.0,1844010.0
031750442,암사역,2011-10,2011-11,2,1348.0,1739520.0
031750442,암사역,2011-12,2012-01,2,1302.0,1680180.0
031750442,암사역,2012-02,2012-03,2,1236.0,1988640.0
031750442,암사역,2012-04,2012-05,2,1267.0,2039480.0
031750442,암사역,2012-06,2012-07,2,1366.0,2201840.0
031750442,암사역,2012-08,2012-09,2,1427.0,2301880.0
031750442,암사역,2012-10,2012-11,2,1345.0,2167400.0
031750442,암사역,2012-12,2013-01,2,1102.0,1768880.0
031750442,암사역,2013-02,2013-03,2,1118.0,1992720.0
031750442,암사역,2013-04,2013-05,2,1338.0,2397520.0
031750442,암사역,2013-06,2013-07,2,1518.0,2728720.0
031750442,암사역,2013-08,2013-09,2,1704.0,3070960.0
031750442,암사역,2013-10,2013-11,2,1511.0,2715840.0
031750442,암사역,2013-12,2014-01,2,1298.0,2359280.0
031750442,암사역,2014-02,2014-03,2,1271.0,2513600.0
031750442,암사역,2014-04,2014-05,2,1482.0,2935600.0
031750442,암사역,2014-06,2014-07,2,1491.0,2953600.0
031750442,암사역,2014-08,2014-09,2,1786.0,3543600.0
031750442,암사역,2014-10,2014-11,2,1562.0,3047600.0
031750442,암사역,2014-12,2015-01,2,1355.0,2633600.0
031750442,암사역,2015-02,2015-03,2,1241.0,2509700.0
031750442,암사역,2015-04,2015-05,2,1455.0,2875300.0
031750442,암사역,2015-06,2015-07,2,1425.0,2821000.0
031750442,암사역,2015-08,2015-09,2,1583.0,3089600.0
031750442,암사역,2015-10,2015-11,2,1544.0,3011600.0
031750442,암사역,2015-12,2016-01,2,1500.0,3079000.0
031750442,암사역,2016-02,2016-03,2,1550.0,3085400.0
031750442,암사역,2016-04,2016-05,2,1528.0,3023400.0
031750442,암사역,2016-06,2016-07,2,1590.0,3148000.0
031750442,암사역,2016-08,2016-09,2,1608.0,3199600.0
031750442,암사역,2016-10,2016-11,2,1501.0,2975400.0
031750442,암사역,2016-12,2017-01,2,1507.0,2985410.0
031750442,암사역,2017-02,2017-03,2,1487.0,3078880.0
031750442,암사역,2017-04,2017-05,2,1448.0,2993860.0
031750442,암사역,2017-06,2017-07,2,1673.0,3469480.0
031750442,암사역,2017-08,2017-09,2,1783.0,3700480.0
031750442,암사역,2017-10,2017-11,2,1649.0,3420400.0
031750442,암사역,2017-12,2018-01,2,1535.0,3194520.0
031750442,암사역,2018-02,2018-03,2,1669.0,3642090.0
031750442,암사역,2018-04,2018-05,2,1619.0,3543830.0
031750442,암사역,2018-06,2018-07,2,1924.0,4217880.0
031750442,암사역,2018-08,2018-09,2,2578.0,5663220.0
031750442,암사역,2018-10,2018-11,2,1749.0,3831130.0
031750442,암사역,2018-12,2019-01,2,1787.0,3933470.0
031750442,암사역,2019-02,2019-03,2,2074.0,4794620.0
031750442,암사역,2019-04,2019-05,2,1579.0,3641270.0
031750442,암사역,2019-06,2019-07,2,2004.0,4631520.0
031750442,암사역,2019-08,2019-09,2,3147.0,7305110.0
031750442,암사역,2019-10,2019-11,2,2653.0,6143690.0
031750442,암사역,2019-12,2020-01,2,2090.0,4758300.0
031750442,암사역,2020-02,2020-03,2,1499.0,3454870.0
031750442,암사역,2020-04,2020-05,2,2067.0,4778310.0
031750442,암사역,2020-06,2020-07,2,1168.0,2683640.0
031750442,암사역,2020-08,2020-09,2,1754.0,4049020.0
031750442,암사역,2020-10,2020-11,2,2100.0,4855200.0
031750442,암사역,2020-12,2021-01,2,2090.0,4831900.0
031750442,암사역,2021-02,2021-03,2,1420.0,3270800.0
031750442,암사역,2021-04,2021-05,2,1543.0,3557390.0
031750442,암사역,2021-06,2021-07,2,1673.0,3893830.0
031750442,암사역,2021-08,2021-09,2,2019.0,5094460.0
031750442,암사역,2021-10,2021-11,2,1683.0,4241020.0
031750442,암사역,2021-12,2022-01,2,1489.0,3766280.0
031750442,암사역,2022-02,2022-03,2,1280.0,3430200.0
031750442,암사역,2022-04,2022-05,2,1358.0,3636900.0
031750442,암사역,2022-06,2022-07,2,252.0,688080.0
031750442,암사역,2022-08,2022-09,2,1538.0,4040300.0
031750442,암사역,2022-10,2022-11,2,1542.0,4050900.0
031750442,암사역,2022-12,2023-01,2,1226.0,3278910.0
031750442,암사역,2023-02,2023-03,2,1168.0,3849080.0
031750442,암사역,2023-04,2023-05,2,1263.0,4168280.0
031750442,암사역,2023-06,2023-07,2,1714.0,5683640.0
031750442,암사역,2023-08,2023-09,2,1914.0,6355640.0
031750442,암사역,2023-10,2023-11,2,1600.0,5299600.0
031750442,암사역,2023-12,2024-01,2,1483.0,4906480.0
031750442,암사역,2024-02,2024-03,2,1718.0,5767680.0
031750442,암사역,2024-04,2024-05,2,1674.0,5548240.0
031750442,암사역,2024-06,2024-07,2,1652.0,5474320.0
031750442,암사역,2024-08,2024-09,2,1882.0,6247120.0
031750442,암사역,2024-10,2024-11,2,1460.0,4829200.0
031750442,암사역,2024-12,2025-01,2,1313.0,4335280.0
031750442,암사역,2025-02,2025-03,2,1102.0,3626320.0
031750442,암사역,2025-04,2025-05,2,1290.0,4258000.0
031750442,암사역,2025-06,2025-07,2,1484.0,4909840.0
031750442,암사역,2025-08,2025-09,2,2246.0,7497220.0
031750442,암사역,2025-10,2025-11,2,1698.0,5628880.0
031750442,암사역,2025-12,2026-01,2,1483.0,4926160.0
031750442,암사역,2026-02,2026-03,2,1366.0,4771040.0
031750442,암사역,2026-04,2026-05,2,1550.0,5422400.0
042547672,암사역사공원역,2023-11,2023-12,2,324.0,1013060.0
042547672,암사역사공원역,2024-01,2024-02,2,0.0,104600.0
042547672,암사역사공원역,2024-03,2024-04,2,64.0,230760.0
042547672,암사역사공원역,2024-05,2024-06,2,120.0,377800.0
042547672,암사역사공원역,2024-07,2024-08,2,276.0,863120.0
042547672,암사역사공원역,2024-09,2024-10,2,734.0,2389840.0
042547672,암사역사공원역,2024-11,2024-12,2,1020.0,3350800.0
042547672,암사역사공원역,2025-01,2025-02,2,398.0,1261060.0
042547672,암사역사공원역,2025-03,2025-04,2,404.0,1281040.0
042547672,암사역사공원역,2025-05,2025-06,2,506.0,1623760.0
042547672,암사역사공원역,2025-07,2025-08,2,610.0,1973200.0
042547672,암사역사공원역,2025-09,2025-10,2,724.0,2356240.0
042547672,암사역사공원역,2025-11,2025-12,2,600.0,1939600.0
042547672,암사역사공원역,2026-01,2026-02,2,580.0,1924500.0
042547672,암사역사공원역,2026-03,2026-04,2,505.0,1723100.0
032144824,약수역,2010-02,2010-03,2,707.0,582880.0
032144824,약수역,2010-04,2010-05,2,824.0,1000720.0
032144824,약수역,2010-06,2010-07,2,1159.0,1429520.0
032144824,약수역,2010-08,2010-09,2,973.0,1191440.0
032144824,약수역,2010-10,2010-11,2,912.0,1113360.0
032144824,약수역,2010-12,2011-01,2,784.0,949520.0
032144824,약수역,2011-02,2011-03,2,725.0,881250.0
032144824,약수역,2011-04,2011-05,2,969.0,1196010.0
032144824,약수역,2011-06,2011-07,2,1089.0,1350810.0
032144824,약수역,2011-08,2011-09,2,1035.0,1281150.0
032144824,약수역,2011-10,2011-11,2,1072.0,1328880.0
032144824,약수역,2011-12,2012-01,2,969.0,1196010.0
032144824,약수역,2012-02,2012-03,2,828.0,1264920.0
032144824,약수역,2012-04,2012-05,2,978.0,1510920.0
032144824,약수역,2012-06,2012-07,2,1243.0,1945520.0
032144824,약수역,2012-08,2012-09,2,1284.0,2012760.0
032144824,약수역,2012-10,2012-11,2,1288.0,2019320.0
032144824,약수역,2012-12,2013-01,2,978.0,1510920.0
032144824,약수역,2013-02,2013-03,2,830.0,1408200.0
032144824,약수역,2013-04,2013-05,2,979.0,1682360.0
032144824,약수역,2013-06,2013-07,2,933.0,1597720.0
032144824,약수역,2013-08,2013-09,2,1172.0,2037480.0
032144824,약수역,2013-10,2013-11,2,923.0,1579320.0
032144824,약수역,2013-12,2014-01,2,866.0,1474440.0
032144824,약수역,2014-02,2014-03,2,832.0,1533000.0
032144824,약수역,2014-04,2014-05,2,968.0,1805000.0
032144824,약수역,2014-06,2014-07,2,1027.0,1923000.0
032144824,약수역,2014-08,2014-09,2,1214.0,2297000.0
032144824,약수역,2014-10,2014-11,2,947.0,1763000.0
032144824,약수역,2014-12,2015-01,2,846.0,1561000.0
032144824,약수역,2015-02,2015-03,2,719.0,1307000.0
032144824,약수역,2015-04,2015-05,2,894.0,1657000.0
032144824,약수역,2015-06,2015-07,2,928.0,1725000.0
032144824,약수역,2015-08,2015-09,2,1041.0,1951000.0
032144824,약수역,2015-10,2015-11,2,931.0,1731000.0
032144824,약수역,2015-12,2016-01,2,906.0,1681000.0
032144824,약수역,2016-02,2016-03,2,791.0,1451000.0
032144824,약수역,2016-04,2016-05,2,990.0,1849000.0
032144824,약수역,2016-06,2016-07,2,1021.0,1911000.0
032144824,약수역,2016-08,2016-09,2,1331.0,2531000.0
032144824,약수역,2016-10,2016-11,2,958.0,1785000.0
032144824,약수역,2016-12,2017-01,2,895.0,1663700.0
032144824,약수역,2017-02,2017-03,2,840.0,1624000.0
032144824,약수역,2017-04,2017-05,2,1020.0,1997110.0
032144824,약수역,2017-06,2017-07,2,1036.0,2035600.0
032144824,약수역,2017-08,2017-09,2,1719.0,3469900.0
032144824,약수역,2017-10,2017-11,2,1018.0,1997800.0
032144824,약수역,2017-12,2018-01,2,838.0,1625390.0
032144824,약수역,2018-02,2018-03,2,759.0,1522390.0
032144824,약수역,2018-04,2018-05,2,808.0,1630680.0
032144824,약수역,2018-06,2018-07,2,1036.0,2134560.0
032144824,약수역,2018-08,2018-09,2,1378.0,2890380.0
032144824,약수역,2018-10,2018-11,2,758.0,1520180.0
032144824,약수역,2018-12,2019-01,2,713.0,1425750.0
032144824,약수역,2019-02,2019-03,2,664.0,1381120.0
032144824,약수역,2019-04,2019-05,2,898.0,1926340.0
032144824,약수역,2019-06,2019-07,2,880.0,1884400.0
032144824,약수역,2019-08,2019-09,2,1084.0,2359720.0
032144824,약수역,2019-10,2019-11,2,871.0,1863430.0
032144824,약수역,2019-12,2020-01,2,774.0,1637420.0
032144824,약수역,2020-02,2020-03,2,682.0,1423060.0
032144824,약수역,2020-04,2020-05,2,619.0,1276270.0
032144824,약수역,2020-06,2020-07,2,663.0,1378790.0
032144824,약수역,2020-08,2020-09,2,914.0,1963620.0
032144824,약수역,2020-10,2020-11,2,685.0,1430050.0
032144824,약수역,2020-12,2021-01,2,1022.0,2215260.0
032144824,약수역,2021-02,2021-03,2,1895.0,4249350.0
032144824,약수역,2021-04,2021-05,2,752.0,1586160.0
032144824,약수역,2021-06,2021-07,2,765.0,1631330.0
032144824,약수역,2021-08,2021-09,2,1263.0,3046020.0
032144824,약수역,2021-10,2021-11,2,762.0,1773480.0
032144824,약수역,2021-12,2022-01,2,755.0,1769840.0
032144824,약수역,2022-02,2022-03,2,707.0,1783550.0
032144824,약수역,2022-04,2022-05,2,1811.0,4709150.0
032144824,약수역,2022-06,2022-07,2,6938.0,5943760.0
032144824,약수역,2022-08,2022-09,2,2495.0,4062110.0
032144824,약수역,2022-10,2022-11,2,716.0,1807400.0
032144824,약수역,2022-12,2023-01,2,673.0,1733670.0
032144824,약수역,2023-02,2023-03,2,1219.0,3965840.0
032144824,약수역,2023-04,2023-05,2,707.0,2245520.0
032144824,약수역,2023-06,2023-07,2,825.0,2642000.0
032144824,약수역,2023-08,2023-09,2,1470.0,4809200.0
032144824,약수역,2023-10,2023-11,2,850.0,2726000.0
032144824,약수역,2023-12,2024-01,2,622.0,1970290.0
032144824,약수역,2024-02,2024-03,2,627.0,1976720.0
032144824,약수역,2024-04,2024-05,2,663.0,2097680.0
032144824,약수역,2024-06,2024-07,2,719.0,2285840.0
032144824,약수역,2024-08,2024-09,2,1526.0,4997360.0
032144824,약수역,2024-10,2024-11,2,1156.0,3754160.0
032144824,약수역,2024-12,2025-01,2,781.0,2482860.0
032144824,약수역,2025-02,2025-03,2,657.0,2077520.0
032144824,약수역,2025-04,2025-05,2,1046.0,3384560.0
032144824,약수역,2025-06,2025-07,2,1350.0,4406000.0
032144824,약수역,2025-08,2025-09,2,1637.0,5370320.0
032144824,약수역,2025-10,2025-11,2,1144.0,3713840.0
032144824,약수역,2025-12,2026-01,2,1058.0,3435040.0
032144824,약수역,2026-02,2026-03,2,621.0,2080140.0
032144824,약수역,2026-04,2026-05,2,793.0,2689020.0
029874620,양평역,2008-06,2008-07,2,343.0,649400.0
029874620,양평역,2008-08,2008-09,2,377.0,667650.0
029874620,양평역,2008-10,2008-11,2,276.0,748150.0
029874620,양평역,2008-12,2009-01,2,169.0,666500.0
029874620,양평역,2009-02,2009-03,2,123.0,540000.0
029874620,양평역,2009-04,2009-05,2,139.0,599800.0
029874620,양평역,2009-06,2009-07,2,188.0,694100.0
029874620,양평역,2009-08,2009-09,2,304.0,558400.0
029874620,양평역,2009-10,2009-11,2,213.0,537700.0
029874620,양평역,2009-12,2010-01,2,213.0,537700.0
029874620,양평역,2010-02,2010-03,2,277.0,909000.0
029874620,양평역,2010-04,2010-05,2,149.0,649250.0
029874620,양평역,2010-06,2010-07,2,167.0,674550.0
029874620,양평역,2010-08,2010-09,2,205.0,703300.0
029874620,양평역,2010-10,2010-11,2,153.0,961480.0
029874620,양평역,2010-12,2011-01,2,137.0,809160.0
029874620,양평역,2011-02,2011-03,2,121.0,753920.0
029874620,양평역,2011-04,2011-05,2,152.0,792210.0
029874620,양평역,2011-06,2011-07,2,165.0,741160.0
029874620,양평역,2011-08,2011-09,2,116.0,740000.0
029874620,양평역,2011-10,2011-11,2,141.0,625160.0
029874620,양평역,2011-12,2012-01,2,99.0,508000.0
029874620,양평역,2012-02,2012-03,2,98.0,607040.0
029874620,양평역,2012-04,2012-05,2,101.0,624560.0
029874620,양평역,2012-06,2012-07,2,104.0,715080.0
029874620,양평역,2012-08,2012-09,2,132.0,691720.0
029874620,양평역,2012-10,2012-11,2,121.0,677120.0
029874620,양평역,2012-12,2013-01,2,114.0,661060.0
029874620,양평역,2013-02,2013-03,2,102.0,721230.0
029874620,양평역,2013-04,2013-05,2,88.0,740790.0
029874620,양평역,2013-06,2013-07,2,95.0,807620.0
029874620,양평역,2013-08,2013-09,2,108.0,763610.0
029874620,양평역,2013-10,2013-11,2,107.0,744050.0
029874620,양평역,2013-12,2014-01,2,92.0,701670.0
029874620,양평역,2014-02,2014-03,2,107.0,782500.0
029874620,양평역,2014-04,2014-05,2,112.0,835900.0
029874620,양평역,2014-06,2014-07,2,110.0,796740.0
029874620,양평역,2014-08,2014-09,2,132.0,859040.0
029874620,양평역,2014-10,2014-11,2,146.0,903540.0
029874620,양평역,2014-12,2015-01,2,123.0,873280.0
029874620,양평역,2015-02,2015-03,2,109.0,784280.0
029874620,양평역,2015-04,2015-05,2,118.0,887520.0
029874620,양평역,2015-06,2015-07,2,240.0,1115360.0
029874620,양평역,2015-08,2015-09,2,153.0,930240.0
029874620,양평역,2015-10,2015-11,2,156.0,935580.0
029874620,양평역,2015-12,2016-01,2,129.0,846580.0
029874620,양평역,2016-02,2016-03,2,115.0,759360.0
029874620,양평역,2016-04,2016-05,2,127.0,875060.0
029874620,양평역,2016-06,2016-07,2,136.0,892860.0
029874620,양평역,2016-08,2016-09,2,412.0,1373600.0
029874620,양평역,2016-10,2016-11,2,180.0,891080.0
029874620,양평역,2016-12,2017-01,2,133.0,868520.0
029874620,양평역,2017-02,2017-03,2,106.0,746760.0
029874620,양평역,2017-04,2017-05,2,104.0,887760.0
029874620,양평역,2017-06,2017-07,2,511.0,1596400.0
029874620,양평역,2017-08,2017-09,2,354.0,1300300.0
029874620,양평역,2017-10,2017-11,2,125.0,855220.0
029874620,양평역,2017-12,2018-01,2,92.0,740150.0
029874620,양평역,2018-02,2018-03,2,144.0,933680.0
029874620,양평역,2018-04,2018-05,2,78.0,688680.0
029874620,양평역,2018-06,2018-07,2,106.0,749440.0
029874620,양평역,2018-08,2018-09,2,594.0,1737690.0
029874620,양평역,2018-10,2018-11,2,88.0,651440.0
029874620,양평역,2018-12,2019-01,2,88.0,610450.0
029874620,양평역,2019-02,2019-03,2,62.0,599150.0
029874620,양평역,2019-04,2019-05,2,95.0,733700.0
029874620,양평역,2019-06,2019-07,2,148.0,826850.0
029874620,양평역,2019-08,2019-09,2,207.0,992450.0
029874620,양평역,2019-10,2019-11,2,126.0,845480.0
029874620,양평역,2019-12,2020-01,2,125.0,911720.0
029874620,양평역,2020-02,2020-03,2,135.0,835130.0
029874620,양평역,2020-04,2020-05,2,142.0,810290.0
029874620,양평역,2020-06,2020-07,2,139.0,888950.0
029874620,양평역,2020-08,2020-09,2,175.0,1052480.0
029874620,양평역,2020-10,2020-11,2,154.0,826850.0
029874620,양평역,2020-12,2021-01,2,110.0,642620.0
029874620,양평역,2021-02,2021-03,2,112.0,727490.0
029874620,양평역,2021-04,2021-05,2,130.0,721280.0
029874620,양평역,2021-06,2021-07,2,134.0,771650.0
029874620,양평역,2021-08,2021-09,2,382.0,1338980.0
029874620,양평역,2021-10,2021-11,2,141.0,862120.0
029874620,양평역,2021-12,2022-01,2,113.0,738620.0
029874620,양평역,2022-02,2022-03,2,104.0,728940.0
029874620,양평역,2022-04,2022-05,2,116.0,865890.0
029874620,양평역,2022-06,2022-07,2,178.0,1042680.0
029874620,양평역,2022-08,2022-09,2,321.0,1428630.0
029874620,양평역,2022-10,2022-11,2,126.0,950550.0
029874620,양평역,2022-12,2023-01,2,95.0,838320.0
029874620,양평역,2023-02,2023-03,2,107.0,973760.0
029874620,양평역,2023-04,2023-05,2,120.0,1098020.0
029874620,양평역,2023-06,2023-07,2,180.0,1235360.0
029874620,양평역,2023-08,2023-09,2,566.0,2585000.0
029874620,양평역,2023-10,2023-11,2,210.0,1348520.0
029874620,양평역,2023-12,2024-01,2,126.0,1209200.0
029874620,양평역,2024-02,2024-03,2,122.0,1019540.0
029874620,양평역,2024-04,2024-05,2,135.0,1209200.0
029874620,양평역,2024-06,2024-07,2,301.0,1761800.0
029874620,양평역,2024-08,2024-09,2,689.0,2944520.0
029874620,양평역,2024-10,2024-11,2,248.0,1466120.0
029874620,양평역,2024-12,2025-01,2,105.0,924710.0
029874620,양평역,2025-02,2025-03,2,116.0,849500.0
029874620,양평역,2025-04,2025-05,2,129.0,1058780.0
029874620,양평역,2025-06,2025-07,2,273.0,2679080.0
029874620,양평역,2025-08,2025-09,2,1575.0,7260320.0
029874620,양평역,2025-10,2025-11,2,528.0,2321920.0
029874620,양평역,2025-12,2026-01,2,66.0,755820.0
029874620,양평역,2026-02,2026-03,2,53.0,684800.0
029874620,양평역,2026-04,2026-05,2,129.0,1091900.0
006742276,어린이대공원역,2010-01,2010-02,2,199.0,387320.0
006742276,어린이대공원역,2010-03,2010-04,2,220.0,408070.0
006742276,어린이대공원역,2010-05,2010-06,2,342.0,631160.0
006742276,어린이대공원역,2010-07,2010-08,2,311.0,551650.0
006742276,어린이대공원역,2010-09,2010-10,2,287.0,497530.0
006742276,어린이대공원역,2010-11,2010-12,2,305.0,555460.0
006742276,어린이대공원역,2011-01,2011-02,2,328.0,534410.0
006742276,어린이대공원역,2011-03,2011-04,2,221.0,418060.0
006742276,어린이대공원역,2011-05,2011-06,2,302.0,593110.0
006742276,어린이대공원역,2011-07,2011-08,2,377.0,616020.0
006742276,어린이대공원역,2011-09,2011-10,2,384.0,625330.0
006742276,어린이대공원역,2011-11,2011-12,2,304.0,570610.0
006742276,어린이대공원역,2012-01,2012-02,2,202.0,415230.0
006742276,어린이대공원역,2012-03,2012-04,2,207.0,523140.0
006742276,어린이대공원역,2012-05,2012-06,2,318.0,769680.0
006742276,어린이대공원역,2012-07,2012-08,2,376.0,800020.0
006742276,어린이대공원역,2012-09,2012-10,2,391.0,813120.0
006742276,어린이대공원역,2012-11,2012-12,2,305.0,971140.0
006742276,어린이대공원역,2013-01,2013-02,2,202.0,494720.0
006742276,어린이대공원역,2013-03,2013-04,2,897.0,1531480.0
006742276,어린이대공원역,2013-05,2013-06,2,1348.0,2374640.0
006742276,어린이대공원역,2013-07,2013-08,2,1312.0,2295080.0
006742276,어린이대공원역,2013-09,2013-10,2,1399.0,2455160.0
006742276,어린이대공원역,2013-11,2013-12,2,1386.0,2431240.0
006742276,어린이대공원역,2014-01,2014-02,2,1102.0,1908680.0
006742276,어린이대공원역,2014-03,2014-04,2,1082.0,2033000.0
006742276,어린이대공원역,2014-05,2014-06,2,1648.0,3165000.0
006742276,어린이대공원역,2014-07,2014-08,2,1367.0,2603000.0
006742276,어린이대공원역,2014-09,2014-10,2,1386.0,2641000.0
006742276,어린이대공원역,2014-11,2014-12,2,1578.0,3025000.0
006742276,어린이대공원역,2015-01,2015-02,2,1401.0,2671000.0
006742276,어린이대공원역,2015-03,2015-04,2,1388.0,2645000.0
006742276,어린이대공원역,2015-05,2015-06,2,2235.0,4339000.0
006742276,어린이대공원역,2015-07,2015-08,2,2241.0,4351000.0
006742276,어린이대공원역,2015-09,2015-10,2,2619.0,5107000.0
006742276,어린이대공원역,2015-11,2015-12,2,2274.0,4417000.0
006742276,어린이대공원역,2016-01,2016-02,2,1664.0,3197000.0
006742276,어린이대공원역,2016-03,2016-04,2,1580.0,3029000.0
006742276,어린이대공원역,2016-05,2016-06,2,2353.0,4575000.0
006742276,어린이대공원역,2016-07,2016-08,2,2513.0,4895000.0
006742276,어린이대공원역,2016-09,2016-10,2,3042.0,5953000.0
006742276,어린이대공원역,2016-11,2016-12,2,2301.0,4471000.0
006742276,어린이대공원역,2017-01,2017-02,2,1509.0,2933980.0
006742276,어린이대공원역,2017-03,2017-04,2,1441.0,2890570.0
006742276,어린이대공원역,2017-05,2017-06,2,1943.0,3940300.0
006742276,어린이대공원역,2017-07,2017-08,2,1948.0,3950800.0
006742276,어린이대공원역,2017-09,2017-10,2,2140.0,4354000.0
006742276,어린이대공원역,2017-11,2017-12,2,1713.0,3457300.0
006742276,어린이대공원역,2018-01,2018-02,2,1251.0,2525210.0
006742276,어린이대공원역,2018-03,2018-04,2,1337.0,2799770.0
006742276,어린이대공원역,2018-05,2018-06,2,1853.0,3940130.0
006742276,어린이대공원역,2018-07,2018-08,2,1773.0,3763330.0
006742276,어린이대공원역,2018-09,2018-10,2,2078.0,4437380.0
006742276,어린이대공원역,2018-11,2018-12,2,1504.0,3168840.0
006742276,어린이대공원역,2019-01,2019-02,2,1337.0,2846450.0
006742276,어린이대공원역,2019-03,2019-04,2,1434.0,3175220.0
006742276,어린이대공원역,2019-05,2019-06,2,1960.0,4400800.0
006742276,어린이대공원역,2019-07,2019-08,2,1829.0,4095570.0
006742276,어린이대공원역,2019-09,2019-10,2,2025.0,4552250.0
006742276,어린이대공원역,2019-11,2019-12,2,1898.0,4256340.0
006742276,어린이대공원역,2020-01,2020-02,2,1529.0,3396570.0
006742276,어린이대공원역,2020-03,2020-04,2,1319.0,2907270.0
006742276,어린이대공원역,2020-05,2020-06,2,1076.0,2341080.0
006742276,어린이대공원역,2020-07,2020-08,2,1234.0,2709220.0
006742276,어린이대공원역,2020-09,2020-10,2,1445.0,3200850.0
006742276,어린이대공원역,2020-11,2020-12,2,1442.0,3193860.0
006742276,어린이대공원역,2021-01,2021-02,2,966.0,2084780.0
006742276,어린이대공원역,2021-03,2021-04,2,1052.0,2285160.0
006742276,어린이대공원역,2021-05,2021-06,2,1435.0,3177550.0
006742276,어린이대공원역,2021-07,2021-08,2,1355.0,3084340.0
006742276,어린이대공원역,2021-09,2021-10,2,1548.0,3769920.0
006742276,어린이대공원역,2021-11,2021-12,2,1334.0,3226360.0
006742276,어린이대공원역,2022-01,2022-02,2,1334.0,3297120.0
006742276,어린이대공원역,2022-03,2022-04,2,1256.0,3239850.0
006742276,어린이대공원역,2022-05,2022-06,2,1817.0,4725050.0
006742276,어린이대공원역,2022-07,2022-08,2,1693.0,4396450.0
006742276,어린이대공원역,2022-09,2022-10,2,2008.0,5231200.0
006742276,어린이대공원역,2022-11,2022-12,2,1995.0,5196750.0
006742276,어린이대공원역,2023-01,2023-02,2,1480.0,4160470.0
006742276,어린이대공원역,2023-03,2023-04,2,1614.0,5293040.0
006742276,어린이대공원역,2023-05,2023-06,2,2073.0,6843310.0
006742276,어린이대공원역,2023-07,2023-08,2,2106.0,6957820.0
006742276,어린이대공원역,2023-09,2023-10,2,2292.0,7603240.0
006742276,어린이대공원역,2023-11,2023-12,2,2029.0,6690630.0
006742276,어린이대공원역,2024-01,2024-02,2,1669.0,5477840.0
006742276,어린이대공원역,2024-03,2024-04,2,1834.0,6032240.0
006742276,어린이대공원역,2024-05,2024-06,2,2271.0,7530370.0
006742276,어린이대공원역,2024-07,2024-08,2,1907.0,6277520.0
006742276,어린이대공원역,2024-09,2024-10,2,2238.0,7415860.0
006742276,어린이대공원역,2024-11,2024-12,2,1713.0,5625680.0
006742276,어린이대공원역,2025-01,2025-02,2,1333.0,4348880.0
006742276,어린이대공원역,2025-03,2025-04,2,1238.0,4029680.0
006742276,어린이대공원역,2025-05,2025-06,2,1634.0,5360240.0
006742276,어린이대공원역,2025-07,2025-08,2,1773.0,5827280.0
006742276,어린이대공원역,2025-09,2025-10,2,1773.0,5827280.0
006742276,어린이대공원역,2025-11,2025-12,2,2488.0,8258390.0
006742276,어린이대공원역,2026-01,2026-02,2,1259.0,4175150.0
006742276,어린이대공원역,2026-03,2026-04,2,1162.0,3995280.0
035487398,역삼역,2008-05,2008-06,2,21.0,29730.0
035487398,역삼역,2008-07,2008-08,2,19.0,27470.0
035487398,역삼역,2008-09,2008-10,2,18.0,26340.0
035487398,역삼역,2008-11,2008-12,2,24.0,33120.0
035487398,역삼역,2009-01,2009-02,2,16.0,24080.0
035487398,역삼역,2009-03,2009-04,2,14.0,21820.0
035487398,역삼역,2009-05,2009-06,2,7.0,13910.0
035487398,역삼역,2009-07,2009-08,2,48.0,60240.0
035487398,역삼역,2009-09,2009-10,2,49.0,61370.0
035487398,역삼역,2009-11,2009-12,2,46.0,57980.0
035487398,역삼역,2010-01,2010-02,2,102.0,131820.0
035487398,역삼역,2010-03,2010-04,2,25.0,34250.0
035487398,역삼역,2010-05,2010-06,2,108.0,141480.0
035487398,역삼역,2010-07,2010-08,2,242.0,367300.0
035487398,역삼역,2010-09,2010-10,2,154.0,215540.0
035487398,역삼역,2010-11,2010-12,2,62.0,76540.0
035487398,역삼역,2011-01,2011-02,2,62.0,76900.0
035487398,역삼역,2011-03,2011-04,2,9.0,16260.0
035487398,역삼역,2011-05,2011-06,2,35.0,0.0
035487398,역삼역,2011-07,2011-08,2,354.0,563240.0
035487398,역삼역,2011-09,2011-10,2,306.0,488760.0
035487398,역삼역,2011-11,2011-12,2,146.0,204120.0
035487398,역삼역,2012-01,2012-02,2,75.0,95100.0
035487398,역삼역,2012-03,2012-04,2,23.0,34060.0
035487398,역삼역,2012-05,2012-06,2,73.0,98960.0
035487398,역삼역,2012-07,2012-08,2,144.0,227560.0
035487398,역삼역,2012-09,2012-10,2,135.0,209650.0
035487398,역삼역,2012-11,2012-12,2,38.0,52360.0
035487398,역삼역,2013-01,2013-02,2,31.0,43820.0
035487398,역삼역,2013-03,2013-04,2,14.0,24060.0
035487398,역삼역,2013-05,2013-06,2,27.0,40830.0
035487398,역삼역,2013-07,2013-08,2,477.0,1013630.0
035487398,역삼역,2013-09,2013-10,2,399.0,827260.0
035487398,역삼역,2013-11,2013-12,2,224.0,417760.0
035487398,역삼역,2014-01,2014-02,2,254.0,487960.0
035487398,역삼역,2014-03,2014-04,2,130.0,223600.0
035487398,역삼역,2014-05,2014-06,2,87.0,133440.0
035487398,역삼역,2014-07,2014-08,2,225.0,444050.0
035487398,역삼역,2014-09,2014-10,2,205.0,394250.0
035487398,역삼역,2014-11,2014-12,2,72.0,107640.0
035487398,역삼역,2015-01,2015-02,2,16.0,27600.0
035487398,역삼역,2015-03,2015-04,2,8.0,16800.0
035487398,역삼역,2015-05,2015-06,2,65.0,95600.0
035487398,역삼역,2015-07,2015-08,2,250.0,506300.0
035487398,역삼역,2015-09,2015-10,2,244.0,491360.0
035487398,역삼역,2015-11,2015-12,2,61.0,88720.0
035487398,역삼역,2016-01,2016-02,2,15.0,26250.0
035487398,역삼역,2016-03,2016-04,2,6.0,14100.0
035487398,역삼역,2016-05,2016-06,2,30.0,46500.0
035487398,역삼역,2016-07,2016-08,2,151.0,271060.0
035487398,역삼역,2016-09,2016-10,2,179.0,334340.0
035487398,역삼역,2016-11,2016-12,2,6.0,14100.0
035487398,역삼역,2017-01,2017-02,2,1.0,7300.0
035487398,역삼역,2017-03,2017-04,2,1.0,7220.0
035487398,역삼역,2017-05,2017-06,2,41.0,62990.0
035487398,역삼역,2017-07,2017-08,2,180.0,351000.0
035487398,역삼역,2017-09,2017-10,2,137.0,249090.0
035487398,역삼역,2017-11,2017-12,2,2.0,8780.0
035487398,역삼역,2018-01,2018-02,2,4.0,11620.0
035487398,역삼역,2018-03,2018-04,2,1.0,7430.0
035487398,역삼역,2018-05,2018-06,2,41.0,64630.0
035487398,역삼역,2018-07,2018-08,2,195.0,404500.0
035487398,역삼역,2018-09,2018-10,2,158.0,312000.0
035487398,역삼역,2018-11,2018-12,2,10.0,20300.0
035487398,역삼역,2019-01,2019-02,2,5.0,13250.0
035487398,역삼역,2019-03,2019-04,2,10.0,20700.0
035487398,역삼역,2019-05,2019-06,2,36.0,58920.0
035487398,역삼역,2019-07,2019-08,2,104.0,183560.0
035487398,역삼역,2019-09,2019-10,2,116.0,215240.0
035487398,역삼역,2019-11,2019-12,2,9.0,19230.0
035487398,역삼역,2020-01,2020-02,2,1.0,7470.0
035487398,역삼역,2020-03,2020-04,2,0.0,6000.0
035487398,역삼역,2020-05,2020-06,2,8.0,17760.0
035487398,역삼역,2020-07,2020-08,2,18.0,32460.0
035487398,역삼역,2020-09,2020-10,2,7.0,16290.0
035487398,역삼역,2020-11,2020-12,2,6.0,14820.0
035487398,역삼역,2021-01,2021-02,2,6.0,14820.0
035487398,역삼역,2021-03,2021-04,2,6.0,14820.0
035487398,역삼역,2021-05,2021-06,2,6.0,14820.0
035487398,역삼역,2021-07,2021-08,2,6.0,12100.0
035487398,역삼역,2021-09,2021-10,2,6.0,12450.0
035487398,역삼역,2021-11,2021-12,2,6.0,12450.0
035487398,역삼역,2022-01,2022-02,2,6.0,16510.0
035487398,역삼역,2022-03,2022-04,2,6.0,9090.0
035487398,역삼역,2022-05,2022-06,2,6.0,12960.0
035487398,역삼역,2022-07,2022-08,2,6.0,16920.0
035487398,역삼역,2022-09,2022-10,2,6.0,16920.0
035487398,역삼역,2022-11,2022-12,2,6.0,16920.0
035487398,역삼역,2023-01,2023-02,2,6.0,17350.0
035487398,역삼역,2023-03,2023-04,2,3.0,11820.0
035487398,역삼역,2023-05,2023-06,2,6.0,17640.0
035487398,역삼역,2023-07,2023-08,2,6.0,17640.0
035487398,역삼역,2023-09,2023-10,2,5.0,15700.0
035487398,역삼역,2023-11,2023-12,2,6.0,17640.0
035487398,역삼역,2024-01,2024-02,2,1.0,7940.0
035487398,역삼역,2024-03,2024-04,2,6.0,17640.0
035487398,역삼역,2024-05,2024-06,2,7.0,19580.0
035487398,역삼역,2024-07,2024-08,2,7.0,19380.0
035487398,역삼역,2024-09,2024-10,2,7.0,19380.0
035487398,역삼역,2024-11,2024-12,2,8.0,21320.0
035487398,역삼역,2025-01,2025-02,2,2.0,9680.0
035487398,역삼역,2025-03,2025-04,2,3.0,11620.0
035487398,역삼역,2025-05,2025-06,2,1.0,7740.0
035487398,역삼역,2025-07,2025-08,2,7.0,19380.0
035487398,역삼역,2025-09,2025-10,2,7.0,19380.0
035487398,역삼역,2025-11,2025-12,2,4.0,13560.0
035487398,역삼역,2026-01,2026-02,2,0.0,5800.0
035487398,역삼역,2026-03,2026-04,2,2.0,9840.0
029689088,영등포구청역,2010-02,2010-03,2,32.0,0.0
029689088,영등포구청역,2010-04,2010-05,2,0.0,0.0
029689088,영등포구청역,2010-06,2010-07,2,1119.0,1360320.0
029689088,영등포구청역,2010-08,2010-09,2,1014.0,1225920.0
029689088,영등포구청역,2010-10,2010-11,2,879.0,1053120.0
029689088,영등포구청역,2010-12,2011-01,2,700.0,824000.0
029689088,영등포구청역,2011-02,2011-03,2,500.0,586000.0
029689088,영등포구청역,2011-04,2011-05,2,545.0,638200.0
029689088,영등포구청역,2011-06,2011-07,2,539.0,631240.0
029689088,영등포구청역,2011-08,2011-09,2,737.0,878730.0
029689088,영등포구청역,2011-10,2011-11,2,751.0,896790.0
029689088,영등포구청역,2011-12,2012-01,2,612.0,717480.0
029689088,영등포구청역,2012-02,2012-03,2,502.0,729920.0
029689088,영등포구청역,2012-04,2012-05,2,582.0,846720.0
029689088,영등포구청역,2012-06,2012-07,2,742.0,1105880.0
029689088,영등포구청역,2012-08,2012-09,2,1031.0,1579840.0
029689088,영등포구청역,2012-10,2012-11,2,1274.0,1978360.0
029689088,영등포구청역,2012-12,2013-01,2,722.0,1073080.0
029689088,영등포구청역,2013-02,2013-03,2,550.0,885500.0
029689088,영등포구청역,2013-04,2013-05,2,703.0,1156520.0
029689088,영등포구청역,2013-06,2013-07,2,763.0,1266920.0
029689088,영등포구청역,2013-08,2013-09,2,1143.0,1966120.0
029689088,영등포구청역,2013-10,2013-11,2,820.0,1371800.0
029689088,영등포구청역,2013-12,2014-01,2,568.0,914840.0
029689088,영등포구청역,2014-02,2014-03,2,572.0,1001160.0
029689088,영등포구청역,2014-04,2014-05,2,792.0,1435000.0
029689088,영등포구청역,2014-06,2014-07,2,860.0,1571000.0
029689088,영등포구청역,2014-08,2014-09,2,1054.0,1959000.0
029689088,영등포구청역,2014-10,2014-11,2,1038.0,1927000.0
029689088,영등포구청역,2014-12,2015-01,2,755.0,1361000.0
029689088,영등포구청역,2015-02,2015-03,2,842.0,1535000.0
029689088,영등포구청역,2015-04,2015-05,2,845.0,1541000.0
029689088,영등포구청역,2015-06,2015-07,2,982.0,1815000.0
029689088,영등포구청역,2015-08,2015-09,2,1266.0,2383000.0
029689088,영등포구청역,2015-10,2015-11,2,861.0,1573000.0
029689088,영등포구청역,2015-12,2016-01,2,724.0,1299000.0
029689088,영등포구청역,2016-02,2016-03,2,678.0,1207000.0
029689088,영등포구청역,2016-04,2016-05,2,734.0,1319000.0
029689088,영등포구청역,2016-06,2016-07,2,766.0,1383000.0
029689088,영등포구청역,2016-08,2016-09,2,1258.0,2367000.0
029689088,영등포구청역,2016-10,2016-11,2,822.0,1495000.0
029689088,영등포구청역,2016-12,2017-01,2,658.0,1169880.0
029689088,영등포구청역,2017-02,2017-03,2,582.0,1068340.0
029689088,영등포구청역,2017-04,2017-05,2,748.0,1407350.0
029689088,영등포구청역,2017-06,2017-07,2,967.0,1872700.0
029689088,영등포구청역,2017-08,2017-09,2,2878.0,5885800.0
029689088,영등포구청역,2017-10,2017-11,2,1553.0,3103300.0
029689088,영등포구청역,2017-12,2018-01,2,631.0,1170460.0
029689088,영등포구청역,2018-02,2018-03,2,716.0,1409360.0
029689088,영등포구청역,2018-04,2018-05,2,616.0,1188360.0
029689088,영등포구청역,2018-06,2018-07,2,747.0,1477870.0
029689088,영등포구청역,2018-08,2018-09,2,1670.0,3517700.0
029689088,영등포구청역,2018-10,2018-11,2,708.0,1391680.0
029689088,영등포구청역,2018-12,2019-01,2,666.0,1303360.0
029689088,영등포구청역,2019-02,2019-03,2,650.0,1330500.0
029689088,영등포구청역,2019-04,2019-05,2,717.0,1486610.0
029689088,영등포구청역,2019-06,2019-07,2,851.0,1798830.0
029689088,영등포구청역,2019-08,2019-09,2,1247.0,2721510.0
029689088,영등포구청역,2019-10,2019-11,2,964.0,2062120.0
029689088,영등포구청역,2019-12,2020-01,2,739.0,1537870.0
029689088,영등포구청역,2020-02,2020-03,2,690.0,1423700.0
029689088,영등포구청역,2020-04,2020-05,2,658.0,1349140.0
029689088,영등포구청역,2020-06,2020-07,2,924.0,1968920.0
029689088,영등포구청역,2020-08,2020-09,2,1450.0,3194500.0
029689088,영등포구청역,2020-10,2020-11,2,894.0,1899020.0
029689088,영등포구청역,2020-12,2021-01,2,662.0,1358460.0
029689088,영등포구청역,2021-02,2021-03,2,769.0,1607770.0
029689088,영등포구청역,2021-04,2021-05,2,681.0,1402730.0
029689088,영등포구청역,2021-06,2021-07,2,765.0,1613330.0
029689088,영등포구청역,2021-08,2021-09,2,1460.0,3528400.0
029689088,영등포구청역,2021-10,2021-11,2,896.0,2095840.0
029689088,영등포구청역,2021-12,2022-01,2,896.0,2111410.0
029689088,영등포구청역,2022-02,2022-03,2,498.0,1230260.0
029689088,영등포구청역,2022-04,2022-05,2,0.0,0.0
029689088,영등포구청역,2022-06,2022-07,2,1741.0,4491200.0
029689088,영등포구청역,2022-08,2022-09,2,1666.0,4306900.0
029689088,영등포구청역,2022-10,2022-11,2,1103.0,2814950.0
029689088,영등포구청역,2022-12,2023-01,2,1117.0,2923480.0
029689088,영등포구청역,2023-02,2023-03,2,849.0,2704640.0
029689088,영등포구청역,2023-04,2023-05,2,903.0,2886080.0
029689088,영등포구청역,2023-06,2023-07,2,1142.0,3689120.0
029689088,영등포구청역,2023-08,2023-09,2,1828.0,5994080.0
029689088,영등포구청역,2023-10,2023-11,2,1039.0,3343040.0
029689088,영등포구청역,2023-12,2024-01,2,797.0,2529920.0
029689088,영등포구청역,2024-02,2024-03,2,762.0,2412320.0
029689088,영등포구청역,2024-04,2024-05,2,791.0,2509760.0
029689088,영등포구청역,2024-06,2024-07,2,1069.0,3443840.0
029689088,영등포구청역,2024-08,2024-09,2,2116.0,6974520.0
029689088,영등포구청역,2024-10,2024-11,2,1434.0,4670240.0
029689088,영등포구청역,2024-12,2025-01,2,863.0,2751680.0
029689088,영등포구청역,2025-02,2025-03,2,43.0,115420.0
029689088,영등포구청역,2025-04,2025-05,2,837.0,2663320.0
029689088,영등포구청역,2025-06,2025-07,2,1049.0,3375640.0
029689088,영등포구청역,2025-08,2025-09,2,1436.0,4675960.0
029689088,영등포구청역,2025-10,2025-11,2,1087.0,3503320.0
029689088,영등포구청역,2025-12,2026-01,2,800.0,2551170.0
029689088,영등포구청역,2026-02,2026-03,2,913.0,3094820.0
029689088,영등포구청역,2026-04,2026-05,2,738.0,2475320.0
031829466,온수역,2008-05,2008-06,2,143.0,956480.0
031829466,온수역,2008-07,2008-08,2,320.0,2093360.0
031829466,온수역,2008-09,2008-10,2,338.0,1378680.0
031829466,온수역,2008-11,2008-12,2,176.0,749960.0
031829466,온수역,2009-01,2009-02,2,102.0,597320.0
031829466,온수역,2009-03,2009-04,2,99.0,618160.0
031829466,온수역,2009-05,2009-06,2,128.0,767240.0
031829466,온수역,2009-07,2009-08,2,168.0,826040.0
031829466,온수역,2009-09,2009-10,2,224.0,607360.0
031829466,온수역,2009-11,2009-12,2,153.0,280950.0
031829466,온수역,2010-01,2010-02,2,107.0,147050.0
031829466,온수역,2010-03,2010-04,2,183.0,234450.0
031829466,온수역,2010-05,2010-06,2,222.0,279300.0
031829466,온수역,2010-07,2010-08,2,259.0,321850.0
031829466,온수역,2010-09,2010-10,2,308.0,378200.0
031829466,온수역,2010-11,2010-12,2,249.0,310350.0
031829466,온수역,2011-01,2011-02,2,200.0,255030.0
031829466,온수역,2011-03,2011-04,2,211.0,268760.0
031829466,온수역,2011-05,2011-06,2,251.0,315160.0
031829466,온수역,2011-07,2011-08,2,309.0,382440.0
031829466,온수역,2011-09,2011-10,2,304.0,376640.0
031829466,온수역,2011-11,2011-12,2,275.0,343000.0
031829466,온수역,2012-01,2012-02,2,199.0,254840.0
031829466,온수역,2012-03,2012-04,2,226.0,344960.0
031829466,온수역,2012-05,2012-06,2,343.0,515780.0
031829466,온수역,2012-07,2012-08,2,394.0,590240.0
031829466,온수역,2012-09,2012-10,2,464.0,692440.0
031829466,온수역,2012-11,2012-12,2,232.0,353720.0
031829466,온수역,2013-01,2013-02,2,205.0,314300.0
031829466,온수역,2013-03,2013-04,2,190.0,316700.0
031829466,온수역,2013-05,2013-06,2,223.0,373240.0
031829466,온수역,2013-07,2013-08,2,305.0,504150.0
031829466,온수역,2013-09,2013-10,2,349.0,575870.0
031829466,온수역,2013-11,2013-12,2,176.0,293880.0
031829466,온수역,2014-01,2014-02,2,219.0,363970.0
031829466,온수역,2014-03,2014-04,2,339.0,604420.0
031829466,온수역,2014-05,2014-06,2,324.0,577720.0
031829466,온수역,2014-07,2014-08,2,356.0,634680.0
031829466,온수역,2014-09,2014-10,2,413.0,736140.0
031829466,온수역,2014-11,2014-12,2,1619.0,3107000.0
031829466,온수역,2015-01,2015-02,2,1386.0,2641000.0
031829466,온수역,2015-03,2015-04,2,1337.0,2543000.0
031829466,온수역,2015-05,2015-06,2,1609.0,3087000.0
031829466,온수역,2015-07,2015-08,2,1716.0,3301000.0
031829466,온수역,2015-09,2015-10,2,1793.0,3455000.0
031829466,온수역,2015-11,2015-12,2,1509.0,2887000.0
031829466,온수역,2016-01,2016-02,2,1424.0,2717000.0
031829466,온수역,2016-03,2016-04,2,1569.0,3007000.0
031829466,온수역,2016-05,2016-06,2,1762.0,3393000.0
031829466,온수역,2016-07,2016-08,2,1707.0,3283000.0
031829466,온수역,2016-09,2016-10,2,2009.0,3887000.0
031829466,온수역,2016-11,2016-12,2,1744.0,3357000.0
031829466,온수역,2017-01,2017-02,2,1518.0,2977310.0
031829466,온수역,2017-03,2017-04,2,1417.0,2842330.0
031829466,온수역,2017-05,2017-06,2,1596.0,3211600.0
031829466,온수역,2017-07,2017-08,2,1711.0,3453100.0
031829466,온수역,2017-09,2017-10,2,1766.0,3568600.0
031829466,온수역,2017-11,2017-12,2,1583.0,3184300.0
031829466,온수역,2018-01,2018-02,2,1583.0,3259650.0
031829466,온수역,2018-03,2018-04,2,1450.0,3051170.0
031829466,온수역,2018-05,2018-06,2,1780.0,3778800.0
031829466,온수역,2018-07,2018-08,2,1984.0,4229640.0
031829466,온수역,2018-09,2018-10,2,2480.0,5325800.0
031829466,온수역,2018-11,2018-12,2,1620.0,3425200.0
031829466,온수역,2019-01,2019-02,2,1797.0,3914160.0
031829466,온수역,2019-03,2019-04,2,1691.0,3774030.0
031829466,온수역,2019-05,2019-06,2,1824.0,4083920.0
031829466,온수역,2019-07,2019-08,2,2368.0,5351440.0
031829466,온수역,2019-09,2019-10,2,3203.0,7296990.0
031829466,온수역,2019-11,2019-12,2,1649.0,3676170.0
031829466,온수역,2020-01,2020-02,2,1327.0,2925910.0
031829466,온수역,2020-03,2020-04,2,1202.0,2634660.0
031829466,온수역,2020-05,2020-06,2,1395.0,3084350.0
031829466,온수역,2020-07,2020-08,2,1398.0,3091340.0
031829466,온수역,2020-09,2020-10,2,1476.0,3273080.0
031829466,온수역,2020-11,2020-12,2,1247.0,2739510.0
031829466,온수역,2021-01,2021-02,2,1050.0,2280500.0
031829466,온수역,2021-03,2021-04,2,1052.0,2285160.0
031829466,온수역,2021-05,2021-06,2,707.0,1481310.0
031829466,온수역,2021-07,2021-08,2,1140.0,2612550.0
031829466,온수역,2021-09,2021-10,2,1329.0,3213660.0
031829466,온수역,2021-11,2021-12,2,981.0,2329740.0
031829466,온수역,2022-01,2022-02,2,1061.0,2625890.0
031829466,온수역,2022-03,2022-04,2,893.0,2276450.0
031829466,온수역,2022-05,2022-06,2,1149.0,2954850.0
031829466,온수역,2022-07,2022-08,2,1423.0,3680950.0
031829466,온수역,2022-09,2022-10,2,1441.0,3728650.0
031829466,온수역,2022-11,2022-12,2,1173.0,3018450.0
031829466,온수역,2023-01,2023-02,2,1151.0,3343210.0
031829466,온수역,2023-03,2023-04,2,1184.0,3848240.0
031829466,온수역,2023-05,2023-06,2,1279.0,4167440.0
031829466,온수역,2023-07,2023-08,2,1793.0,5894480.0
031829466,온수역,2023-09,2023-10,2,1820.0,5985200.0
031829466,온수역,2023-11,2023-12,2,1197.0,3891920.0
031829466,온수역,2024-01,2024-02,2,1212.0,3942320.0
031829466,온수역,2024-03,2024-04,2,1246.0,4056560.0
031829466,온수역,2024-05,2024-06,2,1389.0,4537040.0
031829466,온수역,2024-07,2024-08,2,1739.0,5713040.0
031829466,온수역,2024-09,2024-10,2,2246.0,7443620.0
031829466,온수역,2024-11,2024-12,2,1381.0,4510160.0
031829466,온수역,2025-01,2025-02,2,1222.0,3975920.0
031829466,온수역,2025-03,2025-04,2,1199.0,3898640.0
031829466,온수역,2025-05,2025-06,2,1386.0,4526960.0
031829466,온수역,2025-07,2025-08,2,1699.0,5577640.0
031829466,온수역,2025-09,2025-10,2,2129.0,7036630.0
031829466,온수역,2025-11,2025-12,2,1432.0,4680520.0
031829466,온수역,2026-01,2026-02,2,1215.0,4060830.0
031829466,온수역,2026-03,2026-04,2,1164.0,4001360.0
000451150,왕십리역,2008-06,2008-07,2,2084.0,2668120.0
000451150,왕십리역,2008-08,2008-09,2,2406.0,3080280.0
000451150,왕십리역,2008-10,2008-11,2,1672.0,2140760.0
000451150,왕십리역,2008-12,2009-01,2,1945.0,2490200.0
000451150,왕십리역,2009-02,2009-03,2,1913.0,2449240.0
000451150,왕십리역,2009-04,2009-05,2,1960.0,2509400.0
000451150,왕십리역,2009-06,2009-07,2,1876.0,2401880.0
000451150,왕십리역,2009-08,2009-09,2,2403.0,3076440.0
000451150,왕십리역,2009-10,2009-11,2,2044.0,2616840.0
000451150,왕십리역,2009-12,2010-01,2,1936.0,2478680.0
000451150,왕십리역,2010-02,2010-03,2,1555.0,1991000.0
000451150,왕십리역,2010-04,2010-05,2,1452.0,1859160.0
000451150,왕십리역,2010-06,2010-07,2,1536.0,1966680.0
000451150,왕십리역,2010-08,2010-09,2,1250.0,1600600.0
000451150,왕십리역,2010-10,2010-11,2,1708.0,2186840.0
000451150,왕십리역,2010-12,2011-01,2,1876.0,2401880.0
000451150,왕십리역,2011-02,2011-03,2,1309.0,1687490.0
000451150,왕십리역,2011-04,2011-05,2,1301.0,1678890.0
000451150,왕십리역,2011-06,2011-07,2,1421.0,1833690.0
000451150,왕십리역,2011-08,2011-09,2,1988.0,2565120.0
000451150,왕십리역,2011-10,2011-11,2,2580.0,3328800.0
000451150,왕십리역,2011-12,2012-01,2,2097.0,2705730.0
000451150,왕십리역,2012-02,2012-03,2,1595.0,2472160.0
000451150,왕십리역,2012-04,2012-05,2,1650.0,2667600.0
000451150,왕십리역,2012-06,2012-07,2,2520.0,4094400.0
000451150,왕십리역,2012-08,2012-09,2,2996.0,4875040.0
000451150,왕십리역,2012-10,2012-11,2,2811.0,4571640.0
000451150,왕십리역,2012-12,2013-01,2,1681.0,2718440.0
000451150,왕십리역,2013-02,2013-03,2,1421.0,2550240.0
000451150,왕십리역,2013-04,2013-05,2,1590.0,2861200.0
000451150,왕십리역,2013-06,2013-07,2,2219.0,4018560.0
000451150,왕십리역,2013-08,2013-09,2,2558.0,4642320.0
000451150,왕십리역,2013-10,2013-11,2,2790.0,5069200.0
000451150,왕십리역,2013-12,2014-01,2,2293.0,4154720.0
000451150,왕십리역,2014-02,2014-03,2,1834.0,3591600.0
000451150,왕십리역,2014-04,2014-05,2,1904.0,3731600.0
000451150,왕십리역,2014-06,2014-07,2,2486.0,4895600.0
000451150,왕십리역,2014-08,2014-09,2,3527.0,6977600.0
000451150,왕십리역,2014-10,2014-11,2,2536.0,4995600.0
000451150,왕십리역,2014-12,2015-01,2,1764.0,3451600.0
000451150,왕십리역,2015-02,2015-03,2,1455.0,2833600.0
000451150,왕십리역,2015-04,2015-05,2,1637.0,3197600.0
000451150,왕십리역,2015-06,2015-07,2,2391.0,4705600.0
000451150,왕십리역,2015-08,2015-09,2,4587.0,9097600.0
000451150,왕십리역,2015-10,2015-11,2,3749.0,7421600.0
000451150,왕십리역,2015-12,2016-01,2,2550.0,5023600.0
000451150,왕십리역,2016-02,2016-03,2,1935.0,3793600.0
000451150,왕십리역,2016-04,2016-05,2,2107.0,4137600.0
000451150,왕십리역,2016-06,2016-07,2,3256.0,6435600.0
000451150,왕십리역,2016-08,2016-09,2,5908.0,11739600.0
000451150,왕십리역,2016-10,2016-11,2,4549.0,9021600.0
000451150,왕십리역,2016-12,2017-01,2,4464.0,8851600.0
000451150,왕십리역,2017-02,2017-03,2,1935.0,3947350.0
000451150,왕십리역,2017-04,2017-05,2,2321.0,4788700.0
000451150,왕십리역,2017-06,2017-07,2,3459.0,7178500.0
000451150,왕십리역,2017-08,2017-09,2,6311.0,13167700.0
000451150,왕십리역,2017-10,2017-11,2,4461.0,9282700.0
000451150,왕십리역,2017-12,2018-01,2,2536.0,5240200.0
000451150,왕십리역,2018-02,2018-03,2,2530.0,5452450.0
000451150,왕십리역,2018-04,2018-05,2,2323.0,5033430.0
000451150,왕십리역,2018-06,2018-07,2,2800.0,6087600.0
000451150,왕십리역,2018-08,2018-09,2,5890.0,12916500.0
000451150,왕십리역,2018-10,2018-11,2,3796.0,8288760.0
000451150,왕십리역,2018-12,2019-01,2,2314.0,5013540.0
000451150,왕십리역,2019-02,2019-03,2,2260.0,5116070.0
000451150,왕십리역,2019-04,2019-05,2,2120.0,4828200.0
000451150,왕십리역,2019-06,2019-07,2,3263.0,7491390.0
000451150,왕십리역,2019-08,2019-09,2,6096.0,14092280.0
000451150,왕십리역,2019-10,2019-11,2,4328.0,9972840.0
000451150,왕십리역,2019-12,2020-01,2,2353.0,5371090.0
000451150,왕십리역,2020-02,2020-03,2,2696.0,6170280.0
000451150,왕십리역,2020-04,2020-05,2,1648.0,3728440.0
000451150,왕십리역,2020-06,2020-07,2,2246.0,5121780.0
000451150,왕십리역,2020-08,2020-09,2,4070.0,9371700.0
000451150,왕십리역,2020-10,2020-11,2,2930.0,6715500.0
000451150,왕십리역,2020-12,2021-01,2,1617.0,3656210.0
000451150,왕십리역,2021-02,2021-03,2,1630.0,3686500.0
000451150,왕십리역,2021-04,2021-05,2,1917.0,4349350.0
000451150,왕십리역,2021-06,2021-07,2,2518.0,5755540.0
000451150,왕십리역,2021-08,2021-09,2,4420.0,11072200.0
000451150,왕십리역,2021-10,2021-11,2,2988.0,7482120.0
000451150,왕십리역,2021-12,2022-01,2,1900.0,4718600.0
000451150,왕십리역,2022-02,2022-03,2,1946.0,5102850.0
000451150,왕십리역,2022-04,2022-05,2,1811.0,4763750.0
000451150,왕십리역,2022-06,2022-07,2,2324.0,6123200.0
000451150,왕십리역,2022-08,2022-09,2,5018.0,13262300.0
000451150,왕십리역,2022-10,2022-11,2,3178.0,7594280.0
000451150,왕십리역,2022-12,2023-01,2,2218.0,5842300.0
000451150,왕십리역,2023-02,2023-03,2,2051.0,6718550.0
000451150,왕십리역,2023-04,2023-05,2,1819.0,6036440.0
000451150,왕십리역,2023-06,2023-07,2,2574.0,8636380.0
000451150,왕십리역,2023-08,2023-09,2,4355.0,14816450.0
000451150,왕십리역,2023-10,2023-11,2,3131.0,10569170.0
000451150,왕십리역,2023-12,2024-01,2,2390.0,7997900.0
000451150,왕십리역,2024-02,2024-03,2,2686.0,9025020.0
000451150,왕십리역,2024-04,2024-05,2,1975.0,6560600.0
000451150,왕십리역,2024-06,2024-07,2,2425.0,8119350.0
000451150,왕십리역,2024-08,2024-09,2,4556.0,15513920.0
000451150,왕십리역,2024-10,2024-11,2,4470.0,15215500.0
000451150,왕십리역,2024-12,2025-01,2,2343.0,7834810.0
000451150,왕십리역,2025-02,2025-03,2,1779.0,5902040.0
000451150,왕십리역,2025-04,2025-05,2,1735.0,5754200.0
000451150,왕십리역,2025-06,2025-07,2,2252.0,7518040.0
000451150,왕십리역,2025-08,2025-09,2,5538.0,18920460.0
000451150,왕십리역,2025-10,2025-11,2,4217.0,14336590.0
000451150,왕십리역,2025-12,2026-01,2,2178.0,7261260.0
000451150,왕십리역,2026-02,2026-03,2,1947.0,6798350.0
000451150,왕십리역,2026-04,2026-05,2,1992.0,6987080.0
032864224,월드컵경기장(성산)역,2008-06,2008-07,2,850.0,1088600.0
032864224,월드컵경기장(성산)역,2008-08,2008-09,2,273.0,392550.0
032864224,월드컵경기장(성산)역,2008-10,2008-11,2,850.0,1088520.0
032864224,월드컵경기장(성산)역,2008-12,2009-01,2,729.0,933720.0
032864224,월드컵경기장(성산)역,2009-02,2009-03,2,1173.0,1502040.0
032864224,월드컵경기장(성산)역,2009-04,2009-05,2,1097.0,1404760.0
032864224,월드컵경기장(성산)역,2009-06,2009-07,2,1885.0,2413400.0
032864224,월드컵경기장(성산)역,2009-08,2009-09,2,1497.0,1916760.0
032864224,월드컵경기장(성산)역,2009-10,2009-11,2,1912.0,2448020.0
032864224,월드컵경기장(성산)역,2009-12,2010-01,2,1508.0,1930840.0
032864224,월드컵경기장(성산)역,2010-02,2010-03,2,1017.0,1302360.0
032864224,월드컵경기장(성산)역,2010-04,2010-05,2,1675.0,2144600.0
032864224,월드컵경기장(성산)역,2010-06,2010-07,2,1698.0,2174040.0
032864224,월드컵경기장(성산)역,2010-08,2010-09,2,3116.0,3989080.0
032864224,월드컵경기장(성산)역,2010-10,2010-11,2,1968.0,2519640.0
032864224,월드컵경기장(성산)역,2010-12,2011-01,2,1214.0,1554520.0
032864224,월드컵경기장(성산)역,2011-02,2011-03,2,930.0,1200300.0
032864224,월드컵경기장(성산)역,2011-04,2011-05,2,971.0,1253190.0
032864224,월드컵경기장(성산)역,2011-06,2011-07,2,1036.0,1337040.0
032864224,월드컵경기장(성산)역,2011-08,2011-09,2,1031.0,1330590.0
032864224,월드컵경기장(성산)역,2011-10,2011-11,2,1535.0,1980750.0
032864224,월드컵경기장(성산)역,2011-12,2012-01,2,1060.0,1368000.0
032864224,월드컵경기장(성산)역,2012-02,2012-03,2,960.0,1536000.0
032864224,월드컵경기장(성산)역,2012-04,2012-05,2,1121.0,1800040.0
032864224,월드컵경기장(성산)역,2012-06,2012-07,2,1300.0,2093600.0
032864224,월드컵경기장(성산)역,2012-08,2012-09,2,1173.0,1885320.0
032864224,월드컵경기장(성산)역,2012-10,2012-11,2,1428.0,2303520.0
032864224,월드컵경기장(성산)역,2012-12,2013-01,2,879.0,1403160.0
032864224,월드컵경기장(성산)역,2013-02,2013-03,2,787.0,1383680.0
032864224,월드컵경기장(성산)역,2013-04,2013-05,2,1007.0,1788480.0
032864224,월드컵경기장(성산)역,2013-06,2013-07,2,1240.0,2217200.0
032864224,월드컵경기장(성산)역,2013-08,2013-09,2,1239.0,2215360.0
032864224,월드컵경기장(성산)역,2013-10,2013-11,2,1640.0,2953200.0
032864224,월드컵경기장(성산)역,2013-12,2014-01,2,1290.0,2309200.0
032864224,월드컵경기장(성산)역,2014-02,2014-03,2,908.0,1739600.0
032864224,월드컵경기장(성산)역,2014-04,2014-05,2,1241.0,2405600.0
032864224,월드컵경기장(성산)역,2014-06,2014-07,2,1094.0,2111600.0
032864224,월드컵경기장(성산)역,2014-08,2014-09,2,1091.0,2105600.0
032864224,월드컵경기장(성산)역,2014-10,2014-11,2,1431.0,2785600.0
032864224,월드컵경기장(성산)역,2014-12,2015-01,2,900.0,1723600.0
032864224,월드컵경기장(성산)역,2015-02,2015-03,2,653.0,1229600.0
032864224,월드컵경기장(성산)역,2015-04,2015-05,2,849.0,1621600.0
032864224,월드컵경기장(성산)역,2015-06,2015-07,2,1733.0,3389600.0
032864224,월드컵경기장(성산)역,2015-08,2015-09,2,1712.0,3347600.0
032864224,월드컵경기장(성산)역,2015-10,2015-11,2,1603.0,3129600.0
032864224,월드컵경기장(성산)역,2015-12,2016-01,2,878.0,1679600.0
032864224,월드컵경기장(성산)역,2016-02,2016-03,2,703.0,1329600.0
032864224,월드컵경기장(성산)역,2016-04,2016-05,2,970.0,1863600.0
032864224,월드컵경기장(성산)역,2016-06,2016-07,2,1189.0,2301600.0
032864224,월드컵경기장(성산)역,2016-08,2016-09,2,1145.0,2213600.0
032864224,월드컵경기장(성산)역,2016-10,2016-11,2,783.0,1489600.0
032864224,월드컵경기장(성산)역,2016-12,2017-01,2,900.0,1728420.0
032864224,월드컵경기장(성산)역,2017-02,2017-03,2,1682.0,3408940.0
032864224,월드컵경기장(성산)역,2017-04,2017-05,2,981.0,1978890.0
032864224,월드컵경기장(성산)역,2017-06,2017-07,2,1185.0,2403100.0
032864224,월드컵경기장(성산)역,2017-08,2017-09,2,1141.0,2310700.0
032864224,월드컵경기장(성산)역,2017-10,2017-11,2,1786.0,3665200.0
032864224,월드컵경기장(성산)역,2017-12,2018-01,2,1407.0,2869530.0
032864224,월드컵경기장(성산)역,2018-02,2018-03,2,641.0,1316210.0
032864224,월드컵경기장(성산)역,2018-04,2018-05,2,832.0,1741130.0
032864224,월드컵경기장(성산)역,2018-06,2018-07,2,1175.0,2496350.0
032864224,월드컵경기장(성산)역,2018-08,2018-09,2,1455.0,3115150.0
032864224,월드컵경기장(성산)역,2018-10,2018-11,2,1662.0,3572620.0
032864224,월드컵경기장(성산)역,2018-12,2019-01,2,1097.0,2323770.0
032864224,월드컵경기장(성산)역,2019-02,2019-03,2,896.0,1976280.0
032864224,월드컵경기장(성산)역,2019-04,2019-05,2,1242.0,2782460.0
032864224,월드컵경기장(성산)역,2019-06,2019-07,2,1516.0,3420880.0
032864224,월드컵경기장(성산)역,2019-08,2019-09,2,1851.0,4201430.0
032864224,월드컵경기장(성산)역,2019-10,2019-11,2,2655.0,6074750.0
032864224,월드컵경기장(성산)역,2019-12,2020-01,2,1891.0,4294630.0
032864224,월드컵경기장(성산)역,2020-02,2020-03,2,1730.0,3919500.0
032864224,월드컵경기장(성산)역,2020-04,2020-05,2,2344.0,5350120.0
032864224,월드컵경기장(성산)역,2020-06,2020-07,2,2769.0,6340370.0
032864224,월드컵경기장(성산)역,2020-08,2020-09,2,3830.0,8812500.0
032864224,월드컵경기장(성산)역,2020-10,2020-11,2,2831.0,1864070.0
032864224,월드컵경기장(성산)역,2020-12,2021-01,2,785.0,1717650.0
032864224,월드컵경기장(성산)역,2021-02,2021-03,2,834.0,1831820.0
032864224,월드컵경기장(성산)역,2021-04,2021-05,2,909.0,2006570.0
032864224,월드컵경기장(성산)역,2021-06,2021-07,2,997.0,2211610.0
032864224,월드컵경기장(성산)역,2021-08,2021-09,2,1045.0,2546900.0
032864224,월드컵경기장(성산)역,2021-10,2021-11,2,1220.0,2991400.0
032864224,월드컵경기장(성산)역,2021-12,2022-01,2,790.0,1899200.0
032864224,월드컵경기장(성산)역,2022-02,2022-03,2,665.0,1726850.0
032864224,월드컵경기장(성산)역,2022-04,2022-05,2,903.0,2357550.0
032864224,월드컵경기장(성산)역,2022-06,2022-07,2,1513.0,3974050.0
032864224,월드컵경기장(성산)역,2022-08,2022-09,2,2297.0,6051650.0
032864224,월드컵경기장(성산)역,2022-10,2022-11,2,1910.0,5026100.0
032864224,월드컵경기장(성산)역,2022-12,2023-01,2,1702.0,4474900.0
032864224,월드컵경기장(성산)역,2023-02,2023-03,2,1538.0,5092280.0
032864224,월드컵경기장(성산)역,2023-04,2023-05,2,1864.0,6187640.0
032864224,월드컵경기장(성산)역,2023-06,2023-07,2,2163.0,7210210.0
032864224,월드컵경기장(성산)역,2023-08,2023-09,2,3253.0,10992510.0
032864224,월드컵경기장(성산)역,2023-10,2023-11,2,3873.0,13143910.0
032864224,월드컵경기장(성산)역,2023-12,2024-01,2,3790.0,12855900.0
032864224,월드컵경기장(성산)역,2024-02,2024-03,2,2781.0,9354670.0
032864224,월드컵경기장(성산)역,2024-04,2024-05,2,3090.0,10426900.0
032864224,월드컵경기장(성산)역,2024-06,2024-07,2,3568.0,12085560.0
032864224,월드컵경기장(성산)역,2024-08,2024-09,2,3586.0,12148020.0
032864224,월드컵경기장(성산)역,2024-10,2024-11,2,4516.0,15375120.0
032864224,월드컵경기장(성산)역,2024-12,2025-01,2,4316.0,14681120.0
032864224,월드컵경기장(성산)역,2025-02,2025-03,2,3960.0,13445800.0
032864224,월드컵경기장(성산)역,2025-04,2025-05,2,4431.0,15080170.0
032864224,월드컵경기장(성산)역,2025-06,2025-07,2,2541.0,8520870.0
032864224,월드컵경기장(성산)역,2025-08,2025-09,2,1758.0,5830480.0
032864224,월드컵경기장(성산)역,2025-10,2025-11,2,1573.0,5208880.0
032864224,월드컵경기장(성산)역,2025-12,2026-01,2,967.0,3172720.0
032864224,월드컵경기장(성산)역,2026-02,2026-03,2,672.0,2314280.0
032864224,월드컵경기장(성산)역,2026-04,2026-05,2,880.0,3050600.0
000316239,을지3가3호선,2008-06,2008-07,2,1137.0,912880.0
000316239,을지3가3호선,2008-08,2008-09,2,2144.0,1758760.0
000316239,을지3가3호선,2008-10,2008-11,2,3348.0,2770120.0
000316239,을지3가3호선,2008-12,2009-01,2,2025.0,1658800.0
000316239,을지3가3호선,2009-02,2009-03,2,320.0,249000.0
000316239,을지3가3호선,2009-04,2009-05,2,271.0,573280.0
000316239,을지3가3호선,2009-06,2009-07,2,318.0,1181720.0
000316239,을지3가3호선,2009-08,2009-09,2,372.0,420600.0
000316239,을지3가3호선,2009-10,2009-11,2,407.0,315240.0
000316239,을지3가3호선,2009-12,2010-01,2,1005.0,802000.0
000316239,을지3가3호선,2010-02,2010-03,2,930.0,739000.0
000316239,을지3가3호선,2010-04,2010-05,2,292.0,227720.0
000316239,을지3가3호선,2010-06,2010-07,2,274.0,214040.0
000316239,을지3가3호선,2010-08,2010-09,2,1963.0,1606720.0
000316239,을지3가3호선,2010-10,2010-11,2,630.0,487000.0
000316239,을지3가3호선,2010-12,2011-01,2,230.0,2875620.0
000316239,을지3가3호선,2011-02,2011-03,2,217.0,172750.0
000316239,을지3가3호선,2011-04,2011-05,2,221.0,175970.0
000316239,을지3가3호선,2011-06,2011-07,2,243.0,192910.0
000316239,을지3가3호선,2011-08,2011-09,2,1004.0,811200.0
000316239,을지3가3호선,2011-10,2011-11,2,446.0,349220.0
000316239,을지3가3호선,2011-12,2012-01,2,247.0,195990.0
000316239,을지3가3호선,2012-02,2012-03,2,245.0,218980.0
000316239,을지3가3호선,2012-04,2012-05,2,420.0,380800.0
000316239,을지3가3호선,2012-06,2012-07,2,521.0,471700.0
000316239,을지3가3호선,2012-08,2012-09,2,1135.0,1077800.0
000316239,을지3가3호선,2012-10,2012-11,2,551.0,498700.0
000316239,을지3가3호선,2012-12,2013-01,2,235.0,214300.0
000316239,을지3가3호선,2013-02,2013-03,2,239.0,217900.0
000316239,을지3가3호선,2013-04,2013-05,2,206.0,188200.0
000316239,을지3가3호선,2013-06,2013-07,2,262.0,238600.0
000316239,을지3가3호선,2013-08,2013-09,2,262.0,238600.0
000316239,을지3가3호선,2013-10,2013-11,2,247.0,560930.0
000316239,을지3가3호선,2013-12,2014-01,2,254.0,572340.0
000316239,을지3가3호선,2014-02,2014-03,2,241.0,714980.0
000316239,을지3가3호선,2014-04,2014-05,2,414.0,1022920.0
000316239,을지3가3호선,2014-06,2014-07,2,722.0,1598000.0
000316239,을지3가3호선,2014-08,2014-09,2,1458.0,3070000.0
000316239,을지3가3호선,2014-10,2014-11,2,502.0,1179560.0
000316239,을지3가3호선,2014-12,2015-01,2,419.0,1000620.0
000316239,을지3가3호선,2015-02,2015-03,2,657.0,1301800.0
000316239,을지3가3호선,2015-04,2015-05,2,236.0,775380.0
000316239,을지3가3호선,2015-06,2015-07,2,635.0,1433300.0
000316239,을지3가3호선,2015-08,2015-09,2,1242.0,2647000.0
000316239,을지3가3호선,2015-10,2015-11,2,393.0,997540.0
000316239,을지3가3호선,2015-12,2016-01,2,419.0,1046220.0
000316239,을지3가3호선,2016-02,2016-03,2,225.0,700900.0
000316239,을지3가3호선,2016-04,2016-05,2,347.0,918060.0
000316239,을지3가3호선,2016-06,2016-07,2,603.0,1115800.0
000316239,을지3가3호선,2016-08,2016-09,2,1649.0,3207800.0
000316239,을지3가3호선,2016-10,2016-11,2,774.0,1457800.0
000316239,을지3가3호선,2016-12,2017-01,2,766.0,1441800.0
000316239,을지3가3호선,2017-02,2017-03,2,611.0,1184540.0
000316239,을지3가3호선,2017-04,2017-05,2,661.0,1307410.0
000316239,을지3가3호선,2017-06,2017-07,2,782.0,1550200.0
000316239,을지3가3호선,2017-08,2017-09,2,1760.0,3604000.0
000316239,을지3가3호선,2017-10,2017-11,2,899.0,1795900.0
000316239,을지3가3호선,2017-12,2018-01,2,716.0,1411600.0
000316239,을지3가3호선,2018-02,2018-03,2,786.0,1624050.0
000316239,을지3가3호선,2018-04,2018-05,2,767.0,1598150.0
000316239,을지3가3호선,2018-06,2018-07,2,915.0,1936390.0
000316239,을지3가3호선,2018-08,2018-09,2,2071.0,4591590.0
000316239,을지3가3호선,2018-10,2018-11,2,1119.0,2286790.0
000316239,을지3가3호선,2018-12,2019-01,2,614.0,1170740.0
000316239,을지3가3호선,2019-02,2019-03,2,708.0,1439240.0
000316239,을지3가3호선,2019-04,2019-05,2,677.0,1380210.0
000316239,을지3가3호선,2019-06,2019-07,2,466.0,923420.0
000316239,을지3가3호선,2019-08,2019-09,2,1800.0,3996800.0
000316239,을지3가3호선,2019-10,2019-11,2,1275.0,2773550.0
000316239,을지3가3호선,2019-12,2020-01,2,1096.0,2356480.0
000316239,을지3가3호선,2020-02,2020-03,2,1008.0,2151440.0
000316239,을지3가3호선,2020-04,2020-05,2,840.0,1760000.0
000316239,을지3가3호선,2020-06,2020-07,2,995.0,2121150.0
000316239,을지3가3호선,2020-08,2020-09,2,2035.0,4544350.0
000316239,을지3가3호선,2020-10,2020-11,2,1245.0,2703650.0
000316239,을지3가3호선,2020-12,2021-01,2,914.0,1932420.0
000316239,을지3가3호선,2021-02,2021-03,2,819.0,1711070.0
000316239,을지3가3호선,2021-04,2021-05,2,888.0,1871840.0
000316239,을지3가3호선,2021-06,2021-07,2,974.0,2072220.0
000316239,을지3가3호선,2021-08,2021-09,2,2253.0,5481210.0
000316239,을지3가3호선,2021-10,2021-11,2,2233.0,5478620.0
000316239,을지3가3호선,2021-12,2022-01,2,1821.0,4432140.0
000316239,을지3가3호선,2022-02,2022-03,2,2016.0,5187560.0
000316239,을지3가3호선,2022-04,2022-05,2,2089.0,5414650.0
000316239,을지3가3호선,2022-06,2022-07,2,2235.0,5801550.0
000316239,을지3가3호선,2022-08,2022-09,2,3428.0,8963000.0
000316239,을지3가3호선,2022-10,2022-11,2,2392.0,6217600.0
000316239,을지3가3호선,2022-12,2023-01,2,2208.0,5730000.0
000316239,을지3가3호선,2023-02,2023-03,2,2007.0,6419910.0
000316239,을지3가3호선,2023-04,2023-05,2,2179.0,7179930.0
000316239,을지3가3호선,2023-06,2023-07,2,1751.0,5722160.0
000316239,을지3가3호선,2023-08,2023-09,2,3428.0,13166050.0
000316239,을지3가3호선,2023-10,2023-11,2,3505.0,11781150.0
000316239,을지3가3호선,2023-12,2024-01,2,3079.0,6419930.0
000316239,을지3가3호선,2024-02,2024-03,2,3101.0,10379270.0
000316239,을지3가3호선,2024-04,2024-05,2,3242.0,10868540.0
000316239,을지3가3호선,2024-06,2024-07,2,3366.0,11298820.0
000316239,을지3가3호선,2024-08,2024-09,2,4066.0,13727820.0
000316239,을지3가3호선,2024-10,2024-11,2,4072.0,13748640.0
000316239,을지3가3호선,2024-12,2025-01,2,3472.0,11634390.0
000316239,을지3가3호선,2025-02,2025-03,2,2628.0,8737960.0
000316239,을지3가3호선,2025-04,2025-05,2,2571.0,8540170.0
000316239,을지3가3호선,2025-06,2025-07,2,4049.0,13667830.0
000316239,을지3가3호선,2025-08,2025-09,2,4511.0,15270970.0
000316239,을지3가3호선,2025-10,2025-11,2,3605.0,12127150.0
000316239,을지3가3호선,2025-12,2026-01,2,1836.0,6006760.0
000316239,을지3가3호선,2026-02,2026-03,2,1632.0,5601200.0
000316239,을지3가3호선,2026-04,2026-05,2,2571.0,9008040.0
000315938,을지로3가2역,2008-05,2008-06,1,1960.0,2532180.0
000315938,을지로3가2역,2008-07,2008-08,2,3840.0,2453160.0
000315938,을지로3가2역,2008-09,2008-10,2,4007.0,3537320.0
000315938,을지로3가2역,2008-11,2008-12,2,4994.0,4729000.0
000315938,을지로3가2역,2009-01,2009-02,2,4026.0,3068840.0
000315938,을지로3가2역,2009-03,2009-04,2,5723.0,5654440.0
000315938,을지로3가2역,2009-05,2009-06,2,5708.0,4810800.0
000315938,을지로3가2역,2009-07,2009-08,2,5534.0,4594480.0
000315938,을지로3가2역,2009-09,2009-10,2,6660.0,6110000.0
000315938,을지로3가2역,2009-11,2009-12,2,4398.0,2836070.0
000315938,을지로3가2역,2010-01,2010-02,2,5759.0,5562280.0
000315938,을지로3가2역,2010-03,2010-04,2,5949.0,5203880.0
000315938,을지로3가2역,2010-05,2010-06,2,6071.0,5279400.0
000315938,을지로3가2역,2010-07,2010-08,2,7194.0,6664360.0
000315938,을지로3가2역,2010-09,2010-10,2,7577.0,6675880.0
000315938,을지로3가2역,2010-11,2010-12,2,4922.0,3113640.0
000315938,을지로3가2역,2011-01,2011-02,2,3294.0,2072180.0
000315938,을지로3가2역,2011-03,2011-04,2,3039.0,2450810.0
000315938,을지로3가2역,2011-05,2011-06,2,3398.0,3023450.0
000315938,을지로3가2역,2011-07,2011-08,2,4697.0,4544360.0
000315938,을지로3가2역,2011-09,2011-10,2,6669.0,6612290.0
000315938,을지로3가2역,2011-11,2011-12,2,5061.0,3633040.0
000315938,을지로3가2역,2012-01,2012-02,2,3984.0,2923970.0
000315938,을지로3가2역,2012-03,2012-04,2,3819.0,4362240.0
000315938,을지로3가2역,2012-05,2012-06,2,3938.0,4310220.0
000315938,을지로3가2역,2012-07,2012-08,2,5600.0,6970300.0
000315938,을지로3가2역,2012-09,2012-10,2,6594.0,7691900.0
000315938,을지로3가2역,2012-11,2012-12,2,5106.0,4708740.0
000315938,을지로3가2역,2013-01,2013-02,2,4662.0,4794020.0
000315938,을지로3가2역,2013-03,2013-04,2,3857.0,4460550.0
000315938,을지로3가2역,2013-05,2013-06,2,3393.0,3798240.0
000315938,을지로3가2역,2013-07,2013-08,2,4851.0,6766160.0
000315938,을지로3가2역,2013-09,2013-10,2,7347.0,10464560.0
000315938,을지로3가2역,2013-11,2013-12,2,6345.0,7090000.0
000315938,을지로3가2역,2014-01,2014-02,2,4761.0,4790000.0
000315938,을지로3가2역,2014-03,2014-04,2,3417.0,3828890.0
000315938,을지로3가2역,2014-05,2014-06,2,3552.0,4743100.0
000315938,을지로3가2역,2014-07,2014-08,2,5082.0,7713100.0
000315938,을지로3가2역,2014-09,2014-10,2,6837.0,10203100.0
000315938,을지로3가2역,2014-11,2014-12,2,5790.0,6953510.0
000315938,을지로3가2역,2015-01,2015-02,2,4397.0,4879920.0
000315938,을지로3가2역,2015-03,2015-04,2,3017.0,3090160.0
000315938,을지로3가2역,2015-05,2015-06,2,3336.0,4628800.0
000315938,을지로3가2역,2015-07,2015-08,2,5297.0,8383680.0
000315938,을지로3가2역,2015-09,2015-10,2,6017.0,8994400.0
000315938,을지로3가2역,2015-11,2015-12,2,4997.0,6098640.0
000315938,을지로3가2역,2016-01,2016-02,2,3888.0,4456800.0
000315938,을지로3가2역,2016-03,2016-04,2,2939.0,3444880.0
000315938,을지로3가2역,2016-05,2016-06,2,3269.0,4684080.0
000315938,을지로3가2역,2016-07,2016-08,2,4235.0,6540440.0
000315938,을지로3가2역,2016-09,2016-10,2,5246.0,10426360.0
000315938,을지로3가2역,2016-11,2016-12,2,3650.0,4029200.0
000315938,을지로3가2역,2017-01,2017-02,2,2616.0,3058760.0
000315938,을지로3가2역,2017-03,2017-04,2,1898.0,2300570.0
000315938,을지로3가2역,2017-05,2017-06,2,3335.0,5602170.0
000315938,을지로3가2역,2017-07,2017-08,2,3309.0,4735320.0
000315938,을지로3가2역,2017-09,2017-10,2,4632.0,7544160.0
000315938,을지로3가2역,2017-11,2017-12,2,4050.0,5473460.0
000315938,을지로3가2역,2018-01,2018-02,2,3060.0,3845840.0
000315938,을지로3가2역,2018-03,2018-04,2,2795.0,3991470.0
000315938,을지로3가2역,2018-05,2018-06,2,2909.0,4301050.0
000315938,을지로3가2역,2018-07,2018-08,2,3465.0,5482930.0
000315938,을지로3가2역,2018-09,2018-10,2,5357.0,9299620.0
000315938,을지로3가2역,2018-11,2018-12,2,3888.0,4499860.0
000315938,을지로3가2역,2019-01,2019-02,2,3654.0,5163570.0
000315938,을지로3가2역,2019-03,2019-04,2,3513.0,5432930.0
000315938,을지로3가2역,2019-05,2019-06,2,3390.0,5005070.0
000315938,을지로3가2역,2019-07,2019-08,2,4799.0,8383570.0
000315938,을지로3가2역,2019-09,2019-10,2,5778.0,9974340.0
000315938,을지로3가2역,2019-11,2019-12,2,4758.0,6433360.0
000315938,을지로3가2역,2020-01,2020-02,2,4758.0,7225560.0
000315938,을지로3가2역,2020-03,2020-04,2,3291.0,3807450.0
000315938,을지로3가2역,2020-05,2020-06,2,2937.0,4122000.0
000315938,을지로3가2역,2020-07,2020-08,2,3491.0,5687760.0
000315938,을지로3가2역,2020-09,2020-10,2,4910.0,8688580.0
000315938,을지로3가2역,2020-11,2020-12,2,3378.0,4061730.0
000315938,을지로3가2역,2021-01,2021-02,2,3270.0,4939520.0
000315938,을지로3가2역,2021-03,2021-04,2,2928.0,4246540.0
000315938,을지로3가2역,2021-05,2021-06,2,3126.0,4966300.0
000315938,을지로3가2역,2021-07,2021-08,2,2822.0,4333480.0
000315938,을지로3가2역,2021-09,2021-10,2,1913.0,2319570.0
000315938,을지로3가2역,2021-11,2021-12,2,1413.0,1830100.0
000315938,을지로3가2역,2022-01,2022-02,2,1413.0,2336380.0
000315938,을지로3가2역,2022-03,2022-04,2,2847.0,6195130.0
000315938,을지로3가2역,2022-05,2022-06,2,3195.0,5929500.0
000315938,을지로3가2역,2022-07,2022-08,2,4001.0,7772800.0
000315938,을지로3가2역,2022-09,2022-10,2,4932.0,9857900.0
000315938,을지로3가2역,2022-11,2022-12,2,3158.0,4551700.0
000315938,을지로3가2역,2023-01,2023-02,2,2724.0,4906480.0
000315938,을지로3가2역,2023-03,2023-04,2,2633.0,5668120.0
000315938,을지로3가2역,2023-05,2023-06,2,2363.0,4897600.0
000315938,을지로3가2역,2023-07,2023-08,2,4001.0,10984190.0
000315938,을지로3가2역,2023-09,2023-10,2,4196.0,9839140.0
000315938,을지로3가2역,2023-11,2023-12,2,3267.0,6205560.0
000315938,을지로3가2역,2024-01,2024-02,2,2307.0,3965890.0
000315938,을지로3가2역,2024-03,2024-04,2,2718.0,6444240.0
000315938,을지로3가2역,2024-05,2024-06,2,2556.0,5476000.0
000315938,을지로3가2역,2024-07,2024-08,2,3171.0,7865050.0
000315938,을지로3가2역,2024-09,2024-10,2,4404.0,11485290.0
000315938,을지로3가2역,2024-11,2024-12,2,3591.0,7103610.0
000315938,을지로3가2역,2025-01,2025-02,2,2511.0,4249040.0
000315938,을지로3가2역,2025-03,2025-04,2,2118.0,4174960.0
000315938,을지로3가2역,2025-05,2025-06,2,2591.0,6204400.0
000315938,을지로3가2역,2025-07,2025-08,2,3317.0,8145750.0
000315938,을지로3가2역,2025-09,2025-10,2,4936.0,12938900.0
000315938,을지로3가2역,2025-11,2025-12,2,3607.0,6628010.0
000315938,을지로3가2역,2026-01,2026-02,2,2930.0,6646650.0
000315938,을지로3가2역,2026-03,2026-04,2,2499.0,5308670.0
000315938,을지로3가2역,2026-05,2026-06,1,1691.0,2977620.0
031921584,응암역,2008-05,2008-06,2,254.0,1879680.0
031921584,응암역,2008-07,2008-08,2,297.0,1622400.0
031921584,응암역,2008-09,2008-10,2,263.0,1604480.0
031921584,응암역,2008-11,2008-12,2,311.0,1761920.0
031921584,응암역,2009-01,2009-02,2,322.0,1610880.0
031921584,응암역,2009-03,2009-04,2,275.0,1659520.0
031921584,응암역,2009-05,2009-06,2,387.0,1978240.0
031921584,응암역,2009-07,2009-08,2,328.0,1994880.0
031921584,응암역,2009-09,2009-10,2,337.0,1957760.0
031921584,응암역,2009-11,2009-12,2,322.0,1980800.0
031921584,응암역,2010-01,2010-02,2,353.0,1988480.0
031921584,응암역,2010-03,2010-04,2,303.0,1893760.0
031921584,응암역,2010-05,2010-06,2,328.0,2309760.0
031921584,응암역,2010-07,2010-08,2,331.0,2229120.0
031921584,응암역,2010-09,2010-10,2,279.0,2089600.0
031921584,응암역,2010-11,2010-12,2,344.0,2508160.0
031921584,응암역,2011-01,2011-02,2,412.0,2329380.0
031921584,응암역,2011-03,2011-04,2,367.0,2057180.0
031921584,응암역,2011-05,2011-06,2,385.0,2334530.0
031921584,응암역,2011-07,2011-08,2,392.0,2179730.0
031921584,응암역,2011-09,2011-10,2,273.0,2106200.0
031921584,응암역,2011-11,2011-12,2,296.0,2190050.0
031921584,응암역,2012-01,2012-02,2,328.0,2080400.0
031921584,응암역,2012-03,2012-04,2,381.0,2805640.0
031921584,응암역,2012-05,2012-06,2,325.0,3079520.0
031921584,응암역,2012-07,2012-08,2,308.0,3064760.0
031921584,응암역,2012-09,2012-10,2,327.0,2808920.0
031921584,응암역,2012-11,2012-12,2,375.0,3038520.0
031921584,응암역,2013-01,2013-02,2,326.0,2520280.0
031921584,응암역,2013-03,2013-04,2,300.0,2935800.0
031921584,응암역,2013-05,2013-06,2,418.0,3373520.0
031921584,응암역,2013-07,2013-08,2,390.0,3127160.0
031921584,응암역,2013-09,2013-10,2,435.0,3110600.0
031921584,응암역,2013-11,2013-12,2,325.0,3195240.0
031921584,응암역,2014-01,2014-02,2,297.0,2939480.0
031921584,응암역,2014-03,2014-04,2,420.0,3509800.0
031921584,응암역,2014-05,2014-06,2,417.0,3943800.0
031921584,응암역,2014-07,2014-08,2,366.0,3619800.0
031921584,응암역,2014-09,2014-10,2,387.0,3781800.0
031921584,응암역,2014-11,2014-12,2,360.0,3455800.0
031921584,응암역,2015-01,2015-02,2,330.0,3121800.0
031921584,응암역,2015-03,2015-04,2,363.0,3231800.0
031921584,응암역,2015-05,2015-06,2,337.0,4817290.0
031921584,응암역,2015-07,2015-08,2,293.0,3319800.0
031921584,응암역,2015-09,2015-10,2,916.0,4837800.0
031921584,응암역,2015-11,2015-12,2,416.0,4649800.0
031921584,응암역,2016-01,2016-02,2,289.0,4157800.0
031921584,응암역,2016-03,2016-04,2,296.0,2857800.0
031921584,응암역,2016-05,2016-06,2,400.0,5639800.0
031921584,응암역,2016-07,2016-08,2,682.0,5497800.0
031921584,응암역,2016-09,2016-10,2,505.0,4599800.0
031921584,응암역,2016-11,2016-12,2,713.0,5015800.0
031921584,응암역,2017-01,2017-02,2,308.0,4322090.0
031921584,응암역,2017-03,2017-04,2,322.0,2423560.0
031921584,응암역,2017-05,2017-06,2,348.0,2713800.0
031921584,응암역,2017-07,2017-08,2,452.0,2907000.0
031921584,응암역,2017-09,2017-10,2,668.0,3648300.0
031921584,응암역,2017-11,2017-12,2,516.0,3486600.0
031921584,응암역,2018-01,2018-02,2,424.0,3342740.0
031921584,응암역,2018-03,2018-04,2,258.0,3214160.0
031921584,응암역,2018-05,2018-06,2,268.0,3855060.0
031921584,응암역,2018-07,2018-08,2,312.0,3669420.0
031921584,응암역,2018-09,2018-10,2,581.0,4356730.0
031921584,응암역,2018-11,2018-12,2,286.0,3711410.0
031921584,응암역,2019-01,2019-02,2,227.0,3538460.0
031921584,응암역,2019-03,2019-04,2,204.0,3443330.0
031921584,응암역,2019-05,2019-06,2,307.0,3280230.0
031921584,응암역,2019-07,2019-08,2,512.0,3713610.0
031921584,응암역,2019-09,2019-10,2,555.0,3813800.0
031921584,응암역,2019-11,2019-12,2,245.0,3366440.0
031921584,응암역,2020-01,2020-02,2,240.0,3105480.0
031921584,응암역,2020-03,2020-04,2,233.0,2674430.0
031921584,응암역,2020-05,2020-06,2,280.0,3240620.0
031921584,응암역,2020-07,2020-08,2,361.0,3508570.0
031921584,응암역,2020-09,2020-10,2,466.0,3613420.0
031921584,응암역,2020-11,2020-12,2,626.0,4100390.0
031921584,응암역,2021-01,2021-02,2,216.0,2497350.0
031921584,응암역,2021-03,2021-04,2,235.0,2723360.0
031921584,응암역,2021-05,2021-06,2,295.0,3361050.0
031921584,응암역,2021-07,2021-08,2,596.0,3842130.0
031921584,응암역,2021-09,2021-10,2,645.0,4304340.0
031921584,응암역,2021-11,2021-12,2,372.0,3880160.0
031921584,응암역,2022-01,2022-02,2,210.0,3314670.0
031921584,응암역,2022-03,2022-04,2,199.0,3281050.0
031921584,응암역,2022-05,2022-06,2,256.0,4269180.0
031921584,응암역,2022-07,2022-08,2,365.0,4184700.0
031921584,응암역,2022-09,2022-10,2,364.0,4158200.0
031921584,응암역,2022-11,2022-12,2,222.0,4041600.0
031921584,응암역,2023-01,2023-02,2,173.0,4226700.0
031921584,응암역,2023-03,2023-04,2,183.0,4723840.0
031921584,응암역,2023-05,2023-06,2,234.0,5375680.0
031921584,응암역,2023-07,2023-08,2,451.0,5540320.0
031921584,응암역,2023-09,2023-10,2,612.0,6161920.0
031921584,응암역,2023-11,2023-12,2,1006.0,8246640.0
031921584,응암역,2024-01,2024-02,2,158.0,5140480.0
031921584,응암역,2024-03,2024-04,2,142.0,5291680.0
031921584,응암역,2024-05,2024-06,2,208.0,6182080.0
031921584,응암역,2024-07,2024-08,2,476.0,6450880.0
031921584,응암역,2024-09,2024-10,2,631.0,6605440.0
031921584,응암역,2024-11,2024-12,2,169.0,3917440.0
031921584,응암역,2025-01,2025-02,2,181.0,3957760.0
031921584,응암역,2025-03,2025-04,2,128.0,3779680.0
031921584,응암역,2025-05,2025-06,2,156.0,4253440.0
031921584,응암역,2025-07,2025-08,2,156.0,4245720.0
031921584,응암역,2025-09,2025-10,2,1031.0,7704320.0
031921584,응암역,2025-11,2025-12,2,151.0,4548120.0
031921584,응암역,2026-01,2026-02,2,141.0,3866200.0
031921584,응암역,2026-03,2026-04,2,168.0,4791880.0
024635854,이대역사,2008-05,2008-06,1,834.0,1067820.0
024635854,이대역사,2008-07,2008-08,2,3617.0,3562840.0
024635854,이대역사,2008-09,2008-10,2,4157.0,3777880.0
024635854,이대역사,2008-11,2008-12,2,3606.0,2842200.0
024635854,이대역사,2009-01,2009-02,2,2990.0,2289240.0
024635854,이대역사,2009-03,2009-04,2,2052.0,1351000.0
024635854,이대역사,2009-05,2009-06,2,2457.0,2270040.0
024635854,이대역사,2009-07,2009-08,2,3137.0,2967640.0
024635854,이대역사,2009-09,2009-10,2,3603.0,3273560.0
024635854,이대역사,2009-11,2009-12,2,3623.0,3100760.0
024635854,이대역사,2010-01,2010-02,2,3432.0,2830680.0
024635854,이대역사,2010-03,2010-04,2,3308.0,2770520.0
024635854,이대역사,2010-05,2010-06,2,3786.0,3434840.0
024635854,이대역사,2010-07,2010-08,2,4058.0,3579480.0
024635854,이대역사,2010-09,2010-10,2,4950.0,4604760.0
024635854,이대역사,2010-11,2010-12,2,4346.0,3451480.0
024635854,이대역사,2011-01,2011-02,2,3540.0,2687350.0
024635854,이대역사,2011-03,2011-04,2,3660.0,3199740.0
024635854,이대역사,2011-05,2011-06,2,3854.0,3398460.0
024635854,이대역사,2011-07,2011-08,2,4043.0,3558420.0
024635854,이대역사,2011-09,2011-10,2,4752.0,4391760.0
024635854,이대역사,2011-11,2011-12,2,4170.0,3336540.0
024635854,이대역사,2012-01,2012-02,2,3422.0,2621880.0
024635854,이대역사,2012-03,2012-04,2,3389.0,3926380.0
024635854,이대역사,2012-05,2012-06,2,3788.0,4320720.0
024635854,이대역사,2012-07,2012-08,2,4157.0,4707760.0
024635854,이대역사,2012-09,2012-10,2,4281.0,4709400.0
024635854,이대역사,2012-11,2012-12,2,4118.0,4374840.0
024635854,이대역사,2013-01,2013-02,2,3807.0,3953360.0
024635854,이대역사,2013-03,2013-04,2,3779.0,4794800.0
024635854,이대역사,2013-05,2013-06,2,4001.0,4979040.0
024635854,이대역사,2013-07,2013-08,2,4604.0,5952400.0
024635854,이대역사,2013-09,2013-10,2,5225.0,6725200.0
024635854,이대역사,2013-11,2013-12,2,4995.0,5921120.0
024635854,이대역사,2014-01,2014-02,2,4104.0,4423360.0
024635854,이대역사,2014-03,2014-04,2,4428.0,6256480.0
024635854,이대역사,2014-05,2014-06,2,5078.0,7127600.0
024635854,이대역사,2014-07,2014-08,2,4781.0,6099600.0
024635854,이대역사,2014-09,2014-10,2,5225.0,7185600.0
024635854,이대역사,2014-11,2014-12,2,4995.0,6429600.0
024635854,이대역사,2015-01,2015-02,2,4148.0,4889600.0
024635854,이대역사,2015-03,2015-04,2,3836.0,4829600.0
024635854,이대역사,2015-05,2015-06,2,4491.0,6347600.0
024635854,이대역사,2015-07,2015-08,2,4062.0,5053600.0
024635854,이대역사,2015-09,2015-10,2,5013.0,7241600.0
024635854,이대역사,2015-11,2015-12,2,4292.0,5165600.0
024635854,이대역사,2016-01,2016-02,2,4305.0,5671600.0
024635854,이대역사,2016-03,2016-04,2,4472.0,5997600.0
024635854,이대역사,2016-05,2016-06,2,5138.0,7217600.0
024635854,이대역사,2016-07,2016-08,2,4950.0,6397600.0
024635854,이대역사,2016-09,2016-10,2,6561.0,9745600.0
024635854,이대역사,2016-11,2016-12,2,5624.0,6797600.0
024635854,이대역사,2017-01,2017-02,2,5624.0,7579080.0
024635854,이대역사,2017-03,2017-04,2,4472.0,5371340.0
024635854,이대역사,2017-05,2017-06,2,2780.0,2632720.0
024635854,이대역사,2017-07,2017-08,2,3198.0,4683700.0
024635854,이대역사,2017-09,2017-10,2,4247.0,6594700.0
024635854,이대역사,2017-11,2017-12,2,671.0,0.0
024635854,이대역사,2018-01,2018-02,2,2159.0,2407490.0
024635854,이대역사,2018-03,2018-04,2,3173.0,5305280.0
024635854,이대역사,2018-05,2018-06,2,4340.0,7152820.0
024635854,이대역사,2018-07,2018-08,2,4068.0,5692010.0
024635854,이대역사,2018-09,2018-10,2,5111.0,8198150.0
024635854,이대역사,2018-11,2018-12,2,4985.0,7150610.0
024635854,이대역사,2019-01,2019-02,2,4782.0,6912280.0
024635854,이대역사,2019-03,2019-04,2,3465.0,4264380.0
024635854,이대역사,2019-05,2019-06,2,3962.0,6428910.0
024635854,이대역사,2019-07,2019-08,2,4031.0,6202900.0
024635854,이대역사,2019-09,2019-10,2,4242.0,6640940.0
024635854,이대역사,2019-11,2019-12,2,4244.0,6482500.0
024635854,이대역사,2020-01,2020-02,2,3737.0,5298860.0
024635854,이대역사,2020-03,2020-04,2,3192.0,4422780.0
024635854,이대역사,2020-05,2020-06,2,1850.0,1719980.0
024635854,이대역사,2020-07,2020-08,2,2324.0,3865910.0
024635854,이대역사,2020-09,2020-10,2,3525.0,6296100.0
024635854,이대역사,2020-11,2020-12,2,2684.0,3404570.0
024635854,이대역사,2021-01,2021-02,2,1835.0,2078800.0
024635854,이대역사,2021-03,2021-04,2,1797.0,2649650.0
024635854,이대역사,2021-05,2021-06,2,2100.0,3380020.0
024635854,이대역사,2021-07,2021-08,2,2333.0,3825790.0
024635854,이대역사,2021-09,2021-10,2,3728.0,7365680.0
024635854,이대역사,2021-11,2021-12,2,2637.0,3433360.0
024635854,이대역사,2022-01,2022-02,2,2105.0,3093950.0
024635854,이대역사,2022-03,2022-04,2,1640.0,2454060.0
024635854,이대역사,2022-05,2022-06,2,2073.0,4008500.0
024635854,이대역사,2022-07,2022-08,2,2334.0,4318550.0
024635854,이대역사,2022-09,2022-10,2,3701.0,7710550.0
024635854,이대역사,2022-11,2022-12,2,2655.0,3730250.0
024635854,이대역사,2023-01,2023-02,2,2445.0,4528210.0
024635854,이대역사,2023-03,2023-04,2,1910.0,3629010.0
024635854,이대역사,2023-05,2023-06,2,2772.0,7098200.0
024635854,이대역사,2023-07,2023-08,2,2676.0,5811320.0
024635854,이대역사,2023-09,2023-10,2,3287.0,8003370.0
024635854,이대역사,2023-11,2023-12,2,3069.0,6550910.0
024635854,이대역사,2024-01,2024-02,2,2525.0,4968790.0
024635854,이대역사,2024-03,2024-04,2,2037.0,3939800.0
024635854,이대역사,2024-05,2024-06,2,2537.0,6167480.0
024635854,이대역사,2024-07,2024-08,2,2729.0,6251480.0
024635854,이대역사,2024-09,2024-10,2,3263.0,7859610.0
024635854,이대역사,2024-11,2024-12,2,3164.0,6908320.0
024635854,이대역사,2025-01,2025-02,2,2399.0,4434390.0
024635854,이대역사,2025-03,2025-04,2,1925.0,3704600.0
024635854,이대역사,2025-05,2025-06,2,2511.0,6202440.0
024635854,이대역사,2025-07,2025-08,2,2648.0,6007560.0
024635854,이대역사,2025-09,2025-10,2,3630.0,9221820.0
024635854,이대역사,2025-11,2025-12,2,3177.0,6528090.0
024635854,이대역사,2026-01,2026-02,2,2687.0,5512560.0
024635854,이대역사,2026-03,2026-04,2,2081.0,4134810.0
024635854,이대역사,2026-05,2026-06,1,1735.0,3652340.0
032125776,이태원역,2008-05,2008-06,2,753.0,1160280.0
032125776,이태원역,2008-07,2008-08,2,1490.0,1462030.0
032125776,이태원역,2008-09,2008-10,2,1380.0,1969400.0
032125776,이태원역,2008-11,2008-12,2,1475.0,2121730.0
032125776,이태원역,2009-01,2009-02,2,2028.0,1844640.0
032125776,이태원역,2009-03,2009-04,2,863.0,863520.0
032125776,이태원역,2009-05,2009-06,2,1448.0,1370040.0
032125776,이태원역,2009-07,2009-08,2,1546.0,1474200.0
032125776,이태원역,2009-09,2009-10,2,1357.0,1341480.0
032125776,이태원역,2009-11,2009-12,2,1243.0,1234640.0
032125776,이태원역,2010-01,2010-02,2,1590.0,1442280.0
032125776,이태원역,2010-03,2010-04,2,1540.0,1400200.0
032125776,이태원역,2010-05,2010-06,2,1498.0,1364920.0
032125776,이태원역,2010-07,2010-08,2,1562.0,1355680.0
032125776,이태원역,2010-09,2010-10,2,1208.0,1058320.0
032125776,이태원역,2010-11,2010-12,2,1276.0,1115440.0
032125776,이태원역,2011-01,2011-02,2,1619.0,1411880.0
032125776,이태원역,2011-03,2011-04,2,1354.0,1194500.0
032125776,이태원역,2011-05,2011-06,2,1915.0,1671350.0
032125776,이태원역,2011-07,2011-08,2,1926.0,1680700.0
032125776,이태원역,2011-09,2011-10,2,2191.0,1905950.0
032125776,이태원역,2011-11,2011-12,2,2188.0,1903400.0
032125776,이태원역,2012-01,2012-02,2,1619.0,1419750.0
032125776,이태원역,2012-03,2012-04,2,1536.0,1564600.0
032125776,이태원역,2012-05,2012-06,2,1667.0,1695600.0
032125776,이태원역,2012-07,2012-08,2,1743.0,1771600.0
032125776,이태원역,2012-09,2012-10,2,1866.0,1894600.0
032125776,이태원역,2012-11,2012-12,2,1611.0,1639600.0
032125776,이태원역,2013-01,2013-02,2,1591.0,1619600.0
032125776,이태원역,2013-03,2013-04,2,1606.0,1634600.0
032125776,이태원역,2013-05,2013-06,2,1621.0,1663820.0
032125776,이태원역,2013-07,2013-08,2,1689.0,1717600.0
032125776,이태원역,2013-09,2013-10,2,2002.0,2030600.0
032125776,이태원역,2013-11,2013-12,2,1878.0,3391120.0
032125776,이태원역,2014-01,2014-02,2,1855.0,3348800.0
032125776,이태원역,2014-03,2014-04,2,1824.0,3571600.0
032125776,이태원역,2014-05,2014-06,2,1970.0,3863600.0
032125776,이태원역,2014-07,2014-08,2,2056.0,4035600.0
032125776,이태원역,2014-09,2014-10,2,2219.0,4361600.0
032125776,이태원역,2014-11,2014-12,2,2092.0,4107600.0
032125776,이태원역,2015-01,2015-02,2,1929.0,3781600.0
032125776,이태원역,2015-03,2015-04,2,1897.0,3717600.0
032125776,이태원역,2015-05,2015-06,2,2140.0,4203600.0
032125776,이태원역,2015-07,2015-08,2,1868.0,3659600.0
032125776,이태원역,2015-09,2015-10,2,2282.0,4487600.0
032125776,이태원역,2015-11,2015-12,2,1990.0,3903600.0
032125776,이태원역,2016-01,2016-02,2,2026.0,3975600.0
032125776,이태원역,2016-03,2016-04,2,1896.0,3715600.0
032125776,이태원역,2016-05,2016-06,2,2010.0,3943600.0
032125776,이태원역,2016-07,2016-08,2,2161.0,4277600.0
032125776,이태원역,2016-09,2016-10,2,2332.0,4619600.0
032125776,이태원역,2016-11,2016-12,2,1978.0,3911600.0
032125776,이태원역,2017-01,2017-02,2,2222.0,4505850.0
032125776,이태원역,2017-03,2017-04,2,1942.0,4024800.0
032125776,이태원역,2017-05,2017-06,2,2552.0,5305800.0
032125776,이태원역,2017-07,2017-08,2,2785.0,5795100.0
032125776,이태원역,2017-09,2017-10,2,2074.0,4302000.0
032125776,이태원역,2017-11,2017-12,2,2339.0,4858500.0
032125776,이태원역,2018-01,2018-02,2,2083.0,4427350.0
032125776,이태원역,2018-03,2018-04,2,2113.0,4601330.0
032125776,이태원역,2018-05,2018-06,2,2143.0,4667630.0
032125776,이태원역,2018-07,2018-08,2,2459.0,5365990.0
032125776,이태원역,2018-09,2018-10,2,2718.0,5938380.0
032125776,이태원역,2018-11,2018-12,2,1935.0,4207950.0
032125776,이태원역,2019-01,2019-02,2,1776.0,3956240.0
032125776,이태원역,2019-03,2019-04,2,1807.0,4130910.0
032125776,이태원역,2019-05,2019-06,2,1867.0,4270710.0
032125776,이태원역,2019-07,2019-08,2,1971.0,4513030.0
032125776,이태원역,2019-09,2019-10,2,2171.0,4979030.0
032125776,이태원역,2019-11,2019-12,2,1869.0,4275370.0
032125776,이태원역,2020-01,2020-02,2,1840.0,4207800.0
032125776,이태원역,2020-03,2020-04,2,1428.0,3247840.0
032125776,이태원역,2020-05,2020-06,2,1181.0,2672330.0
032125776,이태원역,2020-07,2020-08,2,1365.0,3101050.0
032125776,이태원역,2020-09,2020-10,2,1685.0,3846650.0
032125776,이태원역,2020-11,2020-12,2,1234.0,2795820.0
032125776,이태원역,2021-01,2021-02,2,1024.0,2306520.0
032125776,이태원역,2021-03,2021-04,2,1243.0,2816790.0
032125776,이태원역,2021-05,2021-06,2,1374.0,3122020.0
032125776,이태원역,2021-07,2021-08,2,1444.0,3444940.0
032125776,이태원역,2021-09,2021-10,2,1612.0,4019080.0
032125776,이태원역,2021-11,2021-12,2,1498.0,3729520.0
032125776,이태원역,2022-01,2022-02,2,1165.0,2985820.0
032125776,이태원역,2022-03,2022-04,2,1204.0,3187200.0
032125776,이태원역,2022-05,2022-06,2,1581.0,4186250.0
032125776,이태원역,2022-07,2022-08,2,1950.0,5164100.0
032125776,이태원역,2022-09,2022-10,2,2280.0,6038600.0
032125776,이태원역,2022-11,2022-12,2,1620.0,4289600.0
032125776,이태원역,2023-01,2023-02,2,1324.0,3964100.0
032125776,이태원역,2023-03,2023-04,2,1476.0,4915960.0
032125776,이태원역,2023-05,2023-06,2,1739.0,5799640.0
032125776,이태원역,2023-07,2023-08,2,1859.0,6202840.0
032125776,이태원역,2023-09,2023-10,2,2051.0,6853570.0
032125776,이태원역,2023-11,2023-12,2,1858.0,6199480.0
032125776,이태원역,2024-01,2024-02,2,1578.0,5258680.0
032125776,이태원역,2024-03,2024-04,2,1657.0,5524120.0
032125776,이태원역,2024-05,2024-06,2,1776.0,5923960.0
032125776,이태원역,2024-07,2024-08,2,1992.0,6649720.0
032125776,이태원역,2024-09,2024-10,2,2214.0,7419180.0
032125776,이태원역,2024-11,2024-12,2,1850.0,6172600.0
032125776,이태원역,2025-01,2025-02,2,1497.0,4986520.0
032125776,이태원역,2025-03,2025-04,2,1470.0,4895800.0
032125776,이태원역,2025-05,2025-06,2,1723.0,5745880.0
032125776,이태원역,2025-07,2025-08,2,2247.0,7532690.0
032125776,이태원역,2025-09,2025-10,2,2437.0,8191990.0
032125776,이태원역,2025-11,2025-12,2,1770.0,5902800.0
032125776,이태원역,2026-01,2026-02,2,1582.0,5418030.0
032125776,이태원역,2026-03,2026-04,2,1525.0,5365900.0
024583082,잠실새내역,2008-05,2008-06,1,1693.0,1313120.0
024583082,잠실새내역,2008-07,2008-08,2,3740.0,3766720.0
024583082,잠실새내역,2008-09,2008-10,2,4658.0,4259440.0
024583082,잠실새내역,2008-11,2008-12,2,4085.0,3322480.0
024583082,잠실새내역,2009-01,2009-02,2,3025.0,2434160.0
024583082,잠실새내역,2009-03,2009-04,2,2329.0,1871840.0
024583082,잠실새내역,2009-05,2009-06,2,2858.0,2772960.0
024583082,잠실새내역,2009-07,2009-08,2,5843.0,6143200.0
024583082,잠실새내역,2009-09,2009-10,2,7365.0,7120280.0
024583082,잠실새내역,2009-11,2009-12,2,6428.0,5803280.0
024583082,잠실새내역,2010-01,2010-02,2,3644.0,3139940.0
024583082,잠실새내역,2010-03,2010-04,2,2553.0,2413940.0
024583082,잠실새내역,2010-05,2010-06,2,2692.0,2954860.0
024583082,잠실새내역,2010-07,2010-08,2,4010.0,4566380.0
024583082,잠실새내역,2010-09,2010-10,2,5494.0,5659500.0
024583082,잠실새내역,2010-11,2010-12,2,6285.0,6125420.0
024583082,잠실새내역,2011-01,2011-02,2,4518.0,3640360.0
024583082,잠실새내역,2011-03,2011-04,2,3387.0,3453080.0
024583082,잠실새내역,2011-05,2011-06,2,3665.0,3912320.0
024583082,잠실새내역,2011-07,2011-08,2,5067.0,5491280.0
024583082,잠실새내역,2011-09,2011-10,2,7239.0,7189010.0
024583082,잠실새내역,2011-11,2011-12,2,7093.0,5957410.0
024583082,잠실새내역,2012-01,2012-02,2,4391.0,3136040.0
024583082,잠실새내역,2012-03,2012-04,2,3078.0,3201190.0
024583082,잠실새내역,2012-05,2012-06,2,4103.0,5119600.0
024583082,잠실새내역,2012-07,2012-08,2,6921.0,8807880.0
024583082,잠실새내역,2012-09,2012-10,2,8843.0,10113560.0
024583082,잠실새내역,2012-11,2012-12,2,6498.0,5616680.0
024583082,잠실새내역,2013-01,2013-02,2,3827.0,3484680.0
024583082,잠실새내역,2013-03,2013-04,2,3065.0,3646680.0
024583082,잠실새내역,2013-05,2013-06,2,4068.0,5617000.0
024583082,잠실새내역,2013-07,2013-08,2,6851.0,9762600.0
024583082,잠실새내역,2013-09,2013-10,2,8583.0,10877640.0
024583082,잠실새내역,2013-11,2013-12,2,6610.0,6689800.0
024583082,잠실새내역,2014-01,2014-02,2,4098.0,4220400.0
024583082,잠실새내역,2014-03,2014-04,2,3332.0,4433200.0
024583082,잠실새내역,2014-05,2014-06,2,4603.0,7053200.0
024583082,잠실새내역,2014-07,2014-08,2,7372.0,11281200.0
024583082,잠실새내역,2014-09,2014-10,2,8971.0,12365200.0
024583082,잠실새내역,2014-11,2014-12,2,6689.0,7259200.0
024583082,잠실새내역,2015-01,2015-02,2,1698.0,3774200.0
024583082,잠실새내역,2015-03,2015-04,2,3659.0,6138300.0
024583082,잠실새내역,2015-05,2015-06,2,3794.0,5175300.0
024583082,잠실새내역,2015-07,2015-08,2,5457.0,8456000.0
024583082,잠실새내역,2015-09,2015-10,2,10373.0,17180000.0
024583082,잠실새내역,2015-11,2015-12,2,6993.0,7142000.0
024583082,잠실새내역,2016-01,2016-02,2,3737.0,2884000.0
024583082,잠실새내역,2016-03,2016-04,2,3530.0,4592300.0
024583082,잠실새내역,2016-05,2016-06,2,4281.0,6248200.0
024583082,잠실새내역,2016-07,2016-08,2,5363.0,7912200.0
024583082,잠실새내역,2016-09,2016-10,2,8088.0,12640200.0
024583082,잠실새내역,2016-11,2016-12,2,7041.0,8730200.0
024583082,잠실새내역,2017-01,2017-02,2,3864.0,3178110.0
024583082,잠실새내역,2017-03,2017-04,2,3290.0,4251120.0
024583082,잠실새내역,2017-05,2017-06,2,3951.0,6044790.0
024583082,잠실새내역,2017-07,2017-08,2,4377.0,6471120.0
024583082,잠실새내역,2017-09,2017-10,2,5085.0,7659720.0
024583082,잠실새내역,2017-11,2017-12,2,4866.0,6704220.0
024583082,잠실새내역,2018-01,2018-02,2,4307.0,5803290.0
024583082,잠실새내역,2018-03,2018-04,2,3482.0,4422550.0
024583082,잠실새내역,2018-05,2018-06,2,3840.0,5892270.0
024583082,잠실새내역,2018-07,2018-08,2,5418.0,9197300.0
024583082,잠실새내역,2018-09,2018-10,2,5556.0,8420100.0
024583082,잠실새내역,2018-11,2018-12,2,4061.0,4924850.0
024583082,잠실새내역,2019-01,2019-02,2,3701.0,5183710.0
024583082,잠실새내역,2019-03,2019-04,2,3207.0,4540030.0
024583082,잠실새내역,2019-05,2019-06,2,3212.0,4905190.0
024583082,잠실새내역,2019-07,2019-08,2,4575.0,8167520.0
024583082,잠실새내역,2019-09,2019-10,2,4524.0,7055270.0
024583082,잠실새내역,2019-11,2019-12,2,3597.0,4887770.0
024583082,잠실새내역,2020-01,2020-02,2,3417.0,5096740.0
024583082,잠실새내역,2020-03,2020-04,2,2636.0,3419610.0
024583082,잠실새내역,2020-05,2020-06,2,2097.0,2805940.0
024583082,잠실새내역,2020-07,2020-08,2,2552.0,4276690.0
024583082,잠실새내역,2020-09,2020-10,2,1599.0,1689240.0
024583082,잠실새내역,2020-11,2020-12,2,260.0,67200.0
024583082,잠실새내역,2021-01,2021-02,2,981.0,1322500.0
024583082,잠실새내역,2021-03,2021-04,2,1152.0,1866450.0
024583082,잠실새내역,2021-05,2021-06,2,1287.0,1992590.0
024583082,잠실새내역,2021-07,2021-08,2,1883.0,3383520.0
024583082,잠실새내역,2021-09,2021-10,2,2858.0,5542450.0
024583082,잠실새내역,2021-11,2021-12,2,1988.0,2521500.0
024583082,잠실새내역,2022-01,2022-02,2,1667.0,2517630.0
024583082,잠실새내역,2022-03,2022-04,2,1583.0,2686740.0
024583082,잠실새내역,2022-05,2022-06,2,1767.0,3247950.0
024583082,잠실새내역,2022-07,2022-08,2,2150.0,4101250.0
024583082,잠실새내역,2022-09,2022-10,2,3465.0,7349600.0
024583082,잠실새내역,2022-11,2022-12,2,2495.0,3515600.0
024583082,잠실새내역,2023-01,2023-02,2,2250.0,4171790.0
024583082,잠실새내역,2023-03,2023-04,2,2208.0,4877980.0
024583082,잠실새내역,2023-05,2023-06,2,2691.0,6549000.0
024583082,잠실새내역,2023-07,2023-08,2,3216.0,7795800.0
024583082,잠실새내역,2023-09,2023-10,2,3623.0,8612170.0
024583082,잠실새내역,2023-11,2023-12,2,3042.0,6124180.0
024583082,잠실새내역,2024-01,2024-02,2,2388.0,4595300.0
024583082,잠실새내역,2024-03,2024-04,2,2222.0,4771560.0
024583082,잠실새내역,2024-05,2024-06,2,2508.0,5917320.0
024583082,잠실새내역,2024-07,2024-08,2,2861.0,6783200.0
024583082,잠실새내역,2024-09,2024-10,2,3575.0,8848010.0
024583082,잠실새내역,2024-11,2024-12,2,3044.0,6211040.0
024583082,잠실새내역,2025-01,2025-02,2,2540.0,5072950.0
024583082,잠실새내역,2025-03,2025-04,2,2007.0,3926200.0
024583082,잠실새내역,2025-05,2025-06,2,2226.0,5257320.0
024583082,잠실새내역,2025-07,2025-08,2,2604.0,6253320.0
024583082,잠실새내역,2025-09,2025-10,2,3393.0,8547430.0
024583082,잠실새내역,2025-11,2025-12,2,2840.0,5650430.0
024583082,잠실새내역,2026-01,2026-02,2,2334.0,4697280.0
024583082,잠실새내역,2026-03,2026-04,2,1934.0,4030510.0
024583082,잠실새내역,2026-05,2026-06,1,1567.0,3231080.0
004779648,장한평역,2010-01,2010-02,2,734.0,940120.0
004779648,장한평역,2010-03,2010-04,2,1185.0,1517400.0
004779648,장한평역,2010-05,2010-06,2,1482.0,1897560.0
004779648,장한평역,2010-07,2010-08,2,1693.0,2167640.0
004779648,장한평역,2010-09,2010-10,2,1508.0,1930840.0
004779648,장한평역,2010-11,2010-12,2,1602.0,2051160.0
004779648,장한평역,2011-01,2011-02,2,1310.0,1685190.0
004779648,장한평역,2011-03,2011-04,2,1326.0,1711140.0
004779648,장한평역,2011-05,2011-06,2,1498.0,1933020.0
004779648,장한평역,2011-07,2011-08,2,1361.0,1756290.0
004779648,장한평역,2011-09,2011-10,2,1303.0,1681470.0
004779648,장한평역,2011-11,2011-12,2,1235.0,1593750.0
004779648,장한평역,2012-01,2012-02,2,1064.0,1373160.0
004779648,장한평역,2012-03,2012-04,2,1087.0,1744280.0
004779648,장한평역,2012-05,2012-06,2,1265.0,2036200.0
004779648,장한평역,2012-07,2012-08,2,1602.0,2588880.0
004779648,장한평역,2012-09,2012-10,2,1225.0,1970600.0
004779648,장한평역,2012-11,2012-12,2,1131.0,1816440.0
004779648,장한평역,2013-01,2013-02,2,922.0,1473680.0
004779648,장한평역,2013-03,2013-04,2,981.0,1740640.0
004779648,장한평역,2013-05,2013-06,2,1114.0,2000510.0
004779648,장한평역,2013-07,2013-08,2,1199.0,2141760.0
004779648,장한평역,2013-09,2013-10,2,1193.0,2130720.0
004779648,장한평역,2013-11,2013-12,2,1153.0,2057120.0
004779648,장한평역,2014-01,2014-02,2,993.0,1762720.0
004779648,장한평역,2014-03,2014-04,2,1045.0,2013600.0
004779648,장한평역,2014-05,2014-06,2,1080.0,2083600.0
004779648,장한평역,2014-07,2014-08,2,1309.0,2541600.0
004779648,장한평역,2014-09,2014-10,2,1318.0,2559600.0
004779648,장한평역,2014-11,2014-12,2,1406.0,2735600.0
004779648,장한평역,2015-01,2015-02,2,1127.0,2177600.0
004779648,장한평역,2015-03,2015-04,2,1003.0,1929600.0
004779648,장한평역,2015-05,2015-06,2,1297.0,2517600.0
004779648,장한평역,2015-07,2015-08,2,1297.0,2517600.0
004779648,장한평역,2015-09,2015-10,2,1288.0,2499600.0
004779648,장한평역,2015-11,2015-12,2,1208.0,2339600.0
004779648,장한평역,2016-01,2016-02,2,1028.0,1979600.0
004779648,장한평역,2016-03,2016-04,2,1151.0,2225600.0
004779648,장한평역,2016-05,2016-06,2,1222.0,2367600.0
004779648,장한평역,2016-07,2016-08,2,1189.0,2301600.0
004779648,장한평역,2016-09,2016-10,2,1333.0,2589600.0
004779648,장한평역,2016-11,2016-12,2,1211.0,2345600.0
004779648,장한평역,2017-01,2017-02,2,1110.0,2200570.0
004779648,장한평역,2017-03,2017-04,2,1304.0,2653000.0
004779648,장한평역,2017-05,2017-06,2,1328.0,2703400.0
004779648,장한평역,2017-07,2017-08,2,1523.0,3112900.0
004779648,장한평역,2017-09,2017-10,2,1656.0,3392200.0
004779648,장한평역,2017-11,2017-12,2,1250.0,2539600.0
004779648,장한평역,2018-01,2018-02,2,1250.0,2610480.0
004779648,장한평역,2018-03,2018-04,2,999.0,2111610.0
004779648,장한평역,2018-05,2018-06,2,1383.0,2956030.0
004779648,장한평역,2018-07,2018-08,2,1610.0,3457700.0
004779648,장한평역,2018-09,2018-10,2,1829.0,3941690.0
004779648,장한평역,2018-11,2018-12,2,1327.0,2832270.0
004779648,장한평역,2019-01,2019-02,2,1298.0,2852200.0
004779648,장한평역,2019-03,2019-04,2,1263.0,2831390.0
004779648,장한평역,2019-05,2019-06,2,1575.0,3558350.0
004779648,장한평역,2019-07,2019-08,2,1735.0,3931150.0
004779648,장한평역,2019-09,2019-10,2,1826.0,4143180.0
004779648,장한평역,2019-11,2019-12,2,1603.0,3623590.0
004779648,장한평역,2020-01,2020-02,2,1442.0,3248460.0
004779648,장한평역,2020-03,2020-04,2,1211.0,2710230.0
004779648,장한평역,2020-05,2020-06,2,1270.0,2847700.0
004779648,장한평역,2020-07,2020-08,2,836.0,1836480.0
004779648,장한평역,2020-09,2020-10,2,1854.0,4208420.0
004779648,장한평역,2020-11,2020-12,2,1775.0,4024350.0
004779648,장한평역,2021-01,2021-02,2,1087.0,2421310.0
004779648,장한평역,2021-03,2021-04,2,1127.0,2514510.0
004779648,장한평역,2021-05,2021-06,2,1345.0,3022450.0
004779648,장한평역,2021-07,2021-08,2,1960.0,4713000.0
004779648,장한평역,2021-09,2021-10,2,1388.0,3418120.0
004779648,장한평역,2021-11,2021-12,2,1331.0,3273340.0
004779648,장한평역,2022-01,2022-02,2,1146.0,2923860.0
004779648,장한평역,2022-03,2022-04,2,1223.0,3192900.0
004779648,장한평역,2022-05,2022-06,2,1304.0,3413070.0
004779648,장한평역,2022-07,2022-08,2,1509.0,3963450.0
004779648,장한평역,2022-09,2022-10,2,1886.0,4962500.0
004779648,장한평역,2022-11,2022-12,2,1689.0,4440450.0
004779648,장한평역,2023-01,2023-02,2,1209.0,3664550.0
004779648,장한평역,2023-03,2023-04,2,1275.0,4208600.0
004779648,장한평역,2023-05,2023-06,2,1318.0,4353080.0
004779648,장한평역,2023-07,2023-08,2,1623.0,5377880.0
004779648,장한평역,2023-09,2023-10,2,1615.0,5351000.0
004779648,장한평역,2023-11,2023-12,2,1517.0,5021720.0
004779648,장한평역,2024-01,2024-02,2,1163.0,3832280.0
004779648,장한평역,2024-03,2024-04,2,1275.0,4208600.0
004779648,장한평역,2024-05,2024-06,2,1631.0,5404760.0
004779648,장한평역,2024-07,2024-08,2,2088.0,6949960.0
004779648,장한평역,2024-09,2024-10,2,2324.0,7768880.0
004779648,장한평역,2024-11,2024-12,2,1681.0,5572760.0
004779648,장한평역,2025-01,2025-02,2,1622.0,5374520.0
004779648,장한평역,2025-03,2025-04,2,1682.0,5576120.0
004779648,장한평역,2025-05,2025-06,2,1523.0,5041880.0
004779648,장한평역,2025-07,2025-08,2,2237.0,7466990.0
004779648,장한평역,2025-09,2025-10,2,1869.0,6204440.0
004779648,장한평역,2025-11,2025-12,2,1373.0,4537880.0
004779648,장한평역,2026-01,2026-02,2,1373.0,4690590.0
004779648,장한평역,2026-03,2026-04,2,1163.0,4058600.0
032013846,증산역,2008-05,2008-06,2,200.0,1523840.0
032013846,증산역,2008-07,2008-08,2,218.0,1530240.0
032013846,증산역,2008-09,2008-10,2,240.0,1554900.0
032013846,증산역,2008-11,2008-12,2,156.0,1581440.0
032013846,증산역,2009-01,2009-02,2,155.0,1343360.0
032013846,증산역,2009-03,2009-04,2,173.0,1360000.0
032013846,증산역,2009-05,2009-06,2,221.0,1736320.0
032013846,증산역,2009-07,2009-08,2,221.0,1915520.0
032013846,증산역,2009-09,2009-10,2,276.0,1833600.0
032013846,증산역,2009-11,2009-12,2,176.0,1785390.0
032013846,증산역,2010-01,2010-02,2,169.0,1598080.0
032013846,증산역,2010-03,2010-04,2,156.0,1552000.0
032013846,증산역,2010-05,2010-06,2,185.0,1723520.0
032013846,증산역,2010-07,2010-08,2,195.0,1865600.0
032013846,증산역,2010-09,2010-10,2,172.0,1652340.0
032013846,증산역,2010-11,2010-12,2,158.0,1709440.0
032013846,증산역,2011-01,2011-02,2,160.0,1425160.0
032013846,증산역,2011-03,2011-04,2,143.0,1506350.0
032013846,증산역,2011-05,2011-06,2,180.0,1550210.0
032013846,증산역,2011-07,2011-08,2,179.0,1739350.0
032013846,증산역,2011-09,2011-10,2,199.0,1872710.0
032013846,증산역,2011-11,2011-12,2,232.0,1813370.0
032013846,증산역,2012-01,2012-02,2,159.0,1459910.0
032013846,증산역,2012-03,2012-04,2,147.0,1920040.0
032013846,증산역,2012-05,2012-06,2,170.0,2318560.0
032013846,증산역,2012-07,2012-08,2,175.0,2252960.0
032013846,증산역,2012-09,2012-10,2,164.0,2269360.0
032013846,증산역,2012-11,2012-12,2,730.0,2615400.0
032013846,증산역,2013-01,2013-02,2,1420.0,2415320.0
032013846,증산역,2013-03,2013-04,2,1044.0,2521800.0
032013846,증산역,2013-05,2013-06,2,686.0,2989020.0
032013846,증산역,2013-07,2013-08,2,629.0,2884280.0
032013846,증산역,2013-09,2013-10,2,660.0,2921080.0
032013846,증산역,2013-11,2013-12,2,749.0,2906360.0
032013846,증산역,2014-01,2014-02,2,686.0,2652440.0
032013846,증산역,2014-03,2014-04,2,641.0,2735800.0
032013846,증산역,2014-05,2014-06,2,726.0,3199800.0
032013846,증산역,2014-07,2014-08,2,644.0,2923800.0
032013846,증산역,2014-09,2014-10,2,620.0,2823800.0
032013846,증산역,2014-11,2014-12,2,637.0,2841800.0
032013846,증산역,2015-01,2015-02,2,563.0,2501800.0
032013846,증산역,2015-03,2015-04,2,547.0,2383800.0
032013846,증산역,2015-05,2015-06,2,588.0,2753800.0
032013846,증산역,2015-07,2015-08,2,577.0,2725800.0
032013846,증산역,2015-09,2015-10,2,596.0,2961800.0
032013846,증산역,2015-11,2015-12,2,674.0,3107800.0
032013846,증산역,2016-01,2016-02,2,487.0,2431800.0
032013846,증산역,2016-03,2016-04,2,506.0,2435800.0
032013846,증산역,2016-05,2016-06,2,632.0,3031800.0
032013846,증산역,2016-07,2016-08,2,593.0,2953800.0
032013846,증산역,2016-09,2016-10,2,576.0,3199800.0
032013846,증산역,2016-11,2016-12,2,604.0,3051800.0
032013846,증산역,2017-01,2017-02,2,487.0,2510790.0
032013846,증산역,2017-03,2017-04,2,583.0,2894400.0
032013846,증산역,2017-05,2017-06,2,626.0,2984700.0
032013846,증산역,2017-07,2017-08,2,584.0,3362700.0
032013846,증산역,2017-09,2017-10,2,605.0,3379320.0
032013846,증산역,2017-11,2017-12,2,643.0,3461220.0
032013846,증산역,2018-01,2018-02,2,481.0,2651200.0
032013846,증산역,2018-03,2018-04,2,481.0,3305800.0
032013846,증산역,2018-05,2018-06,2,481.0,2863800.0
032013846,증산역,2018-07,2018-08,2,584.0,3568790.0
032013846,증산역,2018-09,2018-10,2,679.0,5199770.0
032013846,증산역,2018-11,2018-12,2,1094.0,2958830.0
032013846,증산역,2019-01,2019-02,2,1047.0,2847120.0
032013846,증산역,2019-03,2019-04,2,1050.0,2931860.0
032013846,증산역,2019-05,2019-06,2,1261.0,3544650.0
032013846,증산역,2019-07,2019-08,2,1380.0,3734580.0
032013846,증산역,2019-09,2019-10,2,1380.0,3711280.0
032013846,증산역,2019-11,2019-12,2,2087.0,5447130.0
032013846,증산역,2020-01,2020-02,2,1375.0,3664680.0
032013846,증산역,2020-03,2020-04,2,1566.0,4044470.0
032013846,증산역,2020-05,2020-06,2,1565.0,4119030.0
032013846,증산역,2020-07,2020-08,2,1565.0,4165630.0
032013846,증산역,2020-09,2020-10,2,1565.0,4168110.0
032013846,증산역,2020-11,2020-12,2,1565.0,4229670.0
032013846,증산역,2021-01,2021-02,2,1565.0,4023080.0
032013846,증산역,2021-03,2021-04,2,1565.0,3777800.0
032013846,증산역,2021-05,2021-06,2,1565.0,4124280.0
032013846,증산역,2021-07,2021-08,2,1565.0,4178400.0
032013846,증산역,2021-09,2021-10,2,1565.0,4459280.0
032013846,증산역,2021-11,2021-12,2,1565.0,4662860.0
032013846,증산역,2022-01,2022-02,2,1565.0,4736700.0
032013846,증산역,2022-03,2022-04,2,724.0,2652950.0
032013846,증산역,2022-05,2022-06,2,1400.0,4582200.0
032013846,증산역,2022-07,2022-08,2,1400.0,4542550.0
032013846,증산역,2022-09,2022-10,2,552.0,2223850.0
032013846,증산역,2022-11,2022-12,2,1201.0,4002350.0
032013846,증산역,2023-01,2023-02,2,1201.0,4198510.0
032013846,증산역,2023-03,2023-04,2,304.0,1753600.0
032013846,증산역,2023-05,2023-06,2,1092.0,4586080.0
032013846,증산역,2023-07,2023-08,2,1089.0,4502080.0
032013846,증산역,2023-09,2023-10,2,1365.0,5514080.0
032013846,증산역,2023-11,2023-12,2,1394.0,5634400.0
032013846,증산역,2024-01,2024-02,2,768.0,3302560.0
032013846,증산역,2024-03,2024-04,2,790.0,3369760.0
032013846,증산역,2024-05,2024-06,2,976.0,4186240.0
032013846,증산역,2024-07,2024-08,2,1097.0,4821280.0
032013846,증산역,2024-09,2024-10,2,1109.0,5631040.0
032013846,증산역,2024-11,2024-12,2,631.0,4169440.0
032013846,증산역,2025-01,2025-02,2,582.0,3477280.0
032013846,증산역,2025-03,2025-04,2,584.0,3316000.0
032013846,증산역,2025-05,2025-06,2,571.0,3977920.0
032013846,증산역,2025-07,2025-08,2,661.0,4299480.0
032013846,증산역,2025-09,2025-10,2,936.0,4926120.0
032013846,증산역,2025-11,2025-12,2,733.0,4017240.0
032013846,증산역,2026-01,2026-02,2,694.0,3964590.0
032013846,증산역,2026-03,2026-04,2,682.0,3528100.0
035833138,지하철2호왕십리역,2008-10,2008-11,2,0.0,104600.0
035833138,지하철2호왕십리역,2008-12,2009-01,2,0.0,104600.0
035833138,지하철2호왕십리역,2009-02,2009-03,2,201.0,309750.0
035833138,지하철2호왕십리역,2009-04,2009-05,2,886.0,1134680.0
035833138,지하철2호왕십리역,2009-06,2009-07,2,1367.0,1750360.0
035833138,지하철2호왕십리역,2009-08,2009-09,2,1777.0,2275160.0
035833138,지하철2호왕십리역,2009-10,2009-11,2,1316.0,1684910.0
035833138,지하철2호왕십리역,2009-12,2010-01,2,556.0,718000.0
035833138,지하철2호왕십리역,2010-02,2010-03,2,563.0,726050.0
035833138,지하철2호왕십리역,2010-04,2010-05,2,800.0,1024600.0
035833138,지하철2호왕십리역,2010-06,2010-07,2,979.0,1253720.0
035833138,지하철2호왕십리역,2010-08,2010-09,2,1661.0,2126680.0
035833138,지하철2호왕십리역,2010-10,2010-11,2,1125.0,1440600.0
035833138,지하철2호왕십리역,2010-12,2011-01,2,487.0,638650.0
035833138,지하철2호왕십리역,2011-02,2011-03,2,353.0,487620.0
035833138,지하철2호왕십리역,2011-04,2011-05,2,1005.0,1297050.0
035833138,지하철2호왕십리역,2011-06,2011-07,2,1194.0,1540860.0
035833138,지하철2호왕십리역,2011-08,2011-09,2,2602.0,3357180.0
035833138,지하철2호왕십리역,2011-10,2011-11,2,2378.0,3068220.0
035833138,지하철2호왕십리역,2011-12,2012-01,2,1666.0,2149740.0
035833138,지하철2호왕십리역,2012-02,2012-03,2,809.0,1236430.0
035833138,지하철2호왕십리역,2012-04,2012-05,2,937.0,1498280.0
035833138,지하철2호왕십리역,2012-06,2012-07,2,1131.0,1816440.0
035833138,지하철2호왕십리역,2012-08,2012-09,2,1953.0,3164520.0
035833138,지하철2호왕십리역,2012-10,2012-11,2,1346.0,2169040.0
035833138,지하철2호왕십리역,2012-12,2013-01,2,1092.0,1752480.0
035833138,지하철2호왕십리역,2013-02,2013-03,2,996.0,1768240.0
035833138,지하철2호왕십리역,2013-04,2013-05,2,1079.0,1920960.0
035833138,지하철2호왕십리역,2013-06,2013-07,2,1243.0,2222720.0
035833138,지하철2호왕십리역,2013-08,2013-09,2,1897.0,3426080.0
035833138,지하철2호왕십리역,2013-10,2013-11,2,1311.0,2347840.0
035833138,지하철2호왕십리역,2013-12,2014-01,2,1078.0,1919120.0
035833138,지하철2호왕십리역,2014-02,2014-03,2,996.0,1915600.0
035833138,지하철2호왕십리역,2014-04,2014-05,2,1111.0,2145600.0
035833138,지하철2호왕십리역,2014-06,2014-07,2,1274.0,2471600.0
035833138,지하철2호왕십리역,2014-08,2014-09,2,2451.0,4825600.0
035833138,지하철2호왕십리역,2014-10,2014-11,2,1626.0,3175600.0
035833138,지하철2호왕십리역,2014-12,2015-01,2,1021.0,1965600.0
035833138,지하철2호왕십리역,2015-02,2015-03,2,942.0,1807600.0
035833138,지하철2호왕십리역,2015-04,2015-05,2,1106.0,2135600.0
035833138,지하철2호왕십리역,2015-06,2015-07,2,1436.0,2795600.0
035833138,지하철2호왕십리역,2015-08,2015-09,2,2932.0,5787600.0
035833138,지하철2호왕십리역,2015-10,2015-11,2,1510.0,2943600.0
035833138,지하철2호왕십리역,2015-12,2016-01,2,1084.0,2091600.0
035833138,지하철2호왕십리역,2016-02,2016-03,2,933.0,1789600.0
035833138,지하철2호왕십리역,2016-04,2016-05,2,1091.0,2105600.0
035833138,지하철2호왕십리역,2016-06,2016-07,2,1297.0,2517600.0
035833138,지하철2호왕십리역,2016-08,2016-09,2,2766.0,5455600.0
035833138,지하철2호왕십리역,2016-10,2016-11,2,1705.0,3333600.0
035833138,지하철2호왕십리역,2016-12,2017-01,2,1006.0,1935600.0
035833138,지하철2호왕십리역,2017-02,2017-03,2,942.0,1876660.0
035833138,지하철2호왕십리역,2017-04,2017-05,2,1148.0,2325400.0
035833138,지하철2호왕십리역,2017-06,2017-07,2,1374.0,2800000.0
035833138,지하철2호왕십리역,2017-08,2017-09,2,2294.0,4732000.0
035833138,지하철2호왕십리역,2017-10,2017-11,2,1562.0,3194800.0
035833138,지하철2호왕십리역,2017-12,2018-01,2,1083.0,2188900.0
035833138,지하철2호왕십리역,2018-02,2018-03,2,980.0,2048950.0
035833138,지하철2호왕십리역,2018-04,2018-05,2,1293.0,2757130.0
035833138,지하철2호왕십리역,2018-06,2018-07,2,2152.0,4655520.0
035833138,지하철2호왕십리역,2018-08,2018-09,2,2785.0,6054450.0
035833138,지하철2호왕십리역,2018-10,2018-11,2,1704.0,3665440.0
035833138,지하철2호왕십리역,2018-12,2019-01,2,1440.0,3082000.0
035833138,지하철2호왕십리역,2019-02,2019-03,2,994.0,2185840.0
035833138,지하철2호왕십리역,2019-04,2019-05,2,1325.0,2975850.0
035833138,지하철2호왕십리역,2019-06,2019-07,2,1603.0,3623590.0
035833138,지하철2호왕십리역,2019-08,2019-09,2,2880.0,6599000.0
035833138,지하철2호왕십리역,2019-10,2019-11,2,1704.0,3858920.0
035833138,지하철2호왕십리역,2019-12,2020-01,2,1142.0,2549460.0
035833138,지하철2호왕십리역,2020-02,2020-03,2,956.0,2116080.0
035833138,지하철2호왕십리역,2020-04,2020-05,2,834.0,1831820.0
035833138,지하철2호왕십리역,2020-06,2020-07,2,1156.0,2582080.0
035833138,지하철2호왕십리역,2020-08,2020-09,2,2323.0,5301190.0
035833138,지하철2호왕십리역,2020-10,2020-11,2,1202.0,2689260.0
035833138,지하철2호왕십리역,2020-12,2021-01,2,740.0,1612800.0
035833138,지하철2호왕십리역,2021-02,2021-03,2,720.0,1566200.0
035833138,지하철2호왕십리역,2021-04,2021-05,2,895.0,1967920.0
035833138,지하철2호왕십리역,2021-06,2021-07,2,1009.0,2239570.0
035833138,지하철2호왕십리역,2021-08,2021-09,2,2523.0,6273520.0
035833138,지하철2호왕십리역,2021-10,2021-11,2,1257.0,3085380.0
035833138,지하철2호왕십리역,2021-12,2022-01,2,825.0,1988100.0
035833138,지하철2호왕십리역,2022-02,2022-03,2,923.0,2399160.0
035833138,지하철2호왕십리역,2022-04,2022-05,2,616.0,1563820.0
035833138,지하철2호왕십리역,2022-06,2022-07,2,1032.0,2699400.0
035833138,지하철2호왕십리역,2022-08,2022-09,2,2488.0,6557800.0
035833138,지하철2호왕십리역,2022-10,2022-11,2,1283.0,3364550.0
035833138,지하철2호왕십리역,2022-12,2023-01,2,959.0,2505950.0
035833138,지하철2호왕십리역,2023-02,2023-03,2,892.0,2877440.0
035833138,지하철2호왕십리역,2023-04,2023-05,2,1030.0,3385400.0
035833138,지하철2호왕십리역,2023-06,2023-07,2,1264.0,4171640.0
035833138,지하철2호왕십리역,2023-08,2023-09,2,1957.0,6500120.0
035833138,지하철2호왕십리역,2023-10,2023-11,2,1552.0,5139320.0
035833138,지하철2호왕십리역,2023-12,2024-01,2,1123.0,3697880.0
035833138,지하철2호왕십리역,2024-02,2024-03,2,909.0,2978840.0
035833138,지하철2호왕십리역,2024-04,2024-05,2,985.0,3234200.0
035833138,지하철2호왕십리역,2024-06,2024-07,2,1381.0,4564760.0
035833138,지하철2호왕십리역,2024-08,2024-09,2,2339.0,7820930.0
035833138,지하철2호왕십리역,2024-10,2024-11,2,1955.0,6493400.0
035833138,지하철2호왕십리역,2024-12,2025-01,2,1216.0,4010360.0
035833138,지하철2호왕십리역,2025-02,2025-03,2,936.0,3069560.0
035833138,지하철2호왕십리역,2025-04,2025-05,2,1141.0,3758360.0
035833138,지하철2호왕십리역,2025-06,2025-07,2,1646.0,5454160.0
035833138,지하철2호왕십리역,2025-08,2025-09,2,3303.0,11165010.0
035833138,지하철2호왕십리역,2025-10,2025-11,2,1982.0,3932120.0
035833138,지하철2호왕십리역,2025-12,2026-01,2,997.0,3273520.0
035833138,지하철2호왕십리역,2026-02,2026-03,2,891.0,3072670.0
035833138,지하철2호왕십리역,2026-04,2026-05,2,1076.0,3744440.0
000362246,지하철공사약수역(3호선),2008-05,2008-06,1,1140.0,2424220.0
000362246,지하철공사약수역(3호선),2008-07,2008-08,2,3577.0,5993640.0
000362246,지하철공사약수역(3호선),2008-09,2008-10,2,4512.0,5994920.0
000362246,지하철공사약수역(3호선),2008-11,2008-12,2,2780.0,4090260.0
000362246,지하철공사약수역(3호선),2009-01,2009-02,2,2375.0,4193460.0
000362246,지하철공사약수역(3호선),2009-03,2009-04,2,2010.0,4046040.0
000362246,지하철공사약수역(3호선),2009-05,2009-06,2,1807.0,4094160.0
000362246,지하철공사약수역(3호선),2009-07,2009-08,2,4004.0,6716360.0
000362246,지하철공사약수역(3호선),2009-09,2009-10,2,5023.0,6886240.0
000362246,지하철공사약수역(3호선),2009-11,2009-12,2,2772.0,4693700.0
000362246,지하철공사약수역(3호선),2010-01,2010-02,2,1208.0,2891970.0
000362246,지하철공사약수역(3호선),2010-03,2010-04,2,927.0,3282680.0
000362246,지하철공사약수역(3호선),2010-05,2010-06,2,908.0,3429440.0
000362246,지하철공사약수역(3호선),2010-07,2010-08,2,3433.0,6490120.0
000362246,지하철공사약수역(3호선),2010-09,2010-10,2,3950.0,3872740.0
000362246,지하철공사약수역(3호선),2010-11,2010-12,2,2423.0,2908700.0
000362246,지하철공사약수역(3호선),2011-01,2011-02,2,1194.0,2403370.0
000362246,지하철공사약수역(3호선),2011-03,2011-04,2,822.0,6075840.0
000362246,지하철공사약수역(3호선),2011-05,2011-06,2,1149.0,6204430.0
000362246,지하철공사약수역(3호선),2011-07,2011-08,2,2323.0,6699160.0
000362246,지하철공사약수역(3호선),2011-09,2011-10,2,3229.0,6807010.0
000362246,지하철공사약수역(3호선),2011-11,2011-12,2,2138.0,4530010.0
000362246,지하철공사약수역(3호선),2012-01,2012-02,2,1064.0,2715590.0
000362246,지하철공사약수역(3호선),2012-03,2012-04,2,790.0,3689660.0
000362246,지하철공사약수역(3호선),2012-05,2012-06,2,1180.0,4197300.0
000362246,지하철공사약수역(3호선),2012-07,2012-08,2,2296.0,7163420.0
000362246,지하철공사약수역(3호선),2012-09,2012-10,2,2649.0,7318740.0
000362246,지하철공사약수역(3호선),2012-11,2012-12,2,1712.0,4683300.0
000362246,지하철공사약수역(3호선),2013-01,2013-02,2,1007.0,2441440.0
000362246,지하철공사약수역(3호선),2013-03,2013-04,2,1327.0,4595740.0
000362246,지하철공사약수역(3호선),2013-05,2013-06,2,1284.0,4856600.0
000362246,지하철공사약수역(3호선),2013-07,2013-08,2,3403.0,10030180.0
000362246,지하철공사약수역(3호선),2013-09,2013-10,2,4624.0,10223940.0
000362246,지하철공사약수역(3호선),2013-11,2013-12,2,2732.0,5768340.0
000362246,지하철공사약수역(3호선),2014-01,2014-02,2,1304.0,2804660.0
000362246,지하철공사약수역(3호선),2014-03,2014-04,2,1336.0,4404400.0
000362246,지하철공사약수역(3호선),2014-05,2014-06,2,2181.0,6380800.0
000362246,지하철공사약수역(3호선),2014-07,2014-08,2,3696.0,9205600.0
000362246,지하철공사약수역(3호선),2014-09,2014-10,2,5803.0,14157000.0
000362246,지하철공사약수역(3호선),2014-11,2014-12,2,3596.0,8575500.0
000362246,지하철공사약수역(3호선),2015-01,2015-02,2,1312.0,3120000.0
000362246,지하철공사약수역(3호선),2015-03,2015-04,2,811.0,3114760.0
000362246,지하철공사약수역(3호선),2015-05,2015-06,2,1621.0,5555000.0
000362246,지하철공사약수역(3호선),2015-07,2015-08,2,3592.0,9197400.0
000362246,지하철공사약수역(3호선),2015-09,2015-10,2,4648.0,11300900.0
000362246,지하철공사약수역(3호선),2015-11,2015-12,2,3420.0,7200200.0
000362246,지하철공사약수역(3호선),2016-01,2016-02,2,2119.0,5672700.0
000362246,지하철공사약수역(3호선),2016-03,2016-04,2,1184.0,4310500.0
000362246,지하철공사약수역(3호선),2016-05,2016-06,2,1365.0,4898500.0
000362246,지하철공사약수역(3호선),2016-07,2016-08,2,2906.0,7579800.0
000362246,지하철공사약수역(3호선),2016-09,2016-10,2,3537.0,8012100.0
000362246,지하철공사약수역(3호선),2016-11,2016-12,2,2658.0,5654600.0
000362246,지하철공사약수역(3호선),2017-01,2017-02,2,1375.0,4176340.0
000362246,지하철공사약수역(3호선),2017-03,2017-04,2,1475.0,5089040.0
000362246,지하철공사약수역(3호선),2017-05,2017-06,2,1988.0,6409300.0
000362246,지하철공사약수역(3호선),2017-07,2017-08,2,2445.0,8293720.0
000362246,지하철공사약수역(3호선),2017-09,2017-10,2,3207.0,9862900.0
000362246,지하철공사약수역(3호선),2017-11,2017-12,2,2507.0,6051310.0
000362246,지하철공사약수역(3호선),2018-01,2018-02,2,1549.0,4537600.0
000362246,지하철공사약수역(3호선),2018-03,2018-04,2,1265.0,5310010.0
000362246,지하철공사약수역(3호선),2018-05,2018-06,2,1998.0,6918690.0
000362246,지하철공사약수역(3호선),2018-07,2018-08,2,4177.0,12027040.0
000362246,지하철공사약수역(3호선),2018-09,2018-10,2,4005.0,10594690.0
000362246,지하철공사약수역(3호선),2018-11,2018-12,2,1903.0,6672750.0
000362246,지하철공사약수역(3호선),2019-01,2019-02,2,1159.0,5882300.0
000362246,지하철공사약수역(3호선),2019-03,2019-04,2,1073.0,6434400.0
000362246,지하철공사약수역(3호선),2019-05,2019-06,2,1255.0,5526350.0
000362246,지하철공사약수역(3호선),2019-07,2019-08,2,2698.0,8436800.0
000362246,지하철공사약수역(3호선),2019-09,2019-10,2,3523.0,10802590.0
000362246,지하철공사약수역(3호선),2019-11,2019-12,2,2312.0,10011660.0
000362246,지하철공사약수역(3호선),2020-01,2020-02,2,1378.0,3822230.0
000362246,지하철공사약수역(3호선),2020-03,2020-04,2,1839.0,5487710.0
000362246,지하철공사약수역(3호선),2020-05,2020-06,2,2330.0,6690080.0
000362246,지하철공사약수역(3호선),2020-07,2020-08,2,3689.0,10405930.0
000362246,지하철공사약수역(3호선),2020-09,2020-10,2,4347.0,15679780.0
000362246,지하철공사약수역(3호선),2020-11,2020-12,2,3303.0,8410500.0
000362246,지하철공사약수역(3호선),2021-01,2021-02,2,3657.0,9436140.0
000362246,지하철공사약수역(3호선),2021-03,2021-04,2,2949.0,6571590.0
000362246,지하철공사약수역(3호선),2021-05,2021-06,2,2492.0,7915400.0
000362246,지하철공사약수역(3호선),2021-07,2021-08,2,3328.0,10537600.0
000362246,지하철공사약수역(3호선),2021-09,2021-10,2,3877.0,11466920.0
000362246,지하철공사약수역(3호선),2021-11,2021-12,2,3283.0,8715760.0
000362246,지하철공사약수역(3호선),2022-01,2022-02,2,2696.0,7697150.0
000362246,지하철공사약수역(3호선),2022-03,2022-04,2,2393.0,6736400.0
000362246,지하철공사약수역(3호선),2022-05,2022-06,2,3340.0,9537900.0
000362246,지하철공사약수역(3호선),2022-07,2022-08,2,6927.0,12081310.0
000362246,지하철공사약수역(3호선),2022-09,2022-10,2,4492.0,14958830.0
000362246,지하철공사약수역(3호선),2022-11,2022-12,2,3786.0,9538150.0
000362246,지하철공사약수역(3호선),2023-01,2023-02,2,3115.0,9408790.0
000362246,지하철공사약수역(3호선),2023-03,2023-04,2,2983.0,8733200.0
000362246,지하철공사약수역(3호선),2023-05,2023-06,2,3571.0,11855160.0
000362246,지하철공사약수역(3호선),2023-07,2023-08,2,4162.0,14914360.0
000362246,지하철공사약수역(3호선),2023-09,2023-10,2,4700.0,15706620.0
000362246,지하철공사약수역(3호선),2023-11,2023-12,2,3611.0,10337280.0
000362246,지하철공사약수역(3호선),2024-01,2024-02,2,1914.0,9659100.0
000362246,지하철공사약수역(3호선),2024-03,2024-04,2,1976.0,9400630.0
000362246,지하철공사약수역(3호선),2024-05,2024-06,2,2287.0,10697890.0
000362246,지하철공사약수역(3호선),2024-07,2024-08,2,3014.0,15125380.0
000362246,지하철공사약수역(3호선),2024-09,2024-10,2,2732.0,13622040.0
000362246,지하철공사약수역(3호선),2024-11,2024-12,2,2073.0,10237310.0
000362246,지하철공사약수역(3호선),2025-01,2025-02,2,1745.0,8620830.0
000362246,지하철공사약수역(3호선),2025-03,2025-04,2,1899.0,10843200.0
000362246,지하철공사약수역(3호선),2025-05,2025-06,2,1464.0,7971040.0
000362246,지하철공사약수역(3호선),2025-07,2025-08,2,1141.0,7996550.0
000362246,지하철공사약수역(3호선),2025-09,2025-10,2,2007.0,12426310.0
000362246,지하철공사약수역(3호선),2025-11,2025-12,2,1237.0,9098320.0
000362246,지하철공사약수역(3호선),2026-01,2026-02,2,1241.0,7382470.0
000362246,지하철공사약수역(3호선),2026-03,2026-04,2,1283.0,8057700.0
000362246,지하철공사약수역(3호선),2026-05,2026-06,1,727.0,4114320.0
000266613,지하철동대입구,2008-05,2008-06,1,341.0,2579210.0
000266613,지하철동대입구,2008-07,2008-08,2,372.0,4587380.0
000266613,지하철동대입구,2008-09,2008-10,2,542.0,4967500.0
000266613,지하철동대입구,2008-11,2008-12,2,710.0,5235780.0
000266613,지하철동대입구,2009-01,2009-02,2,429.0,4882860.0
000266613,지하철동대입구,2009-03,2009-04,2,273.0,4505300.0
000266613,지하철동대입구,2009-05,2009-06,2,320.0,4970380.0
000266613,지하철동대입구,2009-07,2009-08,2,507.0,5253900.0
000266613,지하철동대입구,2009-09,2009-10,2,819.0,5401660.0
000266613,지하철동대입구,2009-11,2009-12,2,740.0,5184260.0
000266613,지하철동대입구,2010-01,2010-02,2,585.0,5037380.0
000266613,지하철동대입구,2010-03,2010-04,2,411.0,4804300.0
000266613,지하철동대입구,2010-05,2010-06,2,380.0,4979700.0
000266613,지하철동대입구,2010-07,2010-08,2,575.0,5240660.0
000266613,지하철동대입구,2010-09,2010-10,2,1307.0,5130700.0
000266613,지하철동대입구,2010-11,2010-12,2,1026.0,4681570.0
000266613,지하철동대입구,2011-01,2011-02,2,707.0,4603320.0
000266613,지하철동대입구,2011-03,2011-04,2,326.0,452170.0
000266613,지하철동대입구,2011-05,2011-06,2,413.0,3093920.0
000266613,지하철동대입구,2011-07,2011-08,2,768.0,7074890.0
000266613,지하철동대입구,2011-09,2011-10,2,1319.0,3949440.0
000266613,지하철동대입구,2011-11,2011-12,2,1205.0,4871240.0
000266613,지하철동대입구,2012-01,2012-02,2,573.0,2174640.0
000266613,지하철동대입구,2012-03,2012-04,2,309.0,2540800.0
000266613,지하철동대입구,2012-05,2012-06,2,497.0,3373240.0
000266613,지하철동대입구,2012-07,2012-08,2,1103.0,3951540.0
000266613,지하철동대입구,2012-09,2012-10,2,2708.0,9185200.0
000266613,지하철동대입구,2012-11,2012-12,2,2378.0,6406560.0
000266613,지하철동대입구,2013-01,2013-02,2,1601.0,3031060.0
000266613,지하철동대입구,2013-03,2013-04,2,1013.0,3769830.0
000266613,지하철동대입구,2013-05,2013-06,2,1913.0,7117620.0
000266613,지하철동대입구,2013-07,2013-08,2,1251.0,7338880.0
000266613,지하철동대입구,2013-09,2013-10,2,2178.0,8606460.0
000266613,지하철동대입구,2013-11,2013-12,2,1731.0,6320760.0
000266613,지하철동대입구,2014-01,2014-02,2,992.0,3566740.0
000266613,지하철동대입구,2014-03,2014-04,2,641.0,4908120.0
000266613,지하철동대입구,2014-05,2014-06,2,830.0,7262780.0
000266613,지하철동대입구,2014-07,2014-08,2,1553.0,8479840.0
000266613,지하철동대입구,2014-09,2014-10,2,2984.0,10433800.0
000266613,지하철동대입구,2014-11,2014-12,2,2231.0,5275600.0
000266613,지하철동대입구,2015-01,2015-02,2,1292.0,7512500.0
000266613,지하철동대입구,2015-03,2015-04,2,804.0,6640020.0
000266613,지하철동대입구,2015-05,2015-06,2,968.0,3274660.0
000266613,지하철동대입구,2015-07,2015-08,2,1748.0,4830700.0
000266613,지하철동대입구,2015-09,2015-10,2,3285.0,8423600.0
000266613,지하철동대입구,2015-11,2015-12,2,3078.0,7002100.0
000266613,지하철동대입구,2016-01,2016-02,2,963.0,3459600.0
000266613,지하철동대입구,2016-03,2016-04,2,500.0,3045500.0
000266613,지하철동대입구,2016-05,2016-06,2,1326.0,3934840.0
000266613,지하철동대입구,2016-07,2016-08,2,776.0,4001980.0
000266613,지하철동대입구,2016-09,2016-10,2,1251.0,4085280.0
000266613,지하철동대입구,2016-11,2016-12,2,1898.0,4694300.0
000266613,지하철동대입구,2017-01,2017-02,2,608.0,2537450.0
000266613,지하철동대입구,2017-03,2017-04,2,512.0,2150230.0
000266613,지하철동대입구,2017-05,2017-06,2,597.0,1968570.0
000266613,지하철동대입구,2017-07,2017-08,2,993.0,3965640.0
000266613,지하철동대입구,2017-09,2017-10,2,1260.0,6306820.0
000266613,지하철동대입구,2017-11,2017-12,2,1808.0,5019790.0
000266613,지하철동대입구,2018-01,2018-02,2,813.0,2523160.0
000266613,지하철동대입구,2018-03,2018-04,2,767.0,4066290.0
000266613,지하철동대입구,2018-05,2018-06,2,968.0,3316240.0
000266613,지하철동대입구,2018-07,2018-08,2,824.0,4359890.0
000266613,지하철동대입구,2018-09,2018-10,2,1437.0,6203330.0
000266613,지하철동대입구,2018-11,2018-12,2,1410.0,4995630.0
000266613,지하철동대입구,2019-01,2019-02,2,1341.0,5165720.0
000266613,지하철동대입구,2019-03,2019-04,2,1562.0,4305860.0
000266613,지하철동대입구,2019-05,2019-06,2,1242.0,2043930.0
000266613,지하철동대입구,2019-07,2019-08,2,1647.0,3612890.0
000266613,지하철동대입구,2019-09,2019-10,2,2340.0,5273030.0
000266613,지하철동대입구,2019-11,2019-12,2,3099.0,8444870.0
000266613,지하철동대입구,2020-01,2020-02,2,2051.0,5100740.0
000266613,지하철동대입구,2020-03,2020-04,2,1316.0,3958560.0
000266613,지하철동대입구,2020-05,2020-06,2,1488.0,3548170.0
000266613,지하철동대입구,2020-07,2020-08,2,1785.0,4921370.0
000266613,지하철동대입구,2020-09,2020-10,2,2642.0,10357110.0
000266613,지하철동대입구,2020-11,2020-12,2,1568.0,3091510.0
000266613,지하철동대입구,2021-01,2021-02,2,1454.0,3872030.0
000266613,지하철동대입구,2021-03,2021-04,2,1098.0,2715490.0
000266613,지하철동대입구,2021-05,2021-06,2,1284.0,3554140.0
000266613,지하철동대입구,2021-07,2021-08,2,1616.0,3958430.0
000266613,지하철동대입구,2021-09,2021-10,2,2361.0,5860820.0
000266613,지하철동대입구,2021-11,2021-12,2,2411.0,5224160.0
000266613,지하철동대입구,2022-01,2022-02,2,1425.0,3567360.0
000266613,지하철동대입구,2022-03,2022-04,2,1104.0,3239110.0
000266613,지하철동대입구,2022-05,2022-06,2,1173.0,4976610.0
000266613,지하철동대입구,2022-07,2022-08,2,1995.0,4301050.0
000266613,지하철동대입구,2022-09,2022-10,2,2172.0,7527150.0
000266613,지하철동대입구,2022-11,2022-12,2,2312.0,5793400.0
000266613,지하철동대입구,2023-01,2023-02,2,1866.0,5334480.0
000266613,지하철동대입구,2023-03,2023-04,2,1413.0,5619270.0
000266613,지하철동대입구,2023-05,2023-06,2,1749.0,8125680.0
000266613,지하철동대입구,2023-07,2023-08,2,2375.0,10489520.0
000266613,지하철동대입구,2023-09,2023-10,2,2235.0,5542880.0
000266613,지하철동대입구,2023-11,2023-12,2,2477.0,6529120.0
000266613,지하철동대입구,2024-01,2024-02,2,2514.0,6471680.0
000266613,지하철동대입구,2024-03,2024-04,2,1026.0,1090880.0
000266613,지하철동대입구,2024-05,2024-06,2,1896.0,5753440.0
000266613,지하철동대입구,2024-07,2024-08,2,2352.0,7535600.0
000266613,지하철동대입구,2024-09,2024-10,2,2619.0,8314800.0
000266613,지하철동대입구,2024-11,2024-12,2,2784.0,6739760.0
000266613,지하철동대입구,2025-01,2025-02,2,1962.0,3344240.0
000266613,지하철동대입구,2025-03,2025-04,2,1452.0,3839280.0
000266613,지하철동대입구,2025-05,2025-06,2,1721.0,4026320.0
000266613,지하철동대입구,2025-07,2025-08,2,2463.0,7532240.0
000266613,지하철동대입구,2025-09,2025-10,2,2528.0,9249120.0
000266613,지하철동대입구,2025-11,2025-12,2,2483.0,9749200.0
000266613,지하철동대입구,2026-01,2026-02,2,1929.0,6303140.0
000266613,지하철동대입구,2026-03,2026-04,2,1427.0,5268870.0
000266613,지하철동대입구,2026-05,2026-06,1,1186.0,3563580.0
000137601,지하철역장,2008-05,2008-06,1,1293.0,1653040.0
000137601,지하철역장,2008-07,2008-08,2,4586.0,4211040.0
000137601,지하철역장,2008-09,2008-10,2,5496.0,5073760.0
000137601,지하철역장,2008-11,2008-12,2,4436.0,3329120.0
000137601,지하철역장,2009-01,2009-02,2,3570.0,2672480.0
000137601,지하철역장,2009-03,2009-04,2,3162.0,2519980.0
000137601,지하철역장,2009-05,2009-06,2,3034.0,3023200.0
000137601,지하철역장,2009-07,2009-08,2,7923.0,8679470.0
000137601,지하철역장,2009-09,2009-10,2,7567.0,5508920.0
000137601,지하철역장,2009-11,2009-12,2,4987.0,3769680.0
000137601,지하철역장,2010-01,2010-02,2,3498.0,2576760.0
000137601,지하철역장,2010-03,2010-04,2,2277.0,1740920.0
000137601,지하철역장,2010-05,2010-06,2,2019.0,2140680.0
000137601,지하철역장,2010-07,2010-08,2,2652.0,2928560.0
000137601,지하철역장,2010-09,2010-10,2,2826.0,2561160.0
000137601,지하철역장,2010-11,2010-12,2,2565.0,2100320.0
000137601,지하철역장,2011-01,2011-02,2,2099.0,1868970.0
000137601,지하철역장,2011-03,2011-04,2,1525.0,1528920.0
000137601,지하철역장,2011-05,2011-06,2,1550.0,1859570.0
000137601,지하철역장,2011-07,2011-08,2,2495.0,2987110.0
000137601,지하철역장,2011-09,2011-10,2,3617.0,3844880.0
000137601,지하철역장,2011-11,2011-12,2,2322.0,2142930.0
000137601,지하철역장,2012-01,2012-02,2,1701.0,1736990.0
000137601,지하철역장,2012-03,2012-04,2,3521.0,5537360.0
000137601,지하철역장,2012-05,2012-06,2,5011.0,6572200.0
000137601,지하철역장,2012-07,2012-08,2,4744.0,5616080.0
000137601,지하철역장,2012-09,2012-10,2,3288.0,3707120.0
000137601,지하철역장,2012-11,2012-12,2,1787.0,2249340.0
000137601,지하철역장,2013-01,2013-02,2,1294.0,2094820.0
000137601,지하철역장,2013-03,2013-04,2,1581.0,2991680.0
000137601,지하철역장,2013-05,2013-06,2,1520.0,2599760.0
000137601,지하철역장,2013-07,2013-08,2,2270.0,4176640.0
000137601,지하철역장,2013-09,2013-10,2,2964.0,4664240.0
000137601,지하철역장,2013-11,2013-12,2,2083.0,2830860.0
000137601,지하철역장,2014-01,2014-02,2,1236.0,2142340.0
000137601,지하철역장,2014-03,2014-04,2,966.0,2358400.0
000137601,지하철역장,2014-05,2014-06,2,1180.0,2844800.0
000137601,지하철역장,2014-07,2014-08,2,2200.0,4499800.0
000137601,지하철역장,2014-09,2014-10,2,3173.0,5563600.0
000137601,지하철역장,2014-11,2014-12,2,2182.0,3203100.0
000137601,지하철역장,2015-01,2015-02,2,1112.0,1915820.0
000137601,지하철역장,2015-03,2015-04,2,880.0,2117740.0
000137601,지하철역장,2015-05,2015-06,2,1006.0,2590200.0
000137601,지하철역장,2015-07,2015-08,2,2737.0,5523200.0
000137601,지하철역장,2015-09,2015-10,2,4154.0,6601500.0
000137601,지하철역장,2015-11,2015-12,2,2477.0,3563100.0
000137601,지하철역장,2016-01,2016-02,2,1231.0,1014900.0
000137601,지하철역장,2016-03,2016-04,2,1028.0,1820000.0
000137601,지하철역장,2016-05,2016-06,2,1193.0,2261900.0
000137601,지하철역장,2016-07,2016-08,2,2164.0,3940300.0
000137601,지하철역장,2016-09,2016-10,2,2622.0,4212000.0
000137601,지하철역장,2016-11,2016-12,2,2527.0,3731500.0
000137601,지하철역장,2017-01,2017-02,2,2421.0,3797470.0
000137601,지하철역장,2017-03,2017-04,2,1752.0,2536770.0
000137601,지하철역장,2017-05,2017-06,2,1617.0,3053760.0
000137601,지하철역장,2017-07,2017-08,2,1852.0,3560190.0
000137601,지하철역장,2017-09,2017-10,2,2502.0,4741440.0
000137601,지하철역장,2017-11,2017-12,2,1999.0,2718750.0
000137601,지하철역장,2018-01,2018-02,2,1514.0,2068350.0
000137601,지하철역장,2018-03,2018-04,2,1174.0,1957130.0
000137601,지하철역장,2018-05,2018-06,2,1152.0,2217900.0
000137601,지하철역장,2018-07,2018-08,2,1195.0,2337860.0
000137601,지하철역장,2018-09,2018-10,2,1525.0,2566540.0
000137601,지하철역장,2018-11,2018-12,2,1116.0,1734230.0
000137601,지하철역장,2019-01,2019-02,2,755.0,1026980.0
000137601,지하철역장,2019-03,2019-04,2,755.0,1810900.0
000137601,지하철역장,2019-05,2019-06,2,862.0,1350120.0
000137601,지하철역장,2019-07,2019-08,2,1674.0,3080760.0
000137601,지하철역장,2019-09,2019-10,2,2103.0,3185610.0
000137601,지하철역장,2019-11,2019-12,2,1707.0,2209340.0
000137601,지하철역장,2020-01,2020-02,2,1022.0,1148370.0
000137601,지하철역장,2020-03,2020-04,2,1960.0,3814580.0
000137601,지하철역장,2020-05,2020-06,2,3483.0,6021220.0
000137601,지하철역장,2020-07,2020-08,2,5056.0,8231690.0
000137601,지하철역장,2020-09,2020-10,2,4932.0,7018460.0
000137601,지하철역장,2020-11,2020-12,2,3977.0,5583180.0
000137601,지하철역장,2021-01,2021-02,2,3063.0,4171200.0
000137601,지하철역장,2021-03,2021-04,2,3287.0,5399110.0
000137601,지하철역장,2021-05,2021-06,2,4102.0,6682940.0
000137601,지하철역장,2021-07,2021-08,2,4331.0,6892900.0
000137601,지하철역장,2021-09,2021-10,2,4784.0,8391920.0
000137601,지하철역장,2021-11,2021-12,2,4483.0,7022860.0
000137601,지하철역장,2022-01,2022-02,2,3851.0,6275600.0
000137601,지하철역장,2022-03,2022-04,2,3359.0,5620400.0
000137601,지하철역장,2022-05,2022-06,2,4314.0,8561900.0
000137601,지하철역장,2022-07,2022-08,2,5541.0,10342700.0
000137601,지하철역장,2022-09,2022-10,2,5479.0,9288000.0
000137601,지하철역장,2022-11,2022-12,2,5191.0,9052150.0
000137601,지하철역장,2023-01,2023-02,2,4545.0,8510380.0
000137601,지하철역장,2023-03,2023-04,2,4716.0,11154470.0
000137601,지하철역장,2023-05,2023-06,2,4814.0,10675610.0
000137601,지하철역장,2023-07,2023-08,2,5709.0,14020690.0
000137601,지하철역장,2023-09,2023-10,2,6277.0,14319110.0
000137601,지하철역장,2023-11,2023-12,2,5274.0,10689490.0
000137601,지하철역장,2024-01,2024-02,2,4769.0,10751950.0
000137601,지하철역장,2024-03,2024-04,2,4616.0,10189810.0
000137601,지하철역장,2024-05,2024-06,2,5339.0,12979690.0
000137601,지하철역장,2024-07,2024-08,2,3594.0,6491580.0
000137601,지하철역장,2024-09,2024-10,2,5053.0,13392330.0
000137601,지하철역장,2024-11,2024-12,2,4815.0,18364630.0
000137601,지하철역장,2025-01,2025-02,2,4292.0,11461110.0
000137601,지하철역장,2025-03,2025-04,2,4288.0,9481930.0
000137601,지하철역장,2025-05,2025-06,2,4934.0,11928280.0
000137601,지하철역장,2025-07,2025-08,2,6222.0,15176200.0
000137601,지하철역장,2025-09,2025-10,2,6755.0,15401750.0
000137601,지하철역장,2025-11,2025-12,2,5590.0,11244690.0
000137601,지하철역장,2026-01,2026-02,2,4670.0,10398120.0
000137601,지하철역장,2026-03,2026-04,2,4453.0,10469800.0
000137601,지하철역장,2026-05,2026-06,1,1475.0,5234900.0
032026818,창신역,2008-05,2008-06,2,177.0,429920.0
032026818,창신역,2008-07,2008-08,2,413.0,755360.0
032026818,창신역,2008-09,2008-10,2,245.0,524280.0
032026818,창신역,2008-11,2008-12,2,196.0,502440.0
032026818,창신역,2009-01,2009-02,2,158.0,426040.0
032026818,창신역,2009-03,2009-04,2,194.0,367220.0
032026818,창신역,2009-05,2009-06,2,212.0,471920.0
032026818,창신역,2009-07,2009-08,2,251.0,556940.0
032026818,창신역,2009-09,2009-10,2,798.0,1132670.0
032026818,창신역,2009-11,2009-12,2,279.0,359200.0
032026818,창신역,2010-01,2010-02,2,246.0,382210.0
032026818,창신역,2010-03,2010-04,2,208.0,341400.0
032026818,창신역,2010-05,2010-06,2,224.0,372550.0
032026818,창신역,2010-07,2010-08,2,886.0,1130570.0
032026818,창신역,2010-09,2010-10,2,327.0,481820.0
032026818,창신역,2010-11,2010-12,2,332.0,457140.0
032026818,창신역,2011-01,2011-02,2,618.0,792050.0
032026818,창신역,2011-03,2011-04,2,609.0,736710.0
032026818,창신역,2011-05,2011-06,2,665.0,803850.0
032026818,창신역,2011-07,2011-08,2,621.0,747090.0
032026818,창신역,2011-09,2011-10,2,698.0,846420.0
032026818,창신역,2011-11,2011-12,2,629.0,757410.0
032026818,창신역,2012-01,2012-02,2,576.0,692160.0
032026818,창신역,2012-03,2012-04,2,630.0,940200.0
032026818,창신역,2012-05,2012-06,2,652.0,976280.0
032026818,창신역,2012-07,2012-08,2,635.0,948400.0
032026818,창신역,2012-09,2012-10,2,640.0,956600.0
032026818,창신역,2012-11,2012-12,2,675.0,1014000.0
032026818,창신역,2013-01,2013-02,2,577.0,857420.0
032026818,창신역,2013-03,2013-04,2,614.0,1010760.0
032026818,창신역,2013-05,2013-06,2,665.0,1113390.0
032026818,창신역,2013-07,2013-08,2,665.0,1104600.0
032026818,창신역,2013-09,2013-10,2,880.0,1500200.0
032026818,창신역,2013-11,2013-12,2,641.0,1060440.0
032026818,창신역,2014-01,2014-02,2,572.0,939360.0
032026818,창신역,2014-03,2014-04,2,623.0,1115000.0
032026818,창신역,2014-05,2014-06,2,636.0,1141000.0
032026818,창신역,2014-07,2014-08,2,695.0,1259000.0
032026818,창신역,2014-09,2014-10,2,676.0,1221000.0
032026818,창신역,2014-11,2014-12,2,649.0,1167000.0
032026818,창신역,2015-01,2015-02,2,543.0,967540.0
032026818,창신역,2015-03,2015-04,2,499.0,889220.0
032026818,창신역,2015-05,2015-06,2,573.0,1020940.0
032026818,창신역,2015-07,2015-08,2,630.0,1129000.0
032026818,창신역,2015-09,2015-10,2,656.0,1181000.0
032026818,창신역,2015-11,2015-12,2,596.0,1061880.0
032026818,창신역,2016-01,2016-02,2,511.0,910580.0
032026818,창신역,2016-03,2016-04,2,547.0,974660.0
032026818,창신역,2016-05,2016-06,2,661.0,1191000.0
032026818,창신역,2016-07,2016-08,2,719.0,1307000.0
032026818,창신역,2016-09,2016-10,2,1220.0,2309000.0
032026818,창신역,2016-11,2016-12,2,578.0,1029840.0
032026818,창신역,2017-01,2017-02,2,519.0,949680.0
032026818,창신역,2017-03,2017-04,2,408.0,761160.0
032026818,창신역,2017-05,2017-06,2,551.0,1028370.0
032026818,창신역,2017-07,2017-08,2,751.0,1437100.0
032026818,창신역,2017-09,2017-10,2,631.0,1185100.0
032026818,창신역,2017-11,2017-12,2,544.0,1015280.0
032026818,창신역,2018-01,2018-02,2,544.0,1032650.0
032026818,창신역,2018-03,2018-04,2,466.0,909950.0
032026818,창신역,2018-05,2018-06,2,597.0,1165120.0
032026818,창신역,2018-07,2018-08,2,718.0,1431780.0
032026818,창신역,2018-09,2018-10,2,974.0,1994860.0
032026818,창신역,2018-11,2018-12,2,606.0,1184260.0
032026818,창신역,2019-01,2019-02,2,618.0,1232280.0
032026818,창신역,2019-03,2019-04,2,624.0,1287920.0
032026818,창신역,2019-05,2019-06,2,770.0,1628100.0
032026818,창신역,2019-07,2019-08,2,724.0,1520920.0
032026818,창신역,2019-09,2019-10,2,942.0,2028860.0
032026818,창신역,2019-11,2019-12,2,756.0,1595480.0
032026818,창신역,2020-01,2020-02,2,553.0,1134710.0
032026818,창신역,2020-03,2020-04,2,513.0,1051910.0
032026818,창신역,2020-05,2020-06,2,808.0,1716640.0
032026818,창신역,2020-07,2020-08,2,1214.0,2662620.0
032026818,창신역,2020-09,2020-10,2,1287.0,2832710.0
032026818,창신역,2020-11,2020-12,2,589.0,1209230.0
032026818,창신역,2021-01,2021-02,2,489.0,1002230.0
032026818,창신역,2021-03,2021-04,2,489.0,1002230.0
032026818,창신역,2021-05,2021-06,2,563.0,1155410.0
032026818,창신역,2021-07,2021-08,2,848.0,1877160.0
032026818,창신역,2021-09,2021-10,2,1417.0,3437180.0
032026818,창신역,2021-11,2021-12,2,664.0,1524560.0
032026818,창신역,2022-01,2022-02,2,533.0,1256730.0
032026818,창신역,2022-03,2022-04,2,438.0,1096620.0
032026818,창신역,2022-05,2022-06,2,551.0,1377990.0
032026818,창신역,2022-07,2022-08,2,709.0,1788850.0
032026818,창신역,2022-09,2022-10,2,799.0,2027350.0
032026818,창신역,2022-11,2022-12,2,519.0,1298310.0
032026818,창신역,2023-01,2023-02,2,473.0,1285930.0
032026818,창신역,2023-03,2023-04,2,443.0,1358480.0
032026818,창신역,2023-05,2023-06,2,272.0,795440.0
032026818,창신역,2023-07,2023-08,2,396.0,1200920.0
032026818,창신역,2023-09,2023-10,2,790.0,2524040.0
032026818,창신역,2023-11,2023-12,2,432.0,1321520.0
032026818,창신역,2024-01,2024-02,2,401.0,1217360.0
032026818,창신역,2024-03,2024-04,2,407.0,1237520.0
032026818,창신역,2024-05,2024-06,2,510.0,1583600.0
032026818,창신역,2024-07,2024-08,2,958.0,3088880.0
032026818,창신역,2024-09,2024-10,2,1769.0,5813840.0
032026818,창신역,2024-11,2024-12,2,556.0,1738160.0
032026818,창신역,2025-01,2025-02,2,427.0,1304720.0
032026818,창신역,2025-03,2025-04,2,421.0,1284560.0
032026818,창신역,2025-05,2025-06,2,525.0,1634000.0
032026818,창신역,2025-07,2025-08,2,776.0,2476360.0
032026818,창신역,2025-09,2025-10,2,1315.0,4287400.0
032026818,창신역,2025-11,2025-12,2,598.0,1878280.0
032026818,창신역,2026-01,2026-02,2,475.0,1484530.0
032026818,창신역,2026-03,2026-04,2,404.0,1310960.0
031842931,천왕역,2010-02,2010-03,2,0.0,18800.0
031842931,천왕역,2012-04,2012-05,2,337.0,475820.0
031842931,천왕역,2012-06,2012-07,2,649.0,940160.0
031842931,천왕역,2012-08,2012-09,2,664.0,964760.0
031842931,천왕역,2012-10,2012-11,2,683.0,995920.0
031842931,천왕역,2012-12,2013-01,2,717.0,1051680.0
031842931,천왕역,2013-02,2013-03,2,618.0,986920.0
031842931,천왕역,2013-04,2013-05,2,678.0,1097320.0
031842931,천왕역,2013-06,2013-07,2,604.0,961160.0
031842931,천왕역,2013-08,2013-09,2,552.0,875560.0
031842931,천왕역,2013-10,2013-11,2,147.0,215410.0
031842931,천왕역,2013-12,2014-01,2,143.0,208890.0
031842931,천왕역,2014-02,2014-03,2,138.0,218230.0
031842931,천왕역,2014-04,2014-05,2,178.0,286640.0
031842931,천왕역,2014-06,2014-07,2,241.0,398780.0
031842931,천왕역,2014-08,2014-09,2,243.0,402340.0
031842931,천왕역,2014-10,2014-11,2,281.0,469980.0
031842931,천왕역,2014-12,2015-01,2,242.0,400560.0
031842931,천왕역,2015-02,2015-03,2,304.0,510920.0
031842931,천왕역,2015-04,2015-05,2,347.0,587460.0
031842931,천왕역,2015-06,2015-07,2,413.0,704940.0
031842931,천왕역,2015-08,2015-09,2,462.0,792160.0
031842931,천왕역,2015-10,2015-11,2,508.0,874040.0
031842931,천왕역,2015-12,2016-01,2,500.0,859800.0
031842931,천왕역,2016-02,2016-03,2,450.0,770800.0
031842931,천왕역,2016-04,2016-05,2,543.0,936340.0
031842931,천왕역,2016-06,2016-07,2,312.0,525160.0
031842931,천왕역,2016-08,2016-09,2,462.0,792160.0
031842931,천왕역,2016-10,2016-11,2,462.0,792160.0
031842931,천왕역,2016-12,2017-01,2,462.0,792160.0
031842931,천왕역,2017-02,2017-03,2,0.0,18800.0
031842931,천왕역,2017-04,2017-05,2,0.0,18170.0
031842931,천왕역,2017-06,2017-07,2,0.0,18800.0
031842931,천왕역,2017-08,2017-09,2,0.0,18800.0
031842931,천왕역,2017-10,2017-11,2,0.0,18800.0
031842931,천왕역,2017-12,2018-01,2,0.0,18800.0
031842931,천왕역,2018-02,2018-03,2,0.0,18800.0
031842931,천왕역,2018-04,2018-05,2,1.0,20210.0
031842931,천왕역,2018-06,2018-07,2,0.0,18800.0
031842931,천왕역,2018-08,2018-09,2,0.0,18800.0
031842931,천왕역,2018-10,2018-11,2,0.0,18800.0
031842931,천왕역,2018-12,2019-01,2,0.0,18800.0
031842931,천왕역,2019-02,2019-03,2,0.0,18800.0
031842931,천왕역,2019-04,2019-05,2,0.0,18800.0
031842931,천왕역,2019-06,2019-07,2,0.0,18800.0
031842931,천왕역,2019-08,2019-09,2,0.0,18800.0
031842931,천왕역,2019-10,2019-11,2,0.0,18800.0
031842931,천왕역,2019-12,2020-01,2,0.0,18800.0
031842931,천왕역,2020-02,2020-03,2,0.0,18800.0
031842931,천왕역,2020-04,2020-05,2,0.0,18800.0
031842931,천왕역,2020-06,2020-07,2,0.0,18800.0
031842931,천왕역,2020-08,2020-09,2,0.0,18800.0
031842931,천왕역,2020-10,2020-11,2,0.0,18800.0
031842931,천왕역,2020-12,2021-01,2,0.0,18800.0
031842931,천왕역,2021-02,2021-03,2,0.0,18800.0
031842931,천왕역,2021-04,2021-05,2,0.0,18800.0
031842931,천왕역,2021-06,2021-07,2,0.0,18800.0
031842931,천왕역,2021-08,2021-09,2,0.0,18800.0
031842931,천왕역,2021-10,2021-11,2,0.0,18800.0
031842931,천왕역,2021-12,2022-01,2,0.0,18800.0
031842931,천왕역,2022-02,2022-03,2,0.0,18800.0
031842931,천왕역,2022-04,2022-05,2,0.0,18800.0
031842931,천왕역,2022-06,2022-07,2,0.0,18800.0
031842931,천왕역,2022-08,2022-09,2,0.0,18800.0
031842931,천왕역,2022-10,2022-11,2,0.0,18800.0
031842931,천왕역,2022-12,2023-01,2,0.0,18800.0
031842931,천왕역,2023-02,2023-03,2,0.0,18800.0
031842931,천왕역,2023-04,2023-05,2,0.0,18800.0
031842931,천왕역,2023-06,2023-07,2,0.0,18800.0
031842931,천왕역,2023-08,2023-09,2,0.0,18800.0
031842931,천왕역,2023-10,2023-11,2,0.0,18800.0
031842931,천왕역,2023-12,2024-01,2,0.0,18800.0
031842931,천왕역,2024-02,2024-03,2,0.0,18800.0
031842931,천왕역,2024-04,2024-05,2,0.0,18800.0
031842931,천왕역,2024-06,2024-07,2,0.0,18800.0
031842931,천왕역,2024-08,2024-09,2,0.0,18800.0
031842931,천왕역,2024-10,2024-11,2,0.0,18800.0
031842931,천왕역,2024-12,2025-01,2,0.0,18800.0
031842931,천왕역,2025-02,2025-03,2,0.0,18800.0
031842931,천왕역,2025-04,2025-05,2,0.0,18800.0
031842931,천왕역,2025-06,2025-07,2,0.0,18600.0
031842931,천왕역,2025-08,2025-09,2,0.0,18600.0
031842931,천왕역,2025-10,2025-11,2,0.0,18600.0
031842931,천왕역,2025-12,2026-01,2,0.0,18600.0
031842931,천왕역,2026-02,2026-03,2,0.0,18600.0
031842931,천왕역,2026-04,2026-05,2,0.0,18600.0
024630785,총신대입구역,2008-05,2008-06,1,195.0,0.0
024630785,총신대입구역,2008-07,2008-08,2,2663.0,3231600.0
024630785,총신대입구역,2008-09,2008-10,2,2447.0,2195840.0
024630785,총신대입구역,2008-11,2008-12,2,1425.0,938920.0
024630785,총신대입구역,2009-01,2009-02,2,1250.0,1154040.0
024630785,총신대입구역,2009-03,2009-04,2,482.0,599000.0
024630785,총신대입구역,2009-05,2009-06,2,1416.0,1325680.0
024630785,총신대입구역,2009-07,2009-08,2,2272.0,2250000.0
024630785,총신대입구역,2009-09,2009-10,2,2509.0,2000280.0
024630785,총신대입구역,2009-11,2009-12,2,1235.0,892490.0
024630785,총신대입구역,2010-01,2010-02,2,632.0,569490.0
024630785,총신대입구역,2010-03,2010-04,2,1207.0,1349940.0
024630785,총신대입구역,2010-05,2010-06,2,2043.0,1774080.0
024630785,총신대입구역,2010-07,2010-08,2,3567.0,3377680.0
024630785,총신대입구역,2010-09,2010-10,2,4505.0,3544080.0
024630785,총신대입구역,2010-11,2010-12,2,3542.0,2694160.0
024630785,총신대입구역,2011-01,2011-02,2,1199.0,355990.0
024630785,총신대입구역,2011-03,2011-04,2,947.0,881720.0
024630785,총신대입구역,2011-05,2011-06,2,1365.0,1478290.0
024630785,총신대입구역,2011-07,2011-08,2,2441.0,2606500.0
024630785,총신대입구역,2011-09,2011-10,2,3348.0,3408020.0
024630785,총신대입구역,2011-11,2011-12,2,1209.0,904640.0
024630785,총신대입구역,2012-01,2012-02,2,334.0,297760.0
024630785,총신대입구역,2012-03,2012-04,2,587.0,697000.0
024630785,총신대입구역,2012-05,2012-06,2,990.0,1073640.0
024630785,총신대입구역,2012-07,2012-08,2,2340.0,3129600.0
024630785,총신대입구역,2012-09,2012-10,2,3481.0,3270640.0
024630785,총신대입구역,2012-11,2012-12,2,1976.0,5114560.0
024630785,총신대입구역,2013-01,2013-02,2,1944.0,2014400.0
024630785,총신대입구역,2013-03,2013-04,2,1796.0,2109920.0
024630785,총신대입구역,2013-05,2013-06,2,2267.0,2950120.0
024630785,총신대입구역,2013-07,2013-08,2,3037.0,4078040.0
024630785,총신대입구역,2013-09,2013-10,2,4682.0,5754280.0
024630785,총신대입구역,2013-11,2013-12,2,2875.0,2298760.0
024630785,총신대입구역,2014-01,2014-02,2,1895.0,1605080.0
024630785,총신대입구역,2014-03,2014-04,2,1605.0,1910120.0
024630785,총신대입구역,2014-05,2014-06,2,1998.0,2795000.0
024630785,총신대입구역,2014-07,2014-08,2,3260.0,5057000.0
024630785,총신대입구역,2014-09,2014-10,2,7403.0,12501000.0
024630785,총신대입구역,2014-11,2014-12,2,3380.0,1693000.0
024630785,총신대입구역,2015-01,2015-02,2,1955.0,1525000.0
024630785,총신대입구역,2015-03,2015-04,2,1703.0,1971000.0
024630785,총신대입구역,2015-05,2015-06,2,2325.0,3383000.0
024630785,총신대입구역,2015-07,2015-08,2,5294.0,8907000.0
024630785,총신대입구역,2015-09,2015-10,2,8075.0,12489000.0
024630785,총신대입구역,2015-11,2015-12,2,2945.0,375000.0
024630785,총신대입구역,2016-01,2016-02,2,1914.0,1733000.0
024630785,총신대입구역,2016-03,2016-04,2,1638.0,1869000.0
024630785,총신대입구역,2016-05,2016-06,2,794.0,388320.0
024630785,총신대입구역,2016-07,2016-08,2,1130.0,1591300.0
024630785,총신대입구역,2016-09,2016-10,2,4068.0,7251000.0
024630785,총신대입구역,2016-11,2016-12,2,2651.0,2459000.0
024630785,총신대입구역,2017-01,2017-02,2,1914.0,1994230.0
024630785,총신대입구역,2017-03,2017-04,2,1638.0,1960000.0
024630785,총신대입구역,2017-05,2017-06,2,1638.0,2153200.0
024630785,총신대입구역,2017-07,2017-08,2,1638.0,2153200.0
024630785,총신대입구역,2017-09,2017-10,2,4068.0,7256200.0
024630785,총신대입구역,2017-11,2017-12,2,3330.0,4005400.0
024630785,총신대입구역,2018-01,2018-02,2,3321.0,4630320.0
024630785,총신대입구역,2018-03,2018-04,2,2568.0,3073810.0
024630785,총신대입구역,2018-05,2018-06,2,2717.0,3957810.0
024630785,총신대입구역,2018-07,2018-08,2,3551.0,5690450.0
024630785,총신대입구역,2018-09,2018-10,2,6060.0,10620960.0
024630785,총신대입구역,2018-11,2018-12,2,2874.0,1732340.0
024630785,총신대입구역,2019-01,2019-02,2,2478.0,3307780.0
024630785,총신대입구역,2019-03,2019-04,2,2294.0,3254440.0
024630785,총신대입구역,2019-05,2019-06,2,2370.0,3573650.0
024630785,총신대입구역,2019-07,2019-08,2,3132.0,5290860.0
024630785,총신대입구역,2019-09,2019-10,2,8273.0,16677570.0
024630785,총신대입구역,2019-11,2019-12,2,4463.0,3806650.0
024630785,총신대입구역,2020-01,2020-02,2,2780.0,2844360.0
024630785,총신대입구역,2020-03,2020-04,2,2091.0,2546120.0
024630785,총신대입구역,2020-05,2020-06,2,1952.0,2758150.0
024630785,총신대입구역,2020-07,2020-08,2,1952.0,2865330.0
024630785,총신대입구역,2020-09,2020-10,2,1301.0,1456500.0
024630785,총신대입구역,2020-11,2020-12,2,1952.0,5682990.0
024630785,총신대입구역,2021-01,2021-02,2,1952.0,2865330.0
024630785,총신대입구역,2021-03,2021-04,2,1952.0,2865330.0
024630785,총신대입구역,2021-05,2021-06,2,2228.0,3508410.0
024630785,총신대입구역,2021-07,2021-08,2,2675.0,4548280.0
024630785,총신대입구역,2021-09,2021-10,2,4383.0,8705140.0
024630785,총신대입구역,2021-11,2021-12,2,2838.0,3335580.0
024630785,총신대입구역,2022-01,2022-02,2,2274.0,3344870.0
024630785,총신대입구역,2022-03,2022-04,2,2028.0,3275500.0
024630785,총신대입구역,2022-05,2022-06,2,2295.0,3982740.0
024630785,총신대입구역,2022-07,2022-08,2,2642.0,4884050.0
024630785,총신대입구역,2022-09,2022-10,2,3768.0,7560550.0
024630785,총신대입구역,2022-11,2022-12,2,2543.0,3320550.0
024630785,총신대입구역,2023-01,2023-02,2,2280.0,4289950.0
024630785,총신대입구역,2023-03,2023-04,2,2145.0,4523600.0
024630785,총신대입구역,2023-05,2023-06,2,2510.0,5901200.0
024630785,총신대입구역,2023-07,2023-08,2,2787.0,6422000.0
024630785,총신대입구역,2023-09,2023-10,2,3774.0,9514340.0
024630785,총신대입구역,2023-11,2023-12,2,2994.0,5674580.0
024630785,총신대입구역,2024-01,2024-02,2,2574.0,5165360.0
024630785,총신대입구역,2024-03,2024-04,2,2352.0,4889840.0
024630785,총신대입구역,2024-05,2024-06,2,2481.0,5578240.0
024630785,총신대입구역,2024-07,2024-08,2,2735.0,6280880.0
024630785,총신대입구역,2024-09,2024-10,2,3480.0,8551280.0
024630785,총신대입구역,2024-11,2024-12,2,4767.0,12166290.0
024630785,총신대입구역,2025-01,2025-02,2,2625.0,3286170.0
024630785,총신대입구역,2025-03,2025-04,2,2030.0,3750800.0
024630785,총신대입구역,2025-05,2025-06,2,2405.0,5676080.0
024630785,총신대입구역,2025-07,2025-08,2,2913.0,6960960.0
024630785,총신대입구역,2025-09,2025-10,2,4685.0,12532390.0
024630785,총신대입구역,2025-11,2025-12,2,3372.0,5928700.0
024630785,총신대입구역,2026-01,2026-02,2,2370.0,4189020.0
024630785,총신대입구역,2026-03,2026-04,2,2555.0,6127900.0
024630785,총신대입구역,2026-05,2026-06,1,1656.0,2786060.0
022357530,학여울역,2008-05,2008-06,2,728.0,932440.0
022357530,학여울역,2008-07,2008-08,2,1417.0,1814360.0
022357530,학여울역,2008-09,2008-10,2,1633.0,2090840.0
022357530,학여울역,2008-11,2008-12,2,900.0,1152600.0
022357530,학여울역,2009-01,2009-02,2,518.0,674300.0
022357530,학여울역,2009-03,2009-04,2,671.0,859480.0
022357530,학여울역,2009-05,2009-06,2,764.0,978520.0
022357530,학여울역,2009-07,2009-08,2,1773.0,2270040.0
022357530,학여울역,2009-09,2009-10,2,1639.0,2098520.0
022357530,학여울역,2009-11,2009-12,2,927.0,1187100.0
022357530,학여울역,2010-01,2010-02,2,927.0,1187160.0
022357530,학여울역,2010-03,2010-04,2,671.0,859480.0
022357530,학여울역,2010-05,2010-06,2,715.0,915800.0
022357530,학여울역,2010-07,2010-08,2,1632.0,2089560.0
022357530,학여울역,2010-09,2010-10,2,1694.0,2168920.0
022357530,학여울역,2010-11,2010-12,2,941.0,1205080.0
022357530,학여울역,2011-01,2011-02,2,941.0,1210230.0
022357530,학여울역,2011-03,2011-04,2,524.0,677430.0
022357530,학여울역,2011-05,2011-06,2,818.0,1055820.0
022357530,학여울역,2011-07,2011-08,2,1396.0,1801440.0
022357530,학여울역,2011-09,2011-10,2,1997.0,2576730.0
022357530,학여울역,2011-11,2011-12,2,1140.0,1471200.0
022357530,학여울역,2012-01,2012-02,2,619.0,799110.0
022357530,학여울역,2012-03,2012-04,2,574.0,907640.0
022357530,학여울역,2012-05,2012-06,2,1035.0,1659000.0
022357530,학여울역,2012-07,2012-08,2,1580.0,2552800.0
022357530,학여울역,2012-09,2012-10,2,1768.0,2950440.0
022357530,학여울역,2012-11,2012-12,2,1063.0,1793360.0
022357530,학여울역,2013-01,2013-02,2,982.0,1660520.0
022357530,학여울역,2013-03,2013-04,2,568.0,987440.0
022357530,학여울역,2013-05,2013-06,2,682.0,1190480.0
022357530,학여울역,2013-07,2013-08,2,1306.0,2384400.0
022357530,학여울역,2013-09,2013-10,2,2180.0,4240600.0
022357530,학여울역,2013-11,2013-12,2,913.0,1690400.0
022357530,학여울역,2014-01,2014-02,2,795.0,1398400.0
022357530,학여울역,2014-03,2014-04,2,835.0,1593600.0
022357530,학여울역,2014-05,2014-06,2,1082.0,2087600.0
022357530,학여울역,2014-07,2014-08,2,2199.0,4321600.0
022357530,학여울역,2014-09,2014-10,2,4306.0,8535600.0
022357530,학여울역,2014-11,2014-12,2,6645.0,19211150.0
022357530,학여울역,2015-01,2015-02,2,7220.0,24720700.0
022357530,학여울역,2015-03,2015-04,2,5423.0,15643450.0
022357530,학여울역,2015-05,2015-06,2,6586.0,19037100.0
022357530,학여울역,2015-07,2015-08,2,8546.0,24856300.0
022357530,학여울역,2015-09,2015-10,2,8290.0,24063900.0
022357530,학여울역,2015-11,2015-12,2,6200.0,17898400.0
022357530,학여울역,2016-01,2016-02,2,6754.0,19532700.0
022357530,학여울역,2016-03,2016-04,2,5795.0,16703650.0
022357530,학여울역,2016-05,2016-06,2,5581.0,16113150.0
022357530,학여울역,2016-07,2016-08,2,6729.0,19542350.0
022357530,학여울역,2016-09,2016-10,2,7070.0,20464900.0
022357530,학여울역,2016-11,2016-12,2,5567.0,16031050.0
022357530,학여울역,2017-01,2017-02,2,6440.0,19108410.0
022357530,학여울역,2017-03,2017-04,2,5371.0,16219560.0
022357530,학여울역,2017-05,2017-06,2,5913.0,17907300.0
022357530,학여울역,2017-07,2017-08,2,6133.0,18653650.0
022357530,학여울역,2017-09,2017-10,2,5568.0,16891920.0
022357530,학여울역,2017-11,2017-12,2,625.0,1638250.0
022357530,학여울역,2018-01,2018-02,2,554.0,1475910.0
022357530,학여울역,2018-03,2018-04,2,466.0,1309680.0
022357530,학여울역,2018-05,2018-06,2,657.0,1904210.0
022357530,학여울역,2018-07,2018-08,2,1031.0,2178110.0
022357530,학여울역,2018-09,2018-10,2,689.0,1471250.0
022357530,학여울역,2018-11,2018-12,2,455.0,941400.0
022357530,학여울역,2019-01,2019-02,2,410.0,874880.0
022357530,학여울역,2019-03,2019-04,2,393.0,858110.0
022357530,학여울역,2019-05,2019-06,2,782.0,1710660.0
022357530,학여울역,2019-07,2019-08,2,827.0,1815510.0
022357530,학여울역,2019-09,2019-10,2,789.0,1854970.0
022357530,학여울역,2019-11,2019-12,2,644.0,1389120.0
022357530,학여울역,2020-01,2020-02,2,418.0,909860.0
022357530,학여울역,2020-03,2020-04,2,339.0,746330.0
022357530,학여울역,2020-05,2020-06,2,505.0,1089950.0
022357530,학여울역,2020-07,2020-08,2,801.0,1815730.0
022357530,학여울역,2020-09,2020-10,2,858.0,2209740.0
022357530,학여울역,2020-11,2020-12,2,525.0,1131350.0
022357530,학여울역,2021-01,2021-02,2,300.0,665600.0
022357530,학여울역,2021-03,2021-04,2,503.0,1085810.0
022357530,학여울역,2021-05,2021-06,2,684.0,1482320.0
022357530,학여울역,2021-07,2021-08,2,859.0,1997540.0
022357530,학여울역,2021-09,2021-10,2,1144.0,2798360.0
022357530,학여울역,2021-11,2021-12,2,627.0,1485180.0
022357530,학여울역,2022-01,2022-02,2,405.0,1029830.0
022357530,학여울역,2022-03,2022-04,2,372.0,986880.0
022357530,학여울역,2022-05,2022-06,2,715.0,1859350.0
022357530,학여울역,2022-07,2022-08,2,1058.0,2951500.0
022357530,학여울역,2022-09,2022-10,2,1112.0,3319400.0
022357530,학여울역,2022-11,2022-12,2,1203.0,3222950.0
022357530,학여울역,2023-01,2023-02,2,744.0,2284650.0
022357530,학여울역,2023-03,2023-04,2,500.0,1675000.0
022357530,학여울역,2023-05,2023-06,2,609.0,2041240.0
022357530,학여울역,2023-07,2023-08,2,1058.0,3712280.0
022357530,학여울역,2023-09,2023-10,2,839.0,2976440.0
022357530,학여울역,2023-11,2023-12,2,558.0,2166680.0
022357530,학여울역,2024-01,2024-02,2,408.0,1487080.0
022357530,학여울역,2024-03,2024-04,2,395.0,3088250.0
022357530,학여울역,2024-05,2024-06,2,662.0,4637320.0
022357530,학여울역,2024-07,2024-08,2,1098.0,6970280.0
022357530,학여울역,2024-09,2024-10,2,951.0,8704760.0
022357530,학여울역,2024-11,2024-12,2,517.0,1749320.0
022357530,학여울역,2025-01,2025-02,2,359.0,1222130.0
022357530,학여울역,2025-03,2025-04,2,384.0,1216280.0
022357530,학여울역,2025-05,2025-06,2,549.0,1769240.0
022357530,학여울역,2025-07,2025-08,2,1078.0,3546680.0
022357530,학여울역,2025-09,2025-10,2,999.0,3614040.0
022357530,학여울역,2025-11,2025-12,2,520.0,6600600.0
022357530,학여울역,2026-01,2026-02,2,398.0,6053210.0
022357530,학여울역,2026-03,2026-04,2,476.0,5636120.0
006390427,행당역,2010-01,2010-02,2,608.0,778840.0
006390427,행당역,2010-03,2010-04,2,618.0,791640.0
006390427,행당역,2010-05,2010-06,2,711.0,910680.0
006390427,행당역,2010-07,2010-08,2,816.0,1045080.0
006390427,행당역,2010-09,2010-10,2,3309.0,2046800.0
006390427,행당역,2010-11,2010-12,2,2021.0,1505840.0
006390427,행당역,2011-01,2011-02,2,708.0,910050.0
006390427,행당역,2011-03,2011-04,2,656.0,846840.0
006390427,행당역,2011-05,2011-06,2,702.0,906180.0
006390427,행당역,2011-07,2011-08,2,716.0,924240.0
006390427,행당역,2011-09,2011-10,2,727.0,938430.0
006390427,행당역,2011-11,2011-12,2,756.0,975840.0
006390427,행당역,2012-01,2012-02,2,622.0,802980.0
006390427,행당역,2012-03,2012-04,2,654.0,1034160.0
006390427,행당역,2012-05,2012-06,2,713.0,1130920.0
006390427,행당역,2012-07,2012-08,2,698.0,1106320.0
006390427,행당역,2012-09,2012-10,2,683.0,1081720.0
006390427,행당역,2012-11,2012-12,2,683.0,1081720.0
006390427,행당역,2013-01,2013-02,2,622.0,981680.0
006390427,행당역,2013-03,2013-04,2,679.0,1184960.0
006390427,행당역,2013-05,2013-06,2,690.0,1215500.0
006390427,행당역,2013-07,2013-08,2,710.0,1242000.0
006390427,행당역,2013-09,2013-10,2,731.0,1280640.0
006390427,행당역,2013-11,2013-12,2,719.0,1258560.0
006390427,행당역,2014-01,2014-02,2,780.0,1370800.0
006390427,행당역,2014-03,2014-04,2,677.0,1277600.0
006390427,행당역,2014-05,2014-06,2,665.0,1253600.0
006390427,행당역,2014-07,2014-08,2,748.0,1419600.0
006390427,행당역,2014-09,2014-10,2,745.0,1413600.0
006390427,행당역,2014-11,2014-12,2,667.0,1257600.0
006390427,행당역,2015-01,2015-02,2,619.0,1161600.0
006390427,행당역,2015-03,2015-04,2,623.0,1169600.0
006390427,행당역,2015-05,2015-06,2,735.0,1393600.0
006390427,행당역,2015-07,2015-08,2,802.0,1527600.0
006390427,행당역,2015-09,2015-10,2,836.0,1595600.0
006390427,행당역,2015-11,2015-12,2,812.0,1547600.0
006390427,행당역,2016-01,2016-02,2,680.0,1283600.0
006390427,행당역,2016-03,2016-04,2,711.0,1345600.0
006390427,행당역,2016-05,2016-06,2,800.0,1523600.0
006390427,행당역,2016-07,2016-08,2,852.0,1627600.0
006390427,행당역,2016-09,2016-10,2,1060.0,2043600.0
006390427,행당역,2016-11,2016-12,2,840.0,1603600.0
006390427,행당역,2017-01,2017-02,2,840.0,1636170.0
006390427,행당역,2017-03,2017-04,2,840.0,1675510.0
006390427,행당역,2017-05,2017-06,2,486.0,941840.0
006390427,행당역,2017-07,2017-08,2,782.0,1556800.0
006390427,행당역,2017-09,2017-10,2,1002.0,2018800.0
006390427,행당역,2017-11,2017-12,2,742.0,1472800.0
006390427,행당역,2018-01,2018-02,2,649.0,1301560.0
006390427,행당역,2018-03,2018-04,2,633.0,1298530.0
006390427,행당역,2018-05,2018-06,2,730.0,1512900.0
006390427,행당역,2018-07,2018-08,2,814.0,1698540.0
006390427,행당역,2018-09,2018-10,2,976.0,2056560.0
006390427,행당역,2018-11,2018-12,2,798.0,1663180.0
006390427,행당역,2019-01,2019-02,2,874.0,1873580.0
006390427,행당역,2019-03,2019-04,2,800.0,1752600.0
006390427,행당역,2019-05,2019-06,2,894.0,1971620.0
006390427,행당역,2019-07,2019-08,2,1051.0,2337430.0
006390427,행당역,2019-09,2019-10,2,1318.0,2959540.0
006390427,행당역,2019-11,2019-12,2,957.0,2118410.0
006390427,행당역,2020-01,2020-02,2,999.0,2216270.0
006390427,행당역,2020-03,2020-04,2,1486.0,3350980.0
006390427,행당역,2020-05,2020-06,2,3662.0,8421060.0
006390427,행당역,2020-07,2020-08,2,3662.0,8421060.0
006390427,행당역,2020-09,2020-10,2,250.0,471100.0
006390427,행당역,2020-11,2020-12,2,1171.0,2617030.0
006390427,행당역,2021-01,2021-02,2,627.0,1349510.0
006390427,행당역,2021-03,2021-04,2,793.0,1736290.0
006390427,행당역,2021-05,2021-06,2,899.0,1983270.0
006390427,행당역,2021-07,2021-08,2,2045.0,4811270.0
006390427,행당역,2021-09,2021-10,2,1671.0,3751870.0
006390427,행당역,2021-11,2021-12,2,1260.0,3093000.0
006390427,행당역,2022-01,2022-02,2,1190.0,3015430.0
006390427,행당역,2022-03,2022-04,2,202.0,563580.0
006390427,행당역,2022-05,2022-06,2,455.0,1193550.0
006390427,행당역,2022-07,2022-08,2,1012.0,2646400.0
006390427,행당역,2022-09,2022-10,2,1248.0,3271800.0
006390427,행당역,2022-11,2022-12,2,934.0,2439700.0
006390427,행당역,2023-01,2023-02,2,758.0,2216610.0
006390427,행당역,2023-03,2023-04,2,801.0,2615960.0
006390427,행당역,2023-05,2023-06,2,911.0,2985560.0
006390427,행당역,2023-07,2023-08,2,925.0,3032600.0
006390427,행당역,2023-09,2023-10,2,1051.0,3455960.0
006390427,행당역,2023-11,2023-12,2,1015.0,3335000.0
006390427,행당역,2024-01,2024-02,2,1015.0,3335000.0
006390427,행당역,2024-03,2024-04,2,908.0,2975480.0
006390427,행당역,2024-05,2024-06,2,839.0,2743640.0
006390427,행당역,2024-07,2024-08,2,1149.0,3785240.0
006390427,행당역,2024-09,2024-10,2,1365.0,4511000.0
006390427,행당역,2024-11,2024-12,2,794.0,2592440.0
006390427,행당역,2025-01,2025-02,2,733.0,2387480.0
006390427,행당역,2025-03,2025-04,2,794.0,2592440.0
006390427,행당역,2025-05,2025-06,2,836.0,2733560.0
006390427,행당역,2025-07,2025-08,2,1144.0,3768440.0
006390427,행당역,2025-09,2025-10,2,1232.0,4064120.0
006390427,행당역,2025-11,2025-12,2,757.0,2468120.0
006390427,행당역,2026-01,2026-02,2,708.0,2366960.0
006390427,행당역,2026-03,2026-04,2,675.0,2325900.0
000248906,혜화역,2008-05,2008-06,1,157.0,789880.0
000248906,혜화역,2008-07,2008-08,2,1178.0,1913160.0
000248906,혜화역,2008-09,2008-10,2,1683.0,2290480.0
000248906,혜화역,2008-11,2008-12,2,822.0,811080.0
000248906,혜화역,2009-01,2009-02,2,401.0,910960.0
000248906,혜화역,2009-03,2009-04,2,402.0,826720.0
000248906,혜화역,2009-05,2009-06,2,821.0,1400360.0
000248906,혜화역,2009-07,2009-08,2,1485.0,1919760.0
000248906,혜화역,2009-09,2009-10,2,3441.0,3593960.0
000248906,혜화역,2009-11,2009-12,2,1193.0,935760.0
000248906,혜화역,2010-01,2010-02,2,849.0,1970120.0
000248906,혜화역,2010-03,2010-04,2,1035.0,1820040.0
000248906,혜화역,2010-05,2010-06,2,1488.0,2519880.0
000248906,혜화역,2010-07,2010-08,2,3767.0,4479440.0
000248906,혜화역,2010-09,2010-10,2,6242.0,6441880.0
000248906,혜화역,2010-11,2010-12,2,3831.0,2290560.0
000248906,혜화역,2011-01,2011-02,2,4194.0,3994540.0
000248906,혜화역,2011-03,2011-04,2,3170.0,2445120.0
000248906,혜화역,2011-05,2011-06,2,2861.0,2803200.0
000248906,혜화역,2011-07,2011-08,2,3686.0,3779000.0
000248906,혜화역,2011-09,2011-10,2,5151.0,5057580.0
000248906,혜화역,2011-11,2011-12,2,4050.0,3076410.0
000248906,혜화역,2012-01,2012-02,2,1112.0,1409000.0
000248906,혜화역,2012-03,2012-04,2,1350.0,3119370.0
000248906,혜화역,2012-05,2012-06,2,867.0,2571220.0
000248906,혜화역,2012-07,2012-08,2,1802.0,4041700.0
000248906,혜화역,2012-09,2012-10,2,3762.0,6798640.0
000248906,혜화역,2012-11,2012-12,2,1025.0,1107400.0
000248906,혜화역,2013-01,2013-02,2,903.0,2252840.0
000248906,혜화역,2013-03,2013-04,2,1743.0,3794880.0
000248906,혜화역,2013-05,2013-06,2,2607.0,4884400.0
000248906,혜화역,2013-07,2013-08,2,3279.0,4664440.0
000248906,혜화역,2013-09,2013-10,2,3890.0,6082120.0
000248906,혜화역,2013-11,2013-12,2,2383.0,3363960.0
000248906,혜화역,2014-01,2014-02,2,2457.0,3921640.0
000248906,혜화역,2014-03,2014-04,2,923.0,2801760.0
000248906,혜화역,2014-05,2014-06,2,914.0,4074000.0
000248906,혜화역,2014-07,2014-08,2,1343.0,4605000.0
000248906,혜화역,2014-09,2014-10,2,2408.0,6584000.0
000248906,혜화역,2014-11,2014-12,2,1749.0,3707000.0
000248906,혜화역,2015-01,2015-02,2,2390.0,3658000.0
000248906,혜화역,2015-03,2015-04,2,884.0,2133600.0
000248906,혜화역,2015-05,2015-06,2,1292.0,3654500.0
000248906,혜화역,2015-07,2015-08,2,2189.0,4440000.0
000248906,혜화역,2015-09,2015-10,2,2690.0,5683000.0
000248906,혜화역,2015-11,2015-12,2,1293.0,3402000.0
000248906,혜화역,2016-01,2016-02,2,584.0,3306600.0
000248906,혜화역,2016-03,2016-04,2,690.0,2895500.0
000248906,혜화역,2016-05,2016-06,2,2522.0,5051000.0
000248906,혜화역,2016-07,2016-08,2,1596.0,4596000.0
000248906,혜화역,2016-09,2016-10,2,3615.0,8763000.0
000248906,혜화역,2016-11,2016-12,2,1229.0,3019000.0
000248906,혜화역,2017-01,2017-02,2,810.0,3614360.0
000248906,혜화역,2017-03,2017-04,2,1044.0,3365000.0
000248906,혜화역,2017-05,2017-06,2,1020.0,4286460.0
000248906,혜화역,2017-07,2017-08,2,1850.0,5320600.0
000248906,혜화역,2017-09,2017-10,2,3051.0,5701530.0
000248906,혜화역,2017-11,2017-12,2,2961.0,4418430.0
000248906,혜화역,2018-01,2018-02,2,1772.0,2397740.0
000248906,혜화역,2018-03,2018-04,2,1383.0,2873280.0
000248906,혜화역,2018-05,2018-06,2,1607.0,2451420.0
000248906,혜화역,2018-07,2018-08,2,1983.0,3774710.0
000248906,혜화역,2018-09,2018-10,2,3716.0,7100870.0
000248906,혜화역,2018-11,2018-12,2,3813.0,5479860.0
000248906,혜화역,2019-01,2019-02,2,4316.0,6907530.0
000248906,혜화역,2019-03,2019-04,2,2637.0,3678140.0
000248906,혜화역,2019-05,2019-06,2,3116.0,5645410.0
000248906,혜화역,2019-07,2019-08,2,2085.0,3433580.0
000248906,혜화역,2019-09,2019-10,2,3893.0,7917740.0
000248906,혜화역,2019-11,2019-12,2,2849.0,4048630.0
000248906,혜화역,2020-01,2020-02,2,2931.0,4924930.0
000248906,혜화역,2020-03,2020-04,2,3243.0,4921780.0
000248906,혜화역,2020-05,2020-06,2,2738.0,3744810.0
000248906,혜화역,2020-07,2020-08,2,3588.0,6116750.0
000248906,혜화역,2020-09,2020-10,2,4907.0,8530630.0
000248906,혜화역,2020-11,2020-12,2,3608.0,4478760.0
000248906,혜화역,2021-01,2021-02,2,2870.0,3768110.0
000248906,혜화역,2021-03,2021-04,2,2952.0,4532350.0
000248906,혜화역,2021-05,2021-06,2,3486.0,5713660.0
000248906,혜화역,2021-07,2021-08,2,4118.0,7070060.0
000248906,혜화역,2021-09,2021-10,2,4907.0,8864360.0
000248906,혜화역,2021-11,2021-12,2,4020.0,5943360.0
000248906,혜화역,2022-01,2022-02,2,3654.0,5939860.0
000248906,혜화역,2022-03,2022-04,2,3189.0,5091760.0
000248906,혜화역,2022-05,2022-06,2,3662.0,6768660.0
000248906,혜화역,2022-07,2022-08,2,4719.0,9229700.0
000248906,혜화역,2022-09,2022-10,2,5573.0,10560000.0
000248906,혜화역,2022-11,2022-12,2,5012.0,8318100.0
000248906,혜화역,2023-01,2023-02,2,4439.0,8411670.0
000248906,혜화역,2023-03,2023-04,2,3999.0,8440930.0
000248906,혜화역,2023-05,2023-06,2,4385.0,10290440.0
000248906,혜화역,2023-07,2023-08,2,4593.0,10564570.0
000248906,혜화역,2023-09,2023-10,2,4692.0,10668670.0
000248906,혜화역,2023-11,2023-12,2,4640.0,10373720.0
000248906,혜화역,2024-01,2024-02,2,2490.0,3028310.0
000248906,혜화역,2024-03,2024-04,2,3999.0,10677730.0
000248906,혜화역,2024-05,2024-06,2,4293.0,9971200.0
000248906,혜화역,2024-07,2024-08,2,4499.0,10345960.0
000248906,혜화역,2024-09,2024-10,2,4941.0,11640270.0
000248906,혜화역,2024-11,2024-12,2,4513.0,9645020.0
000248906,혜화역,2025-01,2025-02,2,2829.0,9489880.0
000248906,혜화역,2025-03,2025-04,2,2724.0,9152280.0
000248906,혜화역,2025-05,2025-06,2,3126.0,10547220.0
000248906,혜화역,2025-07,2025-08,2,3917.0,13291990.0
000248906,혜화역,2025-09,2025-10,2,3841.0,13028270.0
000248906,혜화역,2025-11,2025-12,2,2914.0,9811580.0
000248906,혜화역,2026-01,2026-02,2,2530.0,8714000.0
000248906,혜화역,2026-03,2026-04,2,2591.0,9163040.0
000248906,혜화역,2026-05,2026-06,1,1428.0,5063820.0
