고객번호,역명,영업사업소,용도,고지서_성명,납기일,납기_연도,납기_월,납기_연월,구분,수납상태,총사용량_톤,월평균사용량_톤,부과금액_원
024666597,강동역,강동영업사업소,시민용,강동역,2008-07-31,2008,7,2008-07,정기분,수납 완료,556.0,278.0,718000.0
024666597,강동역,강동영업사업소,시민용,강동역,2008-09-30,2008,9,2008-09,정기분,수납 완료,682.0,341.0,873560.0
024666597,강동역,강동영업사업소,시민용,강동역,2008-11-30,2008,11,2008-11,정기분,수납 완료,507.0,253.5,661650.0
024666597,강동역,강동영업사업소,시민용,강동역,2009-01-31,2009,1,2009-01,정기분,수납 완료,657.0,328.5,841560.0
024666597,강동역,강동영업사업소,시민용,강동역,2009-03-31,2009,3,2009-03,정기분,수납 완료,733.0,366.5,938840.0
024666597,강동역,강동영업사업소,시민용,강동역,2009-05-31,2009,5,2009-05,정기분,수납 완료,534.0,267.0,692700.0
024666597,강동역,강동영업사업소,시민용,강동역,2009-07-31,2009,7,2009-07,정기분,수납 완료,571.0,285.5,735250.0
024666597,강동역,강동영업사업소,시민용,강동역,2009-09-30,2009,9,2009-09,정기분,수납 완료,731.0,365.5,936280.0
024666597,강동역,강동영업사업소,시민용,강동역,2009-11-30,2009,11,2009-11,정기분,수납 완료,524.0,262.0,681200.0
024666597,강동역,강동영업사업소,시민용,강동역,2010-01-31,2010,1,2010-01,정기분,수납 완료,698.0,349.0,894040.0
024666597,강동역,강동영업사업소,시민용,강동역,2010-03-31,2010,3,2010-03,정기분,수납 완료,1752.0,876.0,3946020.0
024666597,강동역,강동영업사업소,시민용,강동역,2010-05-31,2010,5,2010-05,정기분,수납 완료,1783.0,891.5,2282840.0
024666597,강동역,강동영업사업소,시민용,강동역,2010-07-31,2010,7,2010-07,정기분,수납 완료,1948.0,974.0,2494040.0
024666597,강동역,강동영업사업소,시민용,강동역,2010-09-30,2010,9,2010-09,정기분,수납 완료,2154.0,1077.0,2757720.0
024666597,강동역,강동영업사업소,시민용,강동역,2010-11-30,2010,11,2010-11,정기분,수납 완료,1625.0,812.5,2080600.0
024666597,강동역,강동영업사업소,시민용,강동역,2011-01-31,2011,1,2011-01,정기분,수납 완료,1689.0,844.5,2162520.0
024666597,강동역,강동영업사업소,시민용,강동역,2011-03-31,2011,3,2011-03,정기분,수납 완료,2133.0,1066.5,2749720.0
024666597,강동역,강동영업사업소,시민용,강동역,2011-05-31,2011,5,2011-05,정기분,수납 완료,1922.0,961.0,2479980.0
024666597,강동역,강동영업사업소,시민용,강동역,2011-07-31,2011,7,2011-07,정기분,수납 완료,1890.0,945.0,2438700.0
024666597,강동역,강동영업사업소,시민용,강동역,2011-09-30,2011,9,2011-09,정기분,수납 완료,2285.0,1142.5,2948250.0
024666597,강동역,강동영업사업소,시민용,강동역,2011-11-30,2011,11,2011-11,정기분,수납 완료,2280.0,1140.0,2941800.0
024666597,강동역,강동영업사업소,시민용,강동역,2012-01-31,2012,1,2012-01,정기분,수납 완료,2259.0,1129.5,2914710.0
024666597,강동역,강동영업사업소,시민용,강동역,2012-03-31,2012,3,2012-03,정기분,수납 완료,1610.0,805.0,2504300.0
024666597,강동역,강동영업사업소,시민용,강동역,2012-05-31,2012,5,2012-05,정기분,수납 완료,2078.0,1039.0,3369520.0
024666597,강동역,강동영업사업소,시민용,강동역,2012-07-31,2012,7,2012-07,정기분,수납 완료,1987.0,993.5,3220280.0
024666597,강동역,강동영업사업소,시민용,강동역,2012-09-30,2012,9,2012-09,정기분,수납 완료,1133.0,566.5,1819720.0
024666597,강동역,강동영업사업소,시민용,강동역,2012-11-30,2012,11,2012-11,정기분,수납 완료,1575.0,787.5,2544600.0
024666597,강동역,강동영업사업소,시민용,강동역,2013-01-31,2013,1,2013-01,정기분,수납 완료,2579.0,1289.5,4191160.0
024666597,강동역,강동영업사업소,시민용,강동역,2013-03-31,2013,3,2013-03,정기분,수납 완료,2508.0,1254.0,4550320.0
024666597,강동역,강동영업사업소,시민용,강동역,2013-05-31,2013,5,2013-05,정기분,수납 완료,2532.0,1266.0,4594480.0
024666597,강동역,강동영업사업소,시민용,강동역,2013-07-31,2013,7,2013-07,정기분,수납 완료,2582.0,1291.0,4686480.0
024666597,강동역,강동영업사업소,시민용,강동역,2013-09-30,2013,9,2013-09,정기분,수납 완료,3180.0,1590.0,5786800.0
024666597,강동역,강동영업사업소,시민용,강동역,2013-11-30,2013,11,2013-11,정기분,수납 완료,3339.0,1669.5,6079360.0
024666597,강동역,강동영업사업소,시민용,강동역,2014-01-31,2014,1,2014-01,정기분,수납 완료,2633.0,1316.5,4780320.0
024666597,강동역,강동영업사업소,시민용,강동역,2014-03-31,2014,3,2014-03,정기분,수납 완료,2405.0,1202.5,4733600.0
024666597,강동역,강동영업사업소,시민용,강동역,2014-05-31,2014,5,2014-05,정기분,수납 완료,2432.0,1216.0,4787600.0
024666597,강동역,강동영업사업소,시민용,강동역,2014-07-31,2014,7,2014-07,정기분,수납 완료,2907.0,1453.5,5737600.0
024666597,강동역,강동영업사업소,시민용,강동역,2014-09-30,2014,9,2014-09,정기분,수납 완료,4004.0,2002.0,7931600.0
024666597,강동역,강동영업사업소,시민용,강동역,2014-11-30,2014,11,2014-11,정기분,수납 완료,3579.0,1789.5,7081600.0
024666597,강동역,강동영업사업소,시민용,강동역,2015-01-31,2015,1,2015-01,정기분,수납 완료,2773.0,1386.5,5469600.0
024666597,강동역,강동영업사업소,시민용,강동역,2015-03-31,2015,3,2015-03,정기분,수납 완료,2388.0,1194.0,4699600.0
024666597,강동역,강동영업사업소,시민용,강동역,2015-05-31,2015,5,2015-05,정기분,수납 완료,2438.0,1219.0,4799600.0
024666597,강동역,강동영업사업소,시민용,강동역,2015-07-31,2015,7,2015-07,정기분,수납 완료,2836.0,1418.0,5595600.0
024666597,강동역,강동영업사업소,시민용,강동역,2015-09-30,2015,9,2015-09,정기분,수납 완료,4411.0,2205.5,8745600.0
024666597,강동역,강동영업사업소,시민용,강동역,2015-11-30,2015,11,2015-11,정기분,수납 완료,4033.0,2016.5,7989600.0
024666597,강동역,강동영업사업소,시민용,강동역,2016-01-31,2016,1,2016-01,정기분,수납 완료,2837.0,1418.5,5597600.0
024666597,강동역,강동영업사업소,시민용,강동역,2016-03-31,2016,3,2016-03,정기분,수납 완료,2369.0,1184.5,4661600.0
024666597,강동역,강동영업사업소,시민용,강동역,2016-05-31,2016,5,2016-05,정기분,수납 완료,2659.0,1329.5,5241600.0
024666597,강동역,강동영업사업소,시민용,강동역,2016-07-31,2016,7,2016-07,정기분,수납 완료,3055.0,1527.5,6033600.0
024666597,강동역,강동영업사업소,시민용,강동역,2016-09-30,2016,9,2016-09,정기분,수납 완료,4649.0,2324.5,9221600.0
024666597,강동역,강동영업사업소,시민용,강동역,2016-11-30,2016,11,2016-11,정기분,수납 완료,4080.0,2040.0,8083600.0
024666597,강동역,강동영업사업소,시민용,강동역,2017-01-31,2017,1,2017-01,정기분,수납 완료,2300.0,1150.0,4523600.0
024666597,강동역,강동영업사업소,시민용,강동역,2017-03-31,2017,3,2017-03,정기분,수납 완료,2231.0,1115.5,4571720.0
024666597,강동역,강동영업사업소,시민용,강동역,2017-05-31,2017,5,2017-05,정기분,수납 완료,2215.0,1107.5,4568560.0
024666597,강동역,강동영업사업소,시민용,강동역,2017-07-31,2017,7,2017-07,정기분,수납 완료,2660.0,1330.0,5500600.0
024666597,강동역,강동영업사업소,시민용,강동역,2017-09-30,2017,9,2017-09,정기분,수납 완료,4333.0,2166.5,9013900.0
024666597,강동역,강동영업사업소,시민용,강동역,2017-11-30,2017,11,2017-11,정기분,수납 완료,2715.0,1357.5,5616100.0
024666597,강동역,강동영업사업소,시민용,강동역,2018-01-31,2018,1,2018-01,정기분,수납 완료,2280.0,1140.0,4702600.0
024666597,강동역,강동영업사업소,시민용,강동역,2018-03-31,2018,3,2018-03,정기분,수납 완료,2108.0,1054.0,4526060.0
024666597,강동역,강동영업사업소,시민용,강동역,2018-05-31,2018,5,2018-05,정기분,수납 완료,2154.0,1077.0,4659940.0
024666597,강동역,강동영업사업소,시민용,강동역,2018-07-31,2018,7,2018-07,정기분,수납 완료,2395.0,1197.5,5192550.0
024666597,강동역,강동영업사업소,시민용,강동역,2018-09-30,2018,9,2018-09,정기분,수납 완료,4139.0,2069.5,9046790.0
024666597,강동역,강동영업사업소,시민용,강동역,2018-11-30,2018,11,2018-11,정기분,수납 완료,2666.0,1333.0,5791460.0
024666597,강동역,강동영업사업소,시민용,강동역,2019-01-31,2019,1,2019-01,정기분,수납 완료,2111.0,1055.5,4564910.0
024666597,강동역,강동영업사업소,시민용,강동역,2019-03-31,2019,3,2019-03,정기분,수납 완료,2111.0,1055.5,4771200.0
024666597,강동역,강동영업사업소,시민용,강동역,2019-05-31,2019,5,2019-05,정기분,수납 완료,2226.0,1113.0,5075180.0
024666597,강동역,강동영업사업소,시민용,강동역,2019-07-31,2019,7,2019-07,정기분,수납 완료,2541.0,1270.5,5809130.0
024666597,강동역,강동영업사업소,시민용,강동역,2019-09-30,2019,9,2019-09,정기분,수납 완료,4992.0,2496.0,11519960.0
024666597,강동역,강동영업사업소,시민용,강동역,2019-11-30,2019,11,2019-11,정기분,수납 완료,4255.0,2127.5,9802750.0
024666597,강동역,강동영업사업소,시민용,강동역,2020-01-31,2020,1,2020-01,정기분,수납 완료,2654.0,1327.0,6072420.0
024666597,강동역,강동영업사업소,시민용,강동역,2020-03-31,2020,3,2020-03,정기분,수납 완료,2299.0,1149.5,5245270.0
024666597,강동역,강동영업사업소,시민용,강동역,2020-05-31,2020,5,2020-05,정기분,수납 완료,1756.0,878.0,3980080.0
024666597,강동역,강동영업사업소,시민용,강동역,2020-07-31,2020,7,2020-07,정기분,수납 완료,2496.0,1248.0,5704280.0
024666597,강동역,강동영업사업소,시민용,강동역,2020-09-30,2020,9,2020-09,정기분,수납 완료,5206.0,2603.0,12018580.0
024666597,강동역,강동영업사업소,시민용,강동역,2020-11-30,2020,11,2020-11,정기분,수납 완료,3487.0,1743.5,8013310.0
024666597,강동역,강동영업사업소,시민용,강동역,2021-01-31,2021,1,2021-01,정기분,수납 완료,1936.0,968.0,4399480.0
024666597,강동역,강동영업사업소,시민용,강동역,2021-03-31,2021,3,2021-03,정기분,수납 완료,1600.0,800.0,3616600.0
024666597,강동역,강동영업사업소,시민용,강동역,2021-05-31,2021,5,2021-05,정기분,수납 완료,1870.0,935.0,4245700.0
024666597,강동역,강동영업사업소,시민용,강동역,2021-07-31,2021,7,2021-07,정기분,수납 완료,2396.0,1198.0,5471280.0
024666597,강동역,강동영업사업소,시민용,강동역,2021-09-30,2021,9,2021-09,정기분,수납 완료,2946.0,1473.0,7292460.0
024666597,강동역,강동영업사업소,시민용,강동역,2021-11-30,2021,11,2021-11,정기분,수납 완료,2518.0,1259.0,6288320.0
024666597,강동역,강동영업사업소,시민용,강동역,2022-01-31,2022,1,2022-01,정기분,수납 완료,1821.0,910.5,4517940.0
024666597,강동역,강동영업사업소,시민용,강동역,2022-03-31,2022,3,2022-03,정기분,수납 완료,1707.0,853.5,4449930.0
024666597,강동역,강동영업사업소,시민용,강동역,2022-05-31,2022,5,2022-05,정기분,수납 완료,1826.0,913.0,4803500.0
024666597,강동역,강동영업사업소,시민용,강동역,2022-07-31,2022,7,2022-07,정기분,수납 완료,2514.0,1257.0,6626700.0
024666597,강동역,강동영업사업소,시민용,강동역,2022-09-30,2022,9,2022-09,정기분,수납 완료,3928.0,1964.0,10373800.0
024666597,강동역,강동영업사업소,시민용,강동역,2022-11-30,2022,11,2022-11,정기분,수납 완료,2950.0,1475.0,7782100.0
024666597,강동역,강동영업사업소,시민용,강동역,2023-01-31,2023,1,2023-01,정기분,수납 완료,1963.0,981.5,5166550.0
024666597,강동역,강동영업사업소,시민용,강동역,2023-03-31,2023,3,2023-03,정기분,수납 완료,1914.0,957.0,6158180.0
024666597,강동역,강동영업사업소,시민용,강동역,2023-05-31,2023,5,2023-05,정기분,수납 완료,2023.0,1011.5,6724410.0
024666597,강동역,강동영업사업소,시민용,강동역,2023-07-31,2023,7,2023-07,정기분,수납 완료,2244.0,1122.0,7491280.0
024666597,강동역,강동영업사업소,시민용,강동역,2023-09-30,2023,9,2023-09,정기분,수납 완료,3374.0,1687.0,11412380.0
024666597,강동역,강동영업사업소,시민용,강동역,2023-11-30,2023,11,2023-11,정기분,수납 완료,3114.0,1557.0,10510180.0
024666597,강동역,강동영업사업소,시민용,강동역,2024-01-31,2024,1,2024-01,정기분,수납 완료,2119.0,1059.5,7057530.0
024666597,강동역,강동영업사업소,시민용,강동역,2024-03-31,2024,3,2024-03,정기분,수납 완료,1907.0,953.5,6332120.0
024666597,강동역,강동영업사업소,시민용,강동역,2024-05-31,2024,5,2024-05,정기분,수납 완료,2026.0,1013.0,6734820.0
024666597,강동역,강동영업사업소,시민용,강동역,2024-07-31,2024,7,2024-07,정기분,수납 완료,2408.0,1204.0,8060360.0
024666597,강동역,강동영업사업소,시민용,강동역,2024-09-30,2024,9,2024-09,정기분,수납 완료,3399.0,1699.5,11499130.0
024666597,강동역,강동영업사업소,시민용,강동역,2024-11-30,2024,11,2024-11,정기분,수납 완료,3128.0,1564.0,10558760.0
024666597,강동역,강동영업사업소,시민용,강동역,2025-01-31,2025,1,2025-01,정기분,수납 완료,2074.0,1037.0,6901380.0
024666597,강동역,강동영업사업소,시민용,강동역,2025-03-31,2025,3,2025-03,정기분,수납 완료,1877.0,938.5,6231320.0
024666597,강동역,강동영업사업소,시민용,강동역,2025-05-31,2025,5,2025-05,정기분,수납 완료,2011.0,1005.5,6682770.0
024666597,강동역,강동영업사업소,시민용,강동역,2025-07-31,2025,7,2025-07,정기분,수납 완료,2369.0,1184.5,7925030.0
024666597,강동역,강동영업사업소,시민용,강동역,2025-09-30,2025,9,2025-09,정기분,수납 완료,3931.0,1965.5,13345170.0
024666597,강동역,강동영업사업소,시민용,강동역,2025-11-30,2025,11,2025-11,정기분,수납 완료,3344.0,1672.0,11308280.0
024666597,강동역,강동영업사업소,시민용,강동역,2026-01-31,2026,1,2026-01,정기분,수납 완료,2040.0,1020.0,6783400.0
024666597,강동역,강동영업사업소,시민용,강동역,2026-03-31,2026,3,2026-03,정기분,수납 완료,1865.0,932.5,6482300.0
024666597,강동역,강동영업사업소,시민용,강동역,2026-05-31,2026,5,2026-05,정기분,미납,2033.0,1016.5,7136520.0
041559288,강일역,강동영업사업소,시민용,강일역,2020-12-31,2020,12,2020-12,정기분,수납 완료,3.0,1.5,126140.0
041559288,강일역,강동영업사업소,시민용,강일역,2021-02-28,2021,2,2021-02,정기분,수납 완료,174.0,87.0,466960.0
041559288,강일역,강동영업사업소,시민용,강일역,2021-04-30,2021,4,2021-04,정기분,수납 완료,218.0,109.0,9540.0
041559288,강일역,강동영업사업소,시민용,강일역,2021-06-30,2021,6,2021-06,정기분,수납 완료,590.0,295.0,1703200.0
041559288,강일역,강동영업사업소,시민용,강일역,2021-08-31,2021,8,2021-08,정기분,수납 완료,695.0,347.5,1644700.0
041559288,강일역,강동영업사업소,시민용,강일역,2021-10-31,2021,10,2021-10,정기분,수납 완료,832.0,416.0,2000440.0
041559288,강일역,강동영업사업소,시민용,강일역,2021-12-31,2021,12,2021-12,정기분,수납 완료,682.0,341.0,1626190.0
041559288,강일역,강동영업사업소,시민용,강일역,2022-02-28,2022,2,2022-02,정기분,수납 완료,667.0,333.5,2026110.0
041559288,강일역,강동영업사업소,시민용,강일역,2022-04-30,2022,4,2022-04,정기분,수납 완료,606.0,303.0,1081900.0
041559288,강일역,강동영업사업소,시민용,강일역,2022-06-30,2022,6,2022-06,정기분,수납 완료,746.0,373.0,1844070.0
041559288,강일역,강동영업사업소,시민용,강일역,2022-08-31,2022,8,2022-08,정기분,수납 완료,956.0,478.0,3022040.0
041559288,강일역,강동영업사업소,시민용,강일역,2022-10-31,2022,10,2022-10,정기분,수납 완료,931.0,465.5,2941040.0
041559288,강일역,강동영업사업소,시민용,강일역,2022-12-31,2022,12,2022-12,정기분,수납 완료,772.0,386.0,2425880.0
041559288,강일역,강동영업사업소,시민용,강일역,2023-02-28,2023,2,2023-02,정기분,수납 완료,683.0,341.5,2175130.0
041559288,강일역,강동영업사업소,시민용,강일역,2023-04-30,2023,4,2023-04,정기분,수납 완료,772.0,386.0,2518520.0
041559288,강일역,강동영업사업소,시민용,강일역,2023-06-30,2023,6,2023-06,정기분,수납 완료,772.0,386.0,2518520.0
041559288,강일역,강동영업사업소,시민용,강일역,2023-08-31,2023,8,2023-08,정기분,수납 완료,856.0,428.0,2800760.0
041559288,강일역,강동영업사업소,시민용,강일역,2023-10-31,2023,10,2023-10,정기분,수납 완료,1080.0,540.0,3553400.0
041559288,강일역,강동영업사업소,시민용,강일역,2023-12-31,2023,12,2023-12,정기분,수납 완료,3051.0,1525.5,10291570.0
041559288,강일역,강동영업사업소,시민용,강일역,2024-02-29,2024,2,2024-02,정기분,수납 완료,1678.0,839.0,5562680.0
041559288,강일역,강동영업사업소,시민용,강일역,2024-04-30,2024,4,2024-04,정기분,수납 완료,1678.0,839.0,5562680.0
041559288,강일역,강동영업사업소,시민용,강일역,2024-06-30,2024,6,2024-06,정기분,수납 완료,1678.0,839.0,5562680.0
041559288,강일역,강동영업사업소,시민용,강일역,2024-08-31,2024,8,2024-08,정기분,수납 완료,1678.0,839.0,5562680.0
041559288,강일역,강동영업사업소,시민용,강일역,2024-10-31,2024,10,2024-10,정기분,수납 완료,1678.0,839.0,5562680.0
041559288,강일역,강동영업사업소,시민용,강일역,2024-12-31,2024,12,2024-12,정기분,수납 완료,749.0,374.5,2441240.0
041559288,강일역,강동영업사업소,시민용,강일역,2025-02-28,2025,2,2025-02,정기분,수납 완료,685.0,342.5,2226200.0
041559288,강일역,강동영업사업소,시민용,강일역,2025-04-30,2025,4,2025-04,정기분,수납 완료,673.0,336.5,2185880.0
041559288,강일역,강동영업사업소,시민용,강일역,2025-06-30,2025,6,2025-06,정기분,수납 완료,715.0,357.5,2327000.0
041559288,강일역,강동영업사업소,시민용,강일역,2025-08-31,2025,8,2025-08,정기분,수납 완료,854.0,427.0,2794040.0
041559288,강일역,강동영업사업소,시민용,강일역,2025-10-31,2025,10,2025-10,정기분,수납 완료,1084.0,542.0,3566840.0
041559288,강일역,강동영업사업소,시민용,강일역,2025-12-31,2025,12,2025-12,정기분,수납 완료,707.0,353.5,2300120.0
041559288,강일역,강동영업사업소,시민용,강일역,2026-02-28,2026,2,2026-02,정기분,수납 완료,637.0,318.5,2119730.0
041559288,강일역,강동영업사업소,시민용,강일역,2026-04-30,2026,4,2026-04,정기분,수납 완료,643.0,321.5,2212620.0
006743375,건대입구역(7호선),종합운동장영업사업소,시민용,건대입구역,2008-06-30,2008,6,2008-06,정기분,수납 완료,1328.0,664.0,912940.0
006743375,건대입구역(7호선),종합운동장영업사업소,시민용,건대입구역,2008-07-31,2008,7,2008-07,정기분,수납 완료,664.0,332.0,850220.0
006743375,건대입구역(7호선),종합운동장영업사업소,시민용,건대입구역,2008-08-31,2008,8,2008-08,정기분,수납 완료,1173.0,586.5,651820.0
006743375,건대입구역(7호선),종합운동장영업사업소,시민용,건대입구역,2008-09-30,2008,9,2008-09,정기분,수납 완료,587.0,293.5,751660.0
006743375,건대입구역(7호선),종합운동장영업사업소,시민용,건대입구역,2008-10-31,2008,10,2008-10,정기분,수납 완료,1128.0,564.0,692780.0
006743375,건대입구역(7호선),종합운동장영업사업소,시민용,건대입구역,2008-11-30,2008,11,2008-11,정기분,수납 완료,564.0,282.0,722220.0
006743375,건대입구역(7호선),종합운동장영업사업소,시민용,건대입구역,2008-12-31,2008,12,2008-12,정기분,수납 완료,1160.0,580.0,763180.0
006743375,건대입구역(7호선),종합운동장영업사업소,시민용,건대입구역,2009-01-31,2009,1,2009-01,정기분,수납 완료,580.0,290.0,742700.0
006743375,건대입구역(7호선),종합운동장영업사업소,시민용,건대입구역,2009-02-28,2009,2,2009-02,정기분,수납 완료,1160.0,580.0,742700.0
006743375,건대입구역(7호선),종합운동장영업사업소,시민용,건대입구역,2009-03-31,2009,3,2009-03,정기분,수납 완료,580.0,290.0,742700.0
006743375,건대입구역(7호선),종합운동장영업사업소,시민용,건대입구역,2009-04-30,2009,4,2009-04,정기분,수납 완료,828.0,414.0,317740.0
006743375,건대입구역(7호선),종합운동장영업사업소,시민용,건대입구역,2009-05-31,2009,5,2009-05,정기분,수납 완료,414.0,207.0,530220.0
006743375,건대입구역(7호선),종합운동장영업사업소,시민용,건대입구역,2009-06-30,2009,6,2009-06,정기분,수납 완료,1175.0,587.5,982030.0
006743375,건대입구역(7호선),종합운동장영업사업소,시민용,건대입구역,2009-07-31,2009,7,2009-07,정기분,수납 완료,588.0,294.0,752940.0
006743375,건대입구역(7호선),종합운동장영업사업소,시민용,건대입구역,2009-08-31,2009,8,2009-08,정기분,수납 완료,1476.0,738.0,1179780.0
006743375,건대입구역(7호선),종합운동장영업사업소,시민용,건대입구역,2009-09-30,2009,9,2009-09,정기분,수납 완료,738.0,369.0,966360.0
006743375,건대입구역(7호선),종합운동장영업사업소,시민용,건대입구역,2009-10-31,2009,10,2009-10,정기분,수납 완료,1555.0,777.5,1067480.0
006743375,건대입구역(7호선),종합운동장영업사업소,시민용,건대입구역,2009-11-30,2009,11,2009-11,정기분,수납 완료,778.0,389.0,1017560.0
006743375,건대입구역(7호선),종합운동장영업사업소,시민용,건대입구역,2009-12-31,2009,12,2009-12,정기분,수납 완료,1555.0,777.5,1016280.0
006743375,건대입구역(7호선),종합운동장영업사업소,시민용,건대입구역,2010-01-31,2010,1,2010-01,정기분,수납 완료,778.0,389.0,1017560.0
006743375,건대입구역(7호선),종합운동장영업사업소,시민용,건대입구역,2010-02-28,2010,2,2010-02,정기분,수납 완료,1555.0,777.5,1016280.0
006743375,건대입구역(7호선),종합운동장영업사업소,시민용,건대입구역,2010-03-31,2010,3,2010-03,정기분,수납 완료,778.0,389.0,1017560.0
006743375,건대입구역(7호선),종합운동장영업사업소,시민용,건대입구역,2010-04-30,2010,4,2010-04,정기분,수납 완료,283.0,141.5,21420.0
006743375,건대입구역(7호선),종합운동장영업사업소,시민용,건대입구역,2010-05-31,2010,5,2010-05,정기분,수납 완료,142.0,71.0,21420.0
006743375,건대입구역(7호선),종합운동장영업사업소,시민용,건대입구역,2010-06-30,2010,6,2010-06,정기분,수납 완료,1074.0,537.0,763440.0
006743375,건대입구역(7호선),종합운동장영업사업소,시민용,건대입구역,2010-07-31,2010,7,2010-07,정기분,수납 완료,537.0,268.5,687660.0
006743375,건대입구역(7호선),종합운동장영업사업소,시민용,건대입구역,2010-08-31,2010,8,2010-08,정기분,수납 완료,1098.0,549.0,718380.0
006743375,건대입구역(7호선),종합운동장영업사업소,시민용,건대입구역,2010-09-30,2010,9,2010-09,정기분,수납 완료,549.0,274.5,703020.0
006743375,건대입구역(7호선),종합운동장영업사업소,시민용,건대입구역,2010-10-31,2010,10,2010-10,정기분,수납 완료,1038.0,519.0,626220.0
006743375,건대입구역(7호선),종합운동장영업사업소,시민용,건대입구역,2010-11-30,2010,11,2010-11,정기분,수납 완료,519.0,259.5,664620.0
006743375,건대입구역(7호선),종합운동장영업사업소,시민용,건대입구역,2010-12-31,2010,12,2010-12,정기분,수납 완료,995.0,497.5,609580.0
006743375,건대입구역(7호선),종합운동장영업사업소,시민용,건대입구역,2011-01-31,2011,1,2011-01,정기분,수납 완료,498.0,249.0,637740.0
006743375,건대입구역(7호선),종합운동장영업사업소,시민용,건대입구역,2011-02-28,2011,2,2011-02,정기분,수납 완료,995.0,497.5,639870.0
006743375,건대입구역(7호선),종합운동장영업사업소,시민용,건대입구역,2011-03-31,2011,3,2011-03,정기분,수납 완료,498.0,249.0,642720.0
006743375,건대입구역(7호선),종합운동장영업사업소,시민용,건대입구역,2011-04-30,2011,4,2011-04,정기분,수납 완료,1111.0,555.5,790580.0
006743375,건대입구역(7호선),종합운동장영업사업소,시민용,건대입구역,2011-05-31,2011,5,2011-05,정기분,수납 완료,556.0,278.0,717540.0
006743375,건대입구역(7호선),종합운동장영업사업소,시민용,건대입구역,2011-06-30,2011,6,2011-06,정기분,수납 완료,1111.0,555.5,716250.0
006743375,건대입구역(7호선),종합운동장영업사업소,시민용,건대입구역,2011-07-31,2011,7,2011-07,정기분,수납 완료,556.0,278.0,717540.0
006743375,건대입구역(7호선),종합운동장영업사업소,시민용,건대입구역,2011-08-31,2011,8,2011-08,정기분,수납 완료,1111.0,555.5,716250.0
006743375,건대입구역(7호선),종합운동장영업사업소,시민용,건대입구역,2011-09-30,2011,9,2011-09,정기분,수납 완료,556.0,278.0,758850.0
006743375,건대입구역(7호선),종합운동장영업사업소,시민용,건대입구역,2011-10-31,2011,10,2011-10,정기분,수납 완료,1494.0,747.0,1251630.0
006743375,건대입구역(7호선),종합운동장영업사업소,시민용,건대입구역,2011-11-30,2011,11,2011-11,정기분,수납 완료,747.0,373.5,963930.0
006743375,건대입구역(7호선),종합운동장영업사업소,시민용,건대입구역,2011-12-31,2011,12,2011-12,정기분,수납 완료,1203.0,601.5,588540.0
006743375,건대입구역(7호선),종합운동장영업사업소,시민용,건대입구역,2012-01-31,2012,1,2012-01,정기분,수납 완료,602.0,301.0,776880.0
006743375,건대입구역(7호선),종합운동장영업사업소,시민용,건대입구역,2012-02-29,2012,2,2012-02,정기분,수납 완료,1192.0,596.0,761400.0
006743375,건대입구역(7호선),종합운동장영업사업소,시민용,건대입구역,2012-03-31,2012,3,2012-03,정기분,수납 완료,596.0,298.0,958240.0
006743375,건대입구역(7호선),종합운동장영업사업소,시민용,건대입구역,2012-04-30,2012,4,2012-04,정기분,수납 완료,1265.0,632.5,1077960.0
006743375,건대입구역(7호선),종합운동장영업사업소,시민용,건대입구역,2012-05-31,2012,5,2012-05,정기분,수납 완료,633.0,316.5,1018920.0
006743375,건대입구역(7호선),종합운동장영업사업소,시민용,건대입구역,2012-06-30,2012,6,2012-06,정기분,수납 완료,1303.0,651.5,1079600.0
006743375,건대입구역(7호선),종합운동장영업사업소,시민용,건대입구역,2012-07-31,2012,7,2012-07,정기분,수납 완료,652.0,326.0,1050080.0
006743375,건대입구역(7호선),종합운동장영업사업소,시민용,건대입구역,2012-08-31,2012,8,2012-08,정기분,수납 완료,1394.0,697.0,1197680.0
006743375,건대입구역(7호선),종합운동장영업사업소,시민용,건대입구역,2012-09-30,2012,9,2012-09,정기분,수납 완료,697.0,348.5,1138840.0
006743375,건대입구역(7호선),종합운동장영업사업소,시민용,건대입구역,2012-10-31,2012,10,2012-10,정기분,수납 완료,1567.0,783.5,1422560.0
006743375,건대입구역(7호선),종합운동장영업사업소,시민용,건대입구역,2012-11-30,2012,11,2012-11,정기분,수납 완료,784.0,392.0,1290980.0
006743375,건대입구역(7호선),종합운동장영업사업소,시민용,건대입구역,2012-12-31,2012,12,2012-12,정기분,수납 완료,1229.0,614.5,735020.0
006743375,건대입구역(7호선),종합운동장영업사업소,시민용,건대입구역,2013-01-31,2013,1,2013-01,정기분,수납 완료,615.0,307.5,1013820.0
006743375,건대입구역(7호선),종합운동장영업사업소,시민용,건대입구역,2013-02-28,2013,2,2013-02,정기분,수납 완료,1229.0,614.5,987760.0
006743375,건대입구역(7호선),종합운동장영업사업소,시민용,건대입구역,2013-03-31,2013,3,2013-03,정기분,수납 완료,615.0,307.5,1099400.0
006743375,건대입구역(7호선),종합운동장영업사업소,시민용,건대입구역,2013-04-30,2013,4,2013-04,정기분,수납 완료,1213.0,606.5,1065720.0
006743375,건대입구역(7호선),종합운동장영업사업소,시민용,건대입구역,2013-05-31,2013,5,2013-05,정기분,수납 완료,607.0,303.5,1084680.0
006743375,건대입구역(7호선),종합운동장영업사업소,시민용,건대입구역,2013-06-30,2013,6,2013-06,정기분,수납 완료,1222.0,611.0,1108660.0
006743375,건대입구역(7호선),종합운동장영업사업소,시민용,건대입구역,2013-07-31,2013,7,2013-07,정기분,수납 완료,611.0,305.5,1092040.0
006743375,건대입구역(7호선),종합운동장영업사업소,시민용,건대입구역,2013-08-31,2013,8,2013-08,정기분,수납 완료,1355.0,677.5,1336760.0
006743375,건대입구역(7호선),종합운동장영업사업소,시민용,건대입구역,2013-09-30,2013,9,2013-09,정기분,수납 완료,678.0,339.0,1215320.0
006743375,건대입구역(7호선),종합운동장영업사업소,시민용,건대입구역,2013-10-31,2013,10,2013-10,정기분,수납 완료,783.0,391.5,161000.0
006743375,건대입구역(7호선),종합운동장영업사업소,시민용,건대입구역,2013-11-30,2013,11,2013-11,정기분,수납 완료,391.0,195.5,687240.0
006743375,건대입구역(7호선),종합운동장영업사업소,시민용,건대입구역,2013-12-31,2013,12,2013-12,정기분,수납 완료,748.0,374.0,624680.0
006743375,건대입구역(7호선),종합운동장영업사업소,시민용,건대입구역,2014-01-31,2014,1,2014-01,정기분,수납 완료,374.0,187.0,655960.0
006743375,건대입구역(7호선),종합운동장영업사업소,시민용,건대입구역,2014-02-28,2014,2,2014-02,정기분,수납 완료,1170.0,585.0,1432440.0
006743375,건대입구역(7호선),종합운동장영업사업소,시민용,건대입구역,2014-03-31,2014,3,2014-03,정기분,수납 완료,585.0,292.5,1131800.0
006743375,건대입구역(7호선),종합운동장영업사업소,시민용,건대입구역,2014-04-30,2014,4,2014-04,정기분,수납 완료,1203.0,601.5,1197800.0
006743375,건대입구역(7호선),종합운동장영업사업소,시민용,건대입구역,2014-05-31,2014,5,2014-05,정기분,수납 완료,602.0,301.0,1165800.0
006743375,건대입구역(7호선),종합운동장영업사업소,시민용,건대입구역,2014-06-30,2014,6,2014-06,정기분,수납 완료,1291.0,645.5,1339800.0
006743375,건대입구역(7호선),종합운동장영업사업소,시민용,건대입구역,2014-07-31,2014,7,2014-07,정기분,수납 완료,646.0,323.0,1253800.0
006743375,건대입구역(7호선),종합운동장영업사업소,시민용,건대입구역,2014-08-31,2014,8,2014-08,정기분,수납 완료,1464.0,732.0,1597800.0
006743375,건대입구역(7호선),종합운동장영업사업소,시민용,건대입구역,2014-09-30,2014,9,2014-09,정기분,수납 완료,732.0,366.0,1425800.0
006743375,건대입구역(7호선),종합운동장영업사업소,시민용,건대입구역,2014-10-31,2014,10,2014-10,정기분,수납 완료,1699.0,849.5,1895800.0
006743375,건대입구역(7호선),종합운동장영업사업소,시민용,건대입구역,2014-11-30,2014,11,2014-11,정기분,수납 완료,850.0,425.0,1661800.0
006743375,건대입구역(7호선),종합운동장영업사업소,시민용,건대입구역,2014-12-31,2014,12,2014-12,정기분,수납 완료,1638.0,819.0,1537800.0
006743375,건대입구역(7호선),종합운동장영업사업소,시민용,건대입구역,2015-01-31,2015,1,2015-01,정기분,수납 완료,819.0,409.5,1599800.0
006743375,건대입구역(7호선),종합운동장영업사업소,시민용,건대입구역,2015-02-28,2015,2,2015-02,정기분,수납 완료,1454.0,727.0,1231800.0
006743375,건대입구역(7호선),종합운동장영업사업소,시민용,건대입구역,2015-03-31,2015,3,2015-03,정기분,수납 완료,727.0,363.5,1415800.0
006743375,건대입구역(7호선),종합운동장영업사업소,시민용,건대입구역,2015-04-30,2015,4,2015-04,정기분,수납 완료,1443.0,721.5,1393800.0
006743375,건대입구역(7호선),종합운동장영업사업소,시민용,건대입구역,2015-05-31,2015,5,2015-05,정기분,수납 완료,722.0,361.0,1405800.0
006743375,건대입구역(7호선),종합운동장영업사업소,시민용,건대입구역,2015-06-30,2015,6,2015-06,정기분,수납 완료,1940.0,970.0,2397800.0
006743375,건대입구역(7호선),종합운동장영업사업소,시민용,건대입구역,2015-07-31,2015,7,2015-07,정기분,수납 완료,970.0,485.0,1901800.0
006743375,건대입구역(7호선),종합운동장영업사업소,시민용,건대입구역,2015-08-31,2015,8,2015-08,정기분,수납 완료,2297.0,1148.5,2615800.0
006743375,건대입구역(7호선),종합운동장영업사업소,시민용,건대입구역,2015-09-30,2015,9,2015-09,정기분,수납 완료,1149.0,574.5,2259800.0
006743375,건대입구역(7호선),종합운동장영업사업소,시민용,건대입구역,2015-10-31,2015,10,2015-10,정기분,수납 완료,2561.0,1280.5,2785800.0
006743375,건대입구역(7호선),종합운동장영업사업소,시민용,건대입구역,2015-11-30,2015,11,2015-11,정기분,수납 완료,1281.0,640.5,2523800.0
006743375,건대입구역(7호선),종합운동장영업사업소,시민용,건대입구역,2015-12-31,2015,12,2015-12,정기분,수납 완료,1820.0,910.0,1039800.0
006743375,건대입구역(7호선),종합운동장영업사업소,시민용,건대입구역,2016-01-31,2016,1,2016-01,정기분,수납 완료,910.0,455.0,1781800.0
006743375,건대입구역(7호선),종합운동장영업사업소,시민용,건대입구역,2016-02-29,2016,2,2016-02,정기분,수납 완료,1488.0,744.0,1117800.0
006743375,건대입구역(7호선),종합운동장영업사업소,시민용,건대입구역,2016-03-31,2016,3,2016-03,정기분,수납 완료,744.0,372.0,1449800.0
006743375,건대입구역(7호선),종합운동장영업사업소,시민용,건대입구역,2016-04-30,2016,4,2016-04,정기분,수납 완료,1249.0,624.5,971800.0
006743375,건대입구역(7호선),종합운동장영업사업소,시민용,건대입구역,2016-05-31,2016,5,2016-05,정기분,수납 완료,625.0,312.5,1211800.0
006743375,건대입구역(7호선),종합운동장영업사업소,시민용,건대입구역,2016-06-30,2016,6,2016-06,정기분,수납 완료,1671.0,835.5,2053800.0
006743375,건대입구역(7호선),종합운동장영업사업소,시민용,건대입구역,2016-07-31,2016,7,2016-07,정기분,수납 완료,836.0,418.0,1633800.0
006743375,건대입구역(7호선),종합운동장영업사업소,시민용,건대입구역,2016-08-31,2016,8,2016-08,정기분,수납 완료,2297.0,1148.5,2883800.0
006743375,건대입구역(7호선),종합운동장영업사업소,시민용,건대입구역,2016-09-30,2016,9,2016-09,정기분,수납 완료,1149.0,574.5,2259800.0
006743375,건대입구역(7호선),종합운동장영업사업소,시민용,건대입구역,2016-10-31,2016,10,2016-10,정기분,수납 완료,2543.0,1271.5,2749800.0
006743375,건대입구역(7호선),종합운동장영업사업소,시민용,건대입구역,2016-11-30,2016,11,2016-11,정기분,수납 완료,1272.0,636.0,2505800.0
006743375,건대입구역(7호선),종합운동장영업사업소,시민용,건대입구역,2016-12-31,2016,12,2016-12,정기분,수납 완료,1647.0,823.5,711800.0
006743375,건대입구역(7호선),종합운동장영업사업소,시민용,건대입구역,2017-01-31,2017,1,2017-01,정기분,수납 완료,824.0,412.0,1609800.0
006743375,건대입구역(7호선),종합운동장영업사업소,시민용,건대입구역,2017-02-28,2017,2,2017-02,정기분,수납 완료,1287.0,643.5,927090.0
006743375,건대입구역(7호선),종합운동장영업사업소,시민용,건대입구역,2017-03-31,2017,3,2017-03,정기분,수납 완료,644.0,322.0,1309700.0
006743375,건대입구역(7호선),종합운동장영업사업소,시민용,건대입구역,2017-04-30,2017,4,2017-04,정기분,수납 완료,1296.0,648.0,1329150.0
006743375,건대입구역(7호선),종합운동장영업사업소,시민용,건대입구역,2017-05-31,2017,5,2017-05,정기분,수납 완료,648.0,324.0,1318100.0
006743375,건대입구역(7호선),종합운동장영업사업소,시민용,건대입구역,2017-06-30,2017,6,2017-06,정기분,수납 완료,1543.0,771.5,1836800.0
006743375,건대입구역(7호선),종합운동장영업사업소,시민용,건대입구역,2017-07-31,2017,7,2017-07,정기분,수납 완료,772.0,386.0,1578500.0
006743375,건대입구역(7호선),종합운동장영업사업소,시민용,건대입구역,2017-08-31,2017,8,2017-08,정기분,수납 완료,1764.0,882.0,2040500.0
006743375,건대입구역(7호선),종합운동장영업사업소,시민용,건대입구역,2017-09-30,2017,9,2017-09,정기분,수납 완료,882.0,441.0,1809500.0
006743375,건대입구역(7호선),종합운동장영업사업소,시민용,건대입구역,2017-10-31,2017,10,2017-10,정기분,수납 완료,2123.0,1061.5,2563400.0
006743375,건대입구역(7호선),종합운동장영업사업소,시민용,건대입구역,2017-11-30,2017,11,2017-11,정기분,수납 완료,1062.0,531.0,2187500.0
006743375,건대입구역(7호선),종합운동장영업사업소,시민용,건대입구역,2017-12-31,2017,12,2017-12,정기분,수납 완료,1399.0,699.5,665000.0
006743375,건대입구역(7호선),종합운동장영업사업소,시민용,건대입구역,2018-01-31,2018,1,2018-01,정기분,수납 완료,700.0,350.0,1427300.0
006743375,건대입구역(7호선),종합운동장영업사업소,시민용,건대입구역,2018-02-28,2018,2,2018-02,정기분,수납 완료,1404.0,702.0,1479220.0
006743375,건대입구역(7호선),종합운동장영업사업소,시민용,건대입구역,2018-03-31,2018,3,2018-03,정기분,수납 완료,702.0,351.0,1501220.0
006743375,건대입구역(7호선),종합운동장영업사업소,시민용,건대입구역,2018-04-30,2018,4,2018-04,정기분,수납 완료,1252.0,626.0,1165300.0
006743375,건대입구역(7호선),종합운동장영업사업소,시민용,건대입구역,2018-05-31,2018,5,2018-05,정기분,수납 완료,626.0,313.0,1333260.0
006743375,건대입구역(7호선),종합운동장영업사업소,시민용,건대입구역,2018-06-30,2018,6,2018-06,정기분,수납 완료,1415.0,707.5,1693490.0
006743375,건대입구역(7호선),종합운동장영업사업소,시민용,건대입구역,2018-07-31,2018,7,2018-07,정기분,수납 완료,708.0,354.0,1514480.0
006743375,건대입구역(7호선),종합운동장영업사업소,시민용,건대입구역,2018-08-31,2018,8,2018-08,정기분,수납 완료,1729.0,864.5,2230750.0
006743375,건대입구역(7호선),종합운동장영업사업소,시민용,건대입구역,2018-09-30,2018,9,2018-09,정기분,수납 완료,865.0,432.5,1885930.0
006743375,건대입구역(7호선),종합운동장영업사업소,시민용,건대입구역,2018-10-31,2018,10,2018-10,정기분,수납 완료,2195.0,1097.5,2913580.0
006743375,건대입구역(7호선),종합운동장영업사업소,시민용,건대입구역,2018-11-30,2018,11,2018-11,정기분,수납 완료,1098.0,549.0,2400860.0
006743375,건대입구역(7호선),종합운동장영업사업소,시민용,건대입구역,2018-12-31,2018,12,2018-12,정기분,수납 완료,1326.0,663.0,478160.0
006743375,건대입구역(7호선),종합운동장영업사업소,시민용,건대입구역,2019-01-31,2019,1,2019-01,정기분,수납 완료,663.0,331.5,1439510.0
006743375,건대입구역(7호선),종합운동장영업사업소,시민용,건대입구역,2019-02-28,2019,2,2019-02,정기분,수납 완료,1099.0,549.5,976730.0
006743375,건대입구역(7호선),종합운동장영업사업소,시민용,건대입구역,2019-03-31,2019,3,2019-03,정기분,수납 완료,550.0,275.0,1253000.0
006743375,건대입구역(7호선),종합운동장영업사업소,시민용,건대입구역,2019-04-30,2019,4,2019-04,정기분,수납 완료,1162.0,581.0,1397460.0
006743375,건대입구역(7호선),종합운동장영업사업소,시민용,건대입구역,2019-05-31,2019,5,2019-05,정기분,수납 완료,581.0,290.5,1325230.0
006743375,건대입구역(7호선),종합운동장영업사업소,시민용,건대입구역,2019-06-30,2019,6,2019-06,정기분,수납 완료,1356.0,678.0,1777250.0
006743375,건대입구역(7호선),종합운동장영업사업소,시민용,건대입구역,2019-07-31,2019,7,2019-07,정기분,수납 완료,678.0,339.0,1551240.0
006743375,건대입구역(7호선),종합운동장영업사업소,시민용,건대입구역,2019-08-31,2019,8,2019-08,정기분,수납 완료,1683.0,841.5,2313150.0
006743375,건대입구역(7호선),종합운동장영업사업소,시민용,건대입구역,2019-09-30,2019,9,2019-09,정기분,수납 완료,842.0,421.0,1933360.0
006743375,건대입구역(7호선),종합운동장영업사업소,시민용,건대입구역,2019-10-31,2019,10,2019-10,정기분,수납 완료,1986.0,993.0,2637020.0
006743375,건대입구역(7호선),종합운동장영업사업소,시민용,건대입구역,2019-11-30,2019,11,2019-11,정기분,수납 완료,993.0,496.5,2285190.0
006743375,건대입구역(7호선),종합운동장영업사업소,시민용,건대입구역,2019-12-31,2019,12,2019-12,정기분,수납 완료,1352.0,676.0,807970.0
006743375,건대입구역(7호선),종합운동장영업사업소,시민용,건대입구역,2020-01-31,2020,1,2020-01,정기분,수납 완료,676.0,338.0,1546580.0
006743375,건대입구역(7호선),종합운동장영업사업소,시민용,건대입구역,2020-02-29,2020,2,2020-02,정기분,수납 완료,1084.0,542.0,922140.0
006743375,건대입구역(7호선),종합운동장영업사업소,시민용,건대입구역,2020-03-31,2020,3,2020-03,정기분,수납 완료,542.0,271.0,1234360.0
006743375,건대입구역(7호선),종합운동장영업사업소,시민용,건대입구역,2020-04-30,2020,4,2020-04,정기분,수납 완료,881.0,440.5,761370.0
006743375,건대입구역(7호선),종합운동장영업사업소,시민용,건대입구역,2020-05-31,2020,5,2020-05,정기분,수납 완료,441.0,220.5,999030.0
006743375,건대입구역(7호선),종합운동장영업사업소,시민용,건대입구역,2020-06-30,2020,6,2020-06,정기분,수납 완료,849.0,424.5,922140.0
006743375,건대입구역(7호선),종합운동장영업사업소,시민용,건대입구역,2020-07-31,2020,7,2020-07,정기분,수납 완료,425.0,212.5,961750.0
006743375,건대입구역(7호선),종합운동장영업사업소,시민용,건대입구역,2020-08-31,2020,8,2020-08,정기분,수납 완료,1389.0,694.5,2217620.0
006743375,건대입구역(7호선),종합운동장영업사업소,시민용,건대입구역,2020-09-30,2020,9,2020-09,정기분,수납 완료,695.0,347.5,1590850.0
006743375,건대입구역(7호선),종합운동장영업사업소,시민용,건대입구역,2020-10-31,2020,10,2020-10,정기분,수납 완료,1684.0,842.0,2275870.0
006743375,건대입구역(7호선),종합운동장영업사업소,시민용,건대입구역,2020-11-30,2020,11,2020-11,정기분,수납 완료,842.0,421.0,1933360.0
006743375,건대입구역(7호선),종합운동장영업사업소,시민용,건대입구역,2020-12-31,2020,12,2020-12,정기분,수납 완료,1127.0,563.5,635550.0
006743375,건대입구역(7호선),종합운동장영업사업소,시민용,건대입구역,2021-01-31,2021,1,2021-01,정기분,수납 완료,564.0,282.0,1285620.0
006743375,건대입구역(7호선),종합운동장영업사업소,시민용,건대입구역,2021-02-28,2021,2,2021-02,정기분,수납 완료,792.0,396.0,502740.0
006743375,건대입구역(7호선),종합운동장영업사업소,시민용,건대입구역,2021-03-31,2021,3,2021-03,정기분,수납 완료,396.0,198.0,894180.0
006743375,건대입구역(7호선),종합운동장영업사업소,시민용,건대입구역,2021-04-30,2021,4,2021-04,정기분,수납 완료,792.0,396.0,894180.0
006743375,건대입구역(7호선),종합운동장영업사업소,시민용,건대입구역,2021-05-31,2021,5,2021-05,정기분,수납 완료,396.0,198.0,894180.0
006743375,건대입구역(7호선),종합운동장영업사업소,시민용,건대입구역,2021-06-30,2021,6,2021-06,정기분,수납 완료,1224.0,612.0,1900740.0
006743375,건대입구역(7호선),종합운동장영업사업소,시민용,건대입구역,2021-07-31,2021,7,2021-07,정기분,수납 완료,612.0,306.0,1397460.0
006743375,건대입구역(7호선),종합운동장영업사업소,시민용,건대입구역,2021-08-31,2021,8,2021-08,정기분,수납 완료,1224.0,612.0,1481670.0
006743375,건대입구역(7호선),종합운동장영업사업소,시민용,건대입구역,2021-09-30,2021,9,2021-09,정기분,수납 완료,612.0,306.0,1527980.0
006743375,건대입구역(7호선),종합운동장영업사업소,시민용,건대입구역,2021-10-31,2021,10,2021-10,정기분,수납 완료,1008.0,504.0,979340.0
006743375,건대입구역(7호선),종합운동장영업사업소,시민용,건대입구역,2021-11-30,2021,11,2021-11,정기분,수납 완료,504.0,252.0,1253660.0
006743375,건대입구역(7호선),종합운동장영업사업소,시민용,건대입구역,2021-12-31,2021,12,2021-12,정기분,수납 완료,1753.0,876.5,3132260.0
006743375,건대입구역(7호선),종합운동장영업사업소,시민용,건대입구역,2022-01-31,2022,1,2022-01,정기분,수납 완료,877.0,438.5,2201080.0
006743375,건대입구역(7호선),종합운동장영업사업소,시민용,건대입구역,2022-02-28,2022,2,2022-02,정기분,수납 완료,1302.0,651.0,1122690.0
006743375,건대입구역(7호선),종합운동장영업사업소,시민용,건대입구역,2022-03-31,2022,3,2022-03,정기분,수납 완료,651.0,325.5,1734650.0
006743375,건대입구역(7호선),종합운동장영업사업소,시민용,건대입구역,2022-04-30,2022,4,2022-04,정기분,수납 완료,219.0,109.5,27200.0
006743375,건대입구역(7호선),종합운동장영업사업소,시민용,건대입구역,2022-05-31,2022,5,2022-05,정기분,수납 완료,110.0,55.0,27200.0
006743375,건대입구역(7호선),종합운동장영업사업소,시민용,건대입구역,2022-06-30,2022,6,2022-06,정기분,수납 완료,1156.0,578.0,1931730.0
006743375,건대입구역(7호선),종합운동장영업사업소,시민용,건대입구역,2022-07-31,2022,7,2022-07,정기분,수납 완료,578.0,289.0,1541200.0
006743375,건대입구역(7호선),종합운동장영업사업소,시민용,건대입구역,2022-08-31,2022,8,2022-08,정기분,수납 완료,1224.0,612.0,1721400.0
006743375,건대입구역(7호선),종합운동장영업사업소,시민용,건대입구역,2022-09-30,2022,9,2022-09,정기분,수납 완료,612.0,306.0,1631300.0
006743375,건대입구역(7호선),종합운동장영업사업소,시민용,건대입구역,2022-10-31,2022,10,2022-10,정기분,수납 완료,2074.0,1037.0,3883800.0
006743375,건대입구역(7호선),종합운동장영업사업소,시민용,건대입구역,2022-11-30,2022,11,2022-11,정기분,수납 완료,1037.0,518.5,2757550.0
006743375,건대입구역(7호선),종합운동장영업사업소,시민용,건대입구역,2022-12-31,2022,12,2022-12,정기분,수납 완료,1235.0,617.5,534200.0
006743375,건대입구역(7호선),종합운동장영업사업소,시민용,건대입구역,2023-01-31,2023,1,2023-01,정기분,수납 완료,618.0,309.0,1647200.0
006743375,건대입구역(7호선),종합운동장영업사업소,시민용,건대입구역,2023-02-28,2023,2,2023-02,정기분,수납 완료,1365.0,682.5,2291060.0
006743375,건대입구역(7호선),종합운동장영업사업소,시민용,건대입구역,2023-03-31,2023,3,2023-03,정기분,수납 완료,683.0,341.5,2284380.0
006743375,건대입구역(7호선),종합운동장영업사업소,시민용,건대입구역,2023-04-30,2023,4,2023-04,정기분,수납 완료,1455.0,727.5,2583420.0
006743375,건대입구역(7호선),종합운동장영업사업소,시민용,건대입구역,2023-05-31,2023,5,2023-05,정기분,수납 완료,528.0,264.0,1763580.0
006743375,건대입구역(7호선),종합운동장영업사업소,시민용,건대입구역,2023-06-30,2023,6,2023-06,정기분,수납 완료,709.0,354.5,2371740.0
006743375,건대입구역(7호선),종합운동장영업사업소,시민용,건대입구역,2023-07-31,2023,7,2023-07,정기분,수납 완료,837.0,418.5,2801820.0
006743375,건대입구역(7호선),종합운동장영업사업소,시민용,건대입구역,2023-08-31,2023,8,2023-08,정기분,수납 완료,1151.0,575.5,3873470.0
006743375,건대입구역(7호선),종합운동장영업사업소,시민용,건대입구역,2023-09-30,2023,9,2023-09,정기분,수납 완료,1379.0,689.5,4664630.0
006743375,건대입구역(7호선),종합운동장영업사업소,시민용,건대입구역,2023-10-31,2023,10,2023-10,정기분,수납 완료,1452.0,726.0,4917940.0
006743375,건대입구역(7호선),종합운동장영업사업소,시민용,건대입구역,2023-11-30,2023,11,2023-11,정기분,수납 완료,930.0,465.0,3114300.0
006743375,건대입구역(7호선),종합운동장영업사업소,시민용,건대입구역,2023-12-31,2023,12,2023-12,정기분,수납 완료,792.0,396.0,2650620.0
006743375,건대입구역(7호선),종합운동장영업사업소,시민용,건대입구역,2024-01-31,2024,1,2024-01,정기분,수납 완료,690.0,345.0,2307900.0
006743375,건대입구역(7호선),종합운동장영업사업소,시민용,건대입구역,2024-02-29,2024,2,2024-02,정기분,수납 완료,829.0,414.5,2774940.0
006743375,건대입구역(7호선),종합운동장영업사업소,시민용,건대입구역,2024-03-31,2024,3,2024-03,정기분,수납 완료,584.0,292.0,1951740.0
006743375,건대입구역(7호선),종합운동장영업사업소,시민용,건대입구역,2024-04-30,2024,4,2024-04,정기분,수납 완료,610.0,305.0,2039100.0
006743375,건대입구역(7호선),종합운동장영업사업소,시민용,건대입구역,2024-05-31,2024,5,2024-05,정기분,수납 완료,685.0,342.5,2291100.0
006743375,건대입구역(7호선),종합운동장영업사업소,시민용,건대입구역,2024-06-30,2024,6,2024-06,정기분,수납 완료,775.0,387.5,2593500.0
006743375,건대입구역(7호선),종합운동장영업사업소,시민용,건대입구역,2024-07-31,2024,7,2024-07,정기분,수납 완료,844.0,422.0,2825340.0
006743375,건대입구역(7호선),종합운동장영업사업소,시민용,건대입구역,2024-08-31,2024,8,2024-08,정기분,수납 완료,1392.0,696.0,4708740.0
006743375,건대입구역(7호선),종합운동장영업사업소,시민용,건대입구역,2024-09-30,2024,9,2024-09,정기분,수납 완료,1553.0,776.5,5267410.0
006743375,건대입구역(7호선),종합운동장영업사업소,시민용,건대입구역,2024-10-31,2024,10,2024-10,정기분,수납 완료,1412.0,706.0,4778140.0
006743375,건대입구역(7호선),종합운동장영업사업소,시민용,건대입구역,2024-11-30,2024,11,2024-11,정기분,수납 완료,923.0,461.5,3089780.0
006743375,건대입구역(7호선),종합운동장영업사업소,시민용,건대입구역,2024-12-31,2024,12,2024-12,정기분,수납 완료,766.0,383.0,2562260.0
006743375,건대입구역(7호선),종합운동장영업사업소,시민용,건대입구역,2025-01-31,2025,1,2025-01,정기분,수납 완료,664.0,332.0,2219540.0
006743375,건대입구역(7호선),종합운동장영업사업소,시민용,건대입구역,2025-02-28,2025,2,2025-02,정기분,수납 완료,621.0,310.5,2075060.0
006743375,건대입구역(7호선),종합운동장영업사업소,시민용,건대입구역,2025-03-31,2025,3,2025-03,정기분,수납 완료,591.0,295.5,1974260.0
006743375,건대입구역(7호선),종합운동장영업사업소,시민용,건대입구역,2025-04-30,2025,4,2025-04,정기분,수납 완료,599.0,299.5,2001140.0
006743375,건대입구역(7호선),종합운동장영업사업소,시민용,건대입구역,2025-05-31,2025,5,2025-05,정기분,수납 완료,714.0,357.0,2387540.0
006743375,건대입구역(7호선),종합운동장영업사업소,시민용,건대입구역,2025-06-30,2025,6,2025-06,정기분,수납 완료,735.0,367.5,2458100.0
006743375,건대입구역(7호선),종합운동장영업사업소,시민용,건대입구역,2025-07-31,2025,7,2025-07,정기분,수납 완료,919.0,459.5,3076340.0
006743375,건대입구역(7호선),종합운동장영업사업소,시민용,건대입구역,2025-08-31,2025,8,2025-08,정기분,수납 완료,1363.0,681.5,4608110.0
006743375,건대입구역(7호선),종합운동장영업사업소,시민용,건대입구역,2025-09-30,2025,9,2025-09,정기분,수납 완료,1838.0,919.0,6256360.0
006743375,건대입구역(7호선),종합운동장영업사업소,시민용,건대입구역,2025-10-31,2025,10,2025-10,정기분,수납 완료,1533.0,766.5,5198010.0
006743375,건대입구역(7호선),종합운동장영업사업소,시민용,건대입구역,2025-11-30,2025,11,2025-11,정기분,수납 완료,893.0,446.5,2988980.0
006743375,건대입구역(7호선),종합운동장영업사업소,시민용,건대입구역,2025-12-31,2025,12,2025-12,정기분,수납 완료,777.0,388.5,2599220.0
006743375,건대입구역(7호선),종합운동장영업사업소,시민용,건대입구역,2026-01-31,2026,1,2026-01,정기분,수납 완료,706.0,353.0,2360660.0
006743375,건대입구역(7호선),종합운동장영업사업소,시민용,건대입구역,2026-02-28,2026,2,2026-02,정기분,수납 완료,702.0,351.0,2433060.0
006743375,건대입구역(7호선),종합운동장영업사업소,시민용,건대입구역,2026-03-31,2026,3,2026-03,정기분,수납 완료,695.0,347.5,2460140.0
006743375,건대입구역(7호선),종합운동장영업사업소,시민용,건대입구역,2026-04-30,2026,4,2026-04,정기분,수납 완료,698.0,349.0,2470760.0
006743375,건대입구역(7호선),종합운동장영업사업소,시민용,건대입구역,2026-05-31,2026,5,2026-05,정기분,미납,945.0,472.5,3345140.0
000017682,경복궁역,경복궁영업사업소,시민용,경복궁역,2008-06-30,2008,6,2008-06,정기분,수납 완료,1458.0,729.0,1094040.0
000017682,경복궁역,경복궁영업사업소,시민용,경복궁역,2008-07-31,2008,7,2008-07,정기분,수납 완료,729.0,364.5,890520.0
000017682,경복궁역,경복궁영업사업소,시민용,경복궁역,2008-08-31,2008,8,2008-08,정기분,수납 완료,1383.0,691.5,794520.0
000017682,경복궁역,경복궁영업사업소,시민용,경복궁역,2008-09-30,2008,9,2008-09,정기분,수납 완료,692.0,346.0,843160.0
000017682,경복궁역,경복궁영업사업소,시민용,경복궁역,2008-10-31,2008,10,2008-10,정기분,수납 완료,1389.0,694.5,849560.0
000017682,경복궁역,경복궁영업사업소,시민용,경복궁역,2008-11-30,2008,11,2008-11,정기분,수납 완료,695.0,347.5,847000.0
000017682,경복궁역,경복궁영업사업소,시민용,경복궁역,2008-12-31,2008,12,2008-12,정기분,수납 완료,1483.0,741.5,966040.0
000017682,경복궁역,경복궁영업사업소,시민용,경복궁역,2009-01-31,2009,1,2009-01,정기분,수납 완료,742.0,371.0,907160.0
000017682,경복궁역,경복궁영업사업소,시민용,경복궁역,2009-02-28,2009,2,2009-02,정기분,수납 완료,1196.0,598.0,538520.0
000017682,경복궁역,경복궁영업사업소,시민용,경복궁역,2009-03-31,2009,3,2009-03,정기분,수납 완료,401.0,200.5,470680.0
000017682,경복궁역,경복궁영업사업소,시민용,경복궁역,2009-04-30,2009,4,2009-04,정기분,수납 완료,394.0,197.0,461720.0
000017682,경복궁역,경복궁영업사업소,시민용,경복궁역,2009-05-31,2009,5,2009-05,정기분,수납 완료,769.0,384.5,437400.0
000017682,경복궁역,경복궁영업사업소,시민용,경복궁역,2009-06-30,2009,6,2009-06,정기분,수납 완료,385.0,192.5,450200.0
000017682,경복궁역,경복궁영업사업소,시민용,경복궁역,2009-07-31,2009,7,2009-07,정기분,수납 완료,618.0,309.0,255640.0
000017682,경복궁역,경복궁영업사업소,시민용,경복궁역,2009-08-31,2009,8,2009-08,정기분,수납 완료,309.0,154.5,352920.0
000017682,경복궁역,경복궁영업사업소,시민용,경복궁역,2009-09-30,2009,9,2009-09,정기분,수납 완료,709.0,354.5,1189690.0
000017682,경복궁역,경복궁영업사업소,시민용,경복궁역,2009-10-31,2009,10,2009-10,정기분,수납 완료,355.0,177.5,525360.0
000017682,경복궁역,경복궁영업사업소,시민용,경복궁역,2009-11-30,2009,11,2009-11,정기분,수납 완료,1217.0,608.5,1056420.0
000017682,경복궁역,경복궁영업사업소,시민용,경복궁역,2009-12-31,2009,12,2009-12,정기분,수납 완료,589.0,294.5,768610.0
000017682,경복궁역,경복궁영업사업소,시민용,경복궁역,2010-01-31,2010,1,2010-01,정기분,수납 완료,822.0,411.0,315990.0
000017682,경복궁역,경복궁영업사업소,시민용,경복궁역,2010-02-28,2010,2,2010-02,정기분,수납 완료,411.0,205.5,570520.0
000017682,경복궁역,경복궁영업사업소,시민용,경복궁역,2010-03-31,2010,3,2010-03,정기분,수납 완료,800.0,400.0,514820.0
000017682,경복궁역,경복궁영업사업소,시민용,경복궁역,2010-04-30,2010,4,2010-04,정기분,수납 완료,400.0,200.0,542670.0
000017682,경복궁역,경복궁영업사업소,시민용,경복궁역,2010-05-31,2010,5,2010-05,정기분,수납 완료,793.0,396.5,533710.0
000017682,경복궁역,경복궁영업사업소,시민용,경복궁역,2010-06-30,2010,6,2010-06,정기분,수납 완료,397.0,198.5,554640.0
000017682,경복궁역,경복궁영업사업소,시민용,경복궁역,2010-07-31,2010,7,2010-07,정기분,수납 완료,1215.0,607.5,1093520.0
000017682,경복궁역,경복궁영업사업소,시민용,경복궁역,2010-08-31,2010,8,2010-08,정기분,수납 완료,608.0,304.0,810270.0
000017682,경복궁역,경복궁영업사업소,시민용,경복궁역,2010-09-30,2010,9,2010-09,정기분,수납 완료,2682.0,1341.0,2686750.0
000017682,경복궁역,경복궁영업사업소,시민용,경복궁역,2010-10-31,2010,10,2010-10,정기분,수납 완료,1341.0,670.5,1748510.0
000017682,경복궁역,경복궁영업사업소,시민용,경복궁역,2010-11-30,2010,11,2010-11,정기분,수납 완료,1779.0,889.5,592670.0
000017682,경복궁역,경복궁영업사업소,시민용,경복궁역,2010-12-31,2010,12,2010-12,정기분,수납 완료,890.0,445.0,1171230.0
000017682,경복궁역,경복궁영업사업소,시민용,경복궁역,2011-01-31,2011,1,2011-01,정기분,수납 완료,1094.0,547.0,293150.0
000017682,경복궁역,경복궁영업사업소,시민용,경복궁역,2011-02-28,2011,2,2011-02,정기분,수납 완료,547.0,273.5,736230.0
000017682,경복궁역,경복궁영업사업소,시민용,경복궁역,2011-03-31,2011,3,2011-03,정기분,수납 완료,1161.0,580.5,823990.0
000017682,경복궁역,경복궁영업사업소,시민용,경복궁역,2011-04-30,2011,4,2011-04,정기분,수납 완료,581.0,290.5,781520.0
000017682,경복궁역,경복궁영업사업소,시민용,경복궁역,2011-05-31,2011,5,2011-05,정기분,수납 완료,1232.0,616.0,871820.0
000017682,경복궁역,경복궁영업사업소,시민용,경복궁역,2011-06-30,2011,6,2011-06,정기분,수납 완료,616.0,308.0,826670.0
000017682,경복궁역,경복궁영업사업소,시민용,경복궁역,2011-07-31,2011,7,2011-07,정기분,수납 완료,1644.0,822.0,1358150.0
000017682,경복궁역,경복궁영업사업소,시민용,경복궁역,2011-08-31,2011,8,2011-08,정기분,수납 완료,822.0,411.0,1092410.0
000017682,경복궁역,경복궁영업사업소,시민용,경복궁역,2011-09-30,2011,9,2011-09,정기분,수납 완료,2459.0,1229.5,2143760.0
000017682,경복궁역,경복궁영업사업소,시민용,경복궁역,2011-10-31,2011,10,2011-10,정기분,수납 완료,1230.0,615.0,1618730.0
000017682,경복궁역,경복궁영업사업소,시민용,경복궁역,2011-11-30,2011,11,2011-11,정기분,수납 완료,2349.0,1174.5,1475540.0
000017682,경복궁역,경복궁영업사업소,시민용,경복궁역,2011-12-31,2011,12,2011-12,정기분,수납 완료,1175.0,587.5,1547780.0
000017682,경복궁역,경복궁영업사업소,시민용,경복궁역,2012-01-31,2012,1,2012-01,정기분,수납 완료,1402.0,701.0,324860.0
000017682,경복궁역,경복궁영업사업소,시민용,경복궁역,2012-02-29,2012,2,2012-02,정기분,수납 완료,701.0,350.5,936320.0
000017682,경복궁역,경복궁영업사업소,시민용,경복궁역,2012-03-31,2012,3,2012-03,정기분,수납 완료,1185.0,592.5,990010.0
000017682,경복궁역,경복궁영업사업소,시민용,경복궁역,2012-04-30,2012,4,2012-04,정기분,수납 완료,593.0,296.5,1008800.0
000017682,경복궁역,경복궁영업사업소,시민용,경복궁역,2012-05-31,2012,5,2012-05,정기분,수납 완료,1427.0,713.5,1402240.0
000017682,경복궁역,경복궁영업사업소,시민용,경복궁역,2012-06-30,2012,6,2012-06,정기분,수납 완료,714.0,357.0,1205440.0
000017682,경복궁역,경복궁영업사업소,시민용,경복궁역,2012-07-31,2012,7,2012-07,정기분,수납 완료,3139.0,1569.5,4011480.0
000017682,경복궁역,경복궁영업사업소,시민용,경복궁역,2012-08-31,2012,8,2012-08,정기분,수납 완료,1570.0,785.0,2609280.0
000017682,경복궁역,경복궁영업사업소,시민용,경복궁역,2012-09-30,2012,9,2012-09,정기분,수납 완료,3223.0,1611.5,2745400.0
000017682,경복궁역,경복궁영업사업소,시민용,경복궁역,2012-10-31,2012,10,2012-10,정기분,수납 완료,1612.0,806.0,2678160.0
000017682,경복궁역,경복궁영업사업소,시민용,경복궁역,2012-11-30,2012,11,2012-11,정기분,수납 완료,2393.0,1196.5,1315320.0
000017682,경복궁역,경복궁영업사업소,시민용,경복궁역,2012-12-31,2012,12,2012-12,정기분,수납 완료,1197.0,598.5,1997560.0
000017682,경복궁역,경복궁영업사업소,시민용,경복궁역,2013-01-31,2013,1,2013-01,정기분,수납 완료,920.0,460.0,96580.0
000017682,경복궁역,경복궁영업사업소,시민용,경복궁역,2013-02-28,2013,2,2013-02,정기분,수납 완료,460.0,230.0,272500.0
000017682,경복궁역,경복궁영업사업소,시민용,경복궁역,2013-03-31,2013,3,2013-03,정기분,수납 완료,717.0,358.5,608480.0
000017682,경복궁역,경복궁영업사업소,시민용,경복궁역,2013-04-30,2013,4,2013-04,정기분,수납 완료,359.0,179.5,699600.0
000017682,경복궁역,경복궁영업사업소,시민용,경복궁역,2013-05-31,2013,5,2013-05,정기분,수납 완료,1043.0,521.5,1297600.0
000017682,경복궁역,경복궁영업사업소,시민용,경복궁역,2013-06-30,2013,6,2013-06,정기분,수납 완료,522.0,261.0,999520.0
000017682,경복궁역,경복궁영업사업소,시민용,경복궁역,2013-07-31,2013,7,2013-07,정기분,수납 완료,2146.0,1073.0,3027200.0
000017682,경복궁역,경복궁영업사업소,시민용,경복궁역,2013-08-31,2013,8,2013-08,정기분,수납 완료,1073.0,536.5,2013360.0
000017682,경복궁역,경복궁영업사업소,시민용,경복궁역,2013-09-30,2013,9,2013-09,정기분,수납 완료,4579.0,2289.5,6490080.0
000017682,경복궁역,경복궁영업사업소,시민용,경복궁역,2013-10-31,2013,10,2013-10,정기분,수납 완료,2290.0,1145.0,4315040.0
000017682,경복궁역,경복궁영업사업소,시민용,경복궁역,2013-11-30,2013,11,2013-11,정기분,수납 완료,3898.0,1949.0,2997760.0
000017682,경복궁역,경복궁영업사업소,시민용,경복궁역,2013-12-31,2013,12,2013-12,정기분,수납 완료,1949.0,974.5,3666280.0
000017682,경복궁역,경복궁영업사업소,시민용,경복궁역,2014-01-31,2014,1,2014-01,정기분,수납 완료,1581.0,790.5,0.0
000017682,경복궁역,경복궁영업사업소,시민용,경복궁역,2014-02-28,2014,2,2014-02,정기분,수납 완료,791.0,395.5,679340.0
000017682,경복궁역,경복궁영업사업소,시민용,경복궁역,2014-03-31,2014,3,2014-03,정기분,수납 완료,780.0,390.0,206320.0
000017682,경복궁역,경복궁영업사업소,시민용,경복궁역,2014-04-30,2014,4,2014-04,정기분,수납 완료,390.0,195.0,791000.0
000017682,경복궁역,경복궁영업사업소,시민용,경복궁역,2014-05-31,2014,5,2014-05,정기분,수납 완료,1251.0,625.5,1772600.0
000017682,경복궁역,경복궁영업사업소,시민용,경복궁역,2014-06-30,2014,6,2014-06,정기분,수납 완료,626.0,313.0,1302600.0
000017682,경복궁역,경복궁영업사업소,시민용,경복궁역,2014-07-31,2014,7,2014-07,정기분,수납 완료,1906.0,953.0,2610600.0
000017682,경복궁역,경복궁영업사업소,시민용,경복궁역,2014-08-31,2014,8,2014-08,정기분,수납 완료,953.0,476.5,1956600.0
000017682,경복궁역,경복궁영업사업소,시민용,경복궁역,2014-09-30,2014,9,2014-09,정기분,수납 완료,2955.0,1477.5,4054600.0
000017682,경복궁역,경복궁영업사업소,시민용,경복궁역,2014-10-31,2014,10,2014-10,정기분,수납 완료,1478.0,739.0,3050700.0
000017682,경복궁역,경복궁영업사업소,시민용,경복궁역,2014-11-30,2014,11,2014-11,정기분,수납 완료,3364.0,1682.0,3856500.0
000017682,경복궁역,경복궁영업사업소,시민용,경복궁역,2014-12-31,2014,12,2014-12,정기분,수납 완료,1682.0,841.0,3360300.0
000017682,경복궁역,경복궁영업사업소,시민용,경복궁역,2015-01-31,2015,1,2015-01,정기분,수납 완료,1958.0,979.0,536600.0
000017682,경복궁역,경복궁영업사업소,시민용,경복궁역,2015-02-28,2015,2,2015-02,정기분,수납 완료,979.0,489.5,1946200.0
000017682,경복궁역,경복궁영업사업소,시민용,경복궁역,2015-03-31,2015,3,2015-03,정기분,수납 완료,1307.0,653.5,769000.0
000017682,경복궁역,경복궁영업사업소,시민용,경복궁역,2015-04-30,2015,4,2015-04,정기분,수납 완료,654.0,327.0,1358600.0
000017682,경복궁역,경복궁영업사업소,시민용,경복궁역,2015-05-31,2015,5,2015-05,정기분,수납 완료,1979.0,989.5,2670900.0
000017682,경복궁역,경복궁영업사업소,시민용,경복궁역,2015-06-30,2015,6,2015-06,정기분,수납 완료,990.0,495.0,2000300.0
000017682,경복궁역,경복궁영업사업소,시민용,경복궁역,2015-07-31,2015,7,2015-07,정기분,수납 완료,3410.0,1705.0,4832400.0
000017682,경복궁역,경복궁영업사업소,시민용,경복궁역,2015-08-31,2015,8,2015-08,정기분,수납 완료,1705.0,852.5,3396100.0
000017682,경복궁역,경복궁영업사업소,시민용,경복궁역,2015-09-30,2015,9,2015-09,정기분,수납 완료,3811.0,1905.5,4215800.0
000017682,경복궁역,경복궁영업사업소,시민용,경복궁역,2015-10-31,2015,10,2015-10,정기분,수납 완료,1906.0,953.0,3811600.0
000017682,경복궁역,경복궁영업사업소,시민용,경복궁역,2015-11-30,2015,11,2015-11,정기분,수납 완료,4236.0,2118.0,4578900.0
000017682,경복궁역,경복궁영업사업소,시민용,경복궁역,2015-12-31,2015,12,2015-12,정기분,수납 완료,2118.0,1059.0,4194800.0
000017682,경복궁역,경복궁영업사업소,시민용,경복궁역,2016-01-31,2016,1,2016-01,정기분,수납 완료,2880.0,1440.0,1442900.0
000017682,경복궁역,경복궁영업사업소,시민용,경복궁역,2016-02-29,2016,2,2016-02,정기분,수납 완료,1440.0,720.0,2798900.0
000017682,경복궁역,경복궁영업사업소,시민용,경복궁역,2016-03-31,2016,3,2016-03,정기분,수납 완료,1977.0,988.5,1007600.0
000017682,경복궁역,경복궁영업사업소,시민용,경복궁역,2016-04-30,2016,4,2016-04,정기분,수납 완료,989.0,494.5,1896900.0
000017682,경복궁역,경복궁영업사업소,시민용,경복궁역,2016-05-31,2016,5,2016-05,정기분,수납 완료,1339.0,669.5,618900.0
000017682,경복궁역,경복궁영업사업소,시민용,경복궁역,2016-06-30,2016,6,2016-06,정기분,수납 완료,670.0,335.0,1258900.0
000017682,경복궁역,경복궁영업사업소,시민용,경복궁역,2016-07-31,2016,7,2016-07,정기분,수납 완료,2294.0,1147.0,3216700.0
000017682,경복궁역,경복궁영업사업소,시민용,경복궁역,2016-08-31,2016,8,2016-08,정기분,수납 완료,1147.0,573.5,2300800.0
000017682,경복궁역,경복궁영업사업소,시민용,경복궁역,2016-09-30,2016,9,2016-09,정기분,수납 완료,4999.0,2499.5,7625600.0
000017682,경복궁역,경복궁영업사업소,시민용,경복궁역,2016-10-31,2016,10,2016-10,정기분,수납 완료,2500.0,1250.0,5028700.0
000017682,경복궁역,경복궁영업사업소,시민용,경복궁역,2016-11-30,2016,11,2016-11,정기분,수납 완료,3084.0,1542.0,1097100.0
000017682,경복궁역,경복궁영업사업소,시민용,경복궁역,2016-12-31,2016,12,2016-12,정기분,수납 완료,1542.0,771.0,3130400.0
000017682,경복궁역,경복궁영업사업소,시민용,경복궁역,2017-01-31,2017,1,2017-01,정기분,수납 완료,1062.0,531.0,0.0
000017682,경복궁역,경복궁영업사업소,시민용,경복궁역,2017-02-28,2017,2,2017-02,정기분,수납 완료,531.0,265.5,55760.0
000017682,경복궁역,경복궁영업사업소,시민용,경복궁역,2017-03-31,2017,3,2017-03,정기분,수납 완료,1062.0,531.0,992760.0
000017682,경복궁역,경복궁영업사업소,시민용,경복궁역,2017-04-30,2017,4,2017-04,정기분,수납 완료,531.0,265.5,1029500.0
000017682,경복궁역,경복궁영업사업소,시민용,경복궁역,2017-05-31,2017,5,2017-05,정기분,수납 완료,2674.0,1337.0,4414700.0
000017682,경복궁역,경복궁영업사업소,시민용,경복궁역,2017-06-30,2017,6,2017-06,정기분,수납 완료,1337.0,668.5,2843250.0
000017682,경복궁역,경복궁영업사업소,시민용,경복궁역,2017-07-31,2017,7,2017-07,정기분,수납 완료,2639.0,1319.5,2648600.0
000017682,경복궁역,경복궁영업사업소,시민용,경복궁역,2017-08-31,2017,8,2017-08,정기분,수납 완료,1320.0,660.0,2686400.0
000017682,경복궁역,경복궁영업사업소,시민용,경복궁역,2017-09-30,2017,9,2017-09,정기분,수납 완료,3691.0,1845.5,4893500.0
000017682,경복궁역,경복궁영업사업소,시민용,경복궁역,2017-10-31,2017,10,2017-10,정기분,수납 완료,1846.0,923.0,3908150.0
000017682,경복궁역,경복궁영업사업소,시민용,경복궁역,2017-11-30,2017,11,2017-11,정기분,수납 완료,2891.0,1445.5,2108900.0
000017682,경복궁역,경복궁영업사업소,시민용,경복궁역,2017-12-31,2017,12,2017-12,정기분,수납 완료,1446.0,723.0,3082010.0
000017682,경복궁역,경복궁영업사업소,시민용,경복궁역,2018-01-31,2018,1,2018-01,정기분,수납 완료,1599.0,799.5,235700.0
000017682,경복궁역,경복궁영업사업소,시민용,경복궁역,2018-02-28,2018,2,2018-02,정기분,수납 완료,800.0,400.0,1666190.0
000017682,경복궁역,경복궁영업사업소,시민용,경복궁역,2018-03-31,2018,3,2018-03,정기분,수납 완료,1726.0,863.0,1950050.0
000017682,경복궁역,경복궁영업사업소,시민용,경복궁역,2018-04-30,2018,4,2018-04,정기분,수납 완료,863.0,431.5,1959570.0
000017682,경복궁역,경복궁영업사업소,시민용,경복궁역,2018-05-31,2018,5,2018-05,정기분,수납 완료,1846.0,923.0,2079330.0
000017682,경복궁역,경복궁영업사업소,시민용,경복궁역,2018-06-30,2018,6,2018-06,정기분,수납 완료,923.0,461.5,2019810.0
000017682,경복궁역,경복궁영업사업소,시민용,경복궁역,2018-07-31,2018,7,2018-07,정기분,수납 완료,4623.0,2311.5,8154820.0
000017682,경복궁역,경복궁영업사업소,시민용,경복궁역,2018-08-31,2018,8,2018-08,정기분,수납 완료,2312.0,1156.0,5473760.0
000017682,경복궁역,경복궁영업사업소,시민용,경복궁역,2018-09-30,2018,9,2018-09,정기분,수납 완료,3181.0,1590.5,102170.0
000017682,경복궁역,경복궁영업사업소,시민용,경복궁역,2018-10-31,2018,10,2018-10,정기분,수납 완료,1591.0,795.5,2624340.0
000017682,경복궁역,경복궁영업사업소,시민용,경복궁역,2018-11-30,2018,11,2018-11,정기분,수납 완료,1552.0,776.0,0.0
000017682,경복궁역,경복궁영업사업소,시민용,경복궁역,2018-12-31,2018,12,2018-12,정기분,수납 완료,776.0,388.0,1442570.0
000017682,경복궁역,경복궁영업사업소,시민용,경복궁역,2019-01-31,2019,1,2019-01,정기분,수납 완료,1599.0,799.5,1725730.0
000017682,경복궁역,경복궁영업사업소,시민용,경복궁역,2019-02-28,2019,2,2019-02,정기분,수납 완료,800.0,400.0,1844710.0
000017682,경복궁역,경복궁영업사업소,시민용,경복궁역,2019-03-31,2019,3,2019-03,정기분,수납 완료,1798.0,899.0,2221080.0
000017682,경복궁역,경복궁영업사업소,시민용,경복궁역,2019-04-30,2019,4,2019-04,정기분,수납 완료,899.0,449.5,2046090.0
000017682,경복궁역,경복궁영업사업소,시민용,경복궁역,2019-05-31,2019,5,2019-05,정기분,수납 완료,1845.0,922.5,2185980.0
000017682,경복궁역,경복궁영업사업소,시민용,경복궁역,2019-06-30,2019,6,2019-06,정기분,수납 완료,923.0,461.5,2051990.0
000017682,경복궁역,경복궁영업사업소,시민용,경복궁역,2019-07-31,2019,7,2019-07,정기분,수납 완료,2359.0,1179.5,3247280.0
000017682,경복궁역,경복궁영업사업소,시민용,경복궁역,2019-08-31,2019,8,2019-08,정기분,수납 완료,1180.0,590.0,2650800.0
000017682,경복궁역,경복궁영업사업소,시민용,경복궁역,2019-09-30,2019,9,2019-09,정기분,수납 완료,2396.0,1198.0,2734680.0
000017682,경복궁역,경복궁영업사업소,시민용,경복궁역,2019-10-31,2019,10,2019-10,정기분,수납 완료,1198.0,599.0,2692740.0
000017682,경복궁역,경복궁영업사업소,시민용,경복궁역,2019-11-30,2019,11,2019-11,정기분,수납 완료,2645.0,1322.5,3433710.0
000017682,경복궁역,경복궁영업사업소,시민용,경복궁역,2019-12-31,2019,12,2019-12,정기분,수납 완료,1323.0,661.5,2983990.0
000017682,경복궁역,경복궁영업사업소,시민용,경복궁역,2020-01-31,2020,1,2020-01,정기분,수납 완료,1599.0,799.5,544480.0
000017682,경복궁역,경복궁영업사업소,시민용,경복궁역,2020-02-29,2020,2,2020-02,정기분,수납 완료,800.0,400.0,1845800.0
000017682,경복궁역,경복궁영업사업소,시민용,경복궁역,2020-03-31,2020,3,2020-03,정기분,수납 완료,1879.0,939.5,2415470.0
000017682,경복궁역,경복궁영업사업소,시민용,경복궁역,2020-04-30,2020,4,2020-04,정기분,수납 완료,940.0,470.0,2091600.0
000017682,경복궁역,경복궁영업사업소,시민용,경복궁역,2020-05-31,2020,5,2020-05,정기분,수납 완료,1505.0,752.5,1217850.0
000017682,경복궁역,경복궁영업사업소,시민용,경복궁역,2020-06-30,2020,6,2020-06,정기분,수납 완료,753.0,376.5,1655890.0
000017682,경복궁역,경복궁영업사업소,시민용,경복궁역,2020-07-31,2020,7,2020-07,정기분,수납 완료,2334.0,1167.0,3585130.0
000017682,경복궁역,경복궁영업사업소,시민용,경복궁역,2020-08-31,2020,8,2020-08,정기분,수납 완료,1167.0,583.5,2620510.0
000017682,경복궁역,경복궁영업사업소,시민용,경복궁역,2020-09-30,2020,9,2020-09,정기분,수납 완료,2662.0,1331.0,3384750.0
000017682,경복궁역,경복궁영업사업소,시민용,경복궁역,2020-10-31,2020,10,2020-10,정기분,수납 완료,1331.0,665.5,3002630.0
000017682,경복궁역,경복궁영업사업소,시민용,경복궁역,2020-11-30,2020,11,2020-11,정기분,수납 완료,2261.0,1130.5,2068300.0
000017682,경복궁역,경복궁영업사업소,시민용,경복궁역,2020-12-31,2020,12,2020-12,정기분,수납 완료,1131.0,565.5,2536630.0
000017682,경복궁역,경복궁영업사업소,시민용,경복궁역,2021-01-31,2021,1,2021-01,정기분,수납 완료,1726.0,863.0,1287750.0
000017682,경복궁역,경복궁영업사업소,시민용,경복궁역,2021-02-28,2021,2,2021-02,정기분,수납 완료,863.0,431.5,1912190.0
000017682,경복궁역,경복궁영업사업소,시민용,경복궁역,2021-03-31,2021,3,2021-03,정기분,수납 완료,1940.0,970.0,2491210.0
000017682,경복궁역,경복궁영업사업소,시민용,경복궁역,2021-04-30,2021,4,2021-04,정기분,수납 완료,970.0,485.0,2241900.0
000017682,경복궁역,경복궁영업사업소,시민용,경복궁역,2021-05-31,2021,5,2021-05,정기분,수납 완료,2082.0,1041.0,2572760.0
000017682,경복궁역,경복궁영업사업소,시민용,경복궁역,2021-06-30,2021,6,2021-06,정기분,수납 완료,1041.0,520.5,2407330.0
000017682,경복궁역,경복궁영업사업소,시민용,경복궁역,2021-07-31,2021,7,2021-07,정기분,수납 완료,2423.0,1211.5,3201860.0
000017682,경복궁역,경복궁영업사업소,시민용,경복궁역,2021-08-31,2021,8,2021-08,정기분,수납 완료,1212.0,606.0,2993870.0
000017682,경복궁역,경복궁영업사업소,시민용,경복궁역,2021-09-30,2021,9,2021-09,정기분,수납 완료,2387.0,1193.5,2969160.0
000017682,경복궁역,경복궁영업사업소,시민용,경복궁역,2021-10-31,2021,10,2021-10,정기분,수납 완료,1194.0,597.0,3016560.0
000017682,경복궁역,경복궁영업사업소,시민용,경복궁역,2021-11-30,2021,11,2021-11,정기분,수납 완료,2595.0,1297.5,3542340.0
000017682,경복궁역,경복궁영업사업소,시민용,경복궁역,2021-12-31,2021,12,2021-12,정기분,수납 완료,1298.0,649.0,3280720.0
000017682,경복궁역,경복궁영업사업소,시민용,경복궁역,2022-01-31,2022,1,2022-01,정기분,수납 완료,2059.0,1029.5,1916740.0
000017682,경복궁역,경복궁영업사업소,시민용,경복궁역,2022-02-28,2022,2,2022-02,정기분,수납 완료,1030.0,515.0,2705520.0
000017682,경복궁역,경복궁영업사업소,시민용,경복궁역,2022-03-31,2022,3,2022-03,정기분,수납 완료,0.0,0.0,80400.0
000017682,경복궁역,경복궁영업사업소,시민용,경복궁역,2022-04-30,2022,4,2022-04,정기분,수납 완료,0.0,0.0,80400.0
000017682,경복궁역,경복궁영업사업소,시민용,경복궁역,2022-05-31,2022,5,2022-05,정기분,수납 완료,2082.0,1041.0,5116290.0
000017682,경복궁역,경복궁영업사업소,시민용,경복궁역,2022-06-30,2022,6,2022-06,정기분,수납 완료,1041.0,520.5,2778450.0
000017682,경복궁역,경복궁영업사업소,시민용,경복궁역,2022-07-31,2022,7,2022-07,정기분,수납 완료,1575.0,787.5,1450500.0
000017682,경복궁역,경복궁영업사업소,시민용,경복궁역,2022-08-31,2022,8,2022-08,정기분,수납 완료,788.0,394.0,2123600.0
000017682,경복궁역,경복궁영업사업소,시민용,경복궁역,2022-09-30,2022,9,2022-09,정기분,수납 완료,3064.0,1532.0,6066800.0
000017682,경복궁역,경복궁영업사업소,시민용,경복궁역,2022-10-31,2022,10,2022-10,정기분,수납 완료,1532.0,766.0,4095200.0
000017682,경복궁역,경복궁영업사업소,시민용,경복궁역,2022-11-30,2022,11,2022-11,정기분,수납 완료,3719.0,1859.5,5750550.0
000017682,경복궁역,경복궁영업사업소,시민용,경복궁역,2022-12-31,2022,12,2022-12,정기분,수납 완료,1860.0,930.0,4884000.0
000017682,경복궁역,경복궁영업사업소,시민용,경복궁역,2023-01-31,2023,1,2023-01,정기분,수납 완료,2698.0,1349.0,2175700.0
000017682,경복궁역,경복궁영업사업소,시민용,경복궁역,2023-02-28,2023,2,2023-02,정기분,수납 완료,1349.0,674.5,4216940.0
000017682,경복궁역,경복궁영업사업소,시민용,경복궁역,2023-03-31,2023,3,2023-03,정기분,수납 완료,2148.0,1074.0,2656240.0
000017682,경복궁역,경복궁영업사업소,시민용,경복궁역,2023-04-30,2023,4,2023-04,정기분,수납 완료,1074.0,537.0,3551780.0
000017682,경복궁역,경복궁영업사업소,시민용,경복궁역,2023-05-31,2023,5,2023-05,정기분,수납 완료,2894.0,1447.0,6140400.0
000017682,경복궁역,경복궁영업사업소,시민용,경복궁역,2023-06-30,2023,6,2023-06,정기분,수납 완료,1447.0,723.5,4846090.0
000017682,경복궁역,경복궁영업사업소,시민용,경복궁역,2023-07-31,2023,7,2023-07,정기분,수납 완료,3328.0,1664.0,6352070.0
000017682,경복궁역,경복궁영업사업소,시민용,경복궁역,2023-08-31,2023,8,2023-08,정기분,수납 완료,1664.0,832.0,5599080.0
000017682,경복궁역,경복궁영업사업소,시민용,경복궁역,2023-09-30,2023,9,2023-09,정기분,수납 완료,3003.0,1501.5,4471330.0
000017682,경복궁역,경복궁영업사업소,시민용,경복궁역,2023-10-31,2023,10,2023-10,정기분,수납 완료,1502.0,751.0,5036940.0
000017682,경복궁역,경복궁영업사업소,시민용,경복궁역,2023-11-30,2023,11,2023-11,정기분,수납 완료,3641.0,1820.5,7247330.0
000017682,경복궁역,경복궁영업사업소,시민용,경복궁역,2023-12-31,2023,12,2023-12,정기분,수납 완료,1821.0,910.5,6143870.0
000017682,경복궁역,경복궁영업사업소,시민용,경복궁역,2024-01-31,2024,1,2024-01,정기분,수납 완료,2574.0,1287.0,2437910.0
000017682,경복궁역,경복궁영업사업소,시민용,경복궁역,2024-02-29,2024,2,2024-02,정기분,수납 완료,1287.0,643.5,4290890.0
000017682,경복궁역,경복궁영업사업소,시민용,경복궁역,2024-03-31,2024,3,2024-03,정기분,수납 완료,2287.0,1143.5,3375400.0
000017682,경복궁역,경복궁영업사업소,시민용,경복궁역,2024-04-30,2024,4,2024-04,정기분,수납 완료,1144.0,572.0,3794680.0
000017682,경복궁역,경복궁영업사업소,시민용,경복궁역,2024-05-31,2024,5,2024-05,정기분,수납 완료,2626.0,1313.0,4967540.0
000017682,경복궁역,경복궁영업사업소,시민용,경복궁역,2024-06-30,2024,6,2024-06,정기분,수납 완료,1313.0,656.5,4381110.0
000017682,경복궁역,경복궁영업사업소,시민용,경복궁역,2024-07-31,2024,7,2024-07,정기분,수납 완료,3084.0,1542.0,5970370.0
000017682,경복궁역,경복궁영업사업소,시민용,경복궁역,2024-08-31,2024,8,2024-08,정기분,수납 완료,1542.0,771.0,5256140.0
000017682,경복궁역,경복궁영업사업소,시민용,경복궁역,2024-09-30,2024,9,2024-09,정기분,수납 완료,2885.0,1442.5,4485210.0
000017682,경복궁역,경복궁영업사업소,시민용,경복궁역,2024-10-31,2024,10,2024-10,정기분,수납 완료,1443.0,721.5,4832210.0
000017682,경복궁역,경복궁영업사업소,시민용,경복궁역,2024-11-30,2024,11,2024-11,정기분,수납 완료,3172.0,1586.0,35851430.0
000017682,경복궁역,경복궁영업사업소,시민용,경복궁역,2024-12-31,2024,12,2024-12,정기분,수납 완료,1586.0,793.0,20382020.0
000017682,경복궁역,경복궁영업사업소,시민용,경복궁역,2025-01-31,2025,1,2025-01,정기분,수납 완료,2679.0,1339.5,14777710.0
000017682,경복궁역,경복궁영업사업소,시민용,경복궁역,2025-02-28,2025,2,2025-02,정기분,수납 완료,1340.0,670.0,17581600.0
000017682,경복궁역,경복궁영업사업소,시민용,경복궁역,2025-03-31,2025,3,2025-03,정기분,수납 완료,1923.0,961.5,14963280.0
000017682,경복궁역,경복궁영업사업소,시민용,경복궁역,2025-04-30,2025,4,2025-04,정기분,수납 완료,962.0,481.0,16274120.0
000017682,경복궁역,경복궁영업사업소,시민용,경복궁역,2025-05-31,2025,5,2025-05,정기분,수납 완료,2623.0,1311.5,5584490.0
000017682,경복궁역,경복궁영업사업소,시민용,경복궁역,2025-06-30,2025,6,2025-06,정기분,수납 완료,1312.0,656.0,12338440.0
000017682,경복궁역,경복궁영업사업소,시민용,경복궁역,2025-07-31,2025,7,2025-07,정기분,수납 완료,3208.0,1604.0,20106120.0
000017682,경복궁역,경복궁영업사업소,시민용,경복궁역,2025-08-31,2025,8,2025-08,정기분,수납 완료,1604.0,802.0,18497680.0
000017682,경복궁역,경복궁영업사업소,시민용,경복궁역,2025-09-30,2025,9,2025-09,정기분,수납 완료,2941.0,1470.5,17571190.0
000017682,경복궁역,경복궁영업사업소,시민용,경복궁역,2025-10-31,2025,10,2025-10,정기분,수납 완료,1471.0,735.5,18036170.0
000017682,경복궁역,경복궁영업사업소,시민용,경복궁역,2025-11-30,2025,11,2025-11,정기분,수납 완료,3014.0,1507.0,18286010.0
000017682,경복궁역,경복궁영업사업소,시민용,경복궁역,2025-12-31,2025,12,2025-12,정기분,수납 완료,1507.0,753.5,18161090.0
000017682,경복궁역,경복궁영업사업소,시민용,경복궁역,2026-01-31,2026,1,2026-01,정기분,수납 완료,2509.0,1254.5,11525930.0
000017682,경복궁역,경복궁영업사업소,시민용,경복궁역,2026-02-28,2026,2,2026-02,정기분,수납 완료,1255.0,627.5,16601930.0
000017682,경복궁역,경복궁영업사업소,시민용,경복궁역,2026-03-31,2026,3,2026-03,정기분,수납 완료,1857.0,928.5,25848440.0
000017682,경복궁역,경복궁영업사업소,시민용,경복궁역,2026-04-30,2026,4,2026-04,정기분,수납 완료,929.0,464.5,34107480.0
000017682,경복궁역,경복궁영업사업소,시민용,경복궁역,2026-05-31,2026,5,2026-05,정기분,미납,2561.0,1280.5,46596840.0
036081434,경찰병원역,도곡영업사업소,시민용,경찰병원역,2010-01-31,2010,1,2010-01,정기분,수납 완료,231.0,115.5,382000.0
036081434,경찰병원역,도곡영업사업소,시민용,경찰병원역,2010-03-31,2010,3,2010-03,정기분,수납 완료,398.0,199.0,536300.0
036081434,경찰병원역,도곡영업사업소,시민용,경찰병원역,2010-05-31,2010,5,2010-05,정기분,수납 완료,825.0,412.5,1056600.0
036081434,경찰병원역,도곡영업사업소,시민용,경찰병원역,2010-07-31,2010,7,2010-07,정기분,수납 완료,1120.0,560.0,1434200.0
036081434,경찰병원역,도곡영업사업소,시민용,경찰병원역,2010-09-30,2010,9,2010-09,정기분,수납 완료,2111.0,1055.5,2702680.0
036081434,경찰병원역,도곡영업사업소,시민용,경찰병원역,2010-11-30,2010,11,2010-11,정기분,수납 완료,1034.0,517.0,1324120.0
036081434,경찰병원역,도곡영업사업소,시민용,경찰병원역,2011-01-31,2011,1,2011-01,정기분,수납 완료,737.0,368.5,943960.0
036081434,경찰병원역,도곡영업사업소,시민용,경찰병원역,2011-03-31,2011,3,2011-03,정기분,수납 완료,734.0,367.0,947460.0
036081434,경찰병원역,도곡영업사업소,시민용,경찰병원역,2011-05-31,2011,5,2011-05,정기분,수납 완료,791.0,395.5,1020990.0
036081434,경찰병원역,도곡영업사업소,시민용,경찰병원역,2011-07-31,2011,7,2011-07,정기분,수납 완료,954.0,477.0,1231260.0
036081434,경찰병원역,도곡영업사업소,시민용,경찰병원역,2011-09-30,2011,9,2011-09,정기분,수납 완료,1546.0,773.0,1994940.0
036081434,경찰병원역,도곡영업사업소,시민용,경찰병원역,2011-11-30,2011,11,2011-11,정기분,수납 완료,880.0,440.0,1135800.0
036081434,경찰병원역,도곡영업사업소,시민용,경찰병원역,2012-01-31,2012,1,2012-01,정기분,수납 완료,820.0,410.0,1058400.0
036081434,경찰병원역,도곡영업사업소,시민용,경찰병원역,2012-03-31,2012,3,2012-03,정기분,수납 완료,766.0,383.0,4752340.0
036081434,경찰병원역,도곡영업사업소,시민용,경찰병원역,2012-05-31,2012,5,2012-05,정기분,수납 완료,1077.0,538.5,6251270.0
036081434,경찰병원역,도곡영업사업소,시민용,경찰병원역,2012-07-31,2012,7,2012-07,정기분,수납 완료,902.0,451.0,4708840.0
036081434,경찰병원역,도곡영업사업소,시민용,경찰병원역,2012-09-30,2012,9,2012-09,정기분,수납 완료,1740.0,870.0,6372160.0
036081434,경찰병원역,도곡영업사업소,시민용,경찰병원역,2012-11-30,2012,11,2012-11,정기분,수납 완료,885.0,442.5,6170280.0
036081434,경찰병원역,도곡영업사업소,시민용,경찰병원역,2013-01-31,2013,1,2013-01,정기분,수납 완료,887.0,443.5,5562400.0
036081434,경찰병원역,도곡영업사업소,시민용,경찰병원역,2013-03-31,2013,3,2013-03,정기분,수납 완료,852.0,426.0,6423000.0
036081434,경찰병원역,도곡영업사업소,시민용,경찰병원역,2013-05-31,2013,5,2013-05,정기분,수납 완료,951.0,475.5,4710280.0
036081434,경찰병원역,도곡영업사업소,시민용,경찰병원역,2013-07-31,2013,7,2013-07,정기분,수납 완료,964.0,482.0,4940120.0
036081434,경찰병원역,도곡영업사업소,시민용,경찰병원역,2013-09-30,2013,9,2013-09,정기분,수납 완료,1105.0,552.5,5079960.0
036081434,경찰병원역,도곡영업사업소,시민용,경찰병원역,2013-11-30,2013,11,2013-11,정기분,수납 완료,1448.0,724.0,6447920.0
036081434,경찰병원역,도곡영업사업소,시민용,경찰병원역,2014-01-31,2014,1,2014-01,정기분,수납 완료,879.0,439.5,5101960.0
036081434,경찰병원역,도곡영업사업소,시민용,경찰병원역,2014-03-31,2014,3,2014-03,정기분,수납 완료,891.0,445.5,5715700.0
036081434,경찰병원역,도곡영업사업소,시민용,경찰병원역,2014-05-31,2014,5,2014-05,정기분,수납 완료,956.0,478.0,3290900.0
036081434,경찰병원역,도곡영업사업소,시민용,경찰병원역,2014-07-31,2014,7,2014-07,정기분,수납 완료,956.0,478.0,4893500.0
036081434,경찰병원역,도곡영업사업소,시민용,경찰병원역,2014-09-30,2014,9,2014-09,정기분,수납 완료,803.0,401.5,3865100.0
036081434,경찰병원역,도곡영업사업소,시민용,경찰병원역,2014-11-30,2014,11,2014-11,정기분,수납 완료,1912.0,956.0,6980100.0
036081434,경찰병원역,도곡영업사업소,시민용,경찰병원역,2015-01-31,2015,1,2015-01,정기분,수납 완료,382.0,191.0,4183760.0
036081434,경찰병원역,도곡영업사업소,시민용,경찰병원역,2015-03-31,2015,3,2015-03,정기분,수납 완료,283.0,141.5,3231740.0
036081434,경찰병원역,도곡영업사업소,시민용,경찰병원역,2015-05-31,2015,5,2015-05,정기분,수납 완료,297.0,148.5,3223960.0
036081434,경찰병원역,도곡영업사업소,시민용,경찰병원역,2015-07-31,2015,7,2015-07,정기분,수납 완료,1189.0,594.5,5089800.0
036081434,경찰병원역,도곡영업사업소,시민용,경찰병원역,2015-09-30,2015,9,2015-09,정기분,수납 완료,1767.0,883.5,7396000.0
036081434,경찰병원역,도곡영업사업소,시민용,경찰병원역,2015-11-30,2015,11,2015-11,정기분,수납 완료,629.0,314.5,5288600.0
036081434,경찰병원역,도곡영업사업소,시민용,경찰병원역,2016-01-31,2016,1,2016-01,정기분,수납 완료,578.0,289.0,5009040.0
036081434,경찰병원역,도곡영업사업소,시민용,경찰병원역,2016-03-31,2016,3,2016-03,정기분,수납 완료,407.0,203.5,6926160.0
036081434,경찰병원역,도곡영업사업소,시민용,경찰병원역,2016-05-31,2016,5,2016-05,정기분,수납 완료,1087.0,543.5,5819700.0
036081434,경찰병원역,도곡영업사업소,시민용,경찰병원역,2016-07-31,2016,7,2016-07,정기분,수납 완료,924.0,462.0,5393200.0
036081434,경찰병원역,도곡영업사업소,시민용,경찰병원역,2016-09-30,2016,9,2016-09,정기분,수납 완료,2025.0,1012.5,8405500.0
036081434,경찰병원역,도곡영업사업소,시민용,경찰병원역,2016-11-30,2016,11,2016-11,정기분,수납 완료,1072.0,536.0,6677100.0
036081434,경찰병원역,도곡영업사업소,시민용,경찰병원역,2017-01-31,2017,1,2017-01,정기분,수납 완료,1033.0,516.5,6799720.0
036081434,경찰병원역,도곡영업사업소,시민용,경찰병원역,2017-03-31,2017,3,2017-03,정기분,수납 완료,943.0,471.5,6795070.0
036081434,경찰병원역,도곡영업사업소,시민용,경찰병원역,2017-05-31,2017,5,2017-05,정기분,수납 완료,1571.0,785.5,7352760.0
036081434,경찰병원역,도곡영업사업소,시민용,경찰병원역,2017-07-31,2017,7,2017-07,정기분,수납 완료,644.0,322.0,5793610.0
036081434,경찰병원역,도곡영업사업소,시민용,경찰병원역,2017-09-30,2017,9,2017-09,정기분,수납 완료,1892.0,946.0,8492620.0
036081434,경찰병원역,도곡영업사업소,시민용,경찰병원역,2017-11-30,2017,11,2017-11,정기분,수납 완료,1179.0,589.5,7571830.0
036081434,경찰병원역,도곡영업사업소,시민용,경찰병원역,2018-01-31,2018,1,2018-01,정기분,수납 완료,1042.0,521.0,7149080.0
036081434,경찰병원역,도곡영업사업소,시민용,경찰병원역,2018-03-31,2018,3,2018-03,정기분,수납 완료,861.0,430.5,6602290.0
036081434,경찰병원역,도곡영업사업소,시민용,경찰병원역,2018-05-31,2018,5,2018-05,정기분,수납 완료,1010.0,505.0,6426500.0
036081434,경찰병원역,도곡영업사업소,시민용,경찰병원역,2018-07-31,2018,7,2018-07,정기분,수납 완료,1095.0,547.5,7047790.0
036081434,경찰병원역,도곡영업사업소,시민용,경찰병원역,2018-09-30,2018,9,2018-09,정기분,수납 완료,1444.0,722.0,8405520.0
036081434,경찰병원역,도곡영업사업소,시민용,경찰병원역,2018-11-30,2018,11,2018-11,정기분,수납 완료,1090.0,545.0,2308500.0
036081434,경찰병원역,도곡영업사업소,시민용,경찰병원역,2019-01-31,2019,1,2019-01,정기분,수납 완료,1143.0,571.5,8007260.0
036081434,경찰병원역,도곡영업사업소,시민용,경찰병원역,2019-03-31,2019,3,2019-03,정기분,수납 완료,871.0,435.5,8187230.0
036081434,경찰병원역,도곡영업사업소,시민용,경찰병원역,2019-05-31,2019,5,2019-05,정기분,수납 완료,1090.0,545.0,7256300.0
036081434,경찰병원역,도곡영업사업소,시민용,경찰병원역,2019-07-31,2019,7,2019-07,정기분,수납 완료,1363.0,681.5,8078390.0
036081434,경찰병원역,도곡영업사업소,시민용,경찰병원역,2019-09-30,2019,9,2019-09,정기분,수납 완료,1980.0,990.0,9470400.0
036081434,경찰병원역,도곡영업사업소,시민용,경찰병원역,2019-11-30,2019,11,2019-11,정기분,수납 완료,1108.0,554.0,8695440.0
036081434,경찰병원역,도곡영업사업소,시민용,경찰병원역,2020-01-31,2020,1,2020-01,정기분,수납 완료,947.0,473.5,10526310.0
036081434,경찰병원역,도곡영업사업소,시민용,경찰병원역,2020-03-31,2020,3,2020-03,정기분,수납 완료,896.0,448.0,11593080.0
036081434,경찰병원역,도곡영업사업소,시민용,경찰병원역,2020-05-31,2020,5,2020-05,정기분,수납 완료,798.0,399.0,8859540.0
036081434,경찰병원역,도곡영업사업소,시민용,경찰병원역,2020-07-31,2020,7,2020-07,정기분,수납 완료,964.0,482.0,6805920.0
036081434,경찰병원역,도곡영업사업소,시민용,경찰병원역,2020-09-30,2020,9,2020-09,정기분,수납 완료,1760.0,880.0,7843000.0
036081434,경찰병원역,도곡영업사업소,시민용,경찰병원역,2020-11-30,2020,11,2020-11,정기분,수납 완료,995.0,497.5,7237750.0
036081434,경찰병원역,도곡영업사업소,시민용,경찰병원역,2021-01-31,2021,1,2021-01,정기분,수납 완료,795.0,397.5,5980550.0
036081434,경찰병원역,도곡영업사업소,시민용,경찰병원역,2021-03-31,2021,3,2021-03,정기분,수납 완료,863.0,431.5,4368990.0
036081434,경찰병원역,도곡영업사업소,시민용,경찰병원역,2021-05-31,2021,5,2021-05,정기분,수납 완료,1001.0,500.5,4886930.0
036081434,경찰병원역,도곡영업사업소,시민용,경찰병원역,2021-07-31,2021,7,2021-07,정기분,수납 완료,1018.0,509.0,6116170.0
036081434,경찰병원역,도곡영업사업소,시민용,경찰병원역,2021-09-30,2021,9,2021-09,정기분,수납 완료,2453.0,1226.5,10410420.0
036081434,경찰병원역,도곡영업사업소,시민용,경찰병원역,2021-11-30,2021,11,2021-11,정기분,수납 완료,992.0,496.0,5249080.0
036081434,경찰병원역,도곡영업사업소,시민용,경찰병원역,2022-01-31,2022,1,2022-01,정기분,수납 완료,828.0,414.0,7182940.0
036081434,경찰병원역,도곡영업사업소,시민용,경찰병원역,2022-03-31,2022,3,2022-03,정기분,수납 완료,743.0,371.5,5613150.0
036081434,경찰병원역,도곡영업사업소,시민용,경찰병원역,2022-05-31,2022,5,2022-05,정기분,수납 완료,825.0,412.5,5482450.0
036081434,경찰병원역,도곡영업사업소,시민용,경찰병원역,2022-07-31,2022,7,2022-07,정기분,수납 완료,1159.0,579.5,6573950.0
036081434,경찰병원역,도곡영업사업소,시민용,경찰병원역,2022-09-30,2022,9,2022-09,정기분,수납 완료,1546.0,773.0,7745100.0
036081434,경찰병원역,도곡영업사업소,시민용,경찰병원역,2022-11-30,2022,11,2022-11,정기분,수납 완료,1546.0,773.0,9102700.0
036081434,경찰병원역,도곡영업사업소,시민용,경찰병원역,2023-01-31,2023,1,2023-01,정기분,수납 완료,851.0,425.5,7349550.0
036081434,경찰병원역,도곡영업사업소,시민용,경찰병원역,2023-03-31,2023,3,2023-03,정기분,수납 완료,818.0,409.0,4650000.0
036081434,경찰병원역,도곡영업사업소,시민용,경찰병원역,2023-05-31,2023,5,2023-05,정기분,수납 완료,931.0,465.5,7203730.0
036081434,경찰병원역,도곡영업사업소,시민용,경찰병원역,2023-07-31,2023,7,2023-07,정기분,수납 완료,1000.0,500.0,12340600.0
036081434,경찰병원역,도곡영업사업소,시민용,경찰병원역,2023-09-30,2023,9,2023-09,정기분,수납 완료,1536.0,768.0,5085560.0
036081434,경찰병원역,도곡영업사업소,시민용,경찰병원역,2023-11-30,2023,11,2023-11,정기분,수납 완료,1021.0,510.5,6001560.0
036081434,경찰병원역,도곡영업사업소,시민용,경찰병원역,2024-01-31,2024,1,2024-01,정기분,수납 완료,871.0,435.5,7820360.0
036081434,경찰병원역,도곡영업사업소,시민용,경찰병원역,2024-03-31,2024,3,2024-03,정기분,수납 완료,840.0,420.0,6829400.0
036081434,경찰병원역,도곡영업사업소,시민용,경찰병원역,2024-05-31,2024,5,2024-05,정기분,수납 완료,994.0,497.0,8423240.0
036081434,경찰병원역,도곡영업사업소,시민용,경찰병원역,2024-07-31,2024,7,2024-07,정기분,수납 완료,1305.0,652.5,8873800.0
036081434,경찰병원역,도곡영업사업소,시민용,경찰병원역,2024-09-30,2024,9,2024-09,정기분,수납 완료,1733.0,866.5,12102280.0
036081434,경찰병원역,도곡영업사업소,시민용,경찰병원역,2024-11-30,2024,11,2024-11,정기분,수납 완료,1202.0,601.0,8991720.0
036081434,경찰병원역,도곡영업사업소,시민용,경찰병원역,2025-01-31,2025,1,2025-01,정기분,수납 완료,896.0,448.0,7812760.0
036081434,경찰병원역,도곡영업사업소,시민용,경찰병원역,2025-03-31,2025,3,2025-03,정기분,수납 완료,890.0,445.0,6772600.0
036081434,경찰병원역,도곡영업사업소,시민용,경찰병원역,2025-05-31,2025,5,2025-05,정기분,수납 완료,983.0,491.5,6673080.0
036081434,경찰병원역,도곡영업사업소,시민용,경찰병원역,2025-07-31,2025,7,2025-07,정기분,수납 완료,1310.0,655.0,7608200.0
036081434,경찰병원역,도곡영업사업소,시민용,경찰병원역,2025-09-30,2025,9,2025-09,정기분,수납 완료,1969.0,984.5,10019240.0
036081434,경찰병원역,도곡영업사업소,시민용,경찰병원역,2025-11-30,2025,11,2025-11,정기분,수납 완료,1063.0,531.5,7148280.0
036081434,경찰병원역,도곡영업사업소,시민용,경찰병원역,2026-01-31,2026,1,2026-01,정기분,수납 완료,840.0,420.0,7088470.0
036081434,경찰병원역,도곡영업사업소,시민용,경찰병원역,2026-03-31,2026,3,2026-03,정기분,수납 완료,977.0,488.5,7742300.0
036081434,경찰병원역,도곡영업사업소,시민용,경찰병원역,2026-05-31,2026,5,2026-05,정기분,미납,943.0,471.5,7524020.0
024691164,고속터미널역(3호선),도곡영업사업소,시민용,고속터미널역,2013-03-31,2013,3,2013-03,정기분,수납 완료,679.0,339.5,1234960.0
024691164,고속터미널역(3호선),도곡영업사업소,시민용,고속터미널역,2013-05-31,2013,5,2013-05,정기분,수납 완료,803.0,401.5,1463120.0
024691164,고속터미널역(3호선),도곡영업사업소,시민용,고속터미널역,2013-07-31,2013,7,2013-07,정기분,수납 완료,4873.0,2436.5,8951920.0
024691164,고속터미널역(3호선),도곡영업사업소,시민용,고속터미널역,2013-09-30,2013,9,2013-09,정기분,수납 완료,4496.0,2248.0,8258240.0
024691164,고속터미널역(3호선),도곡영업사업소,시민용,고속터미널역,2013-11-30,2013,11,2013-11,정기분,수납 완료,2192.0,1096.0,4018880.0
024691164,고속터미널역(3호선),도곡영업사업소,시민용,고속터미널역,2014-01-31,2014,1,2014-01,정기분,수납 완료,537.0,268.5,986910.0
024691164,고속터미널역(3호선),도곡영업사업소,시민용,고속터미널역,2014-03-31,2014,3,2014-03,정기분,수납 완료,436.0,218.0,881680.0
024691164,고속터미널역(3호선),도곡영업사업소,시민용,고속터미널역,2014-05-31,2014,5,2014-05,정기분,수납 완료,817.0,408.5,1607600.0
024691164,고속터미널역(3호선),도곡영업사업소,시민용,고속터미널역,2014-07-31,2014,7,2014-07,정기분,수납 완료,3655.0,1827.5,7283600.0
024691164,고속터미널역(3호선),도곡영업사업소,시민용,고속터미널역,2014-09-30,2014,9,2014-09,정기분,수납 완료,8254.0,4127.0,16481600.0
024691164,고속터미널역(3호선),도곡영업사업소,시민용,고속터미널역,2014-11-30,2014,11,2014-11,정기분,수납 완료,4944.0,2472.0,9861600.0
024691164,고속터미널역(3호선),도곡영업사업소,시민용,고속터미널역,2015-01-31,2015,1,2015-01,정기분,수납 완료,2686.0,1343.0,5345600.0
024691164,고속터미널역(3호선),도곡영업사업소,시민용,고속터미널역,2015-03-31,2015,3,2015-03,정기분,수납 완료,867.0,433.5,1707600.0
024691164,고속터미널역(3호선),도곡영업사업소,시민용,고속터미널역,2015-05-31,2015,5,2015-05,정기분,수납 완료,995.0,497.5,1963600.0
024691164,고속터미널역(3호선),도곡영업사업소,시민용,고속터미널역,2015-07-31,2015,7,2015-07,정기분,수납 완료,2826.0,1413.0,5625600.0
024691164,고속터미널역(3호선),도곡영업사업소,시민용,고속터미널역,2015-09-30,2015,9,2015-09,정기분,수납 완료,10462.0,5231.0,20897600.0
024691164,고속터미널역(3호선),도곡영업사업소,시민용,고속터미널역,2015-11-30,2015,11,2015-11,정기분,수납 완료,6447.0,3223.5,12867600.0
024691164,고속터미널역(3호선),도곡영업사업소,시민용,고속터미널역,2016-01-31,2016,1,2016-01,정기분,수납 완료,1890.0,945.0,3753600.0
024691164,고속터미널역(3호선),도곡영업사업소,시민용,고속터미널역,2016-03-31,2016,3,2016-03,정기분,수납 완료,374.0,187.0,771320.0
024691164,고속터미널역(3호선),도곡영업사업소,시민용,고속터미널역,2016-05-31,2016,5,2016-05,정기분,수납 완료,658.0,329.0,1289600.0
024691164,고속터미널역(3호선),도곡영업사업소,시민용,고속터미널역,2016-07-31,2016,7,2016-07,정기분,수납 완료,2041.0,1020.5,4055600.0
024691164,고속터미널역(3호선),도곡영업사업소,시민용,고속터미널역,2016-09-30,2016,9,2016-09,정기분,수납 완료,7036.0,3518.0,14045600.0
024691164,고속터미널역(3호선),도곡영업사업소,시민용,고속터미널역,2016-11-30,2016,11,2016-11,정기분,수납 완료,4931.0,2465.5,9835600.0
024691164,고속터미널역(3호선),도곡영업사업소,시민용,고속터미널역,2017-01-31,2017,1,2017-01,정기분,수납 완료,600.0,300.0,1173600.0
024691164,고속터미널역(3호선),도곡영업사업소,시민용,고속터미널역,2017-03-31,2017,3,2017-03,정기분,수납 완료,456.0,228.0,952190.0
024691164,고속터미널역(3호선),도곡영업사업소,시민용,고속터미널역,2017-05-31,2017,5,2017-05,정기분,수납 완료,345.0,172.5,747750.0
024691164,고속터미널역(3호선),도곡영업사업소,시민용,고속터미널역,2017-07-31,2017,7,2017-07,정기분,수납 완료,1055.0,527.5,2180100.0
024691164,고속터미널역(3호선),도곡영업사업소,시민용,고속터미널역,2017-09-30,2017,9,2017-09,정기분,수납 완료,2841.0,1420.5,5930700.0
024691164,고속터미널역(3호선),도곡영업사업소,시민용,고속터미널역,2017-11-30,2017,11,2017-11,정기분,수납 완료,1315.0,657.5,2726100.0
024691164,고속터미널역(3호선),도곡영업사업소,시민용,고속터미널역,2018-01-31,2018,1,2018-01,정기분,수납 완료,286.0,143.0,637420.0
024691164,고속터미널역(3호선),도곡영업사업소,시민용,고속터미널역,2018-03-31,2018,3,2018-03,정기분,수납 완료,263.0,131.5,613650.0
024691164,고속터미널역(3호선),도곡영업사업소,시민용,고속터미널역,2018-05-31,2018,5,2018-05,정기분,수납 완료,298.0,149.0,683680.0
024691164,고속터미널역(3호선),도곡영업사업소,시민용,고속터미널역,2018-07-31,2018,7,2018-07,정기분,수납 완료,1071.0,535.5,2316510.0
024691164,고속터미널역(3호선),도곡영업사업소,시민용,고속터미널역,2018-09-30,2018,9,2018-09,정기분,수납 완료,2987.0,1493.5,6550870.0
024691164,고속터미널역(3호선),도곡영업사업소,시민용,고속터미널역,2018-11-30,2018,11,2018-11,정기분,수납 완료,1082.0,541.0,2340820.0
024691164,고속터미널역(3호선),도곡영업사업소,시민용,고속터미널역,2019-01-31,2019,1,2019-01,정기분,수납 완료,312.0,156.0,711120.0
024691164,고속터미널역(3호선),도곡영업사업소,시민용,고속터미널역,2019-03-31,2019,3,2019-03,정기분,수납 완료,274.0,137.0,660090.0
024691164,고속터미널역(3호선),도곡영업사업소,시민용,고속터미널역,2019-05-31,2019,5,2019-05,정기분,수납 완료,396.0,198.0,914320.0
024691164,고속터미널역(3호선),도곡영업사업소,시민용,고속터미널역,2019-07-31,2019,7,2019-07,정기분,수납 완료,1173.0,586.5,2671690.0
024691164,고속터미널역(3호선),도곡영업사업소,시민용,고속터미널역,2019-09-30,2019,9,2019-09,정기분,수납 완료,2640.0,1320.0,6089800.0
024691164,고속터미널역(3호선),도곡영업사업소,시민용,고속터미널역,2019-11-30,2019,11,2019-11,정기분,수납 완료,1395.0,697.5,3188950.0
024691164,고속터미널역(3호선),도곡영업사업소,시민용,고속터미널역,2020-01-31,2020,1,2020-01,정기분,수납 완료,260.0,130.0,632800.0
024691164,고속터미널역(3호선),도곡영업사업소,시민용,고속터미널역,2020-03-31,2020,3,2020-03,정기분,수납 완료,204.0,102.0,516880.0
024691164,고속터미널역(3호선),도곡영업사업소,시민용,고속터미널역,2020-05-31,2020,5,2020-05,정기분,수납 완료,242.0,121.0,595540.0
024691164,고속터미널역(3호선),도곡영업사업소,시민용,고속터미널역,2020-07-31,2020,7,2020-07,정기분,수납 완료,1560.0,780.0,3573400.0
024691164,고속터미널역(3호선),도곡영업사업소,시민용,고속터미널역,2020-09-30,2020,9,2020-09,정기분,수납 완료,2519.0,1259.5,5807870.0
024691164,고속터미널역(3호선),도곡영업사업소,시민용,고속터미널역,2020-11-30,2020,11,2020-11,정기분,수납 완료,1022.0,511.0,2319860.0
024691164,고속터미널역(3호선),도곡영업사업소,시민용,고속터미널역,2021-01-31,2021,1,2021-01,정기분,수납 완료,444.0,222.0,1013680.0
024691164,고속터미널역(3호선),도곡영업사업소,시민용,고속터미널역,2021-03-31,2021,3,2021-03,정기분,수납 완료,179.0,89.5,465130.0
024691164,고속터미널역(3호선),도곡영업사업소,시민용,고속터미널역,2021-05-31,2021,5,2021-05,정기분,수납 완료,307.0,153.5,730090.0
024691164,고속터미널역(3호선),도곡영업사업소,시민용,고속터미널역,2021-07-31,2021,7,2021-07,정기분,수납 완료,866.0,433.0,1956380.0
024691164,고속터미널역(3호선),도곡영업사업소,시민용,고속터미널역,2021-09-30,2021,9,2021-09,정기분,수납 완료,2598.0,1299.0,6531290.0
024691164,고속터미널역(3호선),도곡영업사업소,시민용,고속터미널역,2021-11-30,2021,11,2021-11,정기분,수납 완료,1255.0,627.5,3130300.0
024691164,고속터미널역(3호선),도곡영업사업소,시민용,고속터미널역,2022-01-31,2022,1,2022-01,정기분,수납 완료,162.0,81.0,476720.0
024691164,고속터미널역(3호선),도곡영업사업소,시민용,고속터미널역,2022-03-31,2022,3,2022-03,정기분,수납 완료,133.0,66.5,440740.0
024691164,고속터미널역(3호선),도곡영업사업소,시민용,고속터미널역,2022-05-31,2022,5,2022-05,정기분,수납 완료,199.0,99.5,490240.0
024691164,고속터미널역(3호선),도곡영업사업소,시민용,고속터미널역,2022-07-31,2022,7,2022-07,정기분,수납 완료,629.0,314.5,1681450.0
024691164,고속터미널역(3호선),도곡영업사업소,시민용,고속터미널역,2022-09-30,2022,9,2022-09,정기분,수납 완료,2040.0,1020.0,5420600.0
024691164,고속터미널역(3호선),도곡영업사업소,시민용,고속터미널역,2022-11-30,2022,11,2022-11,정기분,수납 완료,867.0,433.5,2312150.0
024691164,고속터미널역(3호선),도곡영업사업소,시민용,고속터미널역,2023-01-31,2023,1,2023-01,정기분,수납 완료,139.0,69.5,456710.0
024691164,고속터미널역(3호선),도곡영업사업소,시민용,고속터미널역,2023-03-31,2023,3,2023-03,정기분,수납 완료,115.0,57.5,410790.0
024691164,고속터미널역(3호선),도곡영업사업소,시민용,고속터미널역,2023-05-31,2023,5,2023-05,정기분,수납 완료,243.0,121.5,805210.0
024691164,고속터미널역(3호선),도곡영업사업소,시민용,고속터미널역,2023-07-31,2023,7,2023-07,정기분,수납 완료,823.0,411.5,2739880.0
024691164,고속터미널역(3호선),도곡영업사업소,시민용,고속터미널역,2023-09-30,2023,9,2023-09,정기분,수납 완료,2309.0,1154.5,7766830.0
024691164,고속터미널역(3호선),도곡영업사업소,시민용,고속터미널역,2023-11-30,2023,11,2023-11,정기분,수납 완료,1112.0,556.0,3710920.0
024691164,고속터미널역(3호선),도곡영업사업소,시민용,고속터미널역,2024-01-31,2024,1,2024-01,정기분,수납 완료,196.0,98.0,652760.0
024691164,고속터미널역(3호선),도곡영업사업소,시민용,고속터미널역,2024-03-31,2024,3,2024-03,정기분,수납 완료,131.0,65.5,460360.0
024691164,고속터미널역(3호선),도곡영업사업소,시민용,고속터미널역,2024-05-31,2024,5,2024-05,정기분,수납 완료,278.0,139.0,919660.0
024691164,고속터미널역(3호선),도곡영업사업소,시민용,고속터미널역,2024-07-31,2024,7,2024-07,정기분,수납 완료,939.0,469.5,3129640.0
024691164,고속터미널역(3호선),도곡영업사업소,시민용,고속터미널역,2024-09-30,2024,9,2024-09,정기분,수납 완료,2668.0,1334.0,9012560.0
024691164,고속터미널역(3호선),도곡영업사업소,시민용,고속터미널역,2024-11-30,2024,11,2024-11,정기분,수납 완료,1281.0,640.5,4278760.0
024691164,고속터미널역(3호선),도곡영업사업소,시민용,고속터미널역,2025-01-31,2025,1,2025-01,정기분,수납 완료,209.0,104.5,694030.0
024691164,고속터미널역(3호선),도곡영업사업소,시민용,고속터미널역,2025-03-31,2025,3,2025-03,정기분,수납 완료,148.0,74.0,510680.0
024691164,고속터미널역(3호선),도곡영업사업소,시민용,고속터미널역,2025-05-31,2025,5,2025-05,정기분,수납 완료,1172.0,586.0,3912520.0
024691164,고속터미널역(3호선),도곡영업사업소,시민용,고속터미널역,2025-07-31,2025,7,2025-07,정기분,수납 완료,3280.0,1640.0,11136200.0
024691164,고속터미널역(3호선),도곡영업사업소,시민용,고속터미널역,2025-09-30,2025,9,2025-09,정기분,수납 완료,3771.0,1885.5,12839970.0
024691164,고속터미널역(3호선),도곡영업사업소,시민용,고속터미널역,2025-11-30,2025,11,2025-11,정기분,수납 완료,2262.0,1131.0,7603740.0
024691164,고속터미널역(3호선),도곡영업사업소,시민용,고속터미널역,2026-01-31,2026,1,2026-01,정기분,수납 완료,701.0,350.5,2329960.0
024691164,고속터미널역(3호선),도곡영업사업소,시민용,고속터미널역,2026-03-31,2026,3,2026-03,정기분,수납 완료,159.0,79.5,568580.0
024691164,고속터미널역(3호선),도곡영업사업소,시민용,고속터미널역,2026-05-31,2026,5,2026-05,정기분,미납,800.0,400.0,2817400.0
001159721,군자(능동)역(5호선),광화문영업사업소,시민용,군자역(5),2010-04-30,2010,4,2010-04,정기분,수납 완료,1549.0,774.5,1344760.0
001159721,군자(능동)역(5호선),광화문영업사업소,시민용,군자역(5),2010-06-30,2010,6,2010-06,정기분,수납 완료,1654.0,827.0,1432960.0
001159721,군자(능동)역(5호선),광화문영업사업소,시민용,군자역(5),2010-08-31,2010,8,2010-08,정기분,수납 완료,1333.0,666.5,1163320.0
001159721,군자(능동)역(5호선),광화문영업사업소,시민용,군자역(5),2010-10-31,2010,10,2010-10,정기분,수납 완료,244.0,122.0,277040.0
001159721,군자(능동)역(5호선),광화문영업사업소,시민용,군자역(5),2010-12-31,2010,12,2010-12,정기분,수납 완료,1667.0,833.5,4083100.0
001159721,군자(능동)역(5호선),광화문영업사업소,시민용,군자역(5),2011-02-28,2011,2,2011-02,정기분,수납 완료,1667.0,833.5,2142270.0
001159721,군자(능동)역(5호선),광화문영업사업소,시민용,군자역(5),2011-04-30,2011,4,2011-04,정기분,수납 완료,1476.0,738.0,1904640.0
001159721,군자(능동)역(5호선),광화문영업사업소,시민용,군자역(5),2011-06-30,2011,6,2011-06,정기분,수납 완료,1546.0,773.0,1994940.0
001159721,군자(능동)역(5호선),광화문영업사업소,시민용,군자역(5),2011-08-31,2011,8,2011-08,정기분,수납 완료,1597.0,798.5,2060730.0
001159721,군자(능동)역(5호선),광화문영업사업소,시민용,군자역(5),2011-10-31,2011,10,2011-10,정기분,수납 완료,1745.0,872.5,2251650.0
001159721,군자(능동)역(5호선),광화문영업사업소,시민용,군자역(5),2011-12-31,2011,12,2011-12,정기분,수납 완료,1740.0,870.0,2245200.0
001159721,군자(능동)역(5호선),광화문영업사업소,시민용,군자역(5),2012-02-29,2012,2,2012-02,정기분,수납 완료,1740.0,870.0,2245200.0
001159721,군자(능동)역(5호선),광화문영업사업소,시민용,군자역(5),2012-04-30,2012,4,2012-04,정기분,수납 완료,1260.0,630.0,2107800.0
001159721,군자(능동)역(5호선),광화문영업사업소,시민용,군자역(5),2012-06-30,2012,6,2012-06,정기분,수납 완료,1715.0,857.5,2774200.0
001159721,군자(능동)역(5호선),광화문영업사업소,시민용,군자역(5),2012-08-31,2012,8,2012-08,정기분,수납 완료,1874.0,937.0,3034960.0
001159721,군자(능동)역(5호선),광화문영업사업소,시민용,군자역(5),2012-10-31,2012,10,2012-10,정기분,수납 완료,1939.0,969.5,3141560.0
001159721,군자(능동)역(5호선),광화문영업사업소,시민용,군자역(5),2012-12-31,2012,12,2012-12,정기분,수납 완료,1777.0,888.5,2875880.0
001159721,군자(능동)역(5호선),광화문영업사업소,시민용,군자역(5),2013-02-28,2013,2,2013-02,정기분,수납 완료,1740.0,870.0,2815200.0
001159721,군자(능동)역(5호선),광화문영업사업소,시민용,군자역(5),2013-04-30,2013,4,2013-04,정기분,수납 완료,1534.0,767.0,2773360.0
001159721,군자(능동)역(5호선),광화문영업사업소,시민용,군자역(5),2013-06-30,2013,6,2013-06,정기분,수납 완료,1926.0,963.0,3503580.0
001159721,군자(능동)역(5호선),광화문영업사업소,시민용,군자역(5),2013-08-31,2013,8,2013-08,정기분,수납 완료,2398.0,1199.0,4347920.0
001159721,군자(능동)역(5호선),광화문영업사업소,시민용,군자역(5),2013-10-31,2013,10,2013-10,정기분,수납 완료,2469.0,1234.5,4478560.0
001159721,군자(능동)역(5호선),광화문영업사업소,시민용,군자역(5),2013-12-31,2013,12,2013-12,정기분,수납 완료,2056.0,1028.0,3718640.0
001159721,군자(능동)역(5호선),광화문영업사업소,시민용,군자역(5),2014-02-28,2014,2,2014-02,정기분,수납 완료,1740.0,870.0,3137200.0
001159721,군자(능동)역(5호선),광화문영업사업소,시민용,군자역(5),2014-04-30,2014,4,2014-04,정기분,수납 완료,2367.0,1183.5,4602080.0
001159721,군자(능동)역(5호선),광화문영업사업소,시민용,군자역(5),2014-06-30,2014,6,2014-06,정기분,수납 완료,2445.0,1222.5,4804340.0
001159721,군자(능동)역(5호선),광화문영업사업소,시민용,군자역(5),2014-08-31,2014,8,2014-08,정기분,수납 완료,2880.0,1440.0,5683600.0
001159721,군자(능동)역(5호선),광화문영업사업소,시민용,군자역(5),2014-10-31,2014,10,2014-10,정기분,수납 완료,3130.0,1565.0,6183600.0
001159721,군자(능동)역(5호선),광화문영업사업소,시민용,군자역(5),2014-12-31,2014,12,2014-12,정기분,수납 완료,2749.0,1374.5,5421600.0
001159721,군자(능동)역(5호선),광화문영업사업소,시민용,군자역(5),2015-02-28,2015,2,2015-02,정기분,수납 완료,2239.0,1119.5,4401600.0
001159721,군자(능동)역(5호선),광화문영업사업소,시민용,군자역(5),2015-04-30,2015,4,2015-04,정기분,수납 완료,2158.0,1079.0,4239600.0
001159721,군자(능동)역(5호선),광화문영업사업소,시민용,군자역(5),2015-06-30,2015,6,2015-06,정기분,수납 완료,2513.0,1256.5,4949600.0
001159721,군자(능동)역(5호선),광화문영업사업소,시민용,군자역(5),2015-08-31,2015,8,2015-08,정기분,수납 완료,2943.0,1471.5,5809600.0
001159721,군자(능동)역(5호선),광화문영업사업소,시민용,군자역(5),2015-10-31,2015,10,2015-10,정기분,수납 완료,3310.0,1655.0,6543600.0
001159721,군자(능동)역(5호선),광화문영업사업소,시민용,군자역(5),2015-12-31,2015,12,2015-12,정기분,수납 완료,3057.0,1528.5,6037600.0
001159721,군자(능동)역(5호선),광화문영업사업소,시민용,군자역(5),2016-02-29,2016,2,2016-02,정기분,수납 완료,2353.0,1176.5,4629600.0
001159721,군자(능동)역(5호선),광화문영업사업소,시민용,군자역(5),2016-04-30,2016,4,2016-04,정기분,수납 완료,2509.0,1254.5,4941600.0
001159721,군자(능동)역(5호선),광화문영업사업소,시민용,군자역(5),2016-06-30,2016,6,2016-06,정기분,수납 완료,2794.0,1397.0,5511600.0
001159721,군자(능동)역(5호선),광화문영업사업소,시민용,군자역(5),2016-08-31,2016,8,2016-08,정기분,수납 완료,2923.0,1461.5,5769600.0
001159721,군자(능동)역(5호선),광화문영업사업소,시민용,군자역(5),2016-10-31,2016,10,2016-10,정기분,수납 완료,3392.0,1696.0,6707600.0
001159721,군자(능동)역(5호선),광화문영업사업소,시민용,군자역(5),2016-12-31,2016,12,2016-12,정기분,수납 완료,2585.0,1292.5,5093600.0
001159721,군자(능동)역(5호선),광화문영업사업소,시민용,군자역(5),2017-02-28,2017,2,2017-02,정기분,수납 완료,2278.0,1139.0,4599320.0
001159721,군자(능동)역(5호선),광화문영업사업소,시민용,군자역(5),2017-04-30,2017,4,2017-04,정기분,수납 완료,2588.0,1294.0,5354970.0
001159721,군자(능동)역(5호선),광화문영업사업소,시민용,군자역(5),2017-06-30,2017,6,2017-06,정기분,수납 완료,2603.0,1301.5,5380900.0
001159721,군자(능동)역(5호선),광화문영업사업소,시민용,군자역(5),2017-08-31,2017,8,2017-08,정기분,수납 완료,2953.0,1476.5,6115900.0
001159721,군자(능동)역(5호선),광화문영업사업소,시민용,군자역(5),2017-10-31,2017,10,2017-10,정기분,수납 완료,2813.0,1406.5,5821900.0
001159721,군자(능동)역(5호선),광화문영업사업소,시민용,군자역(5),2017-12-31,2017,12,2017-12,정기분,수납 완료,2421.0,1210.5,4998700.0
001159721,군자(능동)역(5호선),광화문영업사업소,시민용,군자역(5),2018-02-28,2018,2,2018-02,정기분,수납 완료,2278.0,1139.0,4815790.0
001159721,군자(능동)역(5호선),광화문영업사업소,시민용,군자역(5),2018-04-30,2018,4,2018-04,정기분,수납 완료,2034.0,1017.0,4398380.0
001159721,군자(능동)역(5호선),광화문영업사업소,시민용,군자역(5),2018-06-30,2018,6,2018-06,정기분,수납 완료,2618.0,1309.0,5685380.0
001159721,군자(능동)역(5호선),광화문영업사업소,시민용,군자역(5),2018-08-31,2018,8,2018-08,정기분,수납 완료,3331.0,1665.5,7261110.0
001159721,군자(능동)역(5호선),광화문영업사업소,시민용,군자역(5),2018-10-31,2018,10,2018-10,정기분,수납 완료,3144.0,1572.0,6847840.0
001159721,군자(능동)역(5호선),광화문영업사업소,시민용,군자역(5),2018-12-31,2018,12,2018-12,정기분,수납 완료,2622.0,1311.0,5694220.0
001159721,군자(능동)역(5호선),광화문영업사업소,시민용,군자역(5),2019-02-28,2019,2,2019-02,정기분,수납 완료,2196.0,1098.0,4878390.0
001159721,군자(능동)역(5호선),광화문영업사업소,시민용,군자역(5),2019-04-30,2019,4,2019-04,정기분,수납 완료,2444.0,1222.0,5583120.0
001159721,군자(능동)역(5호선),광화문영업사업소,시민용,군자역(5),2019-06-30,2019,6,2019-06,정기분,수납 완료,2757.0,1378.5,6312410.0
001159721,군자(능동)역(5호선),광화문영업사업소,시민용,군자역(5),2019-08-31,2019,8,2019-08,정기분,수납 완료,2757.0,1378.5,6312410.0
001159721,군자(능동)역(5호선),광화문영업사업소,시민용,군자역(5),2019-10-31,2019,10,2019-10,정기분,수납 완료,3602.0,1801.0,8281260.0
001159721,군자(능동)역(5호선),광화문영업사업소,시민용,군자역(5),2019-12-31,2019,12,2019-12,정기분,수납 완료,2644.0,1322.0,6049120.0
001159721,군자(능동)역(5호선),광화문영업사업소,시민용,군자역(5),2020-02-29,2020,2,2020-02,정기분,수납 완료,2442.0,1221.0,5578460.0
001159721,군자(능동)역(5호선),광화문영업사업소,시민용,군자역(5),2020-04-30,2020,4,2020-04,정기분,수납 완료,1872.0,936.0,4250360.0
001159721,군자(능동)역(5호선),광화문영업사업소,시민용,군자역(5),2020-06-30,2020,6,2020-06,정기분,수납 완료,2080.0,1040.0,4735000.0
001159721,군자(능동)역(5호선),광화문영업사업소,시민용,군자역(5),2020-08-31,2020,8,2020-08,정기분,수납 완료,2080.0,1040.0,4735000.0
001159721,군자(능동)역(5호선),광화문영업사업소,시민용,군자역(5),2020-10-31,2020,10,2020-10,정기분,수납 완료,2678.0,1339.0,6128340.0
001159721,군자(능동)역(5호선),광화문영업사업소,시민용,군자역(5),2020-12-31,2020,12,2020-12,정기분,수납 완료,2056.0,1028.0,4679080.0
001159721,군자(능동)역(5호선),광화문영업사업소,시민용,군자역(5),2021-02-28,2021,2,2021-02,정기분,수납 완료,2056.0,1028.0,4679080.0
001159721,군자(능동)역(5호선),광화문영업사업소,시민용,군자역(5),2021-04-30,2021,4,2021-04,정기분,수납 완료,1844.0,922.0,4185120.0
001159721,군자(능동)역(5호선),광화문영업사업소,시민용,군자역(5),2021-06-30,2021,6,2021-06,정기분,수납 완료,2376.0,1188.0,5424680.0
001159721,군자(능동)역(5호선),광화문영업사업소,시민용,군자역(5),2021-08-31,2021,8,2021-08,정기분,수납 완료,2170.0,1085.0,5184590.0
001159721,군자(능동)역(5호선),광화문영업사업소,시민용,군자역(5),2021-10-31,2021,10,2021-10,정기분,수납 완료,2823.0,1411.5,7063020.0
001159721,군자(능동)역(5호선),광화문영업사업소,시민용,군자역(5),2021-12-31,2021,12,2021-12,정기분,수납 완료,2482.0,1241.0,6196880.0
001159721,군자(능동)역(5호선),광화문영업사업소,시민용,군자역(5),2022-02-28,2022,2,2022-02,정기분,수납 완료,1978.0,989.0,5064790.0
001159721,군자(능동)역(5호선),광화문영업사업소,시민용,군자역(5),2022-04-30,2022,4,2022-04,정기분,수납 완료,1728.0,864.0,4543800.0
001159721,군자(능동)역(5호선),광화문영업사업소,시민용,군자역(5),2022-06-30,2022,6,2022-06,정기분,수납 완료,2756.0,1378.0,7268000.0
001159721,군자(능동)역(5호선),광화문영업사업소,시민용,군자역(5),2022-08-31,2022,8,2022-08,정기분,수납 완료,3344.0,1672.0,8826200.0
001159721,군자(능동)역(5호선),광화문영업사업소,시민용,군자역(5),2022-10-31,2022,10,2022-10,정기분,수납 완료,2807.0,1403.5,7403150.0
001159721,군자(능동)역(5호선),광화문영업사업소,시민용,군자역(5),2022-12-31,2022,12,2022-12,정기분,수납 완료,2684.0,1342.0,7077200.0
001159721,군자(능동)역(5호선),광화문영업사업소,시민용,군자역(5),2023-02-28,2023,2,2023-02,정기분,수납 완료,2408.0,1204.0,7221210.0
001159721,군자(능동)역(5호선),광화문영업사업소,시민용,군자역(5),2023-04-30,2023,4,2023-04,정기분,수납 완료,2498.0,1249.0,8372660.0
001159721,군자(능동)역(5호선),광화문영업사업소,시민용,군자역(5),2023-06-30,2023,6,2023-06,정기분,수납 완료,3193.0,1596.5,10784310.0
001159721,군자(능동)역(5호선),광화문영업사업소,시민용,군자역(5),2023-08-31,2023,8,2023-08,정기분,수납 완료,3279.0,1639.5,11082730.0
001159721,군자(능동)역(5호선),광화문영업사업소,시민용,군자역(5),2023-10-31,2023,10,2023-10,정기분,수납 완료,3783.0,1891.5,12831610.0
001159721,군자(능동)역(5호선),광화문영업사업소,시민용,군자역(5),2023-12-31,2023,12,2023-12,정기분,수납 완료,2807.0,1403.5,9444890.0
001159721,군자(능동)역(5호선),광화문영업사업소,시민용,군자역(5),2024-02-29,2024,2,2024-02,정기분,수납 완료,2678.0,1339.0,8997260.0
001159721,군자(능동)역(5호선),광화문영업사업소,시민용,군자역(5),2024-04-30,2024,4,2024-04,정기분,수납 완료,3026.0,1513.0,10204820.0
001159721,군자(능동)역(5호선),광화문영업사업소,시민용,군자역(5),2024-06-30,2024,6,2024-06,정기분,수납 완료,3111.0,1555.5,10499770.0
001159721,군자(능동)역(5호선),광화문영업사업소,시민용,군자역(5),2024-08-31,2024,8,2024-08,정기분,수납 완료,3457.0,1728.5,11700390.0
001159721,군자(능동)역(5호선),광화문영업사업소,시민용,군자역(5),2024-10-31,2024,10,2024-10,정기분,수납 완료,3859.0,1929.5,13095330.0
001159721,군자(능동)역(5호선),광화문영업사업소,시민용,군자역(5),2024-12-31,2024,12,2024-12,정기분,수납 완료,3391.0,1695.5,11471370.0
001159721,군자(능동)역(5호선),광화문영업사업소,시민용,군자역(5),2025-02-28,2025,2,2025-02,정기분,수납 완료,3240.0,1620.0,10947400.0
001159721,군자(능동)역(5호선),광화문영업사업소,시민용,군자역(5),2025-04-30,2025,4,2025-04,정기분,수납 완료,2540.0,1270.0,8518400.0
001159721,군자(능동)역(5호선),광화문영업사업소,시민용,군자역(5),2025-06-30,2025,6,2025-06,정기분,수납 완료,2743.0,1371.5,9222810.0
001159721,군자(능동)역(5호선),광화문영업사업소,시민용,군자역(5),2025-08-31,2025,8,2025-08,정기분,수납 완료,3502.0,1751.0,11856540.0
001159721,군자(능동)역(5호선),광화문영업사업소,시민용,군자역(5),2025-10-31,2025,10,2025-10,정기분,수납 완료,4013.0,2006.5,13629710.0
001159721,군자(능동)역(5호선),광화문영업사업소,시민용,군자역(5),2025-12-31,2025,12,2025-12,정기분,수납 완료,2845.0,1422.5,9576750.0
001159721,군자(능동)역(5호선),광화문영업사업소,시민용,군자역(5),2026-02-28,2026,2,2026-02,정기분,수납 완료,2661.0,1330.5,9175020.0
001159721,군자(능동)역(5호선),광화문영업사업소,시민용,군자역(5),2026-04-30,2026,4,2026-04,정기분,수납 완료,2661.0,1330.5,9422440.0
024167685,굽은다리(강동구민회관앞)역,강동영업사업소,시민용,굽은다리역,2008-06-30,2008,6,2008-06,정기분,수납 완료,136.0,68.0,360150.0
024167685,굽은다리(강동구민회관앞)역,강동영업사업소,시민용,굽은다리역,2008-08-31,2008,8,2008-08,정기분,수납 완료,80.0,40.0,318750.0
024167685,굽은다리(강동구민회관앞)역,강동영업사업소,시민용,굽은다리역,2008-10-31,2008,10,2008-10,정기분,수납 완료,80.0,40.0,318750.0
024167685,굽은다리(강동구민회관앞)역,강동영업사업소,시민용,굽은다리역,2008-12-31,2008,12,2008-12,정기분,수납 완료,171.0,85.5,454450.0
024167685,굽은다리(강동구민회관앞)역,강동영업사업소,시민용,굽은다리역,2009-02-28,2009,2,2009-02,정기분,수납 완료,134.0,67.0,340600.0
024167685,굽은다리(강동구민회관앞)역,강동영업사업소,시민용,굽은다리역,2009-04-30,2009,4,2009-04,정기분,수납 완료,144.0,72.0,359000.0
024167685,굽은다리(강동구민회관앞)역,강동영업사업소,시민용,굽은다리역,2009-06-30,2009,6,2009-06,정기분,수납 완료,167.0,83.5,424550.0
024167685,굽은다리(강동구민회관앞)역,강동영업사업소,시민용,굽은다리역,2009-08-31,2009,8,2009-08,정기분,수납 완료,146.0,73.0,874840.0
024167685,굽은다리(강동구민회관앞)역,강동영업사업소,시민용,굽은다리역,2009-10-31,2009,10,2009-10,정기분,수납 완료,162.0,81.0,770700.0
024167685,굽은다리(강동구민회관앞)역,강동영업사업소,시민용,굽은다리역,2009-12-31,2009,12,2009-12,정기분,수납 완료,139.0,69.5,430300.0
024167685,굽은다리(강동구민회관앞)역,강동영업사업소,시민용,굽은다리역,2010-02-28,2010,2,2010-02,정기분,수납 완료,195.0,97.5,372800.0
024167685,굽은다리(강동구민회관앞)역,강동영업사업소,시민용,굽은다리역,2010-04-30,2010,4,2010-04,정기분,수납 완료,206.0,103.0,315500.0
024167685,굽은다리(강동구민회관앞)역,강동영업사업소,시민용,굽은다리역,2010-06-30,2010,6,2010-06,정기분,수납 완료,234.0,117.0,347700.0
024167685,굽은다리(강동구민회관앞)역,강동영업사업소,시민용,굽은다리역,2010-08-31,2010,8,2010-08,정기분,수납 완료,375.0,187.5,509850.0
024167685,굽은다리(강동구민회관앞)역,강동영업사업소,시민용,굽은다리역,2010-10-31,2010,10,2010-10,정기분,수납 완료,384.0,192.0,520200.0
024167685,굽은다리(강동구민회관앞)역,강동영업사업소,시민용,굽은다리역,2010-12-31,2010,12,2010-12,정기분,수납 완료,414.0,207.0,554700.0
024167685,굽은다리(강동구민회관앞)역,강동영업사업소,시민용,굽은다리역,2011-02-28,2011,2,2011-02,정기분,수납 완료,733.0,366.5,2100680.0
024167685,굽은다리(강동구민회관앞)역,강동영업사업소,시민용,굽은다리역,2011-04-30,2011,4,2011-04,정기분,수납 완료,674.0,337.0,3065100.0
024167685,굽은다리(강동구민회관앞)역,강동영업사업소,시민용,굽은다리역,2011-06-30,2011,6,2011-06,정기분,수납 완료,695.0,347.5,2939530.0
024167685,굽은다리(강동구민회관앞)역,강동영업사업소,시민용,굽은다리역,2011-08-31,2011,8,2011-08,정기분,수납 완료,788.0,394.0,3559640.0
024167685,굽은다리(강동구민회관앞)역,강동영업사업소,시민용,굽은다리역,2011-10-31,2011,10,2011-10,정기분,수납 완료,736.0,368.0,3492560.0
024167685,굽은다리(강동구민회관앞)역,강동영업사업소,시민용,굽은다리역,2011-12-31,2011,12,2011-12,정기분,수납 완료,797.0,398.5,4413430.0
024167685,굽은다리(강동구민회관앞)역,강동영업사업소,시민용,굽은다리역,2012-02-29,2012,2,2012-02,정기분,수납 완료,605.0,302.5,4090950.0
024167685,굽은다리(강동구민회관앞)역,강동영업사업소,시민용,굽은다리역,2012-04-30,2012,4,2012-04,정기분,수납 완료,643.0,321.5,5299520.0
024167685,굽은다리(강동구민회관앞)역,강동영업사업소,시민용,굽은다리역,2012-06-30,2012,6,2012-06,정기분,수납 완료,827.0,413.5,5259840.0
024167685,굽은다리(강동구민회관앞)역,강동영업사업소,시민용,굽은다리역,2012-08-31,2012,8,2012-08,정기분,수납 완료,823.0,411.5,5185520.0
024167685,굽은다리(강동구민회관앞)역,강동영업사업소,시민용,굽은다리역,2012-10-31,2012,10,2012-10,정기분,수납 완료,753.0,376.5,5618520.0
024167685,굽은다리(강동구민회관앞)역,강동영업사업소,시민용,굽은다리역,2012-12-31,2012,12,2012-12,정기분,수납 완료,698.0,349.0,5418760.0
024167685,굽은다리(강동구민회관앞)역,강동영업사업소,시민용,굽은다리역,2013-02-28,2013,2,2013-02,정기분,수납 완료,665.0,332.5,4201720.0
024167685,굽은다리(강동구민회관앞)역,강동영업사업소,시민용,굽은다리역,2013-04-30,2013,4,2013-04,정기분,수납 완료,596.0,298.0,4755240.0
024167685,굽은다리(강동구민회관앞)역,강동영업사업소,시민용,굽은다리역,2013-06-30,2013,6,2013-06,정기분,수납 완료,721.0,360.5,5025800.0
024167685,굽은다리(강동구민회관앞)역,강동영업사업소,시민용,굽은다리역,2013-08-31,2013,8,2013-08,정기분,수납 완료,767.0,383.5,5220360.0
024167685,굽은다리(강동구민회관앞)역,강동영업사업소,시민용,굽은다리역,2013-10-31,2013,10,2013-10,정기분,수납 완료,754.0,377.0,5527680.0
024167685,굽은다리(강동구민회관앞)역,강동영업사업소,시민용,굽은다리역,2013-12-31,2013,12,2013-12,정기분,수납 완료,778.0,389.0,5571840.0
024167685,굽은다리(강동구민회관앞)역,강동영업사업소,시민용,굽은다리역,2014-02-28,2014,2,2014-02,정기분,수납 완료,676.0,338.0,4923440.0
024167685,굽은다리(강동구민회관앞)역,강동영업사업소,시민용,굽은다리역,2014-04-30,2014,4,2014-04,정기분,수납 완료,627.0,313.5,5497600.0
024167685,굽은다리(강동구민회관앞)역,강동영업사업소,시민용,굽은다리역,2014-06-30,2014,6,2014-06,정기분,수납 완료,794.0,397.0,5171600.0
024167685,굽은다리(강동구민회관앞)역,강동영업사업소,시민용,굽은다리역,2014-08-31,2014,8,2014-08,정기분,수납 완료,869.0,434.5,5321600.0
024167685,굽은다리(강동구민회관앞)역,강동영업사업소,시민용,굽은다리역,2014-10-31,2014,10,2014-10,정기분,수납 완료,952.0,476.0,5528400.0
024167685,굽은다리(강동구민회관앞)역,강동영업사업소,시민용,굽은다리역,2014-12-31,2014,12,2014-12,정기분,수납 완료,814.0,407.0,4356600.0
024167685,굽은다리(강동구민회관앞)역,강동영업사업소,시민용,굽은다리역,2015-02-28,2015,2,2015-02,정기분,수납 완료,724.0,362.0,5236200.0
024167685,굽은다리(강동구민회관앞)역,강동영업사업소,시민용,굽은다리역,2015-04-30,2015,4,2015-04,정기분,수납 완료,756.0,378.0,4912600.0
024167685,굽은다리(강동구민회관앞)역,강동영업사업소,시민용,굽은다리역,2015-06-30,2015,6,2015-06,정기분,수납 완료,784.0,392.0,5017800.0
024167685,굽은다리(강동구민회관앞)역,강동영업사업소,시민용,굽은다리역,2015-08-31,2015,8,2015-08,정기분,수납 완료,916.0,458.0,4863600.0
024167685,굽은다리(강동구민회관앞)역,강동영업사업소,시민용,굽은다리역,2015-10-31,2015,10,2015-10,정기분,수납 완료,1045.0,522.5,4933800.0
024167685,굽은다리(강동구민회관앞)역,강동영업사업소,시민용,굽은다리역,2015-12-31,2015,12,2015-12,정기분,수납 완료,1032.0,516.0,4820200.0
024167685,굽은다리(강동구민회관앞)역,강동영업사업소,시민용,굽은다리역,2016-02-29,2016,2,2016-02,정기분,수납 완료,1096.0,548.0,6010800.0
024167685,굽은다리(강동구민회관앞)역,강동영업사업소,시민용,굽은다리역,2016-04-30,2016,4,2016-04,정기분,수납 완료,972.0,486.0,4601800.0
024167685,굽은다리(강동구민회관앞)역,강동영업사업소,시민용,굽은다리역,2016-06-30,2016,6,2016-06,정기분,수납 완료,1094.0,547.0,4710200.0
024167685,굽은다리(강동구민회관앞)역,강동영업사업소,시민용,굽은다리역,2016-08-31,2016,8,2016-08,정기분,수납 완료,1343.0,671.5,5843000.0
024167685,굽은다리(강동구민회관앞)역,강동영업사업소,시민용,굽은다리역,2016-10-31,2016,10,2016-10,정기분,수납 완료,1069.0,534.5,5166600.0
024167685,굽은다리(강동구민회관앞)역,강동영업사업소,시민용,굽은다리역,2016-12-31,2016,12,2016-12,정기분,수납 완료,1009.0,504.5,5001000.0
024167685,굽은다리(강동구민회관앞)역,강동영업사업소,시민용,굽은다리역,2017-02-28,2017,2,2017-02,정기분,수납 완료,932.0,466.0,5915800.0
024167685,굽은다리(강동구민회관앞)역,강동영업사업소,시민용,굽은다리역,2017-04-30,2017,4,2017-04,정기분,수납 완료,979.0,489.5,5096260.0
024167685,굽은다리(강동구민회관앞)역,강동영업사업소,시민용,굽은다리역,2017-06-30,2017,6,2017-06,정기분,수납 완료,992.0,496.0,4856260.0
024167685,굽은다리(강동구민회관앞)역,강동영업사업소,시민용,굽은다리역,2017-08-31,2017,8,2017-08,정기분,수납 완료,1021.0,510.5,4712560.0
024167685,굽은다리(강동구민회관앞)역,강동영업사업소,시민용,굽은다리역,2017-10-31,2017,10,2017-10,정기분,수납 완료,949.0,474.5,5469520.0
024167685,굽은다리(강동구민회관앞)역,강동영업사업소,시민용,굽은다리역,2017-12-31,2017,12,2017-12,정기분,수납 완료,866.0,433.0,5318980.0
024167685,굽은다리(강동구민회관앞)역,강동영업사업소,시민용,굽은다리역,2018-02-28,2018,2,2018-02,정기분,수납 완료,874.0,437.0,5820260.0
024167685,굽은다리(강동구민회관앞)역,강동영업사업소,시민용,굽은다리역,2018-04-30,2018,4,2018-04,정기분,수납 완료,790.0,395.0,5698380.0
024167685,굽은다리(강동구민회관앞)역,강동영업사업소,시민용,굽은다리역,2018-06-30,2018,6,2018-06,정기분,수납 완료,999.0,499.5,5617390.0
024167685,굽은다리(강동구민회관앞)역,강동영업사업소,시민용,굽은다리역,2018-08-31,2018,8,2018-08,정기분,수납 완료,798.0,399.0,6119980.0
024167685,굽은다리(강동구민회관앞)역,강동영업사업소,시민용,굽은다리역,2018-10-31,2018,10,2018-10,정기분,수납 완료,847.0,423.5,6126030.0
024167685,굽은다리(강동구민회관앞)역,강동영업사업소,시민용,굽은다리역,2018-12-31,2018,12,2018-12,정기분,수납 완료,733.0,366.5,5735850.0
024167685,굽은다리(강동구민회관앞)역,강동영업사업소,시민용,굽은다리역,2019-02-28,2019,2,2019-02,정기분,수납 완료,672.0,336.0,6132150.0
024167685,굽은다리(강동구민회관앞)역,강동영업사업소,시민용,굽은다리역,2019-04-30,2019,4,2019-04,정기분,수납 완료,765.0,382.5,5804650.0
024167685,굽은다리(강동구민회관앞)역,강동영업사업소,시민용,굽은다리역,2019-06-30,2019,6,2019-06,정기분,수납 완료,908.0,454.0,5984240.0
024167685,굽은다리(강동구민회관앞)역,강동영업사업소,시민용,굽은다리역,2019-08-31,2019,8,2019-08,정기분,수납 완료,936.0,468.0,5914280.0
024167685,굽은다리(강동구민회관앞)역,강동영업사업소,시민용,굽은다리역,2019-10-31,2019,10,2019-10,정기분,수납 완료,942.0,471.0,6826660.0
024167685,굽은다리(강동구민회관앞)역,강동영업사업소,시민용,굽은다리역,2019-12-31,2019,12,2019-12,정기분,수납 완료,930.0,465.0,6812300.0
024167685,굽은다리(강동구민회관앞)역,강동영업사업소,시민용,굽은다리역,2020-02-29,2020,2,2020-02,정기분,수납 완료,795.0,397.5,6015350.0
024167685,굽은다리(강동구민회관앞)역,강동영업사업소,시민용,굽은다리역,2020-04-30,2020,4,2020-04,정기분,수납 완료,635.0,317.5,5704950.0
024167685,굽은다리(강동구민회관앞)역,강동영업사업소,시민용,굽은다리역,2020-06-30,2020,6,2020-06,정기분,수납 완료,717.0,358.5,5536810.0
024167685,굽은다리(강동구민회관앞)역,강동영업사업소,시민용,굽은다리역,2020-08-31,2020,8,2020-08,정기분,수납 완료,990.0,495.0,6172900.0
024167685,굽은다리(강동구민회관앞)역,강동영업사업소,시민용,굽은다리역,2020-10-31,2020,10,2020-10,정기분,수납 완료,946.0,473.0,6070380.0
024167685,굽은다리(강동구민회관앞)역,강동영업사업소,시민용,굽은다리역,2020-12-31,2020,12,2020-12,정기분,수납 완료,710.0,355.0,5520500.0
024167685,굽은다리(강동구민회관앞)역,강동영업사업소,시민용,굽은다리역,2021-02-28,2021,2,2021-02,정기분,수납 완료,698.0,349.0,5492540.0
024167685,굽은다리(강동구민회관앞)역,강동영업사업소,시민용,굽은다리역,2021-04-30,2021,4,2021-04,정기분,수납 완료,627.0,313.5,5327110.0
024167685,굽은다리(강동구민회관앞)역,강동영업사업소,시민용,굽은다리역,2021-06-30,2021,6,2021-06,정기분,수납 완료,737.0,368.5,5583410.0
024167685,굽은다리(강동구민회관앞)역,강동영업사업소,시민용,굽은다리역,2021-08-31,2021,8,2021-08,정기분,수납 완료,927.0,463.5,6129090.0
024167685,굽은다리(강동구민회관앞)역,강동영업사업소,시민용,굽은다리역,2021-10-31,2021,10,2021-10,정기분,수납 완료,821.0,410.5,5958790.0
024167685,굽은다리(강동구민회관앞)역,강동영업사업소,시민용,굽은다리역,2021-12-31,2021,12,2021-12,정기분,수납 완료,753.0,376.5,5782820.0
024167685,굽은다리(강동구민회관앞)역,강동영업사업소,시민용,굽은다리역,2022-02-28,2022,2,2022-02,정기분,수납 완료,771.0,385.5,5899690.0
024167685,굽은다리(강동구민회관앞)역,강동영업사업소,시민용,굽은다리역,2022-04-30,2022,4,2022-04,정기분,수납 완료,629.0,314.5,5609050.0
024167685,굽은다리(강동구민회관앞)역,강동영업사업소,시민용,굽은다리역,2022-06-30,2022,6,2022-06,정기분,수납 완료,698.0,349.0,5791900.0
024167685,굽은다리(강동구민회관앞)역,강동영업사업소,시민용,굽은다리역,2022-08-31,2022,8,2022-08,정기분,수납 완료,905.0,452.5,6740850.0
024167685,굽은다리(강동구민회관앞)역,강동영업사업소,시민용,굽은다리역,2022-10-31,2022,10,2022-10,정기분,수납 완료,1044.0,522.0,9356000.0
024167685,굽은다리(강동구민회관앞)역,강동영업사업소,시민용,굽은다리역,2022-12-31,2022,12,2022-12,정기분,수납 완료,598.0,299.0,7403220.0
024167685,굽은다리(강동구민회관앞)역,강동영업사업소,시민용,굽은다리역,2023-02-28,2023,2,2023-02,정기분,수납 완료,771.0,385.5,7459560.0
024167685,굽은다리(강동구민회관앞)역,강동영업사업소,시민용,굽은다리역,2023-04-30,2023,4,2023-04,정기분,수납 완료,869.0,434.5,7198840.0
024167685,굽은다리(강동구민회관앞)역,강동영업사업소,시민용,굽은다리역,2023-06-30,2023,6,2023-06,정기분,수납 완료,931.0,465.5,7241070.0
024167685,굽은다리(강동구민회관앞)역,강동영업사업소,시민용,굽은다리역,2023-08-31,2023,8,2023-08,정기분,수납 완료,934.0,467.0,7800440.0
024167685,굽은다리(강동구민회관앞)역,강동영업사업소,시민용,굽은다리역,2023-10-31,2023,10,2023-10,정기분,수납 완료,950.0,475.0,8819000.0
024167685,굽은다리(강동구민회관앞)역,강동영업사업소,시민용,굽은다리역,2023-12-31,2023,12,2023-12,정기분,수납 완료,916.0,458.0,8539960.0
024167685,굽은다리(강동구민회관앞)역,강동영업사업소,시민용,굽은다리역,2024-02-29,2024,2,2024-02,정기분,수납 완료,919.0,459.5,8249240.0
024167685,굽은다리(강동구민회관앞)역,강동영업사업소,시민용,굽은다리역,2024-04-30,2024,4,2024-04,정기분,수납 완료,844.0,422.0,7716040.0
024167685,굽은다리(강동구민회관앞)역,강동영업사업소,시민용,굽은다리역,2024-06-30,2024,6,2024-06,정기분,수납 완료,961.0,480.5,14558360.0
024167685,굽은다리(강동구민회관앞)역,강동영업사업소,시민용,굽은다리역,2024-08-31,2024,8,2024-08,정기분,수납 완료,1070.0,535.0,8515800.0
024167685,굽은다리(강동구민회관앞)역,강동영업사업소,시민용,굽은다리역,2024-10-31,2024,10,2024-10,정기분,수납 완료,1435.0,717.5,16151000.0
024167685,굽은다리(강동구민회관앞)역,강동영업사업소,시민용,굽은다리역,2024-12-31,2024,12,2024-12,정기분,수납 완료,870.0,435.0,8144200.0
024167685,굽은다리(강동구민회관앞)역,강동영업사업소,시민용,굽은다리역,2025-02-28,2025,2,2025-02,정기분,수납 완료,894.0,447.0,8496040.0
024167685,굽은다리(강동구민회관앞)역,강동영업사업소,시민용,굽은다리역,2025-04-30,2025,4,2025-04,정기분,수납 완료,849.0,424.5,8229640.0
024167685,굽은다리(강동구민회관앞)역,강동영업사업소,시민용,굽은다리역,2025-06-30,2025,6,2025-06,정기분,수납 완료,949.0,474.5,8073640.0
024167685,굽은다리(강동구민회관앞)역,강동영업사업소,시민용,굽은다리역,2025-08-31,2025,8,2025-08,정기분,수납 완료,1064.0,532.0,8326440.0
024167685,굽은다리(강동구민회관앞)역,강동영업사업소,시민용,굽은다리역,2025-10-31,2025,10,2025-10,정기분,수납 완료,1195.0,597.5,9311800.0
024167685,굽은다리(강동구민회관앞)역,강동영업사업소,시민용,굽은다리역,2025-12-31,2025,12,2025-12,정기분,수납 완료,880.0,440.0,8790600.0
024167685,굽은다리(강동구민회관앞)역,강동영업사업소,시민용,굽은다리역,2026-02-28,2026,2,2026-02,정기분,수납 완료,789.0,394.5,8371150.0
024167685,굽은다리(강동구민회관앞)역,강동영업사업소,시민용,굽은다리역,2026-04-30,2026,4,2026-04,정기분,수납 완료,811.0,405.5,8138220.0
030632270,길동역,강동영업사업소,시민용,길동역,2008-07-31,2008,7,2008-07,정기분,수납 완료,98.0,49.0,191820.0
030632270,길동역,강동영업사업소,시민용,길동역,2008-09-30,2008,9,2008-09,정기분,수납 완료,62.0,31.0,159780.0
030632270,길동역,강동영업사업소,시민용,길동역,2008-11-30,2008,11,2008-11,정기분,수납 완료,112.0,56.0,207400.0
030632270,길동역,강동영업사업소,시민용,길동역,2009-01-31,2009,1,2009-01,정기분,수납 완료,0.0,0.0,104600.0
030632270,길동역,강동영업사업소,시민용,길동역,2009-03-31,2009,3,2009-03,정기분,수납 완료,0.0,0.0,104600.0
030632270,길동역,강동영업사업소,시민용,길동역,2009-05-31,2009,5,2009-05,정기분,수납 완료,0.0,0.0,104600.0
030632270,길동역,강동영업사업소,시민용,길동역,2009-07-31,2009,7,2009-07,정기분,수납 완료,0.0,0.0,104600.0
030632270,길동역,강동영업사업소,시민용,길동역,2009-09-30,2009,9,2009-09,정기분,수납 완료,0.0,0.0,104600.0
030632270,길동역,강동영업사업소,시민용,길동역,2009-11-30,2009,11,2009-11,정기분,수납 완료,3.0,1.5,101890.0
030632270,길동역,강동영업사업소,시민용,길동역,2010-01-31,2010,1,2010-01,정기분,수납 완료,57.0,28.5,155330.0
030632270,길동역,강동영업사업소,시민용,길동역,2010-03-31,2010,3,2010-03,정기분,수납 완료,387.0,193.5,523650.0
030632270,길동역,강동영업사업소,시민용,길동역,2010-05-31,2010,5,2010-05,정기분,수납 완료,102.0,51.0,195900.0
030632270,길동역,강동영업사업소,시민용,길동역,2010-07-31,2010,7,2010-07,정기분,수납 완료,400.0,200.0,538600.0
030632270,길동역,강동영업사업소,시민용,길동역,2010-09-30,2010,9,2010-09,정기분,수납 완료,711.0,355.5,910680.0
030632270,길동역,강동영업사업소,시민용,길동역,2010-11-30,2010,11,2010-11,정기분,수납 완료,601.0,300.5,769880.0
030632270,길동역,강동영업사업소,시민용,길동역,2011-01-31,2011,1,2011-01,정기분,수납 완료,475.0,237.5,624850.0
030632270,길동역,강동영업사업소,시민용,길동역,2011-03-31,2011,3,2011-03,정기분,수납 완료,440.0,220.0,588850.0
030632270,길동역,강동영업사업소,시민용,길동역,2011-05-31,2011,5,2011-05,정기분,수납 완료,473.0,236.5,627280.0
030632270,길동역,강동영업사업소,시민용,길동역,2011-07-31,2011,7,2011-07,정기분,수납 완료,482.0,241.0,637720.0
030632270,길동역,강동영업사업소,시민용,길동역,2011-09-30,2011,9,2011-09,정기분,수납 완료,604.0,302.0,779760.0
030632270,길동역,강동영업사업소,시민용,길동역,2011-11-30,2011,11,2011-11,정기분,수납 완료,534.0,267.0,698040.0
030632270,길동역,강동영업사업소,시민용,길동역,2012-01-31,2012,1,2012-01,정기분,수납 완료,483.0,241.5,638880.0
030632270,길동역,강동영업사업소,시민용,길동역,2012-03-31,2012,3,2012-03,정기분,수납 완료,449.0,224.5,712150.0
030632270,길동역,강동영업사업소,시민용,길동역,2012-05-31,2012,5,2012-05,정기분,수납 완료,453.0,226.5,730980.0
030632270,길동역,강동영업사업소,시민용,길동역,2012-07-31,2012,7,2012-07,정기분,수납 완료,487.0,243.5,780620.0
030632270,길동역,강동영업사업소,시민용,길동역,2012-09-30,2012,9,2012-09,정기분,수납 완료,500.0,250.0,799600.0
030632270,길동역,강동영업사업소,시민용,길동역,2012-11-30,2012,11,2012-11,정기분,수납 완료,501.0,250.5,801060.0
030632270,길동역,강동영업사업소,시민용,길동역,2013-01-31,2013,1,2013-01,정기분,수납 완료,521.0,260.5,830260.0
030632270,길동역,강동영업사업소,시민용,길동역,2013-03-31,2013,3,2013-03,정기분,수납 완료,436.0,218.0,772280.0
030632270,길동역,강동영업사업소,시민용,길동역,2013-05-31,2013,5,2013-05,정기분,수납 완료,445.0,222.5,786950.0
030632270,길동역,강동영업사업소,시민용,길동역,2013-07-31,2013,7,2013-07,정기분,수납 완료,216.0,108.0,413680.0
030632270,길동역,강동영업사업소,시민용,길동역,2013-09-30,2013,9,2013-09,정기분,수납 완료,0.0,0.0,104600.0
030632270,길동역,강동영업사업소,시민용,길동역,2013-11-30,2013,11,2013-11,정기분,수납 완료,2.0,1.0,107000.0
030632270,길동역,강동영업사업소,시민용,길동역,2014-01-31,2014,1,2014-01,정기분,수납 완료,0.0,0.0,104600.0
030632270,길동역,강동영업사업소,시민용,길동역,2014-03-31,2014,3,2014-03,정기분,수납 완료,0.0,0.0,104600.0
030632270,길동역,강동영업사업소,시민용,길동역,2014-05-31,2014,5,2014-05,정기분,수납 완료,0.0,0.0,104600.0
030632270,길동역,강동영업사업소,시민용,길동역,2014-07-31,2014,7,2014-07,정기분,수납 완료,2.0,1.0,107180.0
030632270,길동역,강동영업사업소,시민용,길동역,2014-09-30,2014,9,2014-09,정기분,수납 완료,2.0,1.0,107180.0
030632270,길동역,강동영업사업소,시민용,길동역,2014-11-30,2014,11,2014-11,정기분,수납 완료,1.0,0.5,105890.0
030632270,길동역,강동영업사업소,시민용,길동역,2015-01-31,2015,1,2015-01,정기분,수납 완료,1.0,0.5,105890.0
030632270,길동역,강동영업사업소,시민용,길동역,2015-03-31,2015,3,2015-03,정기분,수납 완료,92.0,46.0,223280.0
030632270,길동역,강동영업사업소,시민용,길동역,2015-05-31,2015,5,2015-05,정기분,수납 완료,117.0,58.5,263860.0
030632270,길동역,강동영업사업소,시민용,길동역,2015-07-31,2015,7,2015-07,정기분,수납 완료,95.0,47.5,227150.0
030632270,길동역,강동영업사업소,시민용,길동역,2015-09-30,2015,9,2015-09,정기분,수납 완료,106.0,53.0,244280.0
030632270,길동역,강동영업사업소,시민용,길동역,2015-11-30,2015,11,2015-11,정기분,수납 완료,108.0,54.0,247840.0
030632270,길동역,강동영업사업소,시민용,길동역,2016-01-31,2016,1,2016-01,정기분,수납 완료,118.0,59.0,265640.0
030632270,길동역,강동영업사업소,시민용,길동역,2016-03-31,2016,3,2016-03,정기분,수납 완료,102.0,51.0,237160.0
030632270,길동역,강동영업사업소,시민용,길동역,2016-05-31,2016,5,2016-05,정기분,수납 완료,113.0,56.5,256740.0
030632270,길동역,강동영업사업소,시민용,길동역,2016-07-31,2016,7,2016-07,정기분,수납 완료,131.0,65.5,288780.0
030632270,길동역,강동영업사업소,시민용,길동역,2016-09-30,2016,9,2016-09,정기분,수납 완료,106.0,53.0,244280.0
030632270,길동역,강동영업사업소,시민용,길동역,2016-11-30,2016,11,2016-11,정기분,수납 완료,103.0,51.5,238940.0
030632270,길동역,강동영업사업소,시민용,길동역,2017-01-31,2017,1,2017-01,정기분,수납 완료,145.0,72.5,313700.0
030632270,길동역,강동영업사업소,시민용,길동역,2017-03-31,2017,3,2017-03,정기분,수납 완료,149.0,74.5,330130.0
030632270,길동역,강동영업사업소,시민용,길동역,2017-05-31,2017,5,2017-05,정기분,수납 완료,94.0,47.0,234740.0
030632270,길동역,강동영업사업소,시민용,길동역,2017-07-31,2017,7,2017-07,정기분,수납 완료,78.0,39.0,209900.0
030632270,길동역,강동영업사업소,시민용,길동역,2017-09-30,2017,9,2017-09,정기분,수납 완료,156.0,78.0,344320.0
030632270,길동역,강동영업사업소,시민용,길동역,2017-11-30,2017,11,2017-11,정기분,수납 완료,112.0,56.0,262040.0
030632270,길동역,강동영업사업소,시민용,길동역,2018-01-31,2018,1,2018-01,정기분,수납 완료,236.0,118.0,493920.0
030632270,길동역,강동영업사업소,시민용,길동역,2018-03-31,2018,3,2018-03,정기분,수납 완료,207.0,103.5,455320.0
030632270,길동역,강동영업사업소,시민용,길동역,2018-05-31,2018,5,2018-05,정기분,수납 완료,497.0,248.5,1023720.0
030632270,길동역,강동영업사업소,시민용,길동역,2018-07-31,2018,7,2018-07,정기분,수납 완료,263.0,131.5,565080.0
030632270,길동역,강동영업사업소,시민용,길동역,2018-09-30,2018,9,2018-09,정기분,수납 완료,0.0,0.0,20380.0
030632270,길동역,강동영업사업소,시민용,길동역,2018-11-30,2018,11,2018-11,정기분,수납 완료,156.0,78.0,211660.0
030632270,길동역,강동영업사업소,시민용,길동역,2019-01-31,2019,1,2019-01,정기분,수납 완료,346.0,173.0,722210.0
030632270,길동역,강동영업사업소,시민용,길동역,2019-03-31,2019,3,2019-03,정기분,수납 완료,272.0,136.0,607640.0
030632270,길동역,강동영업사업소,시민용,길동역,2019-05-31,2019,5,2019-05,정기분,수납 완료,291.0,145.5,646970.0
030632270,길동역,강동영업사업소,시민용,길동역,2019-07-31,2019,7,2019-07,정기분,수납 완료,356.0,178.0,781520.0
030632270,길동역,강동영업사업소,시민용,길동역,2019-09-30,2019,9,2019-09,정기분,수납 완료,452.0,226.0,980240.0
030632270,길동역,강동영업사업소,시민용,길동역,2019-11-30,2019,11,2019-11,정기분,수납 완료,502.0,251.0,1083740.0
030632270,길동역,강동영업사업소,시민용,길동역,2020-01-31,2020,1,2020-01,정기분,수납 완료,383.0,191.5,837410.0
030632270,길동역,강동영업사업소,시민용,길동역,2020-03-31,2020,3,2020-03,정기분,수납 완료,251.0,125.5,564170.0
030632270,길동역,강동영업사업소,시민용,길동역,2020-05-31,2020,5,2020-05,정기분,수납 완료,240.0,120.0,541400.0
030632270,길동역,강동영업사업소,시민용,길동역,2020-07-31,2020,7,2020-07,정기분,수납 완료,304.0,152.0,673880.0
030632270,길동역,강동영업사업소,시민용,길동역,2020-09-30,2020,9,2020-09,정기분,수납 완료,496.0,248.0,1071320.0
030632270,길동역,강동영업사업소,시민용,길동역,2020-11-30,2020,11,2020-11,정기분,수납 완료,352.0,176.0,773240.0
030632270,길동역,강동영업사업소,시민용,길동역,2021-01-31,2021,1,2021-01,정기분,수납 완료,241.0,120.5,543470.0
030632270,길동역,강동영업사업소,시민용,길동역,2021-03-31,2021,3,2021-03,정기분,수납 완료,253.0,126.5,568310.0
030632270,길동역,강동영업사업소,시민용,길동역,2021-05-31,2021,5,2021-05,정기분,수납 완료,307.0,153.5,680090.0
030632270,길동역,강동영업사업소,시민용,길동역,2021-07-31,2021,7,2021-07,정기분,수납 완료,400.0,200.0,872600.0
030632270,길동역,강동영업사업소,시민용,길동역,2021-09-30,2021,9,2021-09,정기분,수납 완료,396.0,198.0,955560.0
030632270,길동역,강동영업사업소,시민용,길동역,2021-11-30,2021,11,2021-11,정기분,수납 완료,410.0,205.0,987200.0
030632270,길동역,강동영업사업소,시민용,길동역,2022-01-31,2022,1,2022-01,정기분,수납 완료,456.0,228.0,1091160.0
030632270,길동역,강동영업사업소,시민용,길동역,2022-03-31,2022,3,2022-03,정기분,수납 완료,172.0,86.0,488880.0
030632270,길동역,강동영업사업소,시민용,길동역,2022-05-31,2022,5,2022-05,정기분,수납 완료,191.0,95.5,536190.0
030632270,길동역,강동영업사업소,시민용,길동역,2022-07-31,2022,7,2022-07,정기분,수납 완료,205.0,102.5,571050.0
030632270,길동역,강동영업사업소,시민용,길동역,2022-09-30,2022,9,2022-09,정기분,수납 완료,393.0,196.5,1039170.0
030632270,길동역,강동영업사업소,시민용,길동역,2022-11-30,2022,11,2022-11,정기분,수납 완료,188.0,94.0,528720.0
030632270,길동역,강동영업사업소,시민용,길동역,2023-01-31,2023,1,2023-01,정기분,수납 완료,205.0,102.5,571050.0
030632270,길동역,강동영업사업소,시민용,길동역,2023-03-31,2023,3,2023-03,정기분,수납 완료,189.0,94.5,582040.0
030632270,길동역,강동영업사업소,시민용,길동역,2023-05-31,2023,5,2023-05,정기분,수납 완료,223.0,111.5,689810.0
030632270,길동역,강동영업사업소,시민용,길동역,2023-07-31,2023,7,2023-07,정기분,수납 완료,176.0,88.0,543560.0
030632270,길동역,강동영업사업소,시민용,길동역,2023-09-30,2023,9,2023-09,정기분,수납 완료,328.0,164.0,1033160.0
030632270,길동역,강동영업사업소,시민용,길동역,2023-11-30,2023,11,2023-11,정기분,수납 완료,235.0,117.5,729050.0
030632270,길동역,강동영업사업소,시민용,길동역,2024-01-31,2024,1,2024-01,정기분,수납 완료,194.0,97.0,596840.0
030632270,길동역,강동영업사업소,시민용,길동역,2024-03-31,2024,3,2024-03,정기분,수납 완료,191.0,95.5,587960.0
030632270,길동역,강동영업사업소,시민용,길동역,2024-05-31,2024,5,2024-05,정기분,수납 완료,190.0,95.0,585000.0
030632270,길동역,강동영업사업소,시민용,길동역,2024-07-31,2024,7,2024-07,정기분,수납 완료,297.0,148.5,931790.0
030632270,길동역,강동영업사업소,시민용,길동역,2024-09-30,2024,9,2024-09,정기분,수납 완료,385.0,192.5,1219550.0
030632270,길동역,강동영업사업소,시민용,길동역,2024-11-30,2024,11,2024-11,정기분,수납 완료,360.0,180.0,1137800.0
030632270,길동역,강동영업사업소,시민용,길동역,2025-01-31,2025,1,2025-01,정기분,수납 완료,197.0,98.5,605720.0
030632270,길동역,강동영업사업소,시민용,길동역,2025-03-31,2025,3,2025-03,정기분,수납 완료,161.0,80.5,499160.0
030632270,길동역,강동영업사업소,시민용,길동역,2025-05-31,2025,5,2025-05,정기분,수납 완료,190.0,95.0,585000.0
030632270,길동역,강동영업사업소,시민용,길동역,2025-07-31,2025,7,2025-07,정기분,수납 완료,229.0,114.5,709430.0
030632270,길동역,강동영업사업소,시민용,길동역,2025-09-30,2025,9,2025-09,정기분,수납 완료,351.0,175.5,1108370.0
030632270,길동역,강동영업사업소,시민용,길동역,2025-11-30,2025,11,2025-11,정기분,수납 완료,222.0,111.0,686540.0
030632270,길동역,강동영업사업소,시민용,길동역,2026-01-31,2026,1,2026-01,정기분,수납 완료,190.0,95.0,585000.0
030632270,길동역,강동영업사업소,시민용,길동역,2026-03-31,2026,3,2026-03,정기분,수납 완료,183.0,91.5,593570.0
030632270,길동역,강동영업사업소,시민용,길동역,2026-05-31,2026,5,2026-05,정기분,미납,198.0,99.0,638420.0
001703793,길음역,상계영업사업소,시민용,길음역,2008-07-31,2008,7,2008-07,정기분,수납 완료,498.0,249.0,653240.0
001703793,길음역,상계영업사업소,시민용,길음역,2008-09-30,2008,9,2008-09,정기분,수납 완료,1080.0,540.0,1390480.0
001703793,길음역,상계영업사업소,시민용,길음역,2008-11-30,2008,11,2008-11,정기분,수납 완료,943.0,471.5,1230520.0
001703793,길음역,상계영업사업소,시민용,길음역,2009-01-31,2009,1,2009-01,정기분,수납 완료,300.0,150.0,419310.0
001703793,길음역,상계영업사업소,시민용,길음역,2009-04-30,2009,4,2009-04,정기분,수납 완료,776.0,388.0,976460.0
001703793,길음역,상계영업사업소,시민용,길음역,2009-06-30,2009,6,2009-06,정기분,수납 완료,992.0,496.0,1249620.0
001703793,길음역,상계영업사업소,시민용,길음역,2009-08-31,2009,8,2009-08,정기분,수납 완료,811.0,405.5,1075660.0
001703793,길음역,상계영업사업소,시민용,길음역,2009-10-31,2009,10,2009-10,정기분,수납 완료,1020.0,510.0,1361340.0
001703793,길음역,상계영업사업소,시민용,길음역,2009-12-31,2009,12,2009-12,정기분,수납 완료,700.0,350.0,947660.0
001703793,길음역,상계영업사업소,시민용,길음역,2010-02-28,2010,2,2010-02,정기분,수납 완료,652.0,326.0,885340.0
001703793,길음역,상계영업사업소,시민용,길음역,2010-04-30,2010,4,2010-04,정기분,수납 완료,404.0,202.0,582360.0
001703793,길음역,상계영업사업소,시민용,길음역,2010-06-30,2010,6,2010-06,정기분,수납 완료,321.0,160.5,506800.0
001703793,길음역,상계영업사업소,시민용,길음역,2010-08-31,2010,8,2010-08,정기분,수납 완료,568.0,284.0,803700.0
001703793,길음역,상계영업사업소,시민용,길음역,2010-10-31,2010,10,2010-10,정기분,수납 완료,1908.0,954.0,2463100.0
001703793,길음역,상계영업사업소,시민용,길음역,2010-12-31,2010,12,2010-12,정기분,수납 완료,1077.0,538.5,1364660.0
001703793,길음역,상계영업사업소,시민용,길음역,2011-02-28,2011,2,2011-02,정기분,수납 완료,1077.0,538.5,1442610.0
001703793,길음역,상계영업사업소,시민용,길음역,2011-04-30,2011,4,2011-04,정기분,수납 완료,1077.0,538.5,1443630.0
001703793,길음역,상계영업사업소,시민용,길음역,2011-06-30,2011,6,2011-06,정기분,수납 완료,1077.0,538.5,1443630.0
001703793,길음역,상계영업사업소,시민용,길음역,2011-08-31,2011,8,2011-08,정기분,수납 완료,1077.0,538.5,1507340.0
001703793,길음역,상계영업사업소,시민용,길음역,2011-10-31,2011,10,2011-10,정기분,수납 완료,1171.0,585.5,1579410.0
001703793,길음역,상계영업사업소,시민용,길음역,2011-12-31,2011,12,2011-12,정기분,수납 완료,669.0,334.5,946790.0
001703793,길음역,상계영업사업소,시민용,길음역,2012-02-29,2012,2,2012-02,정기분,수납 완료,216.0,108.0,409660.0
001703793,길음역,상계영업사업소,시민용,길음역,2012-04-30,2012,4,2012-04,정기분,수납 완료,230.0,115.0,517800.0
001703793,길음역,상계영업사업소,시민용,길음역,2012-06-30,2012,6,2012-06,정기분,수납 완료,273.0,136.5,608580.0
001703793,길음역,상계영업사업소,시민용,길음역,2012-08-31,2012,8,2012-08,정기분,수납 완료,690.0,345.0,1272160.0
001703793,길음역,상계영업사업소,시민용,길음역,2012-10-31,2012,10,2012-10,정기분,수납 완료,1262.0,631.0,2104640.0
001703793,길음역,상계영업사업소,시민용,길음역,2012-12-31,2012,12,2012-12,정기분,수납 완료,541.0,270.5,1040100.0
001703793,길음역,상계영업사업소,시민용,길음역,2013-02-28,2013,2,2013-02,정기분,수납 완료,230.0,115.0,493160.0
001703793,길음역,상계영업사업소,시민용,길음역,2013-04-30,2013,4,2013-04,정기분,수납 완료,252.0,126.0,543720.0
001703793,길음역,상계영업사업소,시민용,길음역,2013-06-30,2013,6,2013-06,정기분,수납 완료,237.0,118.5,538250.0
001703793,길음역,상계영업사업소,시민용,길음역,2013-08-31,2013,8,2013-08,정기분,수납 완료,188.0,94.0,482130.0
001703793,길음역,상계영업사업소,시민용,길음역,2013-10-31,2013,10,2013-10,정기분,수납 완료,877.0,438.5,1624680.0
001703793,길음역,상계영업사업소,시민용,길음역,2013-12-31,2013,12,2013-12,정기분,수납 완료,269.0,134.5,1536140.0
001703793,길음역,상계영업사업소,시민용,길음역,2014-02-28,2014,2,2014-02,정기분,수납 완료,133.0,66.5,1198700.0
001703793,길음역,상계영업사업소,시민용,길음역,2014-04-30,2014,4,2014-04,정기분,수납 완료,126.0,63.0,1021000.0
001703793,길음역,상계영업사업소,시민용,길음역,2014-06-30,2014,6,2014-06,정기분,수납 완료,168.0,84.0,1100800.0
001703793,길음역,상계영업사업소,시민용,길음역,2014-08-31,2014,8,2014-08,정기분,수납 완료,547.0,273.5,2878900.0
001703793,길음역,상계영업사업소,시민용,길음역,2014-10-31,2014,10,2014-10,정기분,수납 완료,822.0,411.0,3016600.0
001703793,길음역,상계영업사업소,시민용,길음역,2014-12-31,2014,12,2014-12,정기분,수납 완료,157.0,78.5,1721900.0
001703793,길음역,상계영업사업소,시민용,길음역,2015-02-28,2015,2,2015-02,정기분,수납 완료,157.0,78.5,1557900.0
001703793,길음역,상계영업사업소,시민용,길음역,2015-04-30,2015,4,2015-04,정기분,수납 완료,157.0,78.5,2713200.0
001703793,길음역,상계영업사업소,시민용,길음역,2015-06-30,2015,6,2015-06,정기분,수납 완료,252.0,126.0,1777400.0
001703793,길음역,상계영업사업소,시민용,길음역,2015-08-31,2015,8,2015-08,정기분,수납 완료,455.0,227.5,2139100.0
001703793,길음역,상계영업사업소,시민용,길음역,2015-10-31,2015,10,2015-10,정기분,수납 완료,806.0,403.0,1969100.0
001703793,길음역,상계영업사업소,시민용,길음역,2015-12-31,2015,12,2015-12,정기분,수납 완료,443.0,221.5,1238040.0
001703793,길음역,상계영업사업소,시민용,길음역,2016-02-29,2016,2,2016-02,정기분,수납 완료,153.0,76.5,709240.0
001703793,길음역,상계영업사업소,시민용,길음역,2016-04-30,2016,4,2016-04,정기분,수납 완료,152.0,76.0,668760.0
001703793,길음역,상계영업사업소,시민용,길음역,2016-06-30,2016,6,2016-06,정기분,수납 완료,341.0,170.5,1042680.0
001703793,길음역,상계영업사업소,시민용,길음역,2016-08-31,2016,8,2016-08,정기분,수납 완료,708.0,354.0,1339600.0
001703793,길음역,상계영업사업소,시민용,길음역,2016-10-31,2016,10,2016-10,정기분,수납 완료,1228.0,614.0,2379600.0
001703793,길음역,상계영업사업소,시민용,길음역,2016-12-31,2016,12,2016-12,정기분,수납 완료,331.0,165.5,1164380.0
001703793,길음역,상계영업사업소,시민용,길음역,2017-02-28,2017,2,2017-02,정기분,수납 완료,196.0,98.0,853170.0
001703793,길음역,상계영업사업소,시민용,길음역,2017-04-30,2017,4,2017-04,정기분,수납 완료,187.0,93.5,869040.0
001703793,길음역,상계영업사업소,시민용,길음역,2017-06-30,2017,6,2017-06,정기분,수납 완료,268.0,134.0,1024340.0
001703793,길음역,상계영업사업소,시민용,길음역,2017-08-31,2017,8,2017-08,정기분,수납 완료,729.0,364.5,1839850.0
001703793,길음역,상계영업사업소,시민용,길음역,2017-10-31,2017,10,2017-10,정기분,수납 완료,949.0,474.5,2265880.0
001703793,길음역,상계영업사업소,시민용,길음역,2017-12-31,2017,12,2017-12,정기분,수납 완료,269.0,134.5,935790.0
001703793,길음역,상계영업사업소,시민용,길음역,2018-02-28,2018,2,2018-02,정기분,수납 완료,160.0,80.0,750260.0
001703793,길음역,상계영업사업소,시민용,길음역,2018-04-30,2018,4,2018-04,정기분,수납 완료,154.0,77.0,775160.0
001703793,길음역,상계영업사업소,시민용,길음역,2018-06-30,2018,6,2018-06,정기분,수납 완료,205.0,102.5,1067000.0
001703793,길음역,상계영업사업소,시민용,길음역,2018-08-31,2018,8,2018-08,정기분,수납 완료,778.0,389.0,2880780.0
001703793,길음역,상계영업사업소,시민용,길음역,2018-10-31,2018,10,2018-10,정기분,수납 완료,860.0,430.0,1800200.0
001703793,길음역,상계영업사업소,시민용,길음역,2018-12-31,2018,12,2018-12,정기분,수납 완료,390.0,195.0,814000.0
001703793,길음역,상계영업사업소,시민용,길음역,2019-02-28,2019,2,2019-02,정기분,수납 완료,383.0,191.5,1071250.0
001703793,길음역,상계영업사업소,시민용,길음역,2019-04-30,2019,4,2019-04,정기분,수납 완료,223.0,111.5,832210.0
001703793,길음역,상계영업사업소,시민용,길음역,2019-06-30,2019,6,2019-06,정기분,수납 완료,115.0,57.5,925050.0
001703793,길음역,상계영업사업소,시민용,길음역,2019-08-31,2019,8,2019-08,정기분,수납 완료,469.0,234.5,1461030.0
001703793,길음역,상계영업사업소,시민용,길음역,2019-10-31,2019,10,2019-10,정기분,수납 완료,689.0,344.5,1939570.0
001703793,길음역,상계영업사업소,시민용,길음역,2019-12-31,2019,12,2019-12,정기분,수납 완료,271.0,135.5,1051170.0
001703793,길음역,상계영업사업소,시민용,길음역,2020-02-29,2020,2,2020-02,정기분,수납 완료,118.0,59.0,734460.0
001703793,길음역,상계영업사업소,시민용,길음역,2020-04-30,2020,4,2020-04,정기분,수납 완료,391.0,195.5,1299570.0
001703793,길음역,상계영업사업소,시민용,길음역,2020-06-30,2020,6,2020-06,정기분,수납 완료,1026.0,513.0,2724780.0
001703793,길음역,상계영업사업소,시민용,길음역,2020-08-31,2020,8,2020-08,정기분,수납 완료,1462.0,731.0,3740660.0
001703793,길음역,상계영업사업소,시민용,길음역,2020-10-31,2020,10,2020-10,정기분,수납 완료,1727.0,863.5,4358110.0
001703793,길음역,상계영업사업소,시민용,길음역,2020-12-31,2020,12,2020-12,정기분,수납 완료,1243.0,621.5,3230390.0
001703793,길음역,상계영업사업소,시민용,길음역,2021-02-28,2021,2,2021-02,정기분,수납 완료,911.0,455.5,2456830.0
001703793,길음역,상계영업사업소,시민용,길음역,2021-04-30,2021,4,2021-04,정기분,수납 완료,949.0,474.5,2545370.0
001703793,길음역,상계영업사업소,시민용,길음역,2021-06-30,2021,6,2021-06,정기분,수납 완료,949.0,474.5,2545370.0
001703793,길음역,상계영업사업소,시민용,길음역,2021-08-31,2021,8,2021-08,정기분,수납 완료,1478.0,739.0,3861500.0
001703793,길음역,상계영업사업소,시민용,길음역,2021-10-31,2021,10,2021-10,정기분,수납 완료,1669.0,834.5,4577460.0
001703793,길음역,상계영업사업소,시민용,길음역,2021-12-31,2021,12,2021-12,정기분,수납 완료,1121.0,560.5,3185540.0
001703793,길음역,상계영업사업소,시민용,길음역,2022-02-28,2022,2,2022-02,정기분,수납 완료,1121.0,560.5,3248740.0
001703793,길음역,상계영업사업소,시민용,길음역,2022-04-30,2022,4,2022-04,정기분,수납 완료,828.0,414.0,2613920.0
001703793,길음역,상계영업사업소,시민용,길음역,2022-06-30,2022,6,2022-06,정기분,수납 완료,1247.0,623.5,3714750.0
001703793,길음역,상계영업사업소,시민용,길음역,2022-08-31,2022,8,2022-08,정기분,수납 완료,1561.0,780.5,4546850.0
001703793,길음역,상계영업사업소,시민용,길음역,2022-10-31,2022,10,2022-10,정기분,수납 완료,1721.0,860.5,4970850.0
001703793,길음역,상계영업사업소,시민용,길음역,2022-12-31,2022,12,2022-12,정기분,수납 완료,1359.0,679.5,4011550.0
001703793,길음역,상계영업사업소,시민용,길음역,2023-02-28,2023,2,2023-02,정기분,수납 완료,1091.0,545.5,3539330.0
001703793,길음역,상계영업사업소,시민용,길음역,2023-04-30,2023,4,2023-04,정기분,수납 완료,1257.0,628.5,4593720.0
001703793,길음역,상계영업사업소,시민용,길음역,2023-06-30,2023,6,2023-06,정기분,수납 완료,2032.0,1016.0,7201240.0
001703793,길음역,상계영업사업소,시민용,길음역,2023-08-31,2023,8,2023-08,정기분,수납 완료,1956.0,978.0,6942360.0
001703793,길음역,상계영업사업소,시민용,길음역,2023-10-31,2023,10,2023-10,정기분,수납 완료,2156.0,1078.0,7631520.0
001703793,길음역,상계영업사업소,시민용,길음역,2023-12-31,2023,12,2023-12,정기분,수납 완료,1383.0,691.5,5017080.0
001703793,길음역,상계영업사업소,시민용,길음역,2024-02-29,2024,2,2024-02,정기분,수납 완료,1177.0,588.5,4324920.0
001703793,길음역,상계영업사업소,시민용,길음역,2024-04-30,2024,4,2024-04,정기분,수납 완료,1183.0,591.5,3899480.0
001703793,길음역,상계영업사업소,시민용,길음역,2024-06-30,2024,6,2024-06,정기분,수납 완료,1370.0,685.0,4527800.0
001703793,길음역,상계영업사업소,시민용,길음역,2024-08-31,2024,8,2024-08,정기분,수납 완료,1622.0,811.0,5374520.0
001703793,길음역,상계영업사업소,시민용,길음역,2024-10-31,2024,10,2024-10,정기분,수납 완료,1900.0,950.0,6308600.0
001703793,길음역,상계영업사업소,시민용,길음역,2024-12-31,2024,12,2024-12,정기분,수납 완료,1365.0,682.5,4511000.0
001703793,길음역,상계영업사업소,시민용,길음역,2025-02-28,2025,2,2025-02,정기분,수납 완료,1108.0,554.0,4093080.0
001703793,길음역,상계영업사업소,시민용,길음역,2025-04-30,2025,4,2025-04,정기분,수납 완료,1020.0,510.0,3351800.0
001703793,길음역,상계영업사업소,시민용,길음역,2025-06-30,2025,6,2025-06,정기분,수납 완료,1237.0,618.5,4526520.0
001703793,길음역,상계영업사업소,시민용,길음역,2025-08-31,2025,8,2025-08,정기분,수납 완료,1559.0,779.5,5608440.0
001703793,길음역,상계영업사업소,시민용,길음역,2025-10-31,2025,10,2025-10,정기분,수납 완료,1771.0,885.5,6320760.0
001703793,길음역,상계영업사업소,시민용,길음역,2025-12-31,2025,12,2025-12,정기분,수납 완료,1225.0,612.5,4486200.0
001703793,길음역,상계영업사업소,시민용,길음역,2026-02-28,2026,2,2026-02,정기분,수납 완료,1088.0,544.0,4119850.0
001703793,길음역,상계영업사업소,시민용,길음역,2026-04-30,2026,4,2026-04,정기분,수납 완료,1009.0,504.5,4042980.0
027579083,까치산역(5호선),화곡영업사업소,시민용,까치산역,2008-07-31,2008,7,2008-07,정기분,수납 완료,177.0,88.5,282150.0
027579083,까치산역(5호선),화곡영업사업소,시민용,까치산역,2008-09-30,2008,9,2008-09,정기분,수납 완료,577.0,288.5,742150.0
027579083,까치산역(5호선),화곡영업사업소,시민용,까치산역,2008-11-30,2008,11,2008-11,정기분,수납 완료,616.0,308.0,789080.0
027579083,까치산역(5호선),화곡영업사업소,시민용,까치산역,2009-01-31,2009,1,2009-01,정기분,수납 완료,531.0,265.5,689250.0
027579083,까치산역(5호선),화곡영업사업소,시민용,까치산역,2009-03-31,2009,3,2009-03,정기분,수납 완료,381.0,190.5,516750.0
027579083,까치산역(5호선),화곡영업사업소,시민용,까치산역,2009-05-31,2009,5,2009-05,정기분,수납 완료,338.0,169.0,467300.0
027579083,까치산역(5호선),화곡영업사업소,시민용,까치산역,2009-07-31,2009,7,2009-07,정기분,수납 완료,525.0,262.5,682350.0
027579083,까치산역(5호선),화곡영업사업소,시민용,까치산역,2009-09-30,2009,9,2009-09,정기분,수납 완료,243.0,121.5,358050.0
027579083,까치산역(5호선),화곡영업사업소,시민용,까치산역,2009-11-30,2009,11,2009-11,정기분,수납 완료,208.0,104.0,316330.0
027579083,까치산역(5호선),화곡영업사업소,시민용,까치산역,2010-01-31,2010,1,2010-01,정기분,수납 완료,99.0,49.5,192710.0
027579083,까치산역(5호선),화곡영업사업소,시민용,까치산역,2010-03-31,2010,3,2010-03,정기분,수납 완료,192.0,96.0,299400.0
027579083,까치산역(5호선),화곡영업사업소,시민용,까치산역,2010-05-31,2010,5,2010-05,정기분,수납 완료,400.0,200.0,538600.0
027579083,까치산역(5호선),화곡영업사업소,시민용,까치산역,2010-07-31,2010,7,2010-07,정기분,수납 완료,128.0,64.0,225800.0
027579083,까치산역(5호선),화곡영업사업소,시민용,까치산역,2010-09-30,2010,9,2010-09,정기분,수납 완료,243.0,121.5,358050.0
027579083,까치산역(5호선),화곡영업사업소,시민용,까치산역,2010-11-30,2010,11,2010-11,정기분,수납 완료,200.0,100.0,308600.0
027579083,까치산역(5호선),화곡영업사업소,시민용,까치산역,2011-01-31,2011,1,2011-01,정기분,수납 완료,332.0,166.0,460400.0
027579083,까치산역(5호선),화곡영업사업소,시민용,까치산역,2011-03-31,2011,3,2011-03,정기분,수납 완료,355.0,177.5,490140.0
027579083,까치산역(5호선),화곡영업사업소,시민용,까치산역,2011-05-31,2011,5,2011-05,정기분,수납 완료,992.0,496.0,1280280.0
027579083,까치산역(5호선),화곡영업사업소,시민용,까치산역,2011-07-31,2011,7,2011-07,정기분,수납 완료,820.0,410.0,1058400.0
027579083,까치산역(5호선),화곡영업사업소,시민용,까치산역,2011-09-30,2011,9,2011-09,정기분,수납 완료,1435.0,717.5,1851750.0
027579083,까치산역(5호선),화곡영업사업소,시민용,까치산역,2011-11-30,2011,11,2011-11,정기분,수납 완료,1790.0,895.0,2309700.0
027579083,까치산역(5호선),화곡영업사업소,시민용,까치산역,2012-01-31,2012,1,2012-01,정기분,수납 완료,1934.0,967.0,2495460.0
027579083,까치산역(5호선),화곡영업사업소,시민용,까치산역,2012-03-31,2012,3,2012-03,정기분,수납 완료,1980.0,990.0,3119610.0
027579083,까치산역(5호선),화곡영업사업소,시민용,까치산역,2012-05-31,2012,5,2012-05,정기분,수납 완료,2001.0,1000.5,3243240.0
027579083,까치산역(5호선),화곡영업사업소,시민용,까치산역,2012-07-31,2012,7,2012-07,정기분,수납 완료,1926.0,963.0,3120240.0
027579083,까치산역(5호선),화곡영업사업소,시민용,까치산역,2012-09-30,2012,9,2012-09,정기분,수납 완료,1998.0,999.0,3238320.0
027579083,까치산역(5호선),화곡영업사업소,시민용,까치산역,2012-11-30,2012,11,2012-11,정기분,수납 완료,1998.0,999.0,3238320.0
027579083,까치산역(5호선),화곡영업사업소,시민용,까치산역,2013-01-31,2013,1,2013-01,정기분,수납 완료,1051.0,525.5,1685240.0
027579083,까치산역(5호선),화곡영업사업소,시민용,까치산역,2013-03-31,2013,3,2013-03,정기분,수납 완료,1875.0,937.5,3385600.0
027579083,까치산역(5호선),화곡영업사업소,시민용,까치산역,2013-05-31,2013,5,2013-05,정기분,수납 완료,1787.0,893.5,3223680.0
027579083,까치산역(5호선),화곡영업사업소,시민용,까치산역,2013-07-31,2013,7,2013-07,정기분,수납 완료,1900.0,950.0,3431600.0
027579083,까치산역(5호선),화곡영업사업소,시민용,까치산역,2013-09-30,2013,9,2013-09,정기분,수납 완료,1909.0,954.5,3448160.0
027579083,까치산역(5호선),화곡영업사업소,시민용,까치산역,2013-11-30,2013,11,2013-11,정기분,수납 완료,1805.0,902.5,3256800.0
027579083,까치산역(5호선),화곡영업사업소,시민용,까치산역,2014-01-31,2014,1,2014-01,정기분,수납 완료,1906.0,953.0,3442640.0
027579083,까치산역(5호선),화곡영업사업소,시민용,까치산역,2014-03-31,2014,3,2014-03,정기분,수납 완료,1708.0,854.0,3339600.0
027579083,까치산역(5호선),화곡영업사업소,시민용,까치산역,2014-05-31,2014,5,2014-05,정기분,수납 완료,1689.0,844.5,3301600.0
027579083,까치산역(5호선),화곡영업사업소,시민용,까치산역,2014-07-31,2014,7,2014-07,정기분,수납 완료,1726.0,863.0,3375600.0
027579083,까치산역(5호선),화곡영업사업소,시민용,까치산역,2014-09-30,2014,9,2014-09,정기분,수납 완료,1855.0,927.5,3633600.0
027579083,까치산역(5호선),화곡영업사업소,시민용,까치산역,2014-11-30,2014,11,2014-11,정기분,수납 완료,1796.0,898.0,3515600.0
027579083,까치산역(5호선),화곡영업사업소,시민용,까치산역,2015-01-31,2015,1,2015-01,정기분,수납 완료,1631.0,815.5,3185600.0
027579083,까치산역(5호선),화곡영업사업소,시민용,까치산역,2015-03-31,2015,3,2015-03,정기분,수납 완료,1684.0,842.0,3291600.0
027579083,까치산역(5호선),화곡영업사업소,시민용,까치산역,2015-05-31,2015,5,2015-05,정기분,수납 완료,1864.0,932.0,3651600.0
027579083,까치산역(5호선),화곡영업사업소,시민용,까치산역,2015-07-31,2015,7,2015-07,정기분,수납 완료,1968.0,984.0,3859600.0
027579083,까치산역(5호선),화곡영업사업소,시민용,까치산역,2015-09-30,2015,9,2015-09,정기분,수납 완료,2047.0,1023.5,4017600.0
027579083,까치산역(5호선),화곡영업사업소,시민용,까치산역,2015-11-30,2015,11,2015-11,정기분,수납 완료,2070.0,1035.0,4063600.0
027579083,까치산역(5호선),화곡영업사업소,시민용,까치산역,2016-01-31,2016,1,2016-01,정기분,수납 완료,1924.0,962.0,3771600.0
027579083,까치산역(5호선),화곡영업사업소,시민용,까치산역,2016-03-31,2016,3,2016-03,정기분,수납 완료,1952.0,976.0,3827600.0
027579083,까치산역(5호선),화곡영업사업소,시민용,까치산역,2016-05-31,2016,5,2016-05,정기분,수납 완료,2172.0,1086.0,4267600.0
027579083,까치산역(5호선),화곡영업사업소,시민용,까치산역,2016-07-31,2016,7,2016-07,정기분,수납 완료,2118.0,1059.0,4159600.0
027579083,까치산역(5호선),화곡영업사업소,시민용,까치산역,2016-09-30,2016,9,2016-09,정기분,수납 완료,2394.0,1197.0,4711600.0
027579083,까치산역(5호선),화곡영업사업소,시민용,까치산역,2016-11-30,2016,11,2016-11,정기분,수납 완료,2023.0,1011.5,3969600.0
027579083,까치산역(5호선),화곡영업사업소,시민용,까치산역,2017-01-31,2017,1,2017-01,정기분,수납 완료,2171.0,1085.5,4265600.0
027579083,까치산역(5호선),화곡영업사업소,시민용,까치산역,2017-03-31,2017,3,2017-03,정기분,수납 완료,2232.0,1116.0,4584200.0
027579083,까치산역(5호선),화곡영업사업소,시민용,까치산역,2017-05-31,2017,5,2017-05,정기분,수납 완료,2412.0,1206.0,4979800.0
027579083,까치산역(5호선),화곡영업사업소,시민용,까치산역,2017-07-31,2017,7,2017-07,정기분,수납 완료,2393.0,1196.5,4939900.0
027579083,까치산역(5호선),화곡영업사업소,시민용,까치산역,2017-09-30,2017,9,2017-09,정기분,수납 완료,2725.0,1362.5,5637100.0
027579083,까치산역(5호선),화곡영업사업소,시민용,까치산역,2017-11-30,2017,11,2017-11,정기분,수납 완료,2259.0,1129.5,4658500.0
027579083,까치산역(5호선),화곡영업사업소,시민용,까치산역,2018-01-31,2018,1,2018-01,정기분,수납 완료,2292.0,1146.0,4727800.0
027579083,까치산역(5호선),화곡영업사업소,시민용,까치산역,2018-03-31,2018,3,2018-03,정기분,수납 완료,1940.0,970.0,4169900.0
027579083,까치산역(5호선),화곡영업사업소,시민용,까치산역,2018-05-31,2018,5,2018-05,정기분,수납 완료,2145.0,1072.5,4640050.0
027579083,까치산역(5호선),화곡영업사업소,시민용,까치산역,2018-07-31,2018,7,2018-07,정기분,수납 완료,2021.0,1010.5,4366010.0
027579083,까치산역(5호선),화곡영업사업소,시민용,까치산역,2018-09-30,2018,9,2018-09,정기분,수납 완료,2643.0,1321.5,5740630.0
027579083,까치산역(5호선),화곡영업사업소,시민용,까치산역,2018-11-30,2018,11,2018-11,정기분,수납 완료,2073.0,1036.5,4480930.0
027579083,까치산역(5호선),화곡영업사업소,시민용,까치산역,2019-01-31,2019,1,2019-01,정기분,수납 완료,1952.0,976.0,4213520.0
027579083,까치산역(5호선),화곡영업사업소,시민용,까치산역,2019-03-31,2019,3,2019-03,정기분,수납 완료,2033.0,1016.5,4605790.0
027579083,까치산역(5호선),화곡영업사업소,시민용,까치산역,2019-05-31,2019,5,2019-05,정기분,수납 완료,1853.0,926.5,4206090.0
027579083,까치산역(5호선),화곡영업사업소,시민용,까치산역,2019-07-31,2019,7,2019-07,정기분,수납 완료,2358.0,1179.0,5382740.0
027579083,까치산역(5호선),화곡영업사업소,시민용,까치산역,2019-09-30,2019,9,2019-09,정기분,수납 완료,2857.0,1428.5,6545410.0
027579083,까치산역(5호선),화곡영업사업소,시민용,까치산역,2019-11-30,2019,11,2019-11,정기분,수납 완료,2584.0,1292.0,5909320.0
027579083,까치산역(5호선),화곡영업사업소,시민용,까치산역,2020-01-31,2020,1,2020-01,정기분,수납 완료,2290.0,1145.0,5224300.0
027579083,까치산역(5호선),화곡영업사업소,시민용,까치산역,2020-03-31,2020,3,2020-03,정기분,수납 완료,2507.0,1253.5,5729910.0
027579083,까치산역(5호선),화곡영업사업소,시민용,까치산역,2020-05-31,2020,5,2020-05,정기분,수납 완료,2085.0,1042.5,4746650.0
027579083,까치산역(5호선),화곡영업사업소,시민용,까치산역,2020-07-31,2020,7,2020-07,정기분,수납 완료,2304.0,1152.0,5256920.0
027579083,까치산역(5호선),화곡영업사업소,시민용,까치산역,2020-09-30,2020,9,2020-09,정기분,수납 완료,2739.0,1369.5,6270470.0
027579083,까치산역(5호선),화곡영업사업소,시민용,까치산역,2020-11-30,2020,11,2020-11,정기분,수납 완료,2020.0,1010.0,4595200.0
027579083,까치산역(5호선),화곡영업사업소,시민용,까치산역,2021-01-31,2021,1,2021-01,정기분,수납 완료,1987.0,993.5,4518310.0
027579083,까치산역(5호선),화곡영업사업소,시민용,까치산역,2021-03-31,2021,3,2021-03,정기분,수납 완료,1984.0,992.0,4511320.0
027579083,까치산역(5호선),화곡영업사업소,시민용,까치산역,2021-05-31,2021,5,2021-05,정기분,수납 완료,1993.0,996.5,4532290.0
027579083,까치산역(5호선),화곡영업사업소,시민용,까치산역,2021-07-31,2021,7,2021-07,정기분,수납 완료,2432.0,1216.0,5555160.0
027579083,까치산역(5호선),화곡영업사업소,시민용,까치산역,2021-09-30,2021,9,2021-09,정기분,수납 완료,2919.0,1459.5,7275150.0
027579083,까치산역(5호선),화곡영업사업소,시민용,까치산역,2021-11-30,2021,11,2021-11,정기분,수납 완료,2610.0,1305.0,6522000.0
027579083,까치산역(5호선),화곡영업사업소,시민용,까치산역,2022-01-31,2022,1,2022-01,정기분,수납 완료,2284.0,1142.0,5693960.0
027579083,까치산역(5호선),화곡영업사업소,시민용,까치산역,2022-03-31,2022,3,2022-03,정기분,수납 완료,2020.0,1010.0,5298410.0
027579083,까치산역(5호선),화곡영업사업소,시민용,까치산역,2022-05-31,2022,5,2022-05,정기분,수납 완료,2057.0,1028.5,5376840.0
027579083,까치산역(5호선),화곡영업사업소,시민용,까치산역,2022-07-31,2022,7,2022-07,정기분,수납 완료,2159.0,1079.5,5685950.0
027579083,까치산역(5호선),화곡영업사업소,시민용,까치산역,2022-09-30,2022,9,2022-09,정기분,수납 완료,2786.0,1393.0,7347500.0
027579083,까치산역(5호선),화곡영업사업소,시민용,까치산역,2022-11-30,2022,11,2022-11,정기분,수납 완료,2491.0,1245.5,6565750.0
027579083,까치산역(5호선),화곡영업사업소,시민용,까치산역,2023-01-31,2023,1,2023-01,정기분,수납 완료,2043.0,1021.5,5378550.0
027579083,까치산역(5호선),화곡영업사업소,시민용,까치산역,2023-03-31,2023,3,2023-03,정기분,수납 완료,2003.0,1001.5,6558970.0
027579083,까치산역(5호선),화곡영업사업소,시민용,까치산역,2023-05-31,2023,5,2023-05,정기분,수납 완료,2159.0,1079.5,7196330.0
027579083,까치산역(5호선),화곡영업사업소,시민용,까치산역,2023-07-31,2023,7,2023-07,정기분,수납 완료,2447.0,1223.5,8195690.0
027579083,까치산역(5호선),화곡영업사업소,시민용,까치산역,2023-09-30,2023,9,2023-09,정기분,수납 완료,3174.0,1587.0,10718380.0
027579083,까치산역(5호선),화곡영업사업소,시민용,까치산역,2023-11-30,2023,11,2023-11,정기분,수납 완료,3099.0,1549.5,10458130.0
027579083,까치산역(5호선),화곡영업사업소,시민용,까치산역,2024-01-31,2024,1,2024-01,정기분,수납 완료,2180.0,1090.0,7269200.0
027579083,까치산역(5호선),화곡영업사업소,시민용,까치산역,2024-03-31,2024,3,2024-03,정기분,수납 완료,2278.0,1139.0,7609260.0
027579083,까치산역(5호선),화곡영업사업소,시민용,까치산역,2024-05-31,2024,5,2024-05,정기분,수납 완료,2159.0,1079.5,7196330.0
027579083,까치산역(5호선),화곡영업사업소,시민용,까치산역,2024-07-31,2024,7,2024-07,정기분,수납 완료,1943.0,971.5,6446810.0
027579083,까치산역(5호선),화곡영업사업소,시민용,까치산역,2024-09-30,2024,9,2024-09,정기분,수납 완료,2628.0,1314.0,8823760.0
027579083,까치산역(5호선),화곡영업사업소,시민용,까치산역,2024-11-30,2024,11,2024-11,정기분,수납 완료,2985.0,1492.5,10062550.0
027579083,까치산역(5호선),화곡영업사업소,시민용,까치산역,2025-01-31,2025,1,2025-01,정기분,수납 완료,2308.0,1154.0,7713360.0
027579083,까치산역(5호선),화곡영업사업소,시민용,까치산역,2025-03-31,2025,3,2025-03,정기분,수납 완료,1701.0,850.5,5639960.0
027579083,까치산역(5호선),화곡영업사업소,시민용,까치산역,2025-05-31,2025,5,2025-05,정기분,수납 완료,2275.0,1137.5,7598850.0
027579083,까치산역(5호선),화곡영업사업소,시민용,까치산역,2025-07-31,2025,7,2025-07,정기분,수납 완료,2502.0,1251.0,8385540.0
027579083,까치산역(5호선),화곡영업사업소,시민용,까치산역,2025-09-30,2025,9,2025-09,정기분,수납 완료,3474.0,1737.0,11758380.0
027579083,까치산역(5호선),화곡영업사업소,시민용,까치산역,2025-11-30,2025,11,2025-11,정기분,수납 완료,2789.0,1394.5,9381430.0
027579083,까치산역(5호선),화곡영업사업소,시민용,까치산역,2026-01-31,2026,1,2026-01,정기분,수납 완료,2436.0,1218.0,8156520.0
027579083,까치산역(5호선),화곡영업사업소,시민용,까치산역,2026-03-31,2026,3,2026-03,정기분,수납 완료,2038.0,1019.0,7119730.0
027579083,까치산역(5호선),화곡영업사업소,시민용,까치산역,2026-05-31,2026,5,2026-05,정기분,수납 완료,2187.0,1093.5,7696080.0
032082173,녹사평역,동묘영업사업소,시민용,녹사평역,2008-07-31,2008,7,2008-07,정기분,수납 완료,447.0,223.5,1320280.0
032082173,녹사평역,동묘영업사업소,시민용,녹사평역,2008-09-30,2008,9,2008-09,정기분,수납 완료,452.0,226.0,1576280.0
032082173,녹사평역,동묘영업사업소,시민용,녹사평역,2008-11-30,2008,11,2008-11,정기분,수납 완료,415.0,207.5,1183320.0
032082173,녹사평역,동묘영업사업소,시민용,녹사평역,2009-01-31,2009,1,2009-01,정기분,수납 완료,439.0,219.5,1214040.0
032082173,녹사평역,동묘영업사업소,시민용,녹사평역,2009-03-31,2009,3,2009-03,정기분,수납 완료,334.0,167.0,999000.0
032082173,녹사평역,동묘영업사업소,시민용,녹사평역,2009-05-31,2009,5,2009-05,정기분,수납 완료,403.0,201.5,1229400.0
032082173,녹사평역,동묘영업사업소,시민용,녹사평역,2009-07-31,2009,7,2009-07,정기분,수납 완료,510.0,255.0,1482840.0
032082173,녹사평역,동묘영업사업소,시민용,녹사평역,2009-09-30,2009,9,2009-09,정기분,수납 완료,471.0,235.5,1306200.0
032082173,녹사평역,동묘영업사업소,시민용,녹사평역,2009-11-30,2009,11,2009-11,정기분,수납 완료,458.0,229.0,1379160.0
032082173,녹사평역,동묘영업사업소,시민용,녹사평역,2010-01-31,2010,1,2010-01,정기분,수납 완료,411.0,205.5,1310040.0
032082173,녹사평역,동묘영업사업소,시민용,녹사평역,2010-03-31,2010,3,2010-03,정기분,수납 완료,330.0,165.0,1151320.0
032082173,녹사평역,동묘영업사업소,시민용,녹사평역,2010-05-31,2010,5,2010-05,정기분,수납 완료,375.0,187.5,1174360.0
032082173,녹사평역,동묘영업사업소,시민용,녹사평역,2010-07-31,2010,7,2010-07,정기분,수납 완료,453.0,226.5,1412440.0
032082173,녹사평역,동묘영업사업소,시민용,녹사평역,2010-09-30,2010,9,2010-09,정기분,수납 완료,500.0,250.0,1508440.0
032082173,녹사평역,동묘영업사업소,시민용,녹사평역,2010-11-30,2010,11,2010-11,정기분,수납 완료,458.0,229.0,1411160.0
032082173,녹사평역,동묘영업사업소,시민용,녹사평역,2011-01-31,2011,1,2011-01,정기분,수납 완료,446.0,223.0,1340760.0
032082173,녹사평역,동묘영업사업소,시민용,녹사평역,2011-03-31,2011,3,2011-03,정기분,수납 완료,642.0,321.0,1264260.0
032082173,녹사평역,동묘영업사업소,시민용,녹사평역,2011-05-31,2011,5,2011-05,정기분,수납 완료,799.0,399.5,1837310.0
032082173,녹사평역,동묘영업사업소,시민용,녹사평역,2011-07-31,2011,7,2011-07,정기분,수납 완료,425.0,212.5,1387100.0
032082173,녹사평역,동묘영업사업소,시민용,녹사평역,2011-09-30,2011,9,2011-09,정기분,수납 완료,1482.0,741.0,2150780.0
032082173,녹사평역,동묘영업사업소,시민용,녹사평역,2011-11-30,2011,11,2011-11,정기분,수납 완료,1068.0,534.0,1495460.0
032082173,녹사평역,동묘영업사업소,시민용,녹사평역,2012-01-31,2012,1,2012-01,정기분,수납 완료,450.0,225.0,706840.0
032082173,녹사평역,동묘영업사업소,시민용,녹사평역,2012-03-31,2012,3,2012-03,정기분,수납 완료,1334.0,667.0,2158080.0
032082173,녹사평역,동묘영업사업소,시민용,녹사평역,2012-05-31,2012,5,2012-05,정기분,수납 완료,853.0,426.5,1482720.0
032082173,녹사평역,동묘영업사업소,시민용,녹사평역,2012-07-31,2012,7,2012-07,정기분,수납 완료,1056.0,528.0,1815640.0
032082173,녹사평역,동묘영업사업소,시민용,녹사평역,2012-09-30,2012,9,2012-09,정기분,수납 완료,1015.0,507.5,1776280.0
032082173,녹사평역,동묘영업사업소,시민용,녹사평역,2012-11-30,2012,11,2012-11,정기분,수납 완료,1106.0,553.0,1904200.0
032082173,녹사평역,동묘영업사업소,시민용,녹사평역,2013-01-31,2013,1,2013-01,정기분,수납 완료,1024.0,512.0,1768080.0
032082173,녹사평역,동묘영업사업소,시민용,녹사평역,2013-03-31,2013,3,2013-03,정기분,수납 완료,798.0,399.0,1502710.0
032082173,녹사평역,동묘영업사업소,시민용,녹사평역,2013-05-31,2013,5,2013-05,정기분,수납 완료,813.0,406.5,1538960.0
032082173,녹사평역,동묘영업사업소,시민용,녹사평역,2013-07-31,2013,7,2013-07,정기분,수납 완료,1009.0,504.5,1918000.0
032082173,녹사평역,동묘영업사업소,시민용,녹사평역,2013-09-30,2013,9,2013-09,정기분,수납 완료,974.0,487.0,1877520.0
032082173,녹사평역,동묘영업사업소,시민용,녹사평역,2013-11-30,2013,11,2013-11,정기분,수납 완료,1075.0,537.5,2000800.0
032082173,녹사평역,동묘영업사업소,시민용,녹사평역,2014-01-31,2014,1,2014-01,정기분,수납 완료,965.0,482.5,1778160.0
032082173,녹사평역,동묘영업사업소,시민용,녹사평역,2014-03-31,2014,3,2014-03,정기분,수납 완료,1046.0,523.0,2065600.0
032082173,녹사평역,동묘영업사업소,시민용,녹사평역,2014-05-31,2014,5,2014-05,정기분,수납 완료,1090.0,545.0,2165600.0
032082173,녹사평역,동묘영업사업소,시민용,녹사평역,2014-07-31,2014,7,2014-07,정기분,수납 완료,1377.0,688.5,2787600.0
032082173,녹사평역,동묘영업사업소,시민용,녹사평역,2014-09-30,2014,9,2014-09,정기분,수납 완료,1452.0,726.0,2955600.0
032082173,녹사평역,동묘영업사업소,시민용,녹사평역,2014-11-30,2014,11,2014-11,정기분,수납 완료,1692.0,846.0,3439600.0
032082173,녹사평역,동묘영업사업소,시민용,녹사평역,2015-01-31,2015,1,2015-01,정기분,수납 완료,1578.0,789.0,3149600.0
032082173,녹사평역,동묘영업사업소,시민용,녹사평역,2015-03-31,2015,3,2015-03,정기분,수납 완료,1182.0,591.0,2353600.0
032082173,녹사평역,동묘영업사업소,시민용,녹사평역,2015-05-31,2015,5,2015-05,정기분,수납 완료,1374.0,687.0,2725600.0
032082173,녹사평역,동묘영업사업소,시민용,녹사평역,2015-07-31,2015,7,2015-07,정기분,수납 완료,1647.0,823.5,3289600.0
032082173,녹사평역,동묘영업사업소,시민용,녹사평역,2015-09-30,2015,9,2015-09,정기분,수납 완료,1488.0,744.0,3033600.0
032082173,녹사평역,동묘영업사업소,시민용,녹사평역,2015-11-30,2015,11,2015-11,정기분,수납 완료,1675.0,837.5,3403600.0
032082173,녹사평역,동묘영업사업소,시민용,녹사평역,2016-01-31,2016,1,2016-01,정기분,수납 완료,1388.0,694.0,2779600.0
032082173,녹사평역,동묘영업사업소,시민용,녹사평역,2016-03-31,2016,3,2016-03,정기분,수납 완료,1267.0,633.5,2503600.0
032082173,녹사평역,동묘영업사업소,시민용,녹사평역,2016-05-31,2016,5,2016-05,정기분,수납 완료,1367.0,683.5,2705600.0
032082173,녹사평역,동묘영업사업소,시민용,녹사평역,2016-07-31,2016,7,2016-07,정기분,수납 완료,1652.0,826.0,3331600.0
032082173,녹사평역,동묘영업사업소,시민용,녹사평역,2016-09-30,2016,9,2016-09,정기분,수납 완료,1493.0,746.5,2975600.0
032082173,녹사평역,동묘영업사업소,시민용,녹사평역,2016-11-30,2016,11,2016-11,정기분,수납 완료,1520.0,760.0,3055600.0
032082173,녹사평역,동묘영업사업소,시민용,녹사평역,2017-01-31,2017,1,2017-01,정기분,수납 완료,1667.0,833.5,3323600.0
032082173,녹사평역,동묘영업사업소,시민용,녹사평역,2017-03-31,2017,3,2017-03,정기분,수납 완료,1342.0,671.0,2755340.0
032082173,녹사평역,동묘영업사업소,시민용,녹사평역,2017-05-31,2017,5,2017-05,정기분,수납 완료,1406.0,703.0,2936510.0
032082173,녹사평역,동묘영업사업소,시민용,녹사평역,2017-07-31,2017,7,2017-07,정기분,수납 완료,1589.0,794.5,3430500.0
032082173,녹사평역,동묘영업사업소,시민용,녹사평역,2017-09-30,2017,9,2017-09,정기분,수납 완료,1352.0,676.0,3090300.0
032082173,녹사평역,동묘영업사업소,시민용,녹사평역,2017-11-30,2017,11,2017-11,정기분,수납 완료,1639.0,819.5,4276800.0
032082173,녹사평역,동묘영업사업소,시민용,녹사평역,2018-01-31,2018,1,2018-01,정기분,수납 완료,1333.0,666.5,2781600.0
032082173,녹사평역,동묘영업사업소,시민용,녹사평역,2018-03-31,2018,3,2018-03,정기분,수납 완료,1512.0,756.0,4041520.0
032082173,녹사평역,동묘영업사업소,시민용,녹사평역,2018-05-31,2018,5,2018-05,정기분,수납 완료,1522.0,761.0,3346050.0
032082173,녹사평역,동묘영업사업소,시민용,녹사평역,2018-07-31,2018,7,2018-07,정기분,수납 완료,1473.0,736.5,3445500.0
032082173,녹사평역,동묘영업사업소,시민용,녹사평역,2018-09-30,2018,9,2018-09,정기분,수납 완료,1461.0,730.5,4842220.0
032082173,녹사평역,동묘영업사업소,시민용,녹사평역,2018-11-30,2018,11,2018-11,정기분,수납 완료,1205.0,602.5,2713990.0
032082173,녹사평역,동묘영업사업소,시민용,녹사평역,2019-01-31,2019,1,2019-01,정기분,수납 완료,1175.0,587.5,2568130.0
032082173,녹사평역,동묘영업사업소,시민용,녹사평역,2019-03-31,2019,3,2019-03,정기분,수납 완료,1038.0,519.0,2355760.0
032082173,녹사평역,동묘영업사업소,시민용,녹사평역,2019-05-31,2019,5,2019-05,정기분,수납 완료,1097.0,548.5,2861060.0
032082173,녹사평역,동묘영업사업소,시민용,녹사평역,2019-07-31,2019,7,2019-07,정기분,수납 완료,1288.0,644.0,3921210.0
032082173,녹사평역,동묘영업사업소,시민용,녹사평역,2019-09-30,2019,9,2019-09,정기분,수납 완료,1081.0,540.5,2795820.0
032082173,녹사평역,동묘영업사업소,시민용,녹사평역,2019-11-30,2019,11,2019-11,정기분,수납 완료,1081.0,540.5,2795820.0
032082173,녹사평역,동묘영업사업소,시민용,녹사평역,2020-01-31,2020,1,2020-01,정기분,수납 완료,1303.0,651.5,4925440.0
032082173,녹사평역,동묘영업사업소,시민용,녹사평역,2020-03-31,2020,3,2020-03,정기분,수납 완료,971.0,485.5,2183030.0
032082173,녹사평역,동묘영업사업소,시민용,녹사평역,2020-05-31,2020,5,2020-05,정기분,수납 완료,816.0,408.0,1821880.0
032082173,녹사평역,동묘영업사업소,시민용,녹사평역,2020-07-31,2020,7,2020-07,정기분,수납 완료,795.0,397.5,1772950.0
032082173,녹사평역,동묘영업사업소,시민용,녹사평역,2020-09-30,2020,9,2020-09,정기분,수납 완료,831.0,415.5,1856830.0
032082173,녹사평역,동묘영업사업소,시민용,녹사평역,2020-11-30,2020,11,2020-11,정기분,수납 완료,803.0,401.5,1791590.0
032082173,녹사평역,동묘영업사업소,시민용,녹사평역,2021-01-31,2021,1,2021-01,정기분,수납 완료,739.0,369.5,1642470.0
032082173,녹사평역,동묘영업사업소,시민용,녹사평역,2021-03-31,2021,3,2021-03,정기분,수납 완료,714.0,357.0,1584220.0
032082173,녹사평역,동묘영업사업소,시민용,녹사평역,2021-05-31,2021,5,2021-05,정기분,수납 완료,901.0,450.5,2019930.0
032082173,녹사평역,동묘영업사업소,시민용,녹사평역,2021-07-31,2021,7,2021-07,정기분,수납 완료,978.0,489.0,2199340.0
032082173,녹사평역,동묘영업사업소,시민용,녹사평역,2021-09-30,2021,9,2021-09,정기분,수납 완료,827.0,413.5,2701390.0
032082173,녹사평역,동묘영업사업소,시민용,녹사평역,2021-11-30,2021,11,2021-11,정기분,수납 완료,914.0,457.0,2421420.0
032082173,녹사평역,동묘영업사업소,시민용,녹사평역,2022-01-31,2022,1,2022-01,정기분,수납 완료,909.0,454.5,2347760.0
032082173,녹사평역,동묘영업사업소,시민용,녹사평역,2022-03-31,2022,3,2022-03,정기분,수납 완료,740.0,370.0,2079790.0
032082173,녹사평역,동묘영업사업소,시민용,녹사평역,2022-05-31,2022,5,2022-05,정기분,수납 완료,789.0,394.5,2238500.0
032082173,녹사평역,동묘영업사업소,시민용,녹사평역,2022-07-31,2022,7,2022-07,정기분,수납 완료,1087.0,543.5,3060000.0
032082173,녹사평역,동묘영업사업소,시민용,녹사평역,2022-09-30,2022,9,2022-09,정기분,수납 완료,998.0,499.0,3216350.0
032082173,녹사평역,동묘영업사업소,시민용,녹사평역,2022-11-30,2022,11,2022-11,정기분,수납 완료,1129.0,564.5,3089150.0
032082173,녹사평역,동묘영업사업소,시민용,녹사평역,2023-01-31,2023,1,2023-01,정기분,수납 완료,981.0,490.5,2638650.0
032082173,녹사평역,동묘영업사업소,시민용,녹사평역,2023-03-31,2023,3,2023-03,정기분,수납 완료,847.0,423.5,2765070.0
032082173,녹사평역,동묘영업사업소,시민용,녹사평역,2023-05-31,2023,5,2023-05,정기분,수납 완료,969.0,484.5,3370360.0
032082173,녹사평역,동묘영업사업소,시민용,녹사평역,2023-07-31,2023,7,2023-07,정기분,수납 완료,1106.0,553.0,3736600.0
032082173,녹사평역,동묘영업사업소,시민용,녹사평역,2023-09-30,2023,9,2023-09,정기분,수납 완료,1279.0,639.5,4445560.0
032082173,녹사평역,동묘영업사업소,시민용,녹사평역,2023-11-30,2023,11,2023-11,정기분,수납 완료,1343.0,671.5,4529560.0
032082173,녹사평역,동묘영업사업소,시민용,녹사평역,2024-01-31,2024,1,2024-01,정기분,수납 완료,1016.0,508.0,3434200.0
032082173,녹사평역,동묘영업사업소,시민용,녹사평역,2024-03-31,2024,3,2024-03,정기분,수납 완료,937.0,468.5,3225880.0
032082173,녹사평역,동묘영업사업소,시민용,녹사평역,2024-05-31,2024,5,2024-05,정기분,수납 완료,1091.0,545.5,3763480.0
032082173,녹사평역,동묘영업사업소,시민용,녹사평역,2024-07-31,2024,7,2024-07,정기분,수납 완료,1135.0,567.5,3860920.0
032082173,녹사평역,동묘영업사업소,시민용,녹사평역,2024-09-30,2024,9,2024-09,정기분,수납 완료,1457.0,728.5,4909240.0
032082173,녹사평역,동묘영업사업소,시민용,녹사평역,2024-11-30,2024,11,2024-11,정기분,수납 완료,1577.0,788.5,5312440.0
032082173,녹사평역,동묘영업사업소,시민용,녹사평역,2025-01-31,2025,1,2025-01,정기분,수납 완료,1256.0,628.0,4227160.0
032082173,녹사평역,동묘영업사업소,시민용,녹사평역,2025-03-31,2025,3,2025-03,정기분,수납 완료,1188.0,594.0,3988600.0
032082173,녹사평역,동묘영업사업소,시민용,녹사평역,2025-05-31,2025,5,2025-05,정기분,수납 완료,1418.0,709.0,4788280.0
032082173,녹사평역,동묘영업사업소,시민용,녹사평역,2025-07-31,2025,7,2025-07,정기분,수납 완료,1495.0,747.5,5056080.0
032082173,녹사평역,동묘영업사업소,시민용,녹사평역,2025-09-30,2025,9,2025-09,정기분,수납 완료,1868.0,934.0,6433680.0
032082173,녹사평역,동묘영업사업소,시민용,녹사평역,2025-11-30,2025,11,2025-11,정기분,수납 완료,1835.0,917.5,6292560.0
032082173,녹사평역,동묘영업사업소,시민용,녹사평역,2026-01-31,2026,1,2026-01,정기분,수납 완료,1654.0,827.0,5546640.0
032082173,녹사평역,동묘영업사업소,시민용,녹사평역,2026-03-31,2026,3,2026-03,정기분,수납 완료,1328.0,664.0,4646180.0
032082173,녹사평역,동묘영업사업소,시민용,녹사평역,2026-05-31,2026,5,2026-05,정기분,미납,1054.0,527.0,3811840.0
004769658,답십리역,광화문영업사업소,시민용,답십리역,2010-04-30,2010,4,2010-04,정기분,수납 완료,1075.0,537.5,1376600.0
004769658,답십리역,광화문영업사업소,시민용,답십리역,2010-06-30,2010,6,2010-06,정기분,수납 완료,853.0,426.5,1092440.0
004769658,답십리역,광화문영업사업소,시민용,답십리역,2010-08-31,2010,8,2010-08,정기분,수납 완료,1646.0,823.0,2107480.0
004769658,답십리역,광화문영업사업소,시민용,답십리역,2010-10-31,2010,10,2010-10,정기분,수납 완료,1822.0,911.0,2332760.0
004769658,답십리역,광화문영업사업소,시민용,답십리역,2010-12-31,2010,12,2010-12,정기분,수납 완료,1672.0,836.0,2140760.0
004769658,답십리역,광화문영업사업소,시민용,답십리역,2011-02-28,2011,2,2011-02,정기분,수납 완료,1510.0,755.0,1940070.0
004769658,답십리역,광화문영업사업소,시민용,답십리역,2011-04-30,2011,4,2011-04,정기분,수납 완료,1545.0,772.5,1993650.0
004769658,답십리역,광화문영업사업소,시민용,답십리역,2011-06-30,2011,6,2011-06,정기분,수납 완료,1746.0,873.0,2252940.0
004769658,답십리역,광화문영업사업소,시민용,답십리역,2011-08-31,2011,8,2011-08,정기분,수납 완료,1799.0,899.5,2321310.0
004769658,답십리역,광화문영업사업소,시민용,답십리역,2011-10-31,2011,10,2011-10,정기분,수납 완료,1803.0,901.5,2326470.0
004769658,답십리역,광화문영업사업소,시민용,답십리역,2011-12-31,2011,12,2011-12,정기분,수납 완료,1869.0,934.5,2411610.0
004769658,답십리역,광화문영업사업소,시민용,답십리역,2012-02-29,2012,2,2012-02,정기분,수납 완료,2290.0,1145.0,2954700.0
004769658,답십리역,광화문영업사업소,시민용,답십리역,2012-04-30,2012,4,2012-04,정기분,수납 완료,1930.0,965.0,3126800.0
004769658,답십리역,광화문영업사업소,시민용,답십리역,2012-06-30,2012,6,2012-06,정기분,수납 완료,1911.0,955.5,3095640.0
004769658,답십리역,광화문영업사업소,시민용,답십리역,2012-08-31,2012,8,2012-08,정기분,수납 완료,1951.0,975.5,3161240.0
004769658,답십리역,광화문영업사업소,시민용,답십리역,2012-10-31,2012,10,2012-10,정기분,수납 완료,1872.0,936.0,3031680.0
004769658,답십리역,광화문영업사업소,시민용,답십리역,2012-12-31,2012,12,2012-12,정기분,수납 완료,1723.0,861.5,2787320.0
004769658,답십리역,광화문영업사업소,시민용,답십리역,2013-02-28,2013,2,2013-02,정기분,수납 완료,2213.0,1106.5,3590920.0
004769658,답십리역,광화문영업사업소,시민용,답십리역,2013-04-30,2013,4,2013-04,정기분,수납 완료,2105.0,1052.5,3808800.0
004769658,답십리역,광화문영업사업소,시민용,답십리역,2013-06-30,2013,6,2013-06,정기분,수납 완료,2063.0,1031.5,3764680.0
004769658,답십리역,광화문영업사업소,시민용,답십리역,2013-08-31,2013,8,2013-08,정기분,수납 완료,2148.0,1074.0,3887920.0
004769658,답십리역,광화문영업사업소,시민용,답십리역,2013-10-31,2013,10,2013-10,정기분,수납 완료,1978.0,989.0,3575120.0
004769658,답십리역,광화문영업사업소,시민용,답십리역,2013-12-31,2013,12,2013-12,정기분,수납 완료,1749.0,874.5,3153760.0
004769658,답십리역,광화문영업사업소,시민용,답십리역,2014-02-28,2014,2,2014-02,정기분,수납 완료,1655.0,827.5,2980800.0
004769658,답십리역,광화문영업사업소,시민용,답십리역,2014-04-30,2014,4,2014-04,정기분,수납 완료,1651.0,825.5,3225600.0
004769658,답십리역,광화문영업사업소,시민용,답십리역,2014-06-30,2014,6,2014-06,정기분,수납 완료,1672.0,836.0,3267600.0
004769658,답십리역,광화문영업사업소,시민용,답십리역,2014-08-31,2014,8,2014-08,정기분,수납 완료,1786.0,893.0,3495600.0
004769658,답십리역,광화문영업사업소,시민용,답십리역,2014-10-31,2014,10,2014-10,정기분,수납 완료,1797.0,898.5,3517600.0
004769658,답십리역,광화문영업사업소,시민용,답십리역,2014-12-31,2014,12,2014-12,정기분,수납 완료,1915.0,957.5,3753600.0
004769658,답십리역,광화문영업사업소,시민용,답십리역,2015-02-28,2015,2,2015-02,정기분,수납 완료,1655.0,827.5,3233600.0
004769658,답십리역,광화문영업사업소,시민용,답십리역,2015-04-30,2015,4,2015-04,정기분,수납 완료,902.0,451.0,1727600.0
004769658,답십리역,광화문영업사업소,시민용,답십리역,2015-06-30,2015,6,2015-06,정기분,수납 완료,1634.0,817.0,3191600.0
004769658,답십리역,광화문영업사업소,시민용,답십리역,2015-08-31,2015,8,2015-08,정기분,수납 완료,1599.0,799.5,3121600.0
004769658,답십리역,광화문영업사업소,시민용,답십리역,2015-10-31,2015,10,2015-10,정기분,수납 완료,1941.0,970.5,3805600.0
004769658,답십리역,광화문영업사업소,시민용,답십리역,2015-12-31,2015,12,2015-12,정기분,수납 완료,1565.0,782.5,3053600.0
004769658,답십리역,광화문영업사업소,시민용,답십리역,2016-02-29,2016,2,2016-02,정기분,수납 완료,1473.0,736.5,2869600.0
004769658,답십리역,광화문영업사업소,시민용,답십리역,2016-04-30,2016,4,2016-04,정기분,수납 완료,1516.0,758.0,2955600.0
004769658,답십리역,광화문영업사업소,시민용,답십리역,2016-06-30,2016,6,2016-06,정기분,수납 완료,1479.0,739.5,2881600.0
004769658,답십리역,광화문영업사업소,시민용,답십리역,2016-08-31,2016,8,2016-08,정기분,수납 완료,1645.0,822.5,3213600.0
004769658,답십리역,광화문영업사업소,시민용,답십리역,2016-10-31,2016,10,2016-10,정기분,수납 완료,1655.0,827.5,3233600.0
004769658,답십리역,광화문영업사업소,시민용,답십리역,2016-12-31,2016,12,2016-12,정기분,수납 완료,1399.0,699.5,2721600.0
004769658,답십리역,광화문영업사업소,시민용,답십리역,2017-02-28,2017,2,2017-02,정기분,수납 완료,1257.0,628.5,2485320.0
004769658,답십리역,광화문영업사업소,시민용,답십리역,2017-04-30,2017,4,2017-04,정기분,수납 완료,1412.0,706.0,2878250.0
004769658,답십리역,광화문영업사업소,시민용,답십리역,2017-06-30,2017,6,2017-06,정기분,수납 완료,1367.0,683.5,2785300.0
004769658,답십리역,광화문영업사업소,시민용,답십리역,2017-08-31,2017,8,2017-08,정기분,수납 완료,1469.0,734.5,2999500.0
004769658,답십리역,광화문영업사업소,시민용,답십리역,2017-10-31,2017,10,2017-10,정기분,수납 완료,1600.0,800.0,3274600.0
004769658,답십리역,광화문영업사업소,시민용,답십리역,2017-12-31,2017,12,2017-12,정기분,수납 완료,1501.0,750.5,3066700.0
004769658,답십리역,광화문영업사업소,시민용,답십리역,2018-02-28,2018,2,2018-02,정기분,수납 완료,1501.0,750.5,3133360.0
004769658,답십리역,광화문영업사업소,시민용,답십리역,2018-04-30,2018,4,2018-04,정기분,수납 완료,1527.0,763.5,3272030.0
004769658,답십리역,광화문영업사업소,시민용,답십리역,2018-06-30,2018,6,2018-06,정기분,수납 완료,1665.0,832.5,3579250.0
004769658,답십리역,광화문영업사업소,시민용,답십리역,2018-08-31,2018,8,2018-08,정기분,수납 완료,1558.0,779.0,3342780.0
004769658,답십리역,광화문영업사업소,시민용,답십리역,2018-10-31,2018,10,2018-10,정기분,수납 완료,1984.0,992.0,4284240.0
004769658,답십리역,광화문영업사업소,시민용,답십리역,2018-12-31,2018,12,2018-12,정기분,수납 완료,1405.0,702.5,3004650.0
004769658,답십리역,광화문영업사업소,시민용,답십리역,2019-02-28,2019,2,2019-02,정기분,수납 완료,1765.0,882.5,3890100.0
004769658,답십리역,광화문영업사업소,시민용,답십리역,2019-04-30,2019,4,2019-04,정기분,수납 완료,1527.0,763.5,3446510.0
004769658,답십리역,광화문영업사업소,시민용,답십리역,2019-06-30,2019,6,2019-06,정기분,수납 완료,1526.0,763.0,3444180.0
004769658,답십리역,광화문영업사업소,시민용,답십리역,2019-08-31,2019,8,2019-08,정기분,수납 완료,1732.0,866.0,3924160.0
004769658,답십리역,광화문영업사업소,시민용,답십리역,2019-10-31,2019,10,2019-10,정기분,수납 완료,1892.0,946.0,4296960.0
004769658,답십리역,광화문영업사업소,시민용,답십리역,2019-12-31,2019,12,2019-12,정기분,수납 완료,1612.0,806.0,3644560.0
004769658,답십리역,광화문영업사업소,시민용,답십리역,2020-02-29,2020,2,2020-02,정기분,수납 완료,1267.0,633.5,2840710.0
004769658,답십리역,광화문영업사업소,시민용,답십리역,2020-04-30,2020,4,2020-04,정기분,수납 완료,984.0,492.0,2181320.0
004769658,답십리역,광화문영업사업소,시민용,답십리역,2020-06-30,2020,6,2020-06,정기분,수납 완료,968.0,484.0,2144040.0
004769658,답십리역,광화문영업사업소,시민용,답십리역,2020-08-31,2020,8,2020-08,정기분,수납 완료,1179.0,589.5,2635670.0
004769658,답십리역,광화문영업사업소,시민용,답십리역,2020-10-31,2020,10,2020-10,정기분,수납 완료,1255.0,627.5,2812750.0
004769658,답십리역,광화문영업사업소,시민용,답십리역,2020-12-31,2020,12,2020-12,정기분,수납 완료,1137.0,568.5,2537810.0
004769658,답십리역,광화문영업사업소,시민용,답십리역,2021-02-28,2021,2,2021-02,정기분,수납 완료,1126.0,563.0,2512180.0
004769658,답십리역,광화문영업사업소,시민용,답십리역,2021-04-30,2021,4,2021-04,정기분,수납 완료,1070.0,535.0,2381700.0
004769658,답십리역,광화문영업사업소,시민용,답십리역,2021-06-30,2021,6,2021-06,정기분,수납 완료,1294.0,647.0,2903620.0
004769658,답십리역,광화문영업사업소,시민용,답십리역,2021-08-31,2021,8,2021-08,정기분,수납 완료,1435.0,717.5,3371000.0
004769658,답십리역,광화문영업사업소,시민용,답십리역,2021-10-31,2021,10,2021-10,정기분,수납 완료,1608.0,804.0,3976920.0
004769658,답십리역,광화문영업사업소,시민용,답십리역,2021-12-31,2021,12,2021-12,정기분,수납 완료,1355.0,677.5,3334300.0
004769658,답십리역,광화문영업사업소,시민용,답십리역,2022-02-28,2022,2,2022-02,정기분,수납 완료,1313.0,656.5,3326230.0
004769658,답십리역,광화문영업사업소,시민용,답십리역,2022-04-30,2022,4,2022-04,정기분,수납 완료,1147.0,573.5,2970060.0
004769658,답십리역,광화문영업사업소,시민용,답십리역,2022-06-30,2022,6,2022-06,정기분,수납 완료,1368.0,684.0,3570260.0
004769658,답십리역,광화문영업사업소,시민용,답십리역,2022-08-31,2022,8,2022-08,정기분,수납 완료,2563.0,1281.5,6756550.0
004769658,답십리역,광화문영업사업소,시민용,답십리역,2022-10-31,2022,10,2022-10,정기분,수납 완료,1673.0,836.5,4398050.0
004769658,답십리역,광화문영업사업소,시민용,답십리역,2022-12-31,2022,12,2022-12,정기분,수납 완료,1416.0,708.0,3717000.0
004769658,답십리역,광화문영업사업소,시민용,답십리역,2023-02-28,2023,2,2023-02,정기분,수납 완료,1150.0,575.0,3365460.0
004769658,답십리역,광화문영업사업소,시민용,답십리역,2023-04-30,2023,4,2023-04,정기분,수납 완료,1212.0,606.0,3996920.0
004769658,답십리역,광화문영업사업소,시민용,답십리역,2023-06-30,2023,6,2023-06,정기분,수납 완료,1372.0,686.0,4534520.0
004769658,답십리역,광화문영업사업소,시민용,답십리역,2023-08-31,2023,8,2023-08,정기분,수납 완료,1435.0,717.5,4746200.0
004769658,답십리역,광화문영업사업소,시민용,답십리역,2023-10-31,2023,10,2023-10,정기분,수납 완료,1813.0,906.5,6016280.0
004769658,답십리역,광화문영업사업소,시민용,답십리역,2023-12-31,2023,12,2023-12,정기분,수납 완료,1610.0,805.0,5334200.0
004769658,답십리역,광화문영업사업소,시민용,답십리역,2024-02-29,2024,2,2024-02,정기분,수납 완료,1565.0,782.5,5183000.0
004769658,답십리역,광화문영업사업소,시민용,답십리역,2024-04-30,2024,4,2024-04,정기분,수납 완료,1325.0,662.5,4376600.0
004769658,답십리역,광화문영업사업소,시민용,답십리역,2024-06-30,2024,6,2024-06,정기분,수납 완료,1520.0,760.0,5031800.0
004769658,답십리역,광화문영업사업소,시민용,답십리역,2024-08-31,2024,8,2024-08,정기분,수납 완료,1412.0,706.0,4668920.0
004769658,답십리역,광화문영업사업소,시민용,답십리역,2024-10-31,2024,10,2024-10,정기분,수납 완료,1618.0,809.0,5361080.0
004769658,답십리역,광화문영업사업소,시민용,답십리역,2024-12-31,2024,12,2024-12,정기분,수납 완료,1614.0,807.0,5347640.0
004769658,답십리역,광화문영업사업소,시민용,답십리역,2025-02-28,2025,2,2025-02,정기분,수납 완료,1270.0,635.0,4191800.0
004769658,답십리역,광화문영업사업소,시민용,답십리역,2025-04-30,2025,4,2025-04,정기분,수납 완료,1265.0,632.5,4175000.0
004769658,답십리역,광화문영업사업소,시민용,답십리역,2025-06-30,2025,6,2025-06,정기분,수납 완료,1346.0,673.0,4447160.0
004769658,답십리역,광화문영업사업소,시민용,답십리역,2025-08-31,2025,8,2025-08,정기분,수납 완료,1543.0,771.5,5109080.0
004769658,답십리역,광화문영업사업소,시민용,답십리역,2025-10-31,2025,10,2025-10,정기분,수납 완료,1807.0,903.5,5996120.0
004769658,답십리역,광화문영업사업소,시민용,답십리역,2025-12-31,2025,12,2025-12,정기분,수납 완료,1250.0,625.0,4124600.0
004769658,답십리역,광화문영업사업소,시민용,답십리역,2026-02-28,2026,2,2026-02,정기분,수납 완료,1137.0,568.5,3841040.0
004769658,답십리역,광화문영업사업소,시민용,답십리역,2026-04-30,2026,4,2026-04,정기분,수납 완료,1196.0,598.0,4170240.0
022652784,대청역,도곡영업사업소,시민용,대청역,2008-06-30,2008,6,2008-06,정기분,수납 완료,613.0,306.5,805040.0
022652784,대청역,도곡영업사업소,시민용,대청역,2008-08-31,2008,8,2008-08,정기분,수납 완료,861.0,430.5,1123360.0
022652784,대청역,도곡영업사업소,시민용,대청역,2008-10-31,2008,10,2008-10,정기분,수납 완료,927.0,463.5,1238700.0
022652784,대청역,도곡영업사업소,시민용,대청역,2008-12-31,2008,12,2008-12,정기분,수납 완료,661.0,330.5,921820.0
022652784,대청역,도곡영업사업소,시민용,대청역,2009-02-28,2009,2,2009-02,정기분,수납 완료,515.0,257.5,732470.0
022652784,대청역,도곡영업사업소,시민용,대청역,2009-04-30,2009,4,2009-04,정기분,수납 완료,584.0,292.0,813800.0
022652784,대청역,도곡영업사업소,시민용,대청역,2009-06-30,2009,6,2009-06,정기분,수납 완료,590.0,295.0,848560.0
022652784,대청역,도곡영업사업소,시민용,대청역,2009-08-31,2009,8,2009-08,정기분,수납 완료,1006.0,503.0,1423460.0
022652784,대청역,도곡영업사업소,시민용,대청역,2009-10-31,2009,10,2009-10,정기분,수납 완료,940.0,470.0,1297260.0
022652784,대청역,도곡영업사업소,시민용,대청역,2009-12-31,2009,12,2009-12,정기분,수납 완료,940.0,470.0,1308660.0
022652784,대청역,도곡영업사업소,시민용,대청역,2010-02-28,2010,2,2010-02,정기분,수납 완료,235.0,117.5,415940.0
022652784,대청역,도곡영업사업소,시민용,대청역,2010-04-30,2010,4,2010-04,정기분,수납 완료,637.0,318.5,816840.0
022652784,대청역,도곡영업사업소,시민용,대청역,2010-06-30,2010,6,2010-06,정기분,수납 완료,422.0,211.0,663580.0
022652784,대청역,도곡영업사업소,시민용,대청역,2010-08-31,2010,8,2010-08,정기분,수납 완료,403.0,201.5,681800.0
022652784,대청역,도곡영업사업소,시민용,대청역,2010-10-31,2010,10,2010-10,정기분,수납 완료,613.0,306.5,785240.0
022652784,대청역,도곡영업사업소,시민용,대청역,2010-12-31,2010,12,2010-12,정기분,수납 완료,528.0,264.0,731920.0
022652784,대청역,도곡영업사업소,시민용,대청역,2011-02-28,2011,2,2011-02,정기분,수납 완료,182.0,91.0,546740.0
022652784,대청역,도곡영업사업소,시민용,대청역,2011-04-30,2011,4,2011-04,정기분,수납 완료,391.0,195.5,777770.0
022652784,대청역,도곡영업사업소,시민용,대청역,2011-06-30,2011,6,2011-06,정기분,수납 완료,700.0,350.0,1206340.0
022652784,대청역,도곡영업사업소,시민용,대청역,2011-08-31,2011,8,2011-08,정기분,수납 완료,771.0,385.5,1303210.0
022652784,대청역,도곡영업사업소,시민용,대청역,2011-10-31,2011,10,2011-10,정기분,수납 완료,1115.0,557.5,1742570.0
022652784,대청역,도곡영업사업소,시민용,대청역,2011-12-31,2011,12,2011-12,정기분,수납 완료,829.0,414.5,1407510.0
022652784,대청역,도곡영업사업소,시민용,대청역,2012-02-29,2012,2,2012-02,정기분,수납 완료,607.0,303.5,1095610.0
022652784,대청역,도곡영업사업소,시민용,대청역,2012-04-30,2012,4,2012-04,정기분,수납 완료,607.0,303.5,1385440.0
022652784,대청역,도곡영업사업소,시민용,대청역,2012-06-30,2012,6,2012-06,정기분,수납 완료,1293.0,646.5,2298040.0
022652784,대청역,도곡영업사업소,시민용,대청역,2012-08-31,2012,8,2012-08,정기분,수납 완료,1706.0,853.0,3173040.0
022652784,대청역,도곡영업사업소,시민용,대청역,2012-10-31,2012,10,2012-10,정기분,수납 완료,1826.0,913.0,3260400.0
022652784,대청역,도곡영업사업소,시민용,대청역,2012-12-31,2012,12,2012-12,정기분,수납 완료,900.0,450.0,1880720.0
022652784,대청역,도곡영업사업소,시민용,대청역,2013-02-28,2013,2,2013-02,정기분,수납 완료,998.0,499.0,3361760.0
022652784,대청역,도곡영업사업소,시민용,대청역,2013-04-30,2013,4,2013-04,정기분,수납 완료,868.0,434.0,3920160.0
022652784,대청역,도곡영업사업소,시민용,대청역,2013-06-30,2013,6,2013-06,정기분,수납 완료,803.0,401.5,4987480.0
022652784,대청역,도곡영업사업소,시민용,대청역,2013-08-31,2013,8,2013-08,정기분,수납 완료,1150.0,575.0,5897840.0
022652784,대청역,도곡영업사업소,시민용,대청역,2013-10-31,2013,10,2013-10,정기분,수납 완료,1939.0,969.5,4795280.0
022652784,대청역,도곡영업사업소,시민용,대청역,2013-12-31,2013,12,2013-12,정기분,수납 완료,1150.0,575.0,2051600.0
022652784,대청역,도곡영업사업소,시민용,대청역,2014-02-28,2014,2,2014-02,정기분,수납 완료,966.0,483.0,1713040.0
022652784,대청역,도곡영업사업소,시민용,대청역,2014-04-30,2014,4,2014-04,정기분,수납 완료,1101.0,550.5,2125600.0
022652784,대청역,도곡영업사업소,시민용,대청역,2014-06-30,2014,6,2014-06,정기분,수납 완료,994.0,497.0,1911600.0
022652784,대청역,도곡영업사업소,시민용,대청역,2014-08-31,2014,8,2014-08,정기분,수납 완료,1650.0,825.0,3223600.0
022652784,대청역,도곡영업사업소,시민용,대청역,2014-10-31,2014,10,2014-10,정기분,수납 완료,1545.0,772.5,3013600.0
022652784,대청역,도곡영업사업소,시민용,대청역,2014-12-31,2014,12,2014-12,정기분,수납 완료,1316.0,658.0,2555600.0
022652784,대청역,도곡영업사업소,시민용,대청역,2015-02-28,2015,2,2015-02,정기분,수납 완료,1284.0,642.0,2491600.0
022652784,대청역,도곡영업사업소,시민용,대청역,2015-04-30,2015,4,2015-04,정기분,수납 완료,1257.0,628.5,2437600.0
022652784,대청역,도곡영업사업소,시민용,대청역,2015-06-30,2015,6,2015-06,정기분,수납 완료,1329.0,664.5,2638600.0
022652784,대청역,도곡영업사업소,시민용,대청역,2015-08-31,2015,8,2015-08,정기분,수납 완료,3295.0,1647.5,6513600.0
022652784,대청역,도곡영업사업소,시민용,대청역,2015-10-31,2015,10,2015-10,정기분,수납 완료,4963.0,2481.5,2184760.0
022652784,대청역,도곡영업사업소,시민용,대청역,2015-12-31,2015,12,2015-12,정기분,수납 완료,775.0,387.5,803600.0
022652784,대청역,도곡영업사업소,시민용,대청역,2016-02-29,2016,2,2016-02,정기분,수납 완료,476.0,238.0,817680.0
022652784,대청역,도곡영업사업소,시민용,대청역,2016-04-30,2016,4,2016-04,정기분,수납 완료,449.0,224.5,854820.0
022652784,대청역,도곡영업사업소,시민용,대청역,2016-06-30,2016,6,2016-06,정기분,수납 완료,500.0,250.0,945600.0
022652784,대청역,도곡영업사업소,시민용,대청역,2016-08-31,2016,8,2016-08,정기분,수납 완료,960.0,480.0,1843600.0
022652784,대청역,도곡영업사업소,시민용,대청역,2016-10-31,2016,10,2016-10,정기분,수납 완료,552.0,276.0,1038160.0
022652784,대청역,도곡영업사업소,시민용,대청역,2016-12-31,2016,12,2016-12,정기분,수납 완료,539.0,269.5,1015020.0
022652784,대청역,도곡영업사업소,시민용,대청역,2017-02-28,2017,2,2017-02,정기분,수납 완료,481.0,240.5,930690.0
022652784,대청역,도곡영업사업소,시민용,대청역,2017-04-30,2017,4,2017-04,정기분,수납 완료,416.0,208.0,821740.0
022652784,대청역,도곡영업사업소,시민용,대청역,2017-06-30,2017,6,2017-06,정기분,수납 완료,558.0,279.0,1096060.0
022652784,대청역,도곡영업사업소,시민용,대청역,2017-08-31,2017,8,2017-08,정기분,수납 완료,599.0,299.5,1172730.0
022652784,대청역,도곡영업사업소,시민용,대청역,2017-10-31,2017,10,2017-10,정기분,수납 완료,579.0,289.5,1135330.0
022652784,대청역,도곡영업사업소,시민용,대청역,2017-12-31,2017,12,2017-12,정기분,수납 완료,533.0,266.5,1049310.0
022652784,대청역,도곡영업사업소,시민용,대청역,2018-02-28,2018,2,2018-02,정기분,수납 완료,495.0,247.5,992530.0
022652784,대청역,도곡영업사업소,시민용,대청역,2018-04-30,2018,4,2018-04,정기분,수납 완료,417.0,208.5,866920.0
022652784,대청역,도곡영업사업소,시민용,대청역,2018-06-30,2018,6,2018-06,정기분,수납 완료,531.0,265.5,1090360.0
022652784,대청역,도곡영업사업소,시민용,대청역,2018-08-31,2018,8,2018-08,정기분,수납 완료,591.0,295.5,1207960.0
022652784,대청역,도곡영업사업소,시민용,대청역,2018-10-31,2018,10,2018-10,정기분,수납 완료,638.0,319.0,1309580.0
022652784,대청역,도곡영업사업소,시민용,대청역,2018-12-31,2018,12,2018-12,정기분,수납 완료,512.0,256.0,1117920.0
022652784,대청역,도곡영업사업소,시민용,대청역,2019-02-28,2019,2,2019-02,정기분,수납 완료,470.0,235.0,986850.0
022652784,대청역,도곡영업사업소,시민용,대청역,2019-04-30,2019,4,2019-04,정기분,수납 완료,496.0,248.0,1071320.0
022652784,대청역,도곡영업사업소,시민용,대청역,2019-06-30,2019,6,2019-06,정기분,수납 완료,721.0,360.5,1568530.0
022652784,대청역,도곡영업사업소,시민용,대청역,2019-08-31,2019,8,2019-08,정기분,수납 완료,584.0,292.0,1253480.0
022652784,대청역,도곡영업사업소,시민용,대청역,2019-10-31,2019,10,2019-10,정기분,수납 완료,819.0,409.5,1796870.0
022652784,대청역,도곡영업사업소,시민용,대청역,2019-12-31,2019,12,2019-12,정기분,수납 완료,572.0,286.0,1228640.0
022652784,대청역,도곡영업사업소,시민용,대청역,2020-02-29,2020,2,2020-02,정기분,수납 완료,469.0,234.5,1015430.0
022652784,대청역,도곡영업사업소,시민용,대청역,2020-04-30,2020,4,2020-04,정기분,수납 완료,410.0,205.0,893300.0
022652784,대청역,도곡영업사업소,시민용,대청역,2020-06-30,2020,6,2020-06,정기분,수납 완료,282.0,141.0,628340.0
022652784,대청역,도곡영업사업소,시민용,대청역,2020-08-31,2020,8,2020-08,정기분,수납 완료,280.0,140.0,624200.0
022652784,대청역,도곡영업사업소,시민용,대청역,2020-10-31,2020,10,2020-10,정기분,수납 완료,733.0,366.5,1596490.0
022652784,대청역,도곡영업사업소,시민용,대청역,2020-12-31,2020,12,2020-12,정기분,수납 완료,600.0,300.0,1286600.0
022652784,대청역,도곡영업사업소,시민용,대청역,2021-02-28,2021,2,2021-02,정기분,수납 완료,391.0,195.5,853970.0
022652784,대청역,도곡영업사업소,시민용,대청역,2021-04-30,2021,4,2021-04,정기분,수납 완료,487.0,243.5,1052690.0
022652784,대청역,도곡영업사업소,시민용,대청역,2021-06-30,2021,6,2021-06,정기분,수납 완료,503.0,251.5,1085810.0
022652784,대청역,도곡영업사업소,시민용,대청역,2021-08-31,2021,8,2021-08,정기분,수납 완료,767.0,383.5,1733970.0
022652784,대청역,도곡영업사업소,시민용,대청역,2021-10-31,2021,10,2021-10,정기분,수납 완료,1015.0,507.5,2470700.0
022652784,대청역,도곡영업사업소,시민용,대청역,2021-12-31,2021,12,2021-12,정기분,수납 완료,649.0,324.5,1541060.0
022652784,대청역,도곡영업사업소,시민용,대청역,2022-02-28,2022,2,2022-02,정기분,수납 완료,557.0,278.5,1365550.0
022652784,대청역,도곡영업사업소,시민용,대청역,2022-04-30,2022,4,2022-04,정기분,수납 완료,476.0,238.0,1245840.0
022652784,대청역,도곡영업사업소,시민용,대청역,2022-06-30,2022,6,2022-06,정기분,수납 완료,596.0,298.0,1488980.0
022652784,대청역,도곡영업사업소,시민용,대청역,2022-08-31,2022,8,2022-08,정기분,수납 완료,760.0,380.0,1978600.0
022652784,대청역,도곡영업사업소,시민용,대청역,2022-10-31,2022,10,2022-10,정기분,수납 완료,790.0,395.0,2058100.0
022652784,대청역,도곡영업사업소,시민용,대청역,2022-12-31,2022,12,2022-12,정기분,수납 완료,649.0,324.5,1684450.0
022652784,대청역,도곡영업사업소,시민용,대청역,2023-02-28,2023,2,2023-02,정기분,수납 완료,518.0,259.0,1475140.0
022652784,대청역,도곡영업사업소,시민용,대청역,2023-04-30,2023,4,2023-04,정기분,수납 완료,547.0,273.5,1762520.0
022652784,대청역,도곡영업사업소,시민용,대청역,2023-06-30,2023,6,2023-06,정기분,수납 완료,670.0,335.0,2175800.0
022652784,대청역,도곡영업사업소,시민용,대청역,2023-08-31,2023,8,2023-08,정기분,수납 완료,864.0,432.0,2827640.0
022652784,대청역,도곡영업사업소,시민용,대청역,2023-10-31,2023,10,2023-10,정기분,수납 완료,1284.0,642.0,4238840.0
022652784,대청역,도곡영업사업소,시민용,대청역,2023-12-31,2023,12,2023-12,정기분,수납 완료,720.0,360.0,2343800.0
022652784,대청역,도곡영업사업소,시민용,대청역,2024-02-29,2024,2,2024-02,정기분,수납 완료,611.0,305.5,1977560.0
022652784,대청역,도곡영업사업소,시민용,대청역,2024-04-30,2024,4,2024-04,정기분,수납 완료,551.0,275.5,1775960.0
022652784,대청역,도곡영업사업소,시민용,대청역,2024-06-30,2024,6,2024-06,정기분,수납 완료,631.0,315.5,2044760.0
022652784,대청역,도곡영업사업소,시민용,대청역,2024-08-31,2024,8,2024-08,정기분,수납 완료,863.0,431.5,2824280.0
022652784,대청역,도곡영업사업소,시민용,대청역,2024-10-31,2024,10,2024-10,정기분,수납 완료,1243.0,621.5,4101080.0
022652784,대청역,도곡영업사업소,시민용,대청역,2024-12-31,2024,12,2024-12,정기분,수납 완료,728.0,364.0,2370680.0
022652784,대청역,도곡영업사업소,시민용,대청역,2025-02-28,2025,2,2025-02,정기분,수납 완료,579.0,289.5,1870040.0
022652784,대청역,도곡영업사업소,시민용,대청역,2025-04-30,2025,4,2025-04,정기분,수납 완료,554.0,277.0,1786040.0
022652784,대청역,도곡영업사업소,시민용,대청역,2025-06-30,2025,6,2025-06,정기분,수납 완료,684.0,342.0,2222840.0
022652784,대청역,도곡영업사업소,시민용,대청역,2025-08-31,2025,8,2025-08,정기분,수납 완료,856.0,428.0,2800760.0
022652784,대청역,도곡영업사업소,시민용,대청역,2025-10-31,2025,10,2025-10,정기분,수납 완료,1010.0,505.0,3318200.0
022652784,대청역,도곡영업사업소,시민용,대청역,2025-12-31,2025,12,2025-12,정기분,수납 완료,690.0,345.0,2243000.0
022652784,대청역,도곡영업사업소,시민용,대청역,2026-02-28,2026,2,2026-02,정기분,수납 완료,643.0,321.5,2128020.0
022652784,대청역,도곡영업사업소,시민용,대청역,2026-04-30,2026,4,2026-04,정기분,수납 완료,582.0,291.0,1995680.0
024655212,대치역,도곡영업사업소,시민용,대치역,2008-06-30,2008,6,2008-06,정기분,수납 완료,629.0,314.5,20780320.0
024655212,대치역,도곡영업사업소,시민용,대치역,2008-07-31,2008,7,2008-07,정기분,수납 완료,1048.0,524.0,12218580.0
024655212,대치역,도곡영업사업소,시민용,대치역,2008-08-31,2008,8,2008-08,정기분,수납 완료,524.0,262.0,16499450.0
024655212,대치역,도곡영업사업소,시민용,대치역,2008-09-30,2008,9,2008-09,정기분,수납 완료,1731.0,865.5,17012270.0
024655212,대치역,도곡영업사업소,시민용,대치역,2008-10-31,2008,10,2008-10,정기분,수납 완료,866.0,433.0,16756500.0
024655212,대치역,도곡영업사업소,시민용,대치역,2008-11-30,2008,11,2008-11,정기분,수납 완료,1238.0,619.0,15073920.0
024655212,대치역,도곡영업사업소,시민용,대치역,2008-12-31,2008,12,2008-12,정기분,수납 완료,619.0,309.5,15915210.0
024655212,대치역,도곡영업사업소,시민용,대치역,2009-01-31,2009,1,2009-01,정기분,수납 완료,710.0,355.0,5572490.0
024655212,대치역,도곡영업사업소,시민용,대치역,2009-02-28,2009,2,2009-02,정기분,수납 완료,355.0,177.5,10743850.0
024655212,대치역,도곡영업사업소,시민용,대치역,2009-03-31,2009,3,2009-03,정기분,수납 완료,573.0,286.5,13821380.0
024655212,대치역,도곡영업사업소,시민용,대치역,2009-04-30,2009,4,2009-04,정기분,수납 완료,287.0,143.5,12283190.0
024655212,대치역,도곡영업사업소,시민용,대치역,2009-05-31,2009,5,2009-05,정기분,수납 완료,741.0,370.5,12791750.0
024655212,대치역,도곡영업사업소,시민용,대치역,2009-06-30,2009,6,2009-06,정기분,수납 완료,638.0,319.0,13281990.0
024655212,대치역,도곡영업사업소,시민용,대치역,2009-07-31,2009,7,2009-07,정기분,수납 완료,628.0,314.0,776840.0
024655212,대치역,도곡영업사업소,시민용,대치역,2009-08-31,2009,8,2009-08,정기분,수납 완료,1353.0,676.5,901000.0
024655212,대치역,도곡영업사업소,시민용,대치역,2009-09-30,2009,9,2009-09,정기분,수납 완료,677.0,338.5,839560.0
024655212,대치역,도곡영업사업소,시민용,대치역,2009-10-31,2009,10,2009-10,정기분,수납 완료,1766.0,883.0,1366920.0
024655212,대치역,도곡영업사업소,시민용,대치역,2009-11-30,2009,11,2009-11,정기분,수납 완료,883.0,441.5,1103240.0
024655212,대치역,도곡영업사업소,시민용,대치역,2009-12-31,2009,12,2009-12,정기분,수납 완료,960.0,480.0,71560.0
024655212,대치역,도곡영업사업소,시민용,대치역,2010-01-31,2010,1,2010-01,정기분,수납 완료,480.0,240.0,587400.0
024655212,대치역,도곡영업사업소,시민용,대치역,2010-02-28,2010,2,2010-02,정기분,수납 완료,615.0,307.5,145800.0
024655212,대치역,도곡영업사업소,시민용,대치역,2010-03-31,2010,3,2010-03,정기분,수납 완료,308.0,154.0,367240.0
024655212,대치역,도곡영업사업소,시민용,대치역,2010-04-30,2010,4,2010-04,정기분,수납 완료,675.0,337.5,442760.0
024655212,대치역,도곡영업사업소,시민용,대치역,2010-05-31,2010,5,2010-05,정기분,수납 완료,338.0,169.0,405640.0
024655212,대치역,도곡영업사업소,시민용,대치역,2010-06-30,2010,6,2010-06,정기분,수납 완료,675.0,337.5,404360.0
024655212,대치역,도곡영업사업소,시민용,대치역,2010-07-31,2010,7,2010-07,정기분,수납 완료,338.0,169.0,405640.0
024655212,대치역,도곡영업사업소,시민용,대치역,2010-08-31,2010,8,2010-08,정기분,수납 완료,1460.0,730.0,1409160.0
024655212,대치역,도곡영업사업소,시민용,대치역,2010-09-30,2010,9,2010-09,정기분,수납 완료,730.0,365.0,907400.0
024655212,대치역,도곡영업사업소,시민용,대치역,2010-10-31,2010,10,2010-10,정기분,수납 완료,1508.0,754.0,968840.0
024655212,대치역,도곡영업사업소,시민용,대치역,2010-11-30,2010,11,2010-11,정기분,수납 완료,754.0,377.0,9744970.0
024655212,대치역,도곡영업사업소,시민용,대치역,2010-12-31,2010,12,2010-12,정기분,수납 완료,845.0,422.5,89480.0
024655212,대치역,도곡영업사업소,시민용,대치역,2011-01-31,2011,1,2011-01,정기분,수납 완료,423.0,211.5,514440.0
024655212,대치역,도곡영업사업소,시민용,대치역,2011-02-28,2011,2,2011-02,정기분,수납 완료,1052.0,526.0,783360.0
024655212,대치역,도곡영업사업소,시민용,대치역,2011-03-31,2011,3,2011-03,정기분,수납 완료,526.0,263.0,651540.0
024655212,대치역,도곡영업사업소,시민용,대치역,2011-04-30,2011,4,2011-04,정기분,수납 완료,566.0,283.0,31220.0
024655212,대치역,도곡영업사업소,시민용,대치역,2011-05-31,2011,5,2011-05,정기분,수납 완료,283.0,141.5,338080.0
024655212,대치역,도곡영업사업소,시민용,대치역,2011-06-30,2011,6,2011-06,정기분,수납 완료,930.0,465.0,805420.0
024655212,대치역,도곡영업사업소,시민용,대치역,2011-07-31,2011,7,2011-07,정기분,수납 완료,465.0,232.5,572850.0
024655212,대치역,도곡영업사업소,시민용,대치역,2011-08-31,2011,8,2011-08,정기분,수납 완료,1622.0,811.0,1465530.0
024655212,대치역,도곡영업사업소,시민용,대치역,2011-09-30,2011,9,2011-09,정기분,수납 완료,811.0,405.5,1019190.0
024655212,대치역,도곡영업사업소,시민용,대치역,2011-10-31,2011,10,2011-10,정기분,수납 완료,1377.0,688.5,703140.0
024655212,대치역,도곡영업사업소,시민용,대치역,2011-11-30,2011,11,2011-11,정기분,수납 완료,689.0,344.5,861810.0
024655212,대치역,도곡영업사업소,시민용,대치역,2011-12-31,2011,12,2011-12,정기분,수납 완료,922.0,461.0,273570.0
024655212,대치역,도곡영업사업소,시민용,대치역,2012-01-31,2012,1,2012-01,정기분,수납 완료,461.0,230.5,567690.0
024655212,대치역,도곡영업사업소,시민용,대치역,2012-02-29,2012,2,2012-02,정기분,수납 완료,984.0,492.0,647670.0
024655212,대치역,도곡영업사업소,시민용,대치역,2012-03-31,2012,3,2012-03,정기분,수납 완료,492.0,246.0,760380.0
024655212,대치역,도곡영업사업소,시민용,대치역,2012-04-30,2012,4,2012-04,정기분,수납 완료,493.0,246.5,170.0
024655212,대치역,도곡영업사업소,시민용,대치역,2012-05-31,2012,5,2012-05,정기분,수납 완료,247.0,123.5,342350.0
024655212,대치역,도곡영업사업소,시민용,대치역,2012-06-30,2012,6,2012-06,정기분,수납 완료,1015.0,507.5,1203480.0
024655212,대치역,도곡영업사업소,시민용,대치역,2012-07-31,2012,7,2012-07,정기분,수납 완료,508.0,254.0,786620.0
024655212,대치역,도곡영업사업소,시민용,대치역,2012-08-31,2012,8,2012-08,정기분,수납 완료,1865.0,932.5,2178980.0
024655212,대치역,도곡영업사업소,시민용,대치역,2012-09-30,2012,9,2012-09,정기분,수납 완료,933.0,466.5,1483620.0
024655212,대치역,도곡영업사업소,시민용,대치역,2012-10-31,2012,10,2012-10,정기분,수납 완료,1872.0,936.0,1493460.0
024655212,대치역,도곡영업사업소,시민용,대치역,2012-11-30,2012,11,2012-11,정기분,수납 완료,936.0,468.0,1488540.0
024655212,대치역,도곡영업사업소,시민용,대치역,2012-12-31,2012,12,2012-12,정기분,수납 완료,1357.0,678.5,643940.0
024655212,대치역,도곡영업사업소,시민용,대치역,2013-01-31,2013,1,2013-01,정기분,수납 완료,679.0,339.5,1067060.0
024655212,대치역,도곡영업사업소,시민용,대치역,2013-02-28,2013,2,2013-02,정기분,수납 완료,1108.0,554.0,657060.0
024655212,대치역,도곡영업사업소,시민용,대치역,2013-03-31,2013,3,2013-03,정기분,수납 완료,554.0,277.0,959860.0
024655212,대치역,도곡영업사업소,시민용,대치역,2013-04-30,2013,4,2013-04,정기분,수납 완료,977.0,488.5,718820.0
024655212,대치역,도곡영업사업소,시민용,대치역,2013-05-31,2013,5,2013-05,정기분,수납 완료,489.0,244.5,840260.0
024655212,대치역,도곡영업사업소,시민용,대치역,2013-06-30,2013,6,2013-06,정기분,수납 완료,1066.0,533.0,1002180.0
024655212,대치역,도곡영업사업소,시민용,대치역,2013-07-31,2013,7,2013-07,정기분,수납 완료,533.0,266.5,921220.0
024655212,대치역,도곡영업사업소,시민용,대치역,2013-08-31,2013,8,2013-08,정기분,수납 완료,1336.0,668.0,1418020.0
024655212,대치역,도곡영업사업소,시민용,대치역,2013-09-30,2013,9,2013-09,정기분,수납 완료,668.0,334.0,1169620.0
024655212,대치역,도곡영업사업소,시민용,대치역,2013-10-31,2013,10,2013-10,정기분,수납 완료,1729.0,864.5,1892740.0
024655212,대치역,도곡영업사업소,시민용,대치역,2013-11-30,2013,11,2013-11,정기분,수납 완료,864.0,432.0,1530260.0
024655212,대치역,도곡영업사업소,시민용,대치역,2013-12-31,2013,12,2013-12,정기분,수납 완료,971.0,485.5,137380.0
024655212,대치역,도곡영업사업소,시민용,대치역,2014-01-31,2014,1,2014-01,정기분,수납 완료,486.0,243.0,834740.0
024655212,대치역,도곡영업사업소,시민용,대치역,2014-02-28,2014,2,2014-02,정기분,수납 완료,764.0,382.0,452020.0
024655212,대치역,도곡영업사업소,시민용,대치역,2014-03-31,2014,3,2014-03,정기분,수납 완료,382.0,191.0,698500.0
024655212,대치역,도곡영업사업소,시민용,대치역,2014-04-30,2014,4,2014-04,정기분,수납 완료,655.0,327.5,480500.0
024655212,대치역,도곡영업사업소,시민용,대치역,2014-05-31,2014,5,2014-05,정기분,수납 완료,328.0,164.0,590500.0
024655212,대치역,도곡영업사업소,시민용,대치역,2014-06-30,2014,6,2014-06,정기분,수납 완료,1029.0,514.5,1336500.0
024655212,대치역,도곡영업사업소,시민용,대치역,2014-07-31,2014,7,2014-07,정기분,수납 완료,515.0,257.5,964500.0
024655212,대치역,도곡영업사업소,시민용,대치역,2014-08-31,2014,8,2014-08,정기분,수납 완료,1785.0,892.5,2474500.0
024655212,대치역,도곡영업사업소,시민용,대치역,2014-09-30,2014,9,2014-09,정기분,수납 완료,893.0,446.5,1720500.0
024655212,대치역,도곡영업사업소,시민용,대치역,2014-10-31,2014,10,2014-10,정기분,수납 완료,1659.0,829.5,1466500.0
024655212,대치역,도곡영업사업소,시민용,대치역,2014-11-30,2014,11,2014-11,정기분,수납 완료,830.0,415.0,1594500.0
024655212,대치역,도곡영업사업소,시민용,대치역,2014-12-31,2014,12,2014-12,정기분,수납 완료,1268.0,634.0,810500.0
024655212,대치역,도곡영업사업소,시민용,대치역,2015-01-31,2015,1,2015-01,정기분,수납 완료,634.0,317.0,1202500.0
024655212,대치역,도곡영업사업소,시민용,대치역,2015-02-28,2015,2,2015-02,정기분,수납 완료,914.0,457.0,494500.0
024655212,대치역,도곡영업사업소,시민용,대치역,2015-03-31,2015,3,2015-03,정기분,수납 완료,457.0,228.5,848500.0
024655212,대치역,도곡영업사업소,시민용,대치역,2015-04-30,2015,4,2015-04,정기분,수납 완료,746.0,373.0,512500.0
024655212,대치역,도곡영업사업소,시민용,대치역,2015-05-31,2015,5,2015-05,정기분,수납 완료,373.0,186.5,680500.0
024655212,대치역,도곡영업사업소,시민용,대치역,2015-06-30,2015,6,2015-06,정기분,수납 완료,891.0,445.5,970500.0
024655212,대치역,도곡영업사업소,시민용,대치역,2015-07-31,2015,7,2015-07,정기분,수납 완료,446.0,223.0,826500.0
024655212,대치역,도곡영업사업소,시민용,대치역,2015-08-31,2015,8,2015-08,정기분,수납 완료,812.0,406.0,666500.0
024655212,대치역,도곡영업사업소,시민용,대치역,2015-09-30,2015,9,2015-09,정기분,수납 완료,406.0,203.0,746500.0
024655212,대치역,도곡영업사업소,시민용,대치역,2015-10-31,2015,10,2015-10,정기분,수납 완료,711.0,355.5,544500.0
024655212,대치역,도곡영업사업소,시민용,대치역,2015-11-30,2015,11,2015-11,정기분,수납 완료,356.0,178.0,646500.0
024655212,대치역,도곡영업사업소,시민용,대치역,2015-12-31,2015,12,2015-12,정기분,수납 완료,892.0,446.0,1006500.0
024655212,대치역,도곡영업사업소,시민용,대치역,2016-01-31,2016,1,2016-01,정기분,수납 완료,446.0,223.0,826500.0
024655212,대치역,도곡영업사업소,시민용,대치역,2016-02-29,2016,2,2016-02,정기분,수납 완료,971.0,485.5,984500.0
024655212,대치역,도곡영업사업소,시민용,대치역,2016-03-31,2016,3,2016-03,정기분,수납 완료,486.0,243.0,906500.0
024655212,대치역,도곡영업사업소,시민용,대치역,2016-04-30,2016,4,2016-04,정기분,수납 완료,897.0,448.5,756500.0
024655212,대치역,도곡영업사업소,시민용,대치역,2016-05-31,2016,5,2016-05,정기분,수납 완료,449.0,224.5,832500.0
024655212,대치역,도곡영업사업소,시민용,대치역,2016-06-30,2016,6,2016-06,정기분,수납 완료,941.0,470.5,918500.0
024655212,대치역,도곡영업사업소,시민용,대치역,2016-07-31,2016,7,2016-07,정기분,수납 완료,471.0,235.5,876500.0
024655212,대치역,도곡영업사업소,시민용,대치역,2016-08-31,2016,8,2016-08,정기분,수납 완료,816.0,408.0,624500.0
024655212,대치역,도곡영업사업소,시민용,대치역,2016-09-30,2016,9,2016-09,정기분,수납 완료,408.0,204.0,750500.0
024655212,대치역,도곡영업사업소,시민용,대치역,2016-10-31,2016,10,2016-10,정기분,수납 완료,779.0,389.5,676500.0
024655212,대치역,도곡영업사업소,시민용,대치역,2016-11-30,2016,11,2016-11,정기분,수납 완료,390.0,195.0,714500.0
024655212,대치역,도곡영업사업소,시민용,대치역,2016-12-31,2016,12,2016-12,정기분,수납 완료,903.0,451.5,960500.0
024655212,대치역,도곡영업사업소,시민용,대치역,2017-01-31,2017,1,2017-01,정기분,수납 완료,452.0,226.0,838500.0
024655212,대치역,도곡영업사업소,시민용,대치역,2017-02-28,2017,2,2017-02,정기분,수납 완료,726.0,363.0,510450.0
024655212,대치역,도곡영업사업소,시민용,대치역,2017-03-31,2017,3,2017-03,정기분,수납 완료,363.0,181.5,692300.0
024655212,대치역,도곡영업사업소,시민용,대치역,2017-04-30,2017,4,2017-04,정기분,수납 완료,817.0,408.5,883400.0
024655212,대치역,도곡영업사업소,시민용,대치역,2017-05-31,2017,5,2017-05,정기분,수납 완료,409.0,204.5,788900.0
024655212,대치역,도곡영업사업소,시민용,대치역,2017-06-30,2017,6,2017-06,정기분,수납 완료,884.0,442.0,927500.0
024655212,대치역,도곡영업사업소,시민용,대치역,2017-07-31,2017,7,2017-07,정기분,수납 완료,442.0,221.0,858200.0
024655212,대치역,도곡영업사업소,시민용,대치역,2017-08-31,2017,8,2017-08,정기분,수납 완료,1020.0,510.0,1143800.0
024655212,대치역,도곡영업사업소,시민용,대치역,2017-09-30,2017,9,2017-09,정기분,수납 완료,510.0,255.0,1001000.0
024655212,대치역,도곡영업사업소,시민용,대치역,2017-10-31,2017,10,2017-10,정기분,수납 완료,751.0,375.5,436100.0
024655212,대치역,도곡영업사업소,시민용,대치역,2017-11-30,2017,11,2017-11,정기분,수납 완료,376.0,188.0,719600.0
024655212,대치역,도곡영업사업소,시민용,대치역,2017-12-31,2017,12,2017-12,정기분,수납 완료,743.0,371.5,700700.0
024655212,대치역,도곡영업사업소,시민용,대치역,2018-01-31,2018,1,2018-01,정기분,수납 완료,372.0,186.0,710370.0
024655212,대치역,도곡영업사업소,시민용,대치역,2018-02-28,2018,2,2018-02,정기분,수납 완료,730.0,365.0,712210.0
024655212,대치역,도곡영업사업소,시민용,대치역,2018-03-31,2018,3,2018-03,정기분,수납 완료,365.0,182.5,729150.0
024655212,대치역,도곡영업사업소,시민용,대치역,2018-04-30,2018,4,2018-04,정기분,수납 완료,710.0,355.0,684950.0
024655212,대치역,도곡영업사업소,시민용,대치역,2018-05-31,2018,5,2018-05,정기분,수납 완료,355.0,177.5,707050.0
024655212,대치역,도곡영업사업소,시민용,대치역,2018-06-30,2018,6,2018-06,정기분,수납 완료,795.0,397.5,894900.0
024655212,대치역,도곡영업사업소,시민용,대치역,2018-07-31,2018,7,2018-07,정기분,수납 완료,398.0,199.0,802080.0
024655212,대치역,도곡영업사업소,시민용,대치역,2018-08-31,2018,8,2018-08,정기분,수납 완료,1139.0,569.5,1560110.0
024655212,대치역,도곡영업사업소,시민용,대치역,2018-09-30,2018,9,2018-09,정기분,수납 완료,570.0,285.0,1171750.0
024655212,대치역,도곡영업사업소,시민용,대치역,2018-10-31,2018,10,2018-10,정기분,수납 완료,1899.0,949.5,2859420.0
024655212,대치역,도곡영업사업소,시민용,대치역,2018-11-30,2018,11,2018-11,정기분,수납 완료,950.0,475.0,2022000.0
024655212,대치역,도곡영업사업소,시민용,대치역,2018-12-31,2018,12,2018-12,정기분,수납 완료,1020.0,510.0,77200.0
024655212,대치역,도곡영업사업소,시민용,대치역,2019-01-31,2019,1,2019-01,정기분,수납 완료,510.0,255.0,1054550.0
024655212,대치역,도곡영업사업소,시민용,대치역,2019-02-28,2019,2,2019-02,정기분,수납 완료,987.0,493.5,1027650.0
024655212,대치역,도곡영업사업소,시민용,대치역,2019-03-31,2019,3,2019-03,정기분,수납 완료,494.0,247.0,1068020.0
024655212,대치역,도곡영업사업소,시민용,대치역,2019-04-30,2019,4,2019-04,정기분,수납 완료,795.0,397.5,618330.0
024655212,대치역,도곡영업사업소,시민용,대치역,2019-05-31,2019,5,2019-05,정기분,수납 완료,398.0,199.0,844340.0
024655212,대치역,도곡영업사업소,시민용,대치역,2019-06-30,2019,6,2019-06,정기분,수납 완료,950.0,475.0,1203160.0
024655212,대치역,도곡영업사업소,시민용,대치역,2019-07-31,2019,7,2019-07,정기분,수납 완료,475.0,237.5,1023750.0
024655212,대치역,도곡영업사업소,시민용,대치역,2019-08-31,2019,8,2019-08,정기분,수납 완료,1289.0,644.5,1813620.0
024655212,대치역,도곡영업사업소,시민용,대치역,2019-09-30,2019,9,2019-09,정기분,수납 완료,645.0,322.5,1419850.0
024655212,대치역,도곡영업사업소,시민용,대치역,2019-10-31,2019,10,2019-10,정기분,수납 완료,1557.0,778.5,2041960.0
024655212,대치역,도곡영업사업소,시민용,대치역,2019-11-30,2019,11,2019-11,정기분,수납 완료,481.0,240.5,1037730.0
024655212,대치역,도곡영업사업소,시민용,대치역,2019-12-31,2019,12,2019-12,정기분,수납 완료,384.0,192.0,811720.0
024655212,대치역,도곡영업사업소,시민용,대치역,2020-01-31,2020,1,2020-01,정기분,수납 완료,366.0,183.0,769780.0
024655212,대치역,도곡영업사업소,시민용,대치역,2020-02-29,2020,2,2020-02,정기분,수납 완료,392.0,196.0,14130400.0
024655212,대치역,도곡영업사업소,시민용,대치역,2020-03-31,2020,3,2020-03,정기분,수납 완료,277.0,138.5,568390.0
024655212,대치역,도곡영업사업소,시민용,대치역,2020-04-30,2020,4,2020-04,정기분,수납 완료,267.0,133.5,547690.0
024655212,대치역,도곡영업사업소,시민용,대치역,2020-05-31,2020,5,2020-05,정기분,수납 완료,305.0,152.5,627650.0
024655212,대치역,도곡영업사업소,시민용,대치역,2020-06-30,2020,6,2020-06,정기분,수납 완료,356.0,178.0,746480.0
024655212,대치역,도곡영업사업소,시민용,대치역,2020-07-31,2020,7,2020-07,정기분,수납 완료,604.0,302.0,1324320.0
024655212,대치역,도곡영업사업소,시민용,대치역,2020-08-31,2020,8,2020-08,정기분,수납 완료,585.0,292.5,1280050.0
024655212,대치역,도곡영업사업소,시민용,대치역,2020-09-30,2020,9,2020-09,정기분,수납 완료,682.0,341.0,1506060.0
024655212,대치역,도곡영업사업소,시민용,대치역,2020-10-31,2020,10,2020-10,정기분,수납 완료,481.0,240.5,1037730.0
024655212,대치역,도곡영업사업소,시민용,대치역,2020-11-30,2020,11,2020-11,정기분,수납 완료,404.0,202.0,858320.0
024655212,대치역,도곡영업사업소,시민용,대치역,2020-12-31,2020,12,2020-12,정기분,수납 완료,343.0,171.5,716190.0
024655212,대치역,도곡영업사업소,시민용,대치역,2021-01-31,2021,1,2021-01,정기분,수납 완료,270.0,135.0,553900.0
024655212,대치역,도곡영업사업소,시민용,대치역,2021-02-28,2021,2,2021-02,정기분,수납 완료,305.0,152.5,627650.0
024655212,대치역,도곡영업사업소,시민용,대치역,2021-03-31,2021,3,2021-03,정기분,수납 완료,241.0,120.5,493870.0
024655212,대치역,도곡영업사업소,시민용,대치역,2021-04-30,2021,4,2021-04,정기분,수납 완료,296.0,148.0,607720.0
024655212,대치역,도곡영업사업소,시민용,대치역,2021-05-31,2021,5,2021-05,정기분,수납 완료,319.0,159.5,660270.0
024655212,대치역,도곡영업사업소,시민용,대치역,2021-06-30,2021,6,2021-06,정기분,수납 완료,356.0,178.0,746480.0
024655212,대치역,도곡영업사업소,시민용,대치역,2021-07-31,2021,7,2021-07,정기분,수납 완료,472.0,236.0,1030240.0
024655212,대치역,도곡영업사업소,시민용,대치역,2021-08-31,2021,8,2021-08,정기분,수납 완료,945.0,472.5,2319300.0
024655212,대치역,도곡영업사업소,시민용,대치역,2021-09-30,2021,9,2021-09,정기분,수납 완료,901.0,450.5,2207540.0
024655212,대치역,도곡영업사업소,시민용,대치역,2021-10-31,2021,10,2021-10,정기분,수납 완료,560.0,280.0,1341400.0
024655212,대치역,도곡영업사업소,시민용,대치역,2021-11-30,2021,11,2021-11,정기분,수납 완료,355.0,177.5,820700.0
024655212,대치역,도곡영업사업소,시민용,대치역,2021-12-31,2021,12,2021-12,정기분,수납 완료,349.0,174.5,805460.0
024655212,대치역,도곡영업사업소,시민용,대치역,2022-01-31,2022,1,2022-01,정기분,수납 완료,337.0,168.5,783330.0
024655212,대치역,도곡영업사업소,시민용,대치역,2022-02-28,2022,2,2022-02,정기분,수납 완료,288.0,144.0,14084520.0
024655212,대치역,도곡영업사업소,시민용,대치역,2022-03-31,2022,3,2022-03,정기분,수납 완료,252.0,126.0,12371280.0
024655212,대치역,도곡영업사업소,시민용,대치역,2022-04-30,2022,4,2022-04,정기분,수납 완료,269.0,134.5,13826410.0
024655212,대치역,도곡영업사업소,시민용,대치역,2022-05-31,2022,5,2022-05,정기분,수납 완료,298.0,149.0,13595820.0
024655212,대치역,도곡영업사업소,시민용,대치역,2022-06-30,2022,6,2022-06,정기분,수납 완료,401.0,200.5,14005250.0
024655212,대치역,도곡영업사업소,시민용,대치역,2022-07-31,2022,7,2022-07,정기분,수납 완료,511.0,255.5,13851550.0
024655212,대치역,도곡영업사업소,시민용,대치역,2022-08-31,2022,8,2022-08,정기분,수납 완료,718.0,359.0,15729300.0
024655212,대치역,도곡영업사업소,시민용,대치역,2022-09-30,2022,9,2022-09,정기분,수납 완료,559.0,279.5,17637150.0
024655212,대치역,도곡영업사업소,시민용,대치역,2022-10-31,2022,10,2022-10,정기분,수납 완료,425.0,212.5,19005650.0
024655212,대치역,도곡영업사업소,시민용,대치역,2022-11-30,2022,11,2022-11,정기분,수납 완료,354.0,177.0,19620700.0
024655212,대치역,도곡영업사업소,시민용,대치역,2022-12-31,2022,12,2022-12,정기분,수납 완료,310.0,155.0,19108900.0
024655212,대치역,도곡영업사업소,시민용,대치역,2023-01-31,2023,1,2023-01,정기분,수납 완료,478.0,239.0,19314670.0
024655212,대치역,도곡영업사업소,시민용,대치역,2023-02-28,2023,2,2023-02,정기분,수납 완료,935.0,467.5,21039000.0
024655212,대치역,도곡영업사업소,시민용,대치역,2023-03-31,2023,3,2023-03,정기분,수납 완료,441.0,220.5,15837640.0
024655212,대치역,도곡영업사업소,시민용,대치역,2023-04-30,2023,4,2023-04,정기분,수납 완료,355.0,177.5,16810980.0
024655212,대치역,도곡영업사업소,시민용,대치역,2023-05-31,2023,5,2023-05,정기분,수납 완료,328.0,164.0,16567480.0
024655212,대치역,도곡영업사업소,시민용,대치역,2023-06-30,2023,6,2023-06,정기분,수납 완료,320.0,160.0,16335000.0
024655212,대치역,도곡영업사업소,시민용,대치역,2023-07-31,2023,7,2023-07,정기분,수납 완료,373.0,186.5,16391080.0
024655212,대치역,도곡영업사업소,시민용,대치역,2023-08-31,2023,8,2023-08,정기분,수납 완료,836.0,418.0,19307560.0
024655212,대치역,도곡영업사업소,시민용,대치역,2023-09-30,2023,9,2023-09,정기분,수납 완료,1476.0,738.0,23288720.0
024655212,대치역,도곡영업사업소,시민용,대치역,2023-10-31,2023,10,2023-10,정기분,수납 완료,1292.0,646.0,23054640.0
024655212,대치역,도곡영업사업소,시민용,대치역,2023-11-30,2023,11,2023-11,정기분,수납 완료,913.0,456.5,23977080.0
024655212,대치역,도곡영업사업소,시민용,대치역,2023-12-31,2023,12,2023-12,정기분,수납 완료,297.0,148.5,19980520.0
024655212,대치역,도곡영업사업소,시민용,대치역,2024-01-31,2024,1,2024-01,정기분,수납 완료,298.0,149.0,19835080.0
024655212,대치역,도곡영업사업소,시민용,대치역,2024-02-29,2024,2,2024-02,정기분,수납 완료,353.0,176.5,20224280.0
024655212,대치역,도곡영업사업소,시민용,대치역,2024-03-31,2024,3,2024-03,정기분,수납 완료,285.0,142.5,18763400.0
024655212,대치역,도곡영업사업소,시민용,대치역,2024-04-30,2024,4,2024-04,정기분,수납 완료,322.0,161.0,21164120.0
024655212,대치역,도곡영업사업소,시민용,대치역,2024-05-31,2024,5,2024-05,정기분,수납 완료,312.0,156.0,22094920.0
024655212,대치역,도곡영업사업소,시민용,대치역,2024-06-30,2024,6,2024-06,정기분,수납 완료,329.0,164.5,17289240.0
024655212,대치역,도곡영업사업소,시민용,대치역,2024-07-31,2024,7,2024-07,정기분,수납 완료,594.0,297.0,17608840.0
024655212,대치역,도곡영업사업소,시민용,대치역,2024-08-31,2024,8,2024-08,정기분,수납 완료,1294.0,647.0,21095980.0
024655212,대치역,도곡영업사업소,시민용,대치역,2024-09-30,2024,9,2024-09,정기분,수납 완료,2275.0,1137.5,26144050.0
024655212,대치역,도곡영업사업소,시민용,대치역,2024-10-31,2024,10,2024-10,정기분,수납 완료,2780.0,1390.0,28630800.0
024655212,대치역,도곡영업사업소,시민용,대치역,2024-11-30,2024,11,2024-11,정기분,수납 완료,2033.0,1016.5,26997110.0
024655212,대치역,도곡영업사업소,시민용,대치역,2024-12-31,2024,12,2024-12,정기분,수납 완료,304.0,152.0,19676440.0
024655212,대치역,도곡영업사업소,시민용,대치역,2025-01-31,2025,1,2025-01,정기분,수납 완료,269.0,134.5,22697240.0
024655212,대치역,도곡영업사업소,시민용,대치역,2025-02-28,2025,2,2025-02,정기분,수납 완료,277.0,138.5,25566520.0
024655212,대치역,도곡영업사업소,시민용,대치역,2025-03-31,2025,3,2025-03,정기분,수납 완료,272.0,136.0,19498920.0
024655212,대치역,도곡영업사업소,시민용,대치역,2025-04-30,2025,4,2025-04,정기분,수납 완료,340.0,170.0,24117800.0
024655212,대치역,도곡영업사업소,시민용,대치역,2025-05-31,2025,5,2025-05,정기분,수납 완료,341.0,170.5,20663560.0
024655212,대치역,도곡영업사업소,시민용,대치역,2025-06-30,2025,6,2025-06,정기분,수납 완료,339.0,169.5,18942440.0
024655212,대치역,도곡영업사업소,시민용,대치역,2025-07-31,2025,7,2025-07,정기분,수납 완료,374.0,187.0,18303640.0
024655212,대치역,도곡영업사업소,시민용,대치역,2025-08-31,2025,8,2025-08,정기분,수납 완료,436.0,218.0,18638360.0
024655212,대치역,도곡영업사업소,시민용,대치역,2025-09-30,2025,9,2025-09,정기분,수납 완료,372.0,186.0,17937320.0
024655212,대치역,도곡영업사업소,시민용,대치역,2025-10-31,2025,10,2025-10,정기분,수납 완료,356.0,178.0,24447160.0
024655212,대치역,도곡영업사업소,시민용,대치역,2025-11-30,2025,11,2025-11,정기분,수납 완료,331.0,165.5,20785160.0
024655212,대치역,도곡영업사업소,시민용,대치역,2025-12-31,2025,12,2025-12,정기분,수납 완료,322.0,161.0,16140520.0
024655212,대치역,도곡영업사업소,시민용,대치역,2026-01-31,2026,1,2026-01,정기분,수납 완료,289.0,144.5,17161190.0
024655212,대치역,도곡영업사업소,시민용,대치역,2026-02-28,2026,2,2026-02,정기분,수납 완료,327.0,163.5,20196720.0
024655212,대치역,도곡영업사업소,시민용,대치역,2026-03-31,2026,3,2026-03,정기분,수납 완료,262.0,131.0,17027540.0
024655212,대치역,도곡영업사업소,시민용,대치역,2026-04-30,2026,4,2026-04,정기분,수납 완료,322.0,161.0,18123140.0
024655212,대치역,도곡영업사업소,시민용,대치역,2026-05-31,2026,5,2026-05,정기분,미납,338.0,169.0,17630180.0
031928061,돌곶이역,동묘영업사업소,시민용,서울교통공사,2025-02-28,2025,2,2025-02,정기분,수납 완료,0.0,0.0,21660.0
031928061,돌곶이역,동묘영업사업소,시민용,서울교통공사,2025-04-30,2025,4,2025-04,정기분,수납 완료,504.0,252.0,1563440.0
031928061,돌곶이역,동묘영업사업소,시민용,서울교통공사,2025-06-30,2025,6,2025-06,정기분,수납 완료,419.0,209.5,1277840.0
031928061,돌곶이역,동묘영업사업소,시민용,서울교통공사,2025-08-31,2025,8,2025-08,정기분,수납 완료,416.0,208.0,1266760.0
031928061,돌곶이역,동묘영업사업소,시민용,서울교통공사,2025-10-31,2025,10,2025-10,정기분,수납 완료,403.0,201.5,1223080.0
031928061,돌곶이역,동묘영업사업소,시민용,서울교통공사,2025-12-31,2025,12,2025-12,정기분,수납 완료,383.0,191.5,1157410.0
031928061,돌곶이역,동묘영업사업소,시민용,서울교통공사,2026-02-28,2026,2,2026-02,정기분,수납 완료,367.0,183.5,1145360.0
031928061,돌곶이역,동묘영업사업소,시민용,서울교통공사,2026-04-30,2026,4,2026-04,정기분,수납 완료,409.0,204.5,1328660.0
000013307,동대문역(1호선),상계영업사업소,시민용,1호선 동대문역,2008-06-30,2008,6,2008-06,정기분,수납 완료,2052.0,1026.0,2790200.0
000013307,동대문역(1호선),상계영업사업소,시민용,1호선 동대문역,2008-08-31,2008,8,2008-08,정기분,수납 완료,3133.0,1566.5,4173880.0
000013307,동대문역(1호선),상계영업사업소,시민용,1호선 동대문역,2008-10-31,2008,10,2008-10,정기분,수납 완료,3199.0,1599.5,4258360.0
000013307,동대문역(1호선),상계영업사업소,시민용,1호선 동대문역,2008-12-31,2008,12,2008-12,정기분,수납 완료,2896.0,1448.0,3870520.0
000013307,동대문역(1호선),상계영업사업소,시민용,1호선 동대문역,2009-02-28,2009,2,2009-02,정기분,수납 완료,1510.0,755.0,2096440.0
000013307,동대문역(1호선),상계영업사업소,시민용,1호선 동대문역,2009-04-30,2009,4,2009-04,정기분,수납 완료,1427.0,713.5,1990200.0
000013307,동대문역(1호선),상계영업사업소,시민용,1호선 동대문역,2009-06-30,2009,6,2009-06,정기분,수납 완료,1878.0,939.0,2604540.0
000013307,동대문역(1호선),상계영업사업소,시민용,1호선 동대문역,2009-08-31,2009,8,2009-08,정기분,수납 완료,2490.0,1245.0,3387900.0
000013307,동대문역(1호선),상계영업사업소,시민용,1호선 동대문역,2009-10-31,2009,10,2009-10,정기분,수납 완료,3246.0,1623.0,4355580.0
000013307,동대문역(1호선),상계영업사업소,시민용,1호선 동대문역,2009-12-31,2009,12,2009-12,정기분,수납 완료,2562.0,1281.0,3480060.0
000013307,동대문역(1호선),상계영업사업소,시민용,1호선 동대문역,2010-02-28,2010,2,2010-02,정기분,수납 완료,2879.0,1439.5,3891600.0
000013307,동대문역(1호선),상계영업사업소,시민용,1호선 동대문역,2010-04-30,2010,4,2010-04,정기분,수납 완료,2138.0,1069.0,2943120.0
000013307,동대문역(1호선),상계영업사업소,시민용,1호선 동대문역,2010-06-30,2010,6,2010-06,정기분,수납 완료,1861.0,930.5,2588560.0
000013307,동대문역(1호선),상계영업사업소,시민용,1호선 동대문역,2010-08-31,2010,8,2010-08,정기분,수납 완료,3947.0,1973.5,5235180.0
000013307,동대문역(1호선),상계영업사업소,시민용,1호선 동대문역,2010-10-31,2010,10,2010-10,정기분,수납 완료,5563.0,2781.5,7349220.0
000013307,동대문역(1호선),상계영업사업소,시민용,1호선 동대문역,2010-12-31,2010,12,2010-12,정기분,수납 완료,2836.0,1418.0,3858660.0
000013307,동대문역(1호선),상계영업사업소,시민용,1호선 동대문역,2011-02-28,2011,2,2011-02,정기분,수납 완료,2004.0,1002.0,2800570.0
000013307,동대문역(1호선),상계영업사업소,시민용,1호선 동대문역,2011-04-30,2011,4,2011-04,정기분,수납 완료,1881.0,940.5,2655070.0
000013307,동대문역(1호선),상계영업사업소,시민용,1호선 동대문역,2011-06-30,2011,6,2011-06,정기분,수납 완료,1917.0,958.5,2701510.0
000013307,동대문역(1호선),상계영업사업소,시민용,1호선 동대문역,2011-08-31,2011,8,2011-08,정기분,수납 완료,2723.0,1361.5,3741250.0
000013307,동대문역(1호선),상계영업사업소,시민용,1호선 동대문역,2011-10-31,2011,10,2011-10,정기분,수납 완료,3845.0,1922.5,5188630.0
000013307,동대문역(1호선),상계영업사업소,시민용,1호선 동대문역,2011-12-31,2011,12,2011-12,정기분,수납 완료,2325.0,1162.5,3227830.0
000013307,동대문역(1호선),상계영업사업소,시민용,1호선 동대문역,2012-02-29,2012,2,2012-02,정기분,수납 완료,2355.0,1177.5,3266530.0
000013307,동대문역(1호선),상계영업사업소,시민용,1호선 동대문역,2012-04-30,2012,4,2012-04,정기분,수납 완료,2056.0,1028.0,3635120.0
000013307,동대문역(1호선),상계영업사업소,시민용,1호선 동대문역,2012-06-30,2012,6,2012-06,정기분,수납 완료,2174.0,1087.0,3828640.0
000013307,동대문역(1호선),상계영업사업소,시민용,1호선 동대문역,2012-08-31,2012,8,2012-08,정기분,수납 완료,3240.0,1620.0,5576880.0
000013307,동대문역(1호선),상계영업사업소,시민용,1호선 동대문역,2012-10-31,2012,10,2012-10,정기분,수납 완료,4835.0,2417.5,8192680.0
000013307,동대문역(1호선),상계영업사업소,시민용,1호선 동대문역,2012-12-31,2012,12,2012-12,정기분,수납 완료,2231.0,1115.5,3922120.0
000013307,동대문역(1호선),상계영업사업소,시민용,1호선 동대문역,2013-02-28,2013,2,2013-02,정기분,수납 완료,1818.0,909.0,3244800.0
000013307,동대문역(1호선),상계영업사업소,시민용,1호선 동대문역,2013-04-30,2013,4,2013-04,정기분,수납 완료,1600.0,800.0,3240240.0
000013307,동대문역(1호선),상계영업사업소,시민용,1호선 동대문역,2013-06-30,2013,6,2013-06,정기분,수납 완료,2281.0,1140.5,4493280.0
000013307,동대문역(1호선),상계영업사업소,시민용,1호선 동대문역,2013-08-31,2013,8,2013-08,정기분,수납 완료,3167.0,1583.5,6123520.0
000013307,동대문역(1호선),상계영업사업소,시민용,1호선 동대문역,2013-10-31,2013,10,2013-10,정기분,수납 완료,4012.0,2006.0,7759180.0
000013307,동대문역(1호선),상계영업사업소,시민용,1호선 동대문역,2013-12-31,2013,12,2013-12,정기분,수납 완료,2641.0,1320.5,5348340.0
000013307,동대문역(1호선),상계영업사업소,시민용,1호선 동대문역,2014-02-28,2014,2,2014-02,정기분,수납 완료,2101.0,1050.5,4162080.0
000013307,동대문역(1호선),상계영업사업소,시민용,1호선 동대문역,2014-04-30,2014,4,2014-04,정기분,수납 완료,1739.0,869.5,3821200.0
000013307,동대문역(1호선),상계영업사업소,시민용,1호선 동대문역,2014-06-30,2014,6,2014-06,정기분,수납 완료,2430.0,1215.0,5203200.0
000013307,동대문역(1호선),상계영업사업소,시민용,1호선 동대문역,2014-08-31,2014,8,2014-08,정기분,수납 완료,3283.0,1641.5,6909200.0
000013307,동대문역(1호선),상계영업사업소,시민용,1호선 동대문역,2014-10-31,2014,10,2014-10,정기분,수납 완료,3621.0,1810.5,8787000.0
000013307,동대문역(1호선),상계영업사업소,시민용,1호선 동대문역,2014-12-31,2014,12,2014-12,정기분,수납 완료,2577.0,1288.5,6655200.0
000013307,동대문역(1호선),상계영업사업소,시민용,1호선 동대문역,2015-02-28,2015,2,2015-02,정기분,수납 완료,1767.0,883.5,3777900.0
000013307,동대문역(1호선),상계영업사업소,시민용,1호선 동대문역,2015-04-30,2015,4,2015-04,정기분,수납 완료,1756.0,878.0,3855200.0
000013307,동대문역(1호선),상계영업사업소,시민용,1호선 동대문역,2015-06-30,2015,6,2015-06,정기분,수납 완료,2430.0,1215.0,5112900.0
000013307,동대문역(1호선),상계영업사업소,시민용,1호선 동대문역,2015-08-31,2015,8,2015-08,정기분,수납 완료,3283.0,1641.5,7173800.0
000013307,동대문역(1호선),상계영업사업소,시민용,1호선 동대문역,2015-10-31,2015,10,2015-10,정기분,수납 완료,4765.0,2382.5,10207400.0
000013307,동대문역(1호선),상계영업사업소,시민용,1호선 동대문역,2015-12-31,2015,12,2015-12,정기분,수납 완료,2182.0,1091.0,4635200.0
000013307,동대문역(1호선),상계영업사업소,시민용,1호선 동대문역,2016-02-29,2016,2,2016-02,정기분,수납 완료,1369.0,684.5,3167000.0
000013307,동대문역(1호선),상계영업사업소,시민용,1호선 동대문역,2016-04-30,2016,4,2016-04,정기분,수납 완료,1730.0,865.0,4013500.0
000013307,동대문역(1호선),상계영업사업소,시민용,1호선 동대문역,2016-06-30,2016,6,2016-06,정기분,수납 완료,487.0,243.5,1462360.0
000013307,동대문역(1호선),상계영업사업소,시민용,1호선 동대문역,2016-08-31,2016,8,2016-08,정기분,수납 완료,3160.0,1580.0,6663200.0
000013307,동대문역(1호선),상계영업사업소,시민용,1호선 동대문역,2016-10-31,2016,10,2016-10,정기분,수납 완료,3622.0,1811.0,7587200.0
000013307,동대문역(1호선),상계영업사업소,시민용,1호선 동대문역,2016-12-31,2016,12,2016-12,정기분,수납 완료,3750.0,1875.0,7843200.0
000013307,동대문역(1호선),상계영업사업소,시민용,1호선 동대문역,2017-02-28,2017,2,2017-02,정기분,수납 완료,2512.0,1256.0,5463960.0
000013307,동대문역(1호선),상계영업사업소,시민용,1호선 동대문역,2017-04-30,2017,4,2017-04,정기분,수납 완료,2512.0,1256.0,5659880.0
000013307,동대문역(1호선),상계영업사업소,시민용,1호선 동대문역,2017-06-30,2017,6,2017-06,정기분,수납 완료,2630.0,1315.0,5901440.0
000013307,동대문역(1호선),상계영업사업소,시민용,1호선 동대문역,2017-08-31,2017,8,2017-08,정기분,수납 완료,3638.0,1819.0,8018220.0
000013307,동대문역(1호선),상계영업사업소,시민용,1호선 동대문역,2017-10-31,2017,10,2017-10,정기분,수납 완료,3683.0,1841.5,8112720.0
000013307,동대문역(1호선),상계영업사업소,시민용,1호선 동대문역,2017-12-31,2017,12,2017-12,정기분,수납 완료,3443.0,1721.5,7608720.0
000013307,동대문역(1호선),상계영업사업소,시민용,1호선 동대문역,2018-02-28,2018,2,2018-02,정기분,수납 완료,2979.0,1489.5,6749150.0
000013307,동대문역(1호선),상계영업사업소,시민용,1호선 동대문역,2018-04-30,2018,4,2018-04,정기분,수납 완료,2832.0,1416.0,6666360.0
000013307,동대문역(1호선),상계영업사업소,시민용,1호선 동대문역,2018-06-30,2018,6,2018-06,정기분,수납 완료,3366.0,1683.0,7846500.0
000013307,동대문역(1호선),상계영업사업소,시민용,1호선 동대문역,2018-08-31,2018,8,2018-08,정기분,수납 완료,3760.0,1880.0,8717240.0
000013307,동대문역(1호선),상계영업사업소,시민용,1호선 동대문역,2018-10-31,2018,10,2018-10,정기분,수납 완료,4321.0,2160.5,9957050.0
000013307,동대문역(1호선),상계영업사업소,시민용,1호선 동대문역,2018-12-31,2018,12,2018-12,정기분,수납 완료,4758.0,2379.0,11256180.0
000013307,동대문역(1호선),상계영업사업소,시민용,1호선 동대문역,2019-02-28,2019,2,2019-02,정기분,수납 완료,5596.0,2798.0,6112150.0
000013307,동대문역(1호선),상계영업사업소,시민용,1호선 동대문역,2019-04-30,2019,4,2019-04,정기분,수납 완료,7293.0,3646.5,9418860.0
000013307,동대문역(1호선),상계영업사업소,시민용,1호선 동대문역,2019-06-30,2019,6,2019-06,정기분,수납 완료,3411.0,1705.5,8403230.0
000013307,동대문역(1호선),상계영업사업소,시민용,1호선 동대문역,2019-08-31,2019,8,2019-08,정기분,수납 완료,3118.0,1559.0,7424540.0
000013307,동대문역(1호선),상계영업사업소,시민용,1호선 동대문역,2019-10-31,2019,10,2019-10,정기분,수납 완료,3513.0,1756.5,8749290.0
000013307,동대문역(1호선),상계영업사업소,시민용,1호선 동대문역,2019-12-31,2019,12,2019-12,정기분,수납 완료,2949.0,1474.5,7326770.0
000013307,동대문역(1호선),상계영업사업소,시민용,1호선 동대문역,2020-02-29,2020,2,2020-02,정기분,수납 완료,2340.0,1170.0,5715000.0
000013307,동대문역(1호선),상계영업사업소,시민용,1호선 동대문역,2020-04-30,2020,4,2020-04,정기분,수납 완료,1799.0,899.5,4408470.0
000013307,동대문역(1호선),상계영업사업소,시민용,1호선 동대문역,2020-06-30,2020,6,2020-06,정기분,수납 완료,2208.0,1104.0,5600240.0
000013307,동대문역(1호선),상계영업사업소,시민용,1호선 동대문역,2020-08-31,2020,8,2020-08,정기분,수납 완료,2682.0,1341.0,6458660.0
000013307,동대문역(1호선),상계영업사업소,시민용,1호선 동대문역,2020-10-31,2020,10,2020-10,정기분,수납 완료,2690.0,1345.0,6813300.0
000013307,동대문역(1호선),상계영업사업소,시민용,1호선 동대문역,2020-12-31,2020,12,2020-12,정기분,수납 완료,2655.0,1327.5,6817350.0
000013307,동대문역(1호선),상계영업사업소,시민용,1호선 동대문역,2021-02-28,2021,2,2021-02,정기분,수납 완료,1666.0,833.0,4491780.0
000013307,동대문역(1호선),상계영업사업소,시민용,1호선 동대문역,2021-04-30,2021,4,2021-04,정기분,수납 완료,1855.0,927.5,4861750.0
000013307,동대문역(1호선),상계영업사업소,시민용,1호선 동대문역,2021-06-30,2021,6,2021-06,정기분,수납 완료,2622.0,1311.0,6670860.0
000013307,동대문역(1호선),상계영업사업소,시민용,1호선 동대문역,2021-08-31,2021,8,2021-08,정기분,수납 완료,2597.0,1298.5,6805860.0
000013307,동대문역(1호선),상계영업사업소,시민용,1호선 동대문역,2021-10-31,2021,10,2021-10,정기분,수납 완료,3552.0,1776.0,9702080.0
000013307,동대문역(1호선),상계영업사업소,시민용,1호선 동대문역,2021-12-31,2021,12,2021-12,정기분,수납 완료,2573.0,1286.5,7301820.0
000013307,동대문역(1호선),상계영업사업소,시민용,1호선 동대문역,2022-02-28,2022,2,2022-02,정기분,수납 완료,1864.0,932.0,5837730.0
000013307,동대문역(1호선),상계영업사업소,시민용,1호선 동대문역,2022-04-30,2022,4,2022-04,정기분,수납 완료,1730.0,865.0,5695700.0
000013307,동대문역(1호선),상계영업사업소,시민용,1호선 동대문역,2022-06-30,2022,6,2022-06,정기분,수납 완료,2398.0,1199.0,7701900.0
000013307,동대문역(1호선),상계영업사업소,시민용,1호선 동대문역,2022-08-31,2022,8,2022-08,정기분,수납 완료,3247.0,1623.5,9483350.0
000013307,동대문역(1호선),상계영업사업소,시민용,1호선 동대문역,2022-10-31,2022,10,2022-10,정기분,수납 완료,3658.0,1829.0,10982900.0
000013307,동대문역(1호선),상계영업사업소,시민용,1호선 동대문역,2022-12-31,2022,12,2022-12,정기분,수납 완료,2897.0,1448.5,8827450.0
000013307,동대문역(1호선),상계영업사업소,시민용,1호선 동대문역,2023-02-28,2023,2,2023-02,정기분,수납 완료,2245.0,1122.5,7555670.0
000013307,동대문역(1호선),상계영업사업소,시민용,1호선 동대문역,2023-04-30,2023,4,2023-04,정기분,수납 완료,2335.0,1167.5,8754050.0
000013307,동대문역(1호선),상계영업사업소,시민용,1호선 동대문역,2023-06-30,2023,6,2023-06,정기분,수납 완료,2873.0,1436.5,10460910.0
000013307,동대문역(1호선),상계영업사업소,시민용,1호선 동대문역,2023-08-31,2023,8,2023-08,정기분,수납 완료,2876.0,1438.0,10756120.0
000013307,동대문역(1호선),상계영업사업소,시민용,1호선 동대문역,2023-10-31,2023,10,2023-10,정기분,수납 완료,3402.0,1701.0,12614140.0
000013307,동대문역(1호선),상계영업사업소,시민용,1호선 동대문역,2023-12-31,2023,12,2023-12,정기분,수납 완료,2653.0,1326.5,9595910.0
000013307,동대문역(1호선),상계영업사업소,시민용,1호선 동대문역,2024-02-29,2024,2,2024-02,정기분,수납 완료,2101.0,1050.5,7532870.0
000013307,동대문역(1호선),상계영업사업소,시민용,1호선 동대문역,2024-04-30,2024,4,2024-04,정기분,수납 완료,2087.0,1043.5,7597890.0
000013307,동대문역(1호선),상계영업사업소,시민용,1호선 동대문역,2024-06-30,2024,6,2024-06,정기분,수납 완료,2545.0,1272.5,9209950.0
000013307,동대문역(1호선),상계영업사업소,시민용,1호선 동대문역,2024-08-31,2024,8,2024-08,정기분,수납 완료,3256.0,1628.0,12078320.0
000013307,동대문역(1호선),상계영업사업소,시민용,1호선 동대문역,2024-10-31,2024,10,2024-10,정기분,수납 완료,3676.0,1838.0,13771720.0
000013307,동대문역(1호선),상계영업사업소,시민용,1호선 동대문역,2024-12-31,2024,12,2024-12,정기분,수납 완료,3272.0,1636.0,12445840.0
000013307,동대문역(1호선),상계영업사업소,시민용,1호선 동대문역,2025-02-28,2025,2,2025-02,정기분,수납 완료,2549.0,1274.5,9084630.0
000013307,동대문역(1호선),상계영업사업소,시민용,1호선 동대문역,2025-04-30,2025,4,2025-04,정기분,수납 완료,2535.0,1267.5,9114450.0
000013307,동대문역(1호선),상계영업사업소,시민용,1호선 동대문역,2025-06-30,2025,6,2025-06,정기분,수납 완료,3069.0,1534.5,11091430.0
000013307,동대문역(1호선),상계영업사업소,시민용,1호선 동대문역,2025-08-31,2025,8,2025-08,정기분,수납 완료,3678.0,1839.0,13160260.0
000013307,동대문역(1호선),상계영업사업소,시민용,1호선 동대문역,2025-10-31,2025,10,2025-10,정기분,수납 완료,4057.0,2028.5,14565390.0
000013307,동대문역(1호선),상계영업사업소,시민용,1호선 동대문역,2025-12-31,2025,12,2025-12,정기분,수납 완료,3128.0,1564.0,11234560.0
000013307,동대문역(1호선),상계영업사업소,시민용,1호선 동대문역,2026-02-28,2026,2,2026-02,정기분,수납 완료,2705.0,1352.5,9703210.0
000013307,동대문역(1호선),상계영업사업소,시민용,1호선 동대문역,2026-04-30,2026,4,2026-04,정기분,수납 완료,2559.0,1279.5,9503920.0
006240178,동대문역사문화공원역(2호선),동대문영업사업소,시민용,동대문역사문화공원2역,2008-06-30,2008,6,2008-06,정기분,수납 완료,1622.0,811.0,2267420.0
006240178,동대문역사문화공원역(2호선),동대문영업사업소,시민용,동대문역사문화공원2역,2008-08-31,2008,8,2008-08,정기분,수납 완료,1471.0,735.5,2074140.0
006240178,동대문역사문화공원역(2호선),동대문영업사업소,시민용,동대문역사문화공원2역,2008-10-31,2008,10,2008-10,정기분,수납 완료,1419.0,709.5,2007580.0
006240178,동대문역사문화공원역(2호선),동대문영업사업소,시민용,동대문역사문화공원2역,2008-12-31,2008,12,2008-12,정기분,수납 완료,1653.0,826.5,2307100.0
006240178,동대문역사문화공원역(2호선),동대문영업사업소,시민용,동대문역사문화공원2역,2009-02-28,2009,2,2009-02,정기분,수납 완료,1425.0,712.5,2015260.0
006240178,동대문역사문화공원역(2호선),동대문영업사업소,시민용,동대문역사문화공원2역,2009-04-30,2009,4,2009-04,정기분,수납 완료,1399.0,699.5,1981980.0
006240178,동대문역사문화공원역(2호선),동대문영업사업소,시민용,동대문역사문화공원2역,2009-06-30,2009,6,2009-06,정기분,수납 완료,1778.0,889.0,2467100.0
006240178,동대문역사문화공원역(2호선),동대문영업사업소,시민용,동대문역사문화공원2역,2009-08-31,2009,8,2009-08,정기분,수납 완료,1545.0,772.5,2168860.0
006240178,동대문역사문화공원역(2호선),동대문영업사업소,시민용,동대문역사문화공원2역,2009-10-31,2009,10,2009-10,정기분,수납 완료,1689.0,844.5,2353180.0
006240178,동대문역사문화공원역(2호선),동대문영업사업소,시민용,동대문역사문화공원2역,2009-12-31,2009,12,2009-12,정기분,수납 완료,2198.0,1099.0,3033270.0
006240178,동대문역사문화공원역(2호선),동대문영업사업소,시민용,동대문역사문화공원2역,2010-02-28,2010,2,2010-02,정기분,수납 완료,1960.0,980.0,2700060.0
006240178,동대문역사문화공원역(2호선),동대문영업사업소,시민용,동대문역사문화공원2역,2010-04-30,2010,4,2010-04,정기분,수납 완료,908.0,454.0,1353500.0
006240178,동대문역사문화공원역(2호선),동대문영업사업소,시민용,동대문역사문화공원2역,2010-06-30,2010,6,2010-06,정기분,수납 완료,1526.0,763.0,2144540.0
006240178,동대문역사문화공원역(2호선),동대문영업사업소,시민용,동대문역사문화공원2역,2010-08-31,2010,8,2010-08,정기분,수납 완료,2287.0,1143.5,3118620.0
006240178,동대문역사문화공원역(2호선),동대문영업사업소,시민용,동대문역사문화공원2역,2010-10-31,2010,10,2010-10,정기분,수납 완료,1822.0,911.0,2523420.0
006240178,동대문역사문화공원역(2호선),동대문영업사업소,시민용,동대문역사문화공원2역,2010-12-31,2010,12,2010-12,정기분,수납 완료,1961.0,980.5,2701340.0
006240178,동대문역사문화공원역(2호선),동대문영업사업소,시민용,동대문역사문화공원2역,2011-02-28,2011,2,2011-02,정기분,수납 완료,1845.0,922.5,2562660.0
006240178,동대문역사문화공원역(2호선),동대문영업사업소,시민용,동대문역사문화공원2역,2011-04-30,2011,4,2011-04,정기분,수납 완료,1922.0,961.0,2426180.0
006240178,동대문역사문화공원역(2호선),동대문영업사업소,시민용,동대문역사문화공원2역,2011-06-30,2011,6,2011-06,정기분,수납 완료,1965.0,982.5,2481650.0
006240178,동대문역사문화공원역(2호선),동대문영업사업소,시민용,동대문역사문화공원2역,2011-08-31,2011,8,2011-08,정기분,수납 완료,1958.0,979.0,2472620.0
006240178,동대문역사문화공원역(2호선),동대문영업사업소,시민용,동대문역사문화공원2역,2011-10-31,2011,10,2011-10,정기분,수납 완료,1974.0,987.0,2493260.0
006240178,동대문역사문화공원역(2호선),동대문영업사업소,시민용,동대문역사문화공원2역,2011-12-31,2011,12,2011-12,정기분,수납 완료,2088.0,1044.0,2640320.0
006240178,동대문역사문화공원역(2호선),동대문영업사업소,시민용,동대문역사문화공원2역,2012-02-29,2012,2,2012-02,정기분,수납 완료,2139.0,1069.5,2706110.0
006240178,동대문역사문화공원역(2호선),동대문영업사업소,시민용,동대문역사문화공원2역,2012-04-30,2012,4,2012-04,정기분,수납 완료,1943.0,971.5,3094320.0
006240178,동대문역사문화공원역(2호선),동대문영업사업소,시민용,동대문역사문화공원2역,2012-06-30,2012,6,2012-06,정기분,수납 완료,2223.0,1111.5,3521520.0
006240178,동대문역사문화공원역(2호선),동대문영업사업소,시민용,동대문역사문화공원2역,2012-08-31,2012,8,2012-08,정기분,수납 완료,2347.0,1173.5,3724880.0
006240178,동대문역사문화공원역(2호선),동대문영업사업소,시민용,동대문역사문화공원2역,2012-10-31,2012,10,2012-10,정기분,수납 완료,2413.0,1206.5,3833120.0
006240178,동대문역사문화공원역(2호선),동대문영업사업소,시민용,동대문역사문화공원2역,2012-12-31,2012,12,2012-12,정기분,수납 완료,2348.0,1174.0,3726520.0
006240178,동대문역사문화공원역(2호선),동대문영업사업소,시민용,동대문역사문화공원2역,2013-02-28,2013,2,2013-02,정기분,수납 완료,2169.0,1084.5,3432960.0
006240178,동대문역사문화공원역(2호선),동대문영업사업소,시민용,동대문역사문화공원2역,2013-04-30,2013,4,2013-04,정기분,수납 완료,2019.0,1009.5,3564760.0
006240178,동대문역사문화공원역(2호선),동대문영업사업소,시민용,동대문역사문화공원2역,2013-06-30,2013,6,2013-06,정기분,수납 완료,2019.0,1009.5,3643280.0
006240178,동대문역사문화공원역(2호선),동대문영업사업소,시민용,동대문역사문화공원2역,2013-08-31,2013,8,2013-08,정기분,수납 완료,2347.0,1173.5,4290220.0
006240178,동대문역사문화공원역(2호선),동대문영업사업소,시민용,동대문역사문화공원2역,2013-10-31,2013,10,2013-10,정기분,수납 완료,2491.0,1245.5,4558040.0
006240178,동대문역사문화공원역(2호선),동대문영업사업소,시민용,동대문역사문화공원2역,2013-12-31,2013,12,2013-12,정기분,수납 완료,2839.0,1419.5,5151820.0
006240178,동대문역사문화공원역(2호선),동대문영업사업소,시민용,동대문역사문화공원2역,2014-02-28,2014,2,2014-02,정기분,수납 완료,2050.0,1025.0,3669120.0
006240178,동대문역사문화공원역(2호선),동대문영업사업소,시민용,동대문역사문화공원2역,2014-04-30,2014,4,2014-04,정기분,수납 완료,2173.0,1086.5,4238400.0
006240178,동대문역사문화공원역(2호선),동대문영업사업소,시민용,동대문역사문화공원2역,2014-06-30,2014,6,2014-06,정기분,수납 완료,2411.0,1205.5,4748900.0
006240178,동대문역사문화공원역(2호선),동대문영업사업소,시민용,동대문역사문화공원2역,2014-08-31,2014,8,2014-08,정기분,수납 완료,2938.0,1469.0,5768400.0
006240178,동대문역사문화공원역(2호선),동대문영업사업소,시민용,동대문역사문화공원2역,2014-10-31,2014,10,2014-10,정기분,수납 완료,2858.0,1429.0,5608400.0
006240178,동대문역사문화공원역(2호선),동대문영업사업소,시민용,동대문역사문화공원2역,2014-12-31,2014,12,2014-12,정기분,수납 완료,2974.0,1487.0,6410100.0
006240178,동대문역사문화공원역(2호선),동대문영업사업소,시민용,동대문역사문화공원2역,2015-02-28,2015,2,2015-02,정기분,수납 완료,2413.0,1206.5,4767000.0
006240178,동대문역사문화공원역(2호선),동대문영업사업소,시민용,동대문역사문화공원2역,2015-04-30,2015,4,2015-04,정기분,수납 완료,1309.0,654.5,2572800.0
006240178,동대문역사문화공원역(2호선),동대문영업사업소,시민용,동대문역사문화공원2역,2015-06-30,2015,6,2015-06,정기분,수납 완료,2510.0,1255.0,4981700.0
006240178,동대문역사문화공원역(2호선),동대문영업사업소,시민용,동대문역사문화공원2역,2015-08-31,2015,8,2015-08,정기분,수납 완료,2664.0,1332.0,5255800.0
006240178,동대문역사문화공원역(2호선),동대문영업사업소,시민용,동대문역사문화공원2역,2015-10-31,2015,10,2015-10,정기분,수납 완료,3037.0,1518.5,6658500.0
006240178,동대문역사문화공원역(2호선),동대문영업사업소,시민용,동대문역사문화공원2역,2015-12-31,2015,12,2015-12,정기분,수납 완료,2348.0,1174.0,4616600.0
006240178,동대문역사문화공원역(2호선),동대문영업사업소,시민용,동대문역사문화공원2역,2016-02-29,2016,2,2016-02,정기분,수납 완료,2004.0,1002.0,3928600.0
006240178,동대문역사문화공원역(2호선),동대문영업사업소,시민용,동대문역사문화공원2역,2016-04-30,2016,4,2016-04,정기분,수납 완료,1942.0,971.0,3804600.0
006240178,동대문역사문화공원역(2호선),동대문영업사업소,시민용,동대문역사문화공원2역,2016-06-30,2016,6,2016-06,정기분,수납 완료,2737.0,1368.5,5394600.0
006240178,동대문역사문화공원역(2호선),동대문영업사업소,시민용,동대문역사문화공원2역,2016-08-31,2016,8,2016-08,정기분,수납 완료,3190.0,1595.0,6300600.0
006240178,동대문역사문화공원역(2호선),동대문영업사업소,시민용,동대문역사문화공원2역,2016-10-31,2016,10,2016-10,정기분,수납 완료,3169.0,1584.5,6258600.0
006240178,동대문역사문화공원역(2호선),동대문영업사업소,시민용,동대문역사문화공원2역,2016-12-31,2016,12,2016-12,정기분,수납 완료,2643.0,1321.5,5206600.0
006240178,동대문역사문화공원역(2호선),동대문영업사업소,시민용,동대문역사문화공원2역,2017-02-28,2017,2,2017-02,정기분,수납 완료,2444.0,1222.0,4930050.0
006240178,동대문역사문화공원역(2호선),동대문영업사업소,시민용,동대문역사문화공원2역,2017-04-30,2017,4,2017-04,정기분,수납 완료,2444.0,1222.0,5037300.0
006240178,동대문역사문화공원역(2호선),동대문영업사업소,시민용,동대문역사문화공원2역,2017-06-30,2017,6,2017-06,정기분,수납 완료,2594.0,1297.0,5359000.0
006240178,동대문역사문화공원역(2호선),동대문영업사업소,시민용,동대문역사문화공원2역,2017-08-31,2017,8,2017-08,정기분,수납 완료,3053.0,1526.5,6322900.0
006240178,동대문역사문화공원역(2호선),동대문영업사업소,시민용,동대문역사문화공원2역,2017-10-31,2017,10,2017-10,정기분,수납 완료,3223.0,1611.5,6679900.0
006240178,동대문역사문화공원역(2호선),동대문영업사업소,시민용,동대문역사문화공원2역,2017-12-31,2017,12,2017-12,정기분,수납 완료,2390.0,1195.0,4930600.0
006240178,동대문역사문화공원역(2호선),동대문영업사업소,시민용,동대문역사문화공원2역,2018-02-28,2018,2,2018-02,정기분,수납 완료,1879.0,939.5,3964480.0
006240178,동대문역사문화공원역(2호선),동대문영업사업소,시민용,동대문역사문화공원2역,2018-04-30,2018,4,2018-04,정기분,수납 완료,2444.0,1222.0,6520460.0
006240178,동대문역사문화공원역(2호선),동대문영업사업소,시민용,동대문역사문화공원2역,2018-06-30,2018,6,2018-06,정기분,수납 완료,2594.0,1297.0,5629340.0
006240178,동대문역사문화공원역(2호선),동대문영업사업소,시민용,동대문역사문화공원2역,2018-08-31,2018,8,2018-08,정기분,수납 완료,2900.0,1450.0,6305600.0
006240178,동대문역사문화공원역(2호선),동대문영업사업소,시민용,동대문역사문화공원2역,2018-10-31,2018,10,2018-10,정기분,수납 완료,3181.0,1590.5,6875810.0
006240178,동대문역사문화공원역(2호선),동대문영업사업소,시민용,동대문역사문화공원2역,2018-12-31,2018,12,2018-12,정기분,수납 완료,2211.0,1105.5,4732110.0
006240178,동대문역사문화공원역(2호선),동대문영업사업소,시민용,동대문역사문화공원2역,2019-02-28,2019,2,2019-02,정기분,수납 완료,1962.0,981.0,4307480.0
006240178,동대문역사문화공원역(2호선),동대문영업사업소,시민용,동대문역사문화공원2역,2019-04-30,2019,4,2019-04,정기분,수납 완료,1962.0,981.0,4406260.0
006240178,동대문역사문화공원역(2호선),동대문영업사업소,시민용,동대문역사문화공원2역,2019-06-30,2019,6,2019-06,정기분,수납 완료,2594.0,1297.0,5878820.0
006240178,동대문역사문화공원역(2호선),동대문영업사업소,시민용,동대문역사문화공원2역,2019-08-31,2019,8,2019-08,정기분,수납 완료,2900.0,1450.0,6591800.0
006240178,동대문역사문화공원역(2호선),동대문영업사업소,시민용,동대문역사문화공원2역,2019-10-31,2019,10,2019-10,정기분,수납 완료,3494.0,1747.0,7975820.0
006240178,동대문역사문화공원역(2호선),동대문영업사업소,시민용,동대문역사문화공원2역,2019-12-31,2019,12,2019-12,정기분,수납 완료,2204.0,1102.0,4970120.0
006240178,동대문역사문화공원역(2호선),동대문영업사업소,시민용,동대문역사문화공원2역,2020-02-29,2020,2,2020-02,정기분,수납 완료,1879.0,939.5,4212870.0
006240178,동대문역사문화공원역(2호선),동대문영업사업소,시민용,동대문역사문화공원2역,2020-04-30,2020,4,2020-04,정기분,수납 완료,1234.0,617.0,2710020.0
006240178,동대문역사문화공원역(2호선),동대문영업사업소,시민용,동대문역사문화공원2역,2020-06-30,2020,6,2020-06,정기분,수납 완료,1389.0,694.5,3071170.0
006240178,동대문역사문화공원역(2호선),동대문영업사업소,시민용,동대문역사문화공원2역,2020-08-31,2020,8,2020-08,정기분,수납 완료,1584.0,792.0,3525520.0
006240178,동대문역사문화공원역(2호선),동대문영업사업소,시민용,동대문역사문화공원2역,2020-10-31,2020,10,2020-10,정기분,수납 완료,1392.0,696.0,3078160.0
006240178,동대문역사문화공원역(2호선),동대문영업사업소,시민용,동대문역사문화공원2역,2020-12-31,2020,12,2020-12,정기분,수납 완료,1160.0,580.0,2537600.0
006240178,동대문역사문화공원역(2호선),동대문영업사업소,시민용,동대문역사문화공원2역,2021-02-28,2021,2,2021-02,정기분,수납 완료,855.0,427.5,1826950.0
006240178,동대문역사문화공원역(2호선),동대문영업사업소,시민용,동대문역사문화공원2역,2021-04-30,2021,4,2021-04,정기분,수납 완료,1094.0,547.0,2383820.0
006240178,동대문역사문화공원역(2호선),동대문영업사업소,시민용,동대문역사문화공원2역,2021-06-30,2021,6,2021-06,정기분,수납 완료,1299.0,649.5,2861470.0
006240178,동대문역사문화공원역(2호선),동대문영업사업소,시민용,동대문역사문화공원2역,2021-08-31,2021,8,2021-08,정기분,수납 완료,1522.0,761.0,3570770.0
006240178,동대문역사문화공원역(2호선),동대문영업사업소,시민용,동대문역사문화공원2역,2021-10-31,2021,10,2021-10,정기분,수납 완료,1405.0,702.5,3407500.0
006240178,동대문역사문화공원역(2호선),동대문영업사업소,시민용,동대문역사문화공원2역,2021-12-31,2021,12,2021-12,정기분,수납 완료,1563.0,781.5,3808820.0
006240178,동대문역사문화공원역(2호선),동대문영업사업소,시민용,동대문역사문화공원2역,2022-02-28,2022,2,2022-02,정기분,수납 완료,1302.0,651.0,3269830.0
006240178,동대문역사문화공원역(2호선),동대문영업사업소,시민용,동대문역사문화공원2역,2022-04-30,2022,4,2022-04,정기분,수납 완료,1123.0,561.5,2886750.0
006240178,동대문역사문화공원역(2호선),동대문영업사업소,시민용,동대문역사문화공원2역,2022-06-30,2022,6,2022-06,정기분,수납 완료,1343.0,671.5,3469750.0
006240178,동대문역사문화공원역(2호선),동대문영업사업소,시민용,동대문역사문화공원2역,2022-08-31,2022,8,2022-08,정기분,수납 완료,1120.0,560.0,2878800.0
006240178,동대문역사문화공원역(2호선),동대문영업사업소,시민용,동대문역사문화공원2역,2022-10-31,2022,10,2022-10,정기분,수납 완료,1106.0,553.0,2841700.0
006240178,동대문역사문화공원역(2호선),동대문영업사업소,시민용,동대문역사문화공원2역,2022-12-31,2022,12,2022-12,정기분,수납 완료,1130.0,565.0,2905300.0
006240178,동대문역사문화공원역(2호선),동대문영업사업소,시민용,동대문역사문화공원2역,2023-02-28,2023,2,2023-02,정기분,수납 완료,1044.0,522.0,3078750.0
006240178,동대문역사문화공원역(2호선),동대문영업사업소,시민용,동대문역사문화공원2역,2023-04-30,2023,4,2023-04,정기분,수납 완료,1096.0,548.0,3553360.0
006240178,동대문역사문화공원역(2호선),동대문영업사업소,시민용,동대문역사문화공원2역,2023-06-30,2023,6,2023-06,정기분,수납 완료,1169.0,584.5,3798640.0
006240178,동대문역사문화공원역(2호선),동대문영업사업소,시민용,동대문역사문화공원2역,2023-08-31,2023,8,2023-08,정기분,수납 완료,888.0,444.0,2854480.0
006240178,동대문역사문화공원역(2호선),동대문영업사업소,시민용,동대문역사문화공원2역,2023-10-31,2023,10,2023-10,정기분,수납 완료,1106.0,553.0,3586960.0
006240178,동대문역사문화공원역(2호선),동대문영업사업소,시민용,동대문역사문화공원2역,2023-12-31,2023,12,2023-12,정기분,수납 완료,1106.0,553.0,3586960.0
006240178,동대문역사문화공원역(2호선),동대문영업사업소,시민용,동대문역사문화공원2역,2024-02-29,2024,2,2024-02,정기분,수납 완료,0.0,0.0,50800.0
006240178,동대문역사문화공원역(2호선),동대문영업사업소,시민용,동대문역사문화공원2역,2024-04-30,2024,4,2024-04,정기분,수납 완료,876.0,438.0,2814160.0
006240178,동대문역사문화공원역(2호선),동대문영업사업소,시민용,동대문역사문화공원2역,2024-06-30,2024,6,2024-06,정기분,수납 완료,1014.0,507.0,3277840.0
006240178,동대문역사문화공원역(2호선),동대문영업사업소,시민용,동대문역사문화공원2역,2024-08-31,2024,8,2024-08,정기분,수납 완료,1637.0,818.5,5371120.0
006240178,동대문역사문화공원역(2호선),동대문영업사업소,시민용,동대문역사문화공원2역,2024-10-31,2024,10,2024-10,정기분,수납 완료,1156.0,578.0,3754960.0
006240178,동대문역사문화공원역(2호선),동대문영업사업소,시민용,동대문역사문화공원2역,2024-12-31,2024,12,2024-12,정기분,수납 완료,967.0,483.5,3119920.0
006240178,동대문역사문화공원역(2호선),동대문영업사업소,시민용,동대문역사문화공원2역,2025-02-28,2025,2,2025-02,정기분,수납 완료,776.0,388.0,2478160.0
006240178,동대문역사문화공원역(2호선),동대문영업사업소,시민용,동대문역사문화공원2역,2025-04-30,2025,4,2025-04,정기분,수납 완료,860.0,430.0,2760400.0
006240178,동대문역사문화공원역(2호선),동대문영업사업소,시민용,동대문역사문화공원2역,2025-06-30,2025,6,2025-06,정기분,수납 완료,1672.0,836.0,5488720.0
006240178,동대문역사문화공원역(2호선),동대문영업사업소,시민용,동대문역사문화공원2역,2025-08-31,2025,8,2025-08,정기분,수납 완료,1393.0,696.5,4550280.0
006240178,동대문역사문화공원역(2호선),동대문영업사업소,시민용,동대문역사문화공원2역,2025-10-31,2025,10,2025-10,정기분,수납 완료,1191.0,595.5,3871560.0
006240178,동대문역사문화공원역(2호선),동대문영업사업소,시민용,동대문역사문화공원2역,2025-12-31,2025,12,2025-12,정기분,수납 완료,976.0,488.0,3149160.0
006240178,동대문역사문화공원역(2호선),동대문영업사업소,시민용,동대문역사문화공원2역,2026-02-28,2026,2,2026-02,정기분,수납 완료,785.0,392.5,2592830.0
006240178,동대문역사문화공원역(2호선),동대문영업사업소,시민용,동대문역사문화공원2역,2026-04-30,2026,4,2026-04,정기분,수납 완료,802.0,401.0,2720680.0
006240196,동대문역사문화공원역(4호선),동대문영업사업소,시민용,동대문역사문화공원(4역),2008-06-30,2008,6,2008-06,정기분,수납 완료,4200.0,2100.0,5385520.0
006240196,동대문역사문화공원역(4호선),동대문영업사업소,시민용,동대문역사문화공원(4역),2008-08-31,2008,8,2008-08,정기분,수납 완료,6080.0,3040.0,7791920.0
006240196,동대문역사문화공원역(4호선),동대문영업사업소,시민용,동대문역사문화공원(4역),2008-10-31,2008,10,2008-10,정기분,수납 완료,4849.0,2424.5,6216240.0
006240196,동대문역사문화공원역(4호선),동대문영업사업소,시민용,동대문역사문화공원(4역),2008-12-31,2008,12,2008-12,정기분,수납 완료,3069.0,1534.5,3937840.0
006240196,동대문역사문화공원역(4호선),동대문영업사업소,시민용,동대문역사문화공원(4역),2009-02-28,2009,2,2009-02,정기분,수납 완료,2567.0,1283.5,3295280.0
006240196,동대문역사문화공원역(4호선),동대문영업사업소,시민용,동대문역사문화공원(4역),2009-04-30,2009,4,2009-04,정기분,수납 완료,2287.0,1143.5,2936880.0
006240196,동대문역사문화공원역(4호선),동대문영업사업소,시민용,동대문역사문화공원(4역),2009-06-30,2009,6,2009-06,정기분,수납 완료,2912.0,1456.0,3736880.0
006240196,동대문역사문화공원역(4호선),동대문영업사업소,시민용,동대문역사문화공원(4역),2009-08-31,2009,8,2009-08,정기분,수납 완료,3813.0,1906.5,4890160.0
006240196,동대문역사문화공원역(4호선),동대문영업사업소,시민용,동대문역사문화공원(4역),2009-10-31,2009,10,2009-10,정기분,수납 완료,4072.0,2036.0,5221680.0
006240196,동대문역사문화공원역(4호선),동대문영업사업소,시민용,동대문역사문화공원(4역),2009-12-31,2009,12,2009-12,정기분,수납 완료,639.0,319.5,835350.0
006240196,동대문역사문화공원역(4호선),동대문영업사업소,시민용,동대문역사문화공원(4역),2010-02-28,2010,2,2010-02,정기분,수납 완료,525.0,262.5,691270.0
006240196,동대문역사문화공원역(4호선),동대문영업사업소,시민용,동대문역사문화공원(4역),2010-04-30,2010,4,2010-04,정기분,수납 완료,1502.0,751.0,1932080.0
006240196,동대문역사문화공원역(4호선),동대문영업사업소,시민용,동대문역사문화공원(4역),2010-06-30,2010,6,2010-06,정기분,수납 완료,2251.0,1125.5,2806480.0
006240196,동대문역사문화공원역(4호선),동대문영업사업소,시민용,동대문역사문화공원(4역),2010-08-31,2010,8,2010-08,정기분,수납 완료,3438.0,1719.0,4325840.0
006240196,동대문역사문화공원역(4호선),동대문영업사업소,시민용,동대문역사문화공원(4역),2010-10-31,2010,10,2010-10,정기분,수납 완료,3228.0,1614.0,4057040.0
006240196,동대문역사문화공원역(4호선),동대문영업사업소,시민용,동대문역사문화공원(4역),2010-12-31,2010,12,2010-12,정기분,수납 완료,2476.0,1238.0,3094480.0
006240196,동대문역사문화공원역(4호선),동대문영업사업소,시민용,동대문역사문화공원(4역),2011-02-28,2011,2,2011-02,정기분,수납 완료,1990.0,995.0,2482990.0
006240196,동대문역사문화공원역(4호선),동대문영업사업소,시민용,동대문역사문화공원(4역),2011-04-30,2011,4,2011-04,정기분,수납 완료,2255.0,1127.5,2834150.0
006240196,동대문역사문화공원역(4호선),동대문영업사업소,시민용,동대문역사문화공원(4역),2011-06-30,2011,6,2011-06,정기분,수납 완료,2753.0,1376.5,3476570.0
006240196,동대문역사문화공원역(4호선),동대문영업사업소,시민용,동대문역사문화공원(4역),2011-08-31,2011,8,2011-08,정기분,수납 완료,3100.0,1550.0,3924200.0
006240196,동대문역사문화공원역(4호선),동대문영업사업소,시민용,동대문역사문화공원(4역),2011-10-31,2011,10,2011-10,정기분,수납 완료,3258.0,1629.0,4128020.0
006240196,동대문역사문화공원역(4호선),동대문영업사업소,시민용,동대문역사문화공원(4역),2011-12-31,2011,12,2011-12,정기분,수납 완료,2040.0,1020.0,2556800.0
006240196,동대문역사문화공원역(4호선),동대문영업사업소,시민용,동대문역사문화공원(4역),2012-02-29,2012,2,2012-02,정기분,수납 완료,2212.0,1106.0,2778680.0
006240196,동대문역사문화공원역(4호선),동대문영업사업소,시민용,동대문역사문화공원(4역),2012-04-30,2012,4,2012-04,정기분,수납 완료,1965.0,982.5,3108800.0
006240196,동대문역사문화공원역(4호선),동대문영업사업소,시민용,동대문역사문화공원(4역),2012-06-30,2012,6,2012-06,정기분,수납 완료,2359.0,1179.5,3754960.0
006240196,동대문역사문화공원역(4호선),동대문영업사업소,시민용,동대문역사문화공원(4역),2012-08-31,2012,8,2012-08,정기분,수납 완료,2792.0,1396.0,4465080.0
006240196,동대문역사문화공원역(4호선),동대문영업사업소,시민용,동대문역사문화공원(4역),2012-10-31,2012,10,2012-10,정기분,수납 완료,2863.0,1431.5,4581520.0
006240196,동대문역사문화공원역(4호선),동대문영업사업소,시민용,동대문역사문화공원(4역),2012-12-31,2012,12,2012-12,정기분,수납 완료,2301.0,1150.5,3659840.0
006240196,동대문역사문화공원역(4호선),동대문영업사업소,시민용,동대문역사문화공원(4역),2013-02-28,2013,2,2013-02,정기분,수납 완료,2033.0,1016.5,3220320.0
006240196,동대문역사문화공원역(4호선),동대문영업사업소,시민용,동대문역사문화공원(4역),2013-04-30,2013,4,2013-04,정기분,수납 완료,1822.0,911.0,3212680.0
006240196,동대문역사문화공원역(4호선),동대문영업사업소,시민용,동대문역사문화공원(4역),2013-06-30,2013,6,2013-06,정기분,수납 완료,1600.0,800.0,2858800.0
006240196,동대문역사문화공원역(4호선),동대문영업사업소,시민용,동대문역사문화공원(4역),2013-08-31,2013,8,2013-08,정기분,수납 완료,1773.0,886.5,3206500.0
006240196,동대문역사문화공원역(4호선),동대문영업사업소,시민용,동대문역사문화공원(4역),2013-10-31,2013,10,2013-10,정기분,수납 완료,1926.0,963.0,3487240.0
006240196,동대문역사문화공원역(4호선),동대문영업사업소,시민용,동대문역사문화공원(4역),2013-12-31,2013,12,2013-12,정기분,수납 완료,1744.0,872.0,3069160.0
006240196,동대문역사문화공원역(4호선),동대문영업사업소,시민용,동대문역사문화공원(4역),2014-02-28,2014,2,2014-02,정기분,수납 완료,2237.0,1118.5,3976280.0
006240196,동대문역사문화공원역(4호선),동대문영업사업소,시민용,동대문역사문화공원(4역),2014-04-30,2014,4,2014-04,정기분,수납 완료,1860.0,930.0,3568200.0
006240196,동대문역사문화공원역(4호선),동대문영업사업소,시민용,동대문역사문화공원(4역),2014-06-30,2014,6,2014-06,정기분,수납 완료,2004.0,1002.0,3856200.0
006240196,동대문역사문화공원역(4호선),동대문영업사업소,시민용,동대문역사문화공원(4역),2014-08-31,2014,8,2014-08,정기분,수납 완료,2185.0,1092.5,4218200.0
006240196,동대문역사문화공원역(4호선),동대문영업사업소,시민용,동대문역사문화공원(4역),2014-10-31,2014,10,2014-10,정기분,수납 완료,1796.0,898.0,3440200.0
006240196,동대문역사문화공원역(4호선),동대문영업사업소,시민용,동대문역사문화공원(4역),2014-12-31,2014,12,2014-12,정기분,수납 완료,1103.0,551.5,2412400.0
006240196,동대문역사문화공원역(4호선),동대문영업사업소,시민용,동대문역사문화공원(4역),2015-02-28,2015,2,2015-02,정기분,수납 완료,1409.0,704.5,2705500.0
006240196,동대문역사문화공원역(4호선),동대문영업사업소,시민용,동대문역사문화공원(4역),2015-04-30,2015,4,2015-04,정기분,수납 완료,1376.0,688.0,2600200.0
006240196,동대문역사문화공원역(4호선),동대문영업사업소,시민용,동대문역사문화공원(4역),2015-06-30,2015,6,2015-06,정기분,수납 완료,1048.0,524.0,1944200.0
006240196,동대문역사문화공원역(4호선),동대문영업사업소,시민용,동대문역사문화공원(4역),2015-08-31,2015,8,2015-08,정기분,수납 완료,1692.0,846.0,3232200.0
006240196,동대문역사문화공원역(4호선),동대문영업사업소,시민용,동대문역사문화공원(4역),2015-10-31,2015,10,2015-10,정기분,수납 완료,1312.0,656.0,2538200.0
006240196,동대문역사문화공원역(4호선),동대문영업사업소,시민용,동대문역사문화공원(4역),2015-12-31,2015,12,2015-12,정기분,수납 완료,1272.0,636.0,2392200.0
006240196,동대문역사문화공원역(4호선),동대문영업사업소,시민용,동대문역사문화공원(4역),2016-02-29,2016,2,2016-02,정기분,수납 완료,1269.0,634.5,2386200.0
006240196,동대문역사문화공원역(4호선),동대문영업사업소,시민용,동대문역사문화공원(4역),2016-04-30,2016,4,2016-04,정기분,수납 완료,1515.0,757.5,2878200.0
006240196,동대문역사문화공원역(4호선),동대문영업사업소,시민용,동대문역사문화공원(4역),2016-06-30,2016,6,2016-06,정기분,수납 완료,1861.0,930.5,3570200.0
006240196,동대문역사문화공원역(4호선),동대문영업사업소,시민용,동대문역사문화공원(4역),2016-08-31,2016,8,2016-08,정기분,수납 완료,1934.0,967.0,3716200.0
006240196,동대문역사문화공원역(4호선),동대문영업사업소,시민용,동대문역사문화공원(4역),2016-10-31,2016,10,2016-10,정기분,수납 완료,2301.0,1150.5,4450200.0
006240196,동대문역사문화공원역(4호선),동대문영업사업소,시민용,동대문역사문화공원(4역),2016-12-31,2016,12,2016-12,정기분,수납 완료,1792.0,896.0,3432200.0
006240196,동대문역사문화공원역(4호선),동대문영업사업소,시민용,동대문역사문화공원(4역),2017-02-28,2017,2,2017-02,정기분,수납 완료,896.0,448.0,1679330.0
006240196,동대문역사문화공원역(4호선),동대문영업사업소,시민용,동대문역사문화공원(4역),2017-04-30,2017,4,2017-04,정기분,수납 완료,1515.0,757.5,3014070.0
006240196,동대문역사문화공원역(4호선),동대문영업사업소,시민용,동대문역사문화공원(4역),2017-06-30,2017,6,2017-06,정기분,수납 완료,2961.0,1480.5,6057300.0
006240196,동대문역사문화공원역(4호선),동대문영업사업소,시민용,동대문역사문화공원(4역),2017-08-31,2017,8,2017-08,정기분,수납 완료,4619.0,2309.5,9539100.0
006240196,동대문역사문화공원역(4호선),동대문영업사업소,시민용,동대문역사문화공원(4역),2017-10-31,2017,10,2017-10,정기분,수납 완료,4619.0,2309.5,9539100.0
006240196,동대문역사문화공원역(4호선),동대문영업사업소,시민용,동대문역사문화공원(4역),2017-12-31,2017,12,2017-12,정기분,수납 완료,3135.0,1567.5,6422700.0
006240196,동대문역사문화공원역(4호선),동대문영업사업소,시민용,동대문역사문화공원(4역),2018-02-28,2018,2,2018-02,정기분,수납 완료,2855.0,1427.5,6004120.0
006240196,동대문역사문화공원역(4호선),동대문영업사업소,시민용,동대문역사문화공원(4역),2018-04-30,2018,4,2018-04,정기분,수납 완료,2772.0,1386.0,5950320.0
006240196,동대문역사문화공원역(4호선),동대문영업사업소,시민용,동대문역사문화공원(4역),2018-06-30,2018,6,2018-06,정기분,수납 완료,3304.0,1652.0,7126040.0
006240196,동대문역사문화공원역(4호선),동대문영업사업소,시민용,동대문역사문화공원(4역),2018-08-31,2018,8,2018-08,정기분,수납 완료,5223.0,2611.5,11367030.0
006240196,동대문역사문화공원역(4호선),동대문영업사업소,시민용,동대문역사문화공원(4역),2018-10-31,2018,10,2018-10,정기분,수납 완료,4490.0,2245.0,9778300.0
006240196,동대문역사문화공원역(4호선),동대문영업사업소,시민용,동대문역사문화공원(4역),2018-12-31,2018,12,2018-12,정기분,수납 완료,2646.0,1323.0,5703060.0
006240196,동대문역사문화공원역(4호선),동대문영업사업소,시민용,동대문역사문화공원(4역),2019-02-28,2019,2,2019-02,정기분,수납 완료,2325.0,1162.5,5144740.0
006240196,동대문역사문화공원역(4호선),동대문영업사업소,시민용,동대문역사문화공원(4역),2019-04-30,2019,4,2019-04,정기분,수납 완료,2146.0,1073.0,4844580.0
006240196,동대문역사문화공원역(4호선),동대문영업사업소,시민용,동대문역사문화공원(4역),2019-06-30,2019,6,2019-06,정기분,수납 완료,2578.0,1289.0,5851140.0
006240196,동대문역사문화공원역(4호선),동대문영업사업소,시민용,동대문역사문화공원(4역),2019-08-31,2019,8,2019-08,정기분,수납 완료,3939.0,1969.5,9022270.0
006240196,동대문역사문화공원역(4호선),동대문영업사업소,시민용,동대문역사문화공원(4역),2019-10-31,2019,10,2019-10,정기분,수납 완료,5019.0,2509.5,11538670.0
006240196,동대문역사문화공원역(4호선),동대문영업사업소,시민용,동대문역사문화공원(4역),2019-12-31,2019,12,2019-12,정기분,수납 완료,2463.0,1231.5,5583190.0
006240196,동대문역사문화공원역(4호선),동대문영업사업소,시민용,동대문역사문화공원(4역),2020-02-29,2020,2,2020-02,정기분,수납 완료,2485.0,1242.5,5634450.0
006240196,동대문역사문화공원역(4호선),동대문영업사업소,시민용,동대문역사문화공원(4역),2020-04-30,2020,4,2020-04,정기분,수납 완료,1682.0,841.0,3763460.0
006240196,동대문역사문화공원역(4호선),동대문영업사업소,시민용,동대문역사문화공원(4역),2020-06-30,2020,6,2020-06,정기분,수납 완료,1750.0,875.0,3921900.0
006240196,동대문역사문화공원역(4호선),동대문영업사업소,시민용,동대문역사문화공원(4역),2020-08-31,2020,8,2020-08,정기분,수납 완료,3256.0,1628.0,7430880.0
006240196,동대문역사문화공원역(4호선),동대문영업사업소,시민용,동대문역사문화공원(4역),2020-10-31,2020,10,2020-10,정기분,수납 완료,3063.0,1531.5,6981190.0
006240196,동대문역사문화공원역(4호선),동대문영업사업소,시민용,동대문역사문화공원(4역),2020-12-31,2020,12,2020-12,정기분,수납 완료,1698.0,849.0,3800740.0
006240196,동대문역사문화공원역(4호선),동대문영업사업소,시민용,동대문역사문화공원(4역),2021-02-28,2021,2,2021-02,정기분,수납 완료,1332.0,666.0,2947960.0
006240196,동대문역사문화공원역(4호선),동대문영업사업소,시민용,동대문역사문화공원(4역),2021-04-30,2021,4,2021-04,정기분,수납 완료,1773.0,886.5,3975490.0
006240196,동대문역사문화공원역(4호선),동대문영업사업소,시민용,동대문역사문화공원(4역),2021-06-30,2021,6,2021-06,정기분,수납 완료,1877.0,938.5,4217810.0
006240196,동대문역사문화공원역(4호선),동대문영업사업소,시민용,동대문역사문화공원(4역),2021-08-31,2021,8,2021-08,정기분,수납 완료,3445.0,1722.5,8299210.0
006240196,동대문역사문화공원역(4호선),동대문영업사업소,시민용,동대문역사문화공원(4역),2021-10-31,2021,10,2021-10,정기분,수납 완료,3585.0,1792.5,8954300.0
006240196,동대문역사문화공원역(4호선),동대문영업사업소,시민용,동대문역사문화공원(4역),2021-12-31,2021,12,2021-12,정기분,수납 완료,1850.0,925.0,4547400.0
006240196,동대문역사문화공원역(4호선),동대문영업사업소,시민용,동대문역사문화공원(4역),2022-02-28,2022,2,2022-02,정기분,수납 완료,1592.0,796.0,4034510.0
006240196,동대문역사문화공원역(4호선),동대문영업사업소,시민용,동대문역사문화공원(4역),2022-04-30,2022,4,2022-04,정기분,수납 완료,1573.0,786.5,4088850.0
006240196,동대문역사문화공원역(4호선),동대문영업사업소,시민용,동대문역사문화공원(4역),2022-06-30,2022,6,2022-06,정기분,수납 완료,2142.0,1071.0,5596700.0
006240196,동대문역사문화공원역(4호선),동대문영업사업소,시민용,동대문역사문화공원(4역),2022-08-31,2022,8,2022-08,정기분,수납 완료,3288.0,1644.0,8633600.0
006240196,동대문역사문화공원역(4호선),동대문영업사업소,시민용,동대문역사문화공원(4역),2022-10-31,2022,10,2022-10,정기분,수납 완료,3499.0,1749.5,9192750.0
006240196,동대문역사문화공원역(4호선),동대문영업사업소,시민용,동대문역사문화공원(4역),2022-12-31,2022,12,2022-12,정기분,수납 완료,2342.0,1171.0,6126700.0
006240196,동대문역사문화공원역(4호선),동대문영업사업소,시민용,동대문역사문화공원(4역),2023-02-28,2023,2,2023-02,정기분,수납 완료,2113.0,1056.5,6365110.0
006240196,동대문역사문화공원역(4호선),동대문영업사업소,시민용,동대문역사문화공원(4역),2023-04-30,2023,4,2023-04,정기분,수납 완료,2236.0,1118.0,7419320.0
006240196,동대문역사문화공원역(4호선),동대문영업사업소,시민용,동대문역사문화공원(4역),2023-06-30,2023,6,2023-06,정기분,수납 완료,2699.0,1349.5,9025930.0
006240196,동대문역사문화공원역(4호선),동대문영업사업소,시민용,동대문역사문화공원(4역),2023-08-31,2023,8,2023-08,정기분,수납 완료,3671.0,1835.5,12398770.0
006240196,동대문역사문화공원역(4호선),동대문영업사업소,시민용,동대문역사문화공원(4역),2023-10-31,2023,10,2023-10,정기분,수납 완료,4315.0,2157.5,14633450.0
006240196,동대문역사문화공원역(4호선),동대문영업사업소,시민용,동대문역사문화공원(4역),2023-12-31,2023,12,2023-12,정기분,수납 완료,2740.0,1370.0,7849600.0
006240196,동대문역사문화공원역(4호선),동대문영업사업소,시민용,동대문역사문화공원(4역),2024-02-29,2024,2,2024-02,정기분,수납 완료,2377.0,1188.5,3735250.0
006240196,동대문역사문화공원역(4호선),동대문영업사업소,시민용,동대문역사문화공원(4역),2024-04-30,2024,4,2024-04,정기분,수납 완료,2454.0,1227.0,8175780.0
006240196,동대문역사문화공원역(4호선),동대문영업사업소,시민용,동대문역사문화공원(4역),2024-06-30,2024,6,2024-06,정기분,수납 완료,2454.0,1227.0,8175780.0
006240196,동대문역사문화공원역(4호선),동대문영업사업소,시민용,동대문역사문화공원(4역),2024-08-31,2024,8,2024-08,정기분,수납 완료,3671.0,1835.5,12398770.0
006240196,동대문역사문화공원역(4호선),동대문영업사업소,시민용,동대문역사문화공원(4역),2024-10-31,2024,10,2024-10,정기분,수납 완료,3671.0,1835.5,12398770.0
006240196,동대문역사문화공원역(4호선),동대문영업사업소,시민용,동대문역사문화공원(4역),2024-12-31,2024,12,2024-12,정기분,수납 완료,3650.0,1825.0,12325900.0
006240196,동대문역사문화공원역(4호선),동대문영업사업소,시민용,동대문역사문화공원(4역),2025-02-28,2025,2,2025-02,정기분,수납 완료,2540.0,1270.0,8474200.0
006240196,동대문역사문화공원역(4호선),동대문영업사업소,시민용,동대문역사문화공원(4역),2025-04-30,2025,4,2025-04,정기분,수납 완료,2582.0,1291.0,8619940.0
006240196,동대문역사문화공원역(4호선),동대문영업사업소,시민용,동대문역사문화공원(4역),2025-06-30,2025,6,2025-06,정기분,수납 완료,2811.0,1405.5,9414570.0
006240196,동대문역사문화공원역(4호선),동대문영업사업소,시민용,동대문역사문화공원(4역),2025-08-31,2025,8,2025-08,정기분,수납 완료,5639.0,2819.5,19226730.0
006240196,동대문역사문화공원역(4호선),동대문영업사업소,시민용,동대문역사문화공원(4역),2025-10-31,2025,10,2025-10,정기분,수납 완료,5306.0,2653.0,18071220.0
006240196,동대문역사문화공원역(4호선),동대문영업사업소,시민용,동대문역사문화공원(4역),2025-12-31,2025,12,2025-12,정기분,수납 완료,3130.0,1565.0,10520500.0
006240196,동대문역사문화공원역(4호선),동대문영업사업소,시민용,동대문역사문화공원(4역),2026-02-28,2026,2,2026-02,정기분,수납 완료,2434.0,1217.0,8358400.0
006240196,동대문역사문화공원역(4호선),동대문영업사업소,시민용,동대문역사문화공원(4역),2026-04-30,2026,4,2026-04,정기분,수납 완료,2542.0,1271.0,8944080.0
006205316,동대문역사문화공원역(5호선),광화문영업사업소,시민용,5호선동대문역사문화공원역,2010-04-30,2010,4,2010-04,정기분,수납 완료,515.0,257.5,585050.0
006205316,동대문역사문화공원역(5호선),광화문영업사업소,시민용,5호선동대문역사문화공원역,2010-06-30,2010,6,2010-06,정기분,수납 완료,670.0,335.0,772400.0
006205316,동대문역사문화공원역(5호선),광화문영업사업소,시민용,5호선동대문역사문화공원역,2010-08-31,2010,8,2010-08,정기분,수납 완료,982.0,491.0,1171760.0
006205316,동대문역사문화공원역(5호선),광화문영업사업소,시민용,5호선동대문역사문화공원역,2010-10-31,2010,10,2010-10,정기분,수납 완료,781.0,390.5,914480.0
006205316,동대문역사문화공원역(5호선),광화문영업사업소,시민용,5호선동대문역사문화공원역,2010-12-31,2010,12,2010-12,정기분,수납 완료,671.0,335.5,773680.0
006205316,동대문역사문화공원역(5호선),광화문영업사업소,시민용,5호선동대문역사문화공원역,2011-02-28,2011,2,2011-02,정기분,수납 완료,671.0,335.5,775990.0
006205316,동대문역사문화공원역(5호선),광화문영업사업소,시민용,5호선동대문역사문화공원역,2011-04-30,2011,4,2011-04,정기분,수납 완료,575.0,287.5,656790.0
006205316,동대문역사문화공원역(5호선),광화문영업사업소,시민용,5호선동대문역사문화공원역,2011-06-30,2011,6,2011-06,정기분,수납 완료,714.0,357.0,835860.0
006205316,동대문역사문화공원역(5호선),광화문영업사업소,시민용,5호선동대문역사문화공원역,2011-08-31,2011,8,2011-08,정기분,수납 완료,775.0,387.5,914550.0
006205316,동대문역사문화공원역(5호선),광화문영업사업소,시민용,5호선동대문역사문화공원역,2011-10-31,2011,10,2011-10,정기분,수납 완료,806.0,403.0,954540.0
006205316,동대문역사문화공원역(5호선),광화문영업사업소,시민용,5호선동대문역사문화공원역,2011-12-31,2011,12,2011-12,정기분,수납 완료,717.0,358.5,839730.0
006205316,동대문역사문화공원역(5호선),광화문영업사업소,시민용,5호선동대문역사문화공원역,2012-02-29,2012,2,2012-02,정기분,수납 완료,674.0,337.0,784260.0
006205316,동대문역사문화공원역(5호선),광화문영업사업소,시민용,5호선동대문역사문화공원역,2012-04-30,2012,4,2012-04,정기분,수납 완료,738.0,369.0,1086120.0
006205316,동대문역사문화공원역(5호선),광화문영업사업소,시민용,5호선동대문역사문화공원역,2012-06-30,2012,6,2012-06,정기분,수납 완료,783.0,391.5,1159920.0
006205316,동대문역사문화공원역(5호선),광화문영업사업소,시민용,5호선동대문역사문화공원역,2012-08-31,2012,8,2012-08,정기분,수납 완료,835.0,417.5,1245200.0
006205316,동대문역사문화공원역(5호선),광화문영업사업소,시민용,5호선동대문역사문화공원역,2012-10-31,2012,10,2012-10,정기분,수납 완료,1012.0,506.0,1535480.0
006205316,동대문역사문화공원역(5호선),광화문영업사업소,시민용,5호선동대문역사문화공원역,2012-12-31,2012,12,2012-12,정기분,수납 완료,778.0,389.0,1151720.0
006205316,동대문역사문화공원역(5호선),광화문영업사업소,시민용,5호선동대문역사문화공원역,2013-02-28,2013,2,2013-02,정기분,수납 완료,744.0,372.0,1095960.0
006205316,동대문역사문화공원역(5호선),광화문영업사업소,시민용,5호선동대문역사문화공원역,2013-04-30,2013,4,2013-04,정기분,수납 완료,670.0,335.0,1082600.0
006205316,동대문역사문화공원역(5호선),광화문영업사업소,시민용,5호선동대문역사문화공원역,2013-06-30,2013,6,2013-06,정기분,수납 완료,908.0,454.0,1529940.0
006205316,동대문역사문화공원역(5호선),광화문영업사업소,시민용,5호선동대문역사문화공원역,2013-08-31,2013,8,2013-08,정기분,수납 완료,830.0,415.0,1377000.0
006205316,동대문역사문화공원역(5호선),광화문영업사업소,시민용,5호선동대문역사문화공원역,2013-10-31,2013,10,2013-10,정기분,수납 완료,1217.0,608.5,2089080.0
006205316,동대문역사문화공원역(5호선),광화문영업사업소,시민용,5호선동대문역사문화공원역,2013-12-31,2013,12,2013-12,정기분,수납 완료,755.0,377.5,1239000.0
006205316,동대문역사문화공원역(5호선),광화문영업사업소,시민용,5호선동대문역사문화공원역,2014-02-28,2014,2,2014-02,정기분,수납 완료,759.0,379.5,1246360.0
006205316,동대문역사문화공원역(5호선),광화문영업사업소,시민용,5호선동대문역사문화공원역,2014-04-30,2014,4,2014-04,정기분,수납 완료,790.0,395.0,1417800.0
006205316,동대문역사문화공원역(5호선),광화문영업사업소,시민용,5호선동대문역사문화공원역,2014-06-30,2014,6,2014-06,정기분,수납 완료,669.0,334.5,1175800.0
006205316,동대문역사문화공원역(5호선),광화문영업사업소,시민용,5호선동대문역사문화공원역,2014-08-31,2014,8,2014-08,정기분,수납 완료,810.0,405.0,1457800.0
006205316,동대문역사문화공원역(5호선),광화문영업사업소,시민용,5호선동대문역사문화공원역,2014-10-31,2014,10,2014-10,정기분,수납 완료,1099.0,549.5,2035800.0
006205316,동대문역사문화공원역(5호선),광화문영업사업소,시민용,5호선동대문역사문화공원역,2014-12-31,2014,12,2014-12,정기분,수납 완료,1015.0,507.5,1867800.0
006205316,동대문역사문화공원역(5호선),광화문영업사업소,시민용,5호선동대문역사문화공원역,2015-02-28,2015,2,2015-02,정기분,수납 완료,794.0,397.0,1425800.0
006205316,동대문역사문화공원역(5호선),광화문영업사업소,시민용,5호선동대문역사문화공원역,2015-04-30,2015,4,2015-04,정기분,수납 완료,736.0,368.0,1309800.0
006205316,동대문역사문화공원역(5호선),광화문영업사업소,시민용,5호선동대문역사문화공원역,2015-06-30,2015,6,2015-06,정기분,수납 완료,846.0,423.0,1529800.0
006205316,동대문역사문화공원역(5호선),광화문영업사업소,시민용,5호선동대문역사문화공원역,2015-08-31,2015,8,2015-08,정기분,수납 완료,842.0,421.0,1521800.0
006205316,동대문역사문화공원역(5호선),광화문영업사업소,시민용,5호선동대문역사문화공원역,2015-10-31,2015,10,2015-10,정기분,수납 완료,1023.0,511.5,1883800.0
006205316,동대문역사문화공원역(5호선),광화문영업사업소,시민용,5호선동대문역사문화공원역,2015-12-31,2015,12,2015-12,정기분,수납 완료,761.0,380.5,1359800.0
006205316,동대문역사문화공원역(5호선),광화문영업사업소,시민용,5호선동대문역사문화공원역,2016-02-29,2016,2,2016-02,정기분,수납 완료,678.0,339.0,1193800.0
006205316,동대문역사문화공원역(5호선),광화문영업사업소,시민용,5호선동대문역사문화공원역,2016-04-30,2016,4,2016-04,정기분,수납 완료,907.0,453.5,1651800.0
006205316,동대문역사문화공원역(5호선),광화문영업사업소,시민용,5호선동대문역사문화공원역,2016-06-30,2016,6,2016-06,정기분,수납 완료,784.0,392.0,1405800.0
006205316,동대문역사문화공원역(5호선),광화문영업사업소,시민용,5호선동대문역사문화공원역,2016-08-31,2016,8,2016-08,정기분,수납 완료,841.0,420.5,1519800.0
006205316,동대문역사문화공원역(5호선),광화문영업사업소,시민용,5호선동대문역사문화공원역,2016-10-31,2016,10,2016-10,정기분,수납 완료,1191.0,595.5,2219800.0
006205316,동대문역사문화공원역(5호선),광화문영업사업소,시민용,5호선동대문역사문화공원역,2016-12-31,2016,12,2016-12,정기분,수납 완료,1172.0,586.0,2181800.0
006205316,동대문역사문화공원역(5호선),광화문영업사업소,시민용,5호선동대문역사문화공원역,2017-02-28,2017,2,2017-02,정기분,수납 완료,811.0,405.5,1482700.0
006205316,동대문역사문화공원역(5호선),광화문영업사업소,시민용,5호선동대문역사문화공원역,2017-04-30,2017,4,2017-04,정기분,수납 완료,572.0,286.0,1033660.0
006205316,동대문역사문화공원역(5호선),광화문영업사업소,시민용,5호선동대문역사문화공원역,2017-06-30,2017,6,2017-06,정기분,수납 완료,786.0,393.0,1479400.0
006205316,동대문역사문화공원역(5호선),광화문영업사업소,시민용,5호선동대문역사문화공원역,2017-08-31,2017,8,2017-08,정기분,수납 완료,830.0,415.0,1571800.0
006205316,동대문역사문화공원역(5호선),광화문영업사업소,시민용,5호선동대문역사문화공원역,2017-10-31,2017,10,2017-10,정기분,수납 완료,1091.0,545.5,2119900.0
006205316,동대문역사문화공원역(5호선),광화문영업사업소,시민용,5호선동대문역사문화공원역,2017-12-31,2017,12,2017-12,정기분,수납 완료,841.0,420.5,1594900.0
006205316,동대문역사문화공원역(5호선),광화문영업사업소,시민용,5호선동대문역사문화공원역,2018-02-28,2018,2,2018-02,정기분,수납 완료,841.0,420.5,1627180.0
006205316,동대문역사문화공원역(5호선),광화문영업사업소,시민용,5호선동대문역사문화공원역,2018-04-30,2018,4,2018-04,정기분,수납 완료,528.0,264.0,989640.0
006205316,동대문역사문화공원역(5호선),광화문영업사업소,시민용,5호선동대문역사문화공원역,2018-06-30,2018,6,2018-06,정기분,수납 완료,773.0,386.5,1522130.0
006205316,동대문역사문화공원역(5호선),광화문영업사업소,시민용,5호선동대문역사문화공원역,2018-08-31,2018,8,2018-08,정기분,수납 완료,1058.0,529.0,2151980.0
006205316,동대문역사문화공원역(5호선),광화문영업사업소,시민용,5호선동대문역사문화공원역,2018-10-31,2018,10,2018-10,정기분,수납 완료,1628.0,814.0,3411680.0
006205316,동대문역사문화공원역(5호선),광화문영업사업소,시민용,5호선동대문역사문화공원역,2018-12-31,2018,12,2018-12,정기분,수납 완료,804.0,402.0,1590640.0
006205316,동대문역사문화공원역(5호선),광화문영업사업소,시민용,5호선동대문역사문화공원역,2019-02-28,2019,2,2019-02,정기분,수납 완료,702.0,351.0,1395280.0
006205316,동대문역사문화공원역(5호선),광화문영업사업소,시민용,5호선동대문역사문화공원역,2019-04-30,2019,4,2019-04,정기분,수납 완료,644.0,322.0,1303320.0
006205316,동대문역사문화공원역(5호선),광화문영업사업소,시민용,5호선동대문역사문화공원역,2019-06-30,2019,6,2019-06,정기분,수납 완료,765.0,382.5,1585250.0
006205316,동대문역사문화공원역(5호선),광화문영업사업소,시민용,5호선동대문역사문화공원역,2019-08-31,2019,8,2019-08,정기분,수납 완료,999.0,499.5,2130470.0
006205316,동대문역사문화공원역(5호선),광화문영업사업소,시민용,5호선동대문역사문화공원역,2019-10-31,2019,10,2019-10,정기분,수납 완료,1201.0,600.5,2601130.0
006205316,동대문역사문화공원역(5호선),광화문영업사업소,시민용,5호선동대문역사문화공원역,2019-12-31,2019,12,2019-12,정기분,수납 완료,868.0,434.0,1825240.0
006205316,동대문역사문화공원역(5호선),광화문영업사업소,시민용,5호선동대문역사문화공원역,2020-02-29,2020,2,2020-02,정기분,수납 완료,641.0,320.5,1296330.0
006205316,동대문역사문화공원역(5호선),광화문영업사업소,시민용,5호선동대문역사문화공원역,2020-04-30,2020,4,2020-04,정기분,수납 완료,653.0,326.5,1324290.0
006205316,동대문역사문화공원역(5호선),광화문영업사업소,시민용,5호선동대문역사문화공원역,2020-06-30,2020,6,2020-06,정기분,수납 완료,723.0,361.5,1487390.0
006205316,동대문역사문화공원역(5호선),광화문영업사업소,시민용,5호선동대문역사문화공원역,2020-08-31,2020,8,2020-08,정기분,수납 완료,1395.0,697.5,3053150.0
006205316,동대문역사문화공원역(5호선),광화문영업사업소,시민용,5호선동대문역사문화공원역,2020-10-31,2020,10,2020-10,정기분,수납 완료,1140.0,570.0,2459000.0
006205316,동대문역사문화공원역(5호선),광화문영업사업소,시민용,5호선동대문역사문화공원역,2020-12-31,2020,12,2020-12,정기분,수납 완료,517.0,258.5,1028990.0
006205316,동대문역사문화공원역(5호선),광화문영업사업소,시민용,5호선동대문역사문화공원역,2021-02-28,2021,2,2021-02,정기분,수납 완료,612.0,306.0,1228760.0
006205316,동대문역사문화공원역(5호선),광화문영업사업소,시민용,5호선동대문역사문화공원역,2021-04-30,2021,4,2021-04,정기분,수납 완료,685.0,342.5,1398850.0
006205316,동대문역사문화공원역(5호선),광화문영업사업소,시민용,5호선동대문역사문화공원역,2021-06-30,2021,6,2021-06,정기분,수납 완료,778.0,389.0,1615540.0
006205316,동대문역사문화공원역(5호선),광화문영업사업소,시민용,5호선동대문역사문화공원역,2021-08-31,2021,8,2021-08,정기분,수납 완료,971.0,485.5,2155940.0
006205316,동대문역사문화공원역(5호선),광화문영업사업소,시민용,5호선동대문역사문화공원역,2021-10-31,2021,10,2021-10,정기분,수납 완료,855.0,427.5,1978500.0
006205316,동대문역사문화공원역(5호선),광화문영업사업소,시민용,5호선동대문역사문화공원역,2021-12-31,2021,12,2021-12,정기분,수납 완료,684.0,342.0,1544160.0
006205316,동대문역사문화공원역(5호선),광화문영업사업소,시민용,5호선동대문역사문화공원역,2022-02-28,2022,2,2022-02,정기분,수납 완료,637.0,318.5,1486820.0
006205316,동대문역사문화공원역(5호선),광화문영업사업소,시민용,5호선동대문역사문화공원역,2022-04-30,2022,4,2022-04,정기분,수납 완료,564.0,282.0,1379160.0
006205316,동대문역사문화공원역(5호선),광화문영업사업소,시민용,5호선동대문역사문화공원역,2022-06-30,2022,6,2022-06,정기분,수납 완료,591.0,295.5,1446390.0
006205316,동대문역사문화공원역(5호선),광화문영업사업소,시민용,5호선동대문역사문화공원역,2022-08-31,2022,8,2022-08,정기분,수납 완료,800.0,400.0,1998800.0
006205316,동대문역사문화공원역(5호선),광화문영업사업소,시민용,5호선동대문역사문화공원역,2022-10-31,2022,10,2022-10,정기분,수납 완료,978.0,489.0,2470500.0
006205316,동대문역사문화공원역(5호선),광화문영업사업소,시민용,5호선동대문역사문화공원역,2022-12-31,2022,12,2022-12,정기분,수납 완료,978.0,489.0,2470500.0
006205316,동대문역사문화공원역(5호선),광화문영업사업소,시민용,5호선동대문역사문화공원역,2023-02-28,2023,2,2023-02,정기분,수납 완료,978.0,489.0,2757030.0
006205316,동대문역사문화공원역(5호선),광화문영업사업소,시민용,5호선동대문역사문화공원역,2023-04-30,2023,4,2023-04,정기분,수납 완료,279.0,139.5,1025350.0
006205316,동대문역사문화공원역(5호선),광화문영업사업소,시민용,5호선동대문역사문화공원역,2023-06-30,2023,6,2023-06,정기분,수납 완료,741.0,370.5,2328560.0
006205316,동대문역사문화공원역(5호선),광화문영업사업소,시민용,5호선동대문역사문화공원역,2023-08-31,2023,8,2023-08,정기분,수납 완료,911.0,455.5,2899760.0
006205316,동대문역사문화공원역(5호선),광화문영업사업소,시민용,5호선동대문역사문화공원역,2023-10-31,2023,10,2023-10,정기분,수납 완료,1178.0,589.0,3796880.0
006205316,동대문역사문화공원역(5호선),광화문영업사업소,시민용,5호선동대문역사문화공원역,2023-12-31,2023,12,2023-12,정기분,수납 완료,857.0,428.5,2718320.0
006205316,동대문역사문화공원역(5호선),광화문영업사업소,시민용,5호선동대문역사문화공원역,2024-02-29,2024,2,2024-02,정기분,수납 완료,831.0,415.5,2614620.0
006205316,동대문역사문화공원역(5호선),광화문영업사업소,시민용,5호선동대문역사문화공원역,2024-04-30,2024,4,2024-04,정기분,수납 완료,754.0,377.0,2372240.0
006205316,동대문역사문화공원역(5호선),광화문영업사업소,시민용,5호선동대문역사문화공원역,2024-06-30,2024,6,2024-06,정기분,수납 완료,816.0,408.0,2580560.0
006205316,동대문역사문화공원역(5호선),광화문영업사업소,시민용,5호선동대문역사문화공원역,2024-08-31,2024,8,2024-08,정기분,수납 완료,874.0,437.0,2775440.0
006205316,동대문역사문화공원역(5호선),광화문영업사업소,시민용,5호선동대문역사문화공원역,2024-10-31,2024,10,2024-10,정기분,수납 완료,874.0,437.0,2775440.0
006205316,동대문역사문화공원역(5호선),광화문영업사업소,시민용,5호선동대문역사문화공원역,2024-12-31,2024,12,2024-12,정기분,수납 완료,857.0,428.5,2718320.0
006205316,동대문역사문화공원역(5호선),광화문영업사업소,시민용,5호선동대문역사문화공원역,2025-02-28,2025,2,2025-02,정기분,수납 완료,831.0,415.5,2636140.0
006205316,동대문역사문화공원역(5호선),광화문영업사업소,시민용,5호선동대문역사문화공원역,2025-04-30,2025,4,2025-04,정기분,수납 완료,754.0,377.0,2372240.0
006205316,동대문역사문화공원역(5호선),광화문영업사업소,시민용,5호선동대문역사문화공원역,2025-06-30,2025,6,2025-06,정기분,수납 완료,816.0,408.0,2580560.0
006205316,동대문역사문화공원역(5호선),광화문영업사업소,시민용,5호선동대문역사문화공원역,2025-08-31,2025,8,2025-08,정기분,수납 완료,1460.0,730.0,4744400.0
006205316,동대문역사문화공원역(5호선),광화문영업사업소,시민용,5호선동대문역사문화공원역,2025-10-31,2025,10,2025-10,정기분,수납 완료,1596.0,798.0,5201360.0
006205316,동대문역사문화공원역(5호선),광화문영업사업소,시민용,5호선동대문역사문화공원역,2025-12-31,2025,12,2025-12,정기분,수납 완료,823.0,411.5,2604080.0
006205316,동대문역사문화공원역(5호선),광화문영업사업소,시민용,5호선동대문역사문화공원역,2026-02-28,2026,2,2026-02,정기분,수납 완료,810.0,405.0,2629580.0
006205316,동대문역사문화공원역(5호선),광화문영업사업소,시민용,5호선동대문역사문화공원역,2026-04-30,2026,4,2026-04,정기분,수납 완료,814.0,407.0,2732160.0
000266613,동대입구역,경복궁영업사업소,시민용,지하철동대입구,2008-06-30,2008,6,2008-06,정기분,수납 완료,341.0,170.5,2579210.0
000266613,동대입구역,경복궁영업사업소,시민용,지하철동대입구,2008-07-31,2008,7,2008-07,정기분,수납 완료,248.0,124.0,2273630.0
000266613,동대입구역,경복궁영업사업소,시민용,지하철동대입구,2008-08-31,2008,8,2008-08,정기분,수납 완료,124.0,62.0,2313750.0
000266613,동대입구역,경복궁영업사업소,시민용,지하철동대입구,2008-09-30,2008,9,2008-09,정기분,수납 완료,361.0,180.5,2514930.0
000266613,동대입구역,경복궁영업사업소,시민용,지하철동대입구,2008-10-31,2008,10,2008-10,정기분,수납 완료,181.0,90.5,2452570.0
000266613,동대입구역,경복궁영업사업소,시민용,지하철동대입구,2008-11-30,2008,11,2008-11,정기분,수납 완료,473.0,236.5,2672450.0
000266613,동대입구역,경복궁영업사업소,시민용,지하철동대입구,2008-12-31,2008,12,2008-12,정기분,수납 완료,237.0,118.5,2563330.0
000266613,동대입구역,경복궁영업사업소,시민용,지하철동대입구,2009-01-31,2009,1,2009-01,정기분,수납 완료,286.0,143.0,2400650.0
000266613,동대입구역,경복궁영업사업소,시민용,지하철동대입구,2009-02-28,2009,2,2009-02,정기분,수납 완료,143.0,71.5,2482210.0
000266613,동대입구역,경복궁영업사업소,시민용,지하철동대입구,2009-03-31,2009,3,2009-03,정기분,수납 완료,182.0,91.0,2176130.0
000266613,동대입구역,경복궁영업사업소,시민용,지하철동대입구,2009-04-30,2009,4,2009-04,정기분,수납 완료,91.0,45.5,2329170.0
000266613,동대입구역,경복궁영업사업소,시민용,지하철동대입구,2009-05-31,2009,5,2009-05,정기분,수납 완료,213.0,106.5,2536650.0
000266613,동대입구역,경복궁영업사업소,시민용,지하철동대입구,2009-06-30,2009,6,2009-06,정기분,수납 완료,107.0,53.5,2433730.0
000266613,동대입구역,경복궁영업사업소,시민용,지하철동대입구,2009-07-31,2009,7,2009-07,정기분,수납 완료,338.0,169.0,2691210.0
000266613,동대입구역,경복궁영업사업소,시민용,지하철동대입구,2009-08-31,2009,8,2009-08,정기분,수납 완료,169.0,84.5,2562690.0
000266613,동대입구역,경복궁영업사업소,시민용,지하철동대입구,2009-09-30,2009,9,2009-09,정기분,수납 완료,546.0,273.0,2746730.0
000266613,동대입구역,경복궁영업사업소,시민용,지하철동대입구,2009-10-31,2009,10,2009-10,정기분,수납 완료,273.0,136.5,2654930.0
000266613,동대입구역,경복궁영업사업소,시민용,지하철동대입구,2009-11-30,2009,11,2009-11,정기분,수납 완료,493.0,246.5,2570650.0
000266613,동대입구역,경복궁영업사업소,시민용,지하철동대입구,2009-12-31,2009,12,2009-12,정기분,수납 완료,247.0,123.5,2613610.0
000266613,동대입구역,경복궁영업사업소,시민용,지하철동대입구,2010-01-31,2010,1,2010-01,정기분,수납 완료,390.0,195.0,2487050.0
000266613,동대입구역,경복궁영업사업소,시민용,지하철동대입구,2010-02-28,2010,2,2010-02,정기분,수납 완료,195.0,97.5,2550330.0
000266613,동대입구역,경복궁영업사업소,시민용,지하철동대입구,2010-03-31,2010,3,2010-03,정기분,수납 완료,274.0,137.0,2352610.0
000266613,동대입구역,경복궁영업사업소,시민용,지하철동대입구,2010-04-30,2010,4,2010-04,정기분,수납 완료,137.0,68.5,2451690.0
000266613,동대입구역,경복궁영업사업소,시민용,지하철동대입구,2010-05-31,2010,5,2010-05,정기분,수납 완료,253.0,126.5,2502170.0
000266613,동대입구역,경복궁영업사업소,시민용,지하철동대입구,2010-06-30,2010,6,2010-06,정기분,수납 완료,127.0,63.5,2477530.0
000266613,동대입구역,경복궁영업사업소,시민용,지하철동대입구,2010-07-31,2010,7,2010-07,정기분,수납 완료,383.0,191.5,2667530.0
000266613,동대입구역,경복궁영업사업소,시민용,지하철동대입구,2010-08-31,2010,8,2010-08,정기분,수납 완료,192.0,96.0,2573130.0
000266613,동대입구역,경복궁영업사업소,시민용,지하철동대입구,2010-09-30,2010,9,2010-09,정기분,수납 완료,871.0,435.5,2562330.0
000266613,동대입구역,경복궁영업사업소,시민용,지하철동대입구,2010-10-31,2010,10,2010-10,정기분,수납 완료,436.0,218.0,2568370.0
000266613,동대입구역,경복궁영업사업소,시민용,지하철동대입구,2010-11-30,2010,11,2010-11,정기분,수납 완료,684.0,342.0,2263050.0
000266613,동대입구역,경복궁영업사업소,시민용,지하철동대입구,2010-12-31,2010,12,2010-12,정기분,수납 완료,342.0,171.0,2418520.0
000266613,동대입구역,경복궁영업사업소,시민용,지하철동대입구,2011-01-31,2011,1,2011-01,정기분,수납 완료,471.0,235.5,2139620.0
000266613,동대입구역,경복궁영업사업소,시민용,지하철동대입구,2011-02-28,2011,2,2011-02,정기분,수납 완료,236.0,118.0,2463700.0
000266613,동대입구역,경복궁영업사업소,시민용,지하철동대입구,2011-03-31,2011,3,2011-03,정기분,수납 완료,217.0,108.5,7100.0
000266613,동대입구역,경복궁영업사업소,시민용,지하철동대입구,2011-04-30,2011,4,2011-04,정기분,수납 완료,109.0,54.5,445070.0
000266613,동대입구역,경복궁영업사업소,시민용,지하철동대입구,2011-05-31,2011,5,2011-05,정기분,수납 완료,275.0,137.5,1576120.0
000266613,동대입구역,경복궁영업사업소,시민용,지하철동대입구,2011-06-30,2011,6,2011-06,정기분,수납 완료,138.0,69.0,1517800.0
000266613,동대입구역,경복궁영업사업소,시민용,지하철동대입구,2011-07-31,2011,7,2011-07,정기분,수납 완료,512.0,256.0,5403380.0
000266613,동대입구역,경복궁영업사업소,시민용,지하철동대입구,2011-08-31,2011,8,2011-08,정기분,수납 완료,256.0,128.0,1671510.0
000266613,동대입구역,경복궁영업사업소,시민용,지하철동대입구,2011-09-30,2011,9,2011-09,정기분,수납 완료,879.0,439.5,2075360.0
000266613,동대입구역,경복궁영업사업소,시민용,지하철동대입구,2011-10-31,2011,10,2011-10,정기분,수납 완료,440.0,220.0,1874080.0
000266613,동대입구역,경복궁영업사업소,시민용,지하철동대입구,2011-11-30,2011,11,2011-11,정기분,수납 완료,803.0,401.5,3002830.0
000266613,동대입구역,경복궁영업사업소,시민용,지하철동대입구,2011-12-31,2011,12,2011-12,정기분,수납 완료,402.0,201.0,1868410.0
000266613,동대입구역,경복궁영업사업소,시민용,지하철동대입구,2012-01-31,2012,1,2012-01,정기분,수납 완료,382.0,191.0,620160.0
000266613,동대입구역,경복궁영업사업소,시민용,지하철동대입구,2012-02-29,2012,2,2012-02,정기분,수납 완료,191.0,95.5,1554480.0
000266613,동대입구역,경복궁영업사업소,시민용,지하철동대입구,2012-03-31,2012,3,2012-03,정기분,수납 완료,206.0,103.0,664150.0
000266613,동대입구역,경복궁영업사업소,시민용,지하철동대입구,2012-04-30,2012,4,2012-04,정기분,수납 완료,103.0,51.5,1876650.0
000266613,동대입구역,경복궁영업사업소,시민용,지하철동대입구,2012-05-31,2012,5,2012-05,정기분,수납 완료,331.0,165.5,1380760.0
000266613,동대입구역,경복궁영업사업소,시민용,지하철동대입구,2012-06-30,2012,6,2012-06,정기분,수납 완료,166.0,83.0,1992480.0
000266613,동대입구역,경복궁영업사업소,시민용,지하철동대입구,2012-07-31,2012,7,2012-07,정기분,수납 완료,735.0,367.5,1126980.0
000266613,동대입구역,경복궁영업사업소,시민용,지하철동대입구,2012-08-31,2012,8,2012-08,정기분,수납 완료,368.0,184.0,2824560.0
000266613,동대입구역,경복궁영업사업소,시민용,지하철동대입구,2012-09-30,2012,9,2012-09,정기분,수납 완료,1805.0,902.5,5104180.0
000266613,동대입구역,경복궁영업사업소,시민용,지하철동대입구,2012-10-31,2012,10,2012-10,정기분,수납 완료,903.0,451.5,4081020.0
000266613,동대입구역,경복궁영업사업소,시민용,지하철동대입구,2012-11-30,2012,11,2012-11,정기분,수납 완료,1585.0,792.5,3174520.0
000266613,동대입구역,경복궁영업사업소,시민용,지하철동대입구,2012-12-31,2012,12,2012-12,정기분,수납 완료,793.0,396.5,3232040.0
000266613,동대입구역,경복궁영업사업소,시민용,지하철동대입구,2013-01-31,2013,1,2013-01,정기분,수납 완료,1067.0,533.5,1300240.0
000266613,동대입구역,경복궁영업사업소,시민용,지하철동대입구,2013-02-28,2013,2,2013-02,정기분,수납 완료,534.0,267.0,1730820.0
000266613,동대입구역,경복궁영업사업소,시민용,지하철동대입구,2013-03-31,2013,3,2013-03,정기분,수납 완료,675.0,337.5,1252210.0
000266613,동대입구역,경복궁영업사업소,시민용,지하철동대입구,2013-04-30,2013,4,2013-04,정기분,수납 완료,338.0,169.0,2517620.0
000266613,동대입구역,경복궁영업사업소,시민용,지하철동대입구,2013-05-31,2013,5,2013-05,정기분,수납 완료,1275.0,637.5,3785140.0
000266613,동대입구역,경복궁영업사업소,시민용,지하철동대입구,2013-06-30,2013,6,2013-06,정기분,수납 완료,638.0,319.0,3332480.0
000266613,동대입구역,경복궁영업사업소,시민용,지하철동대입구,2013-07-31,2013,7,2013-07,정기분,수납 완료,834.0,417.0,3338720.0
000266613,동대입구역,경복궁영업사업소,시민용,지하철동대입구,2013-08-31,2013,8,2013-08,정기분,수납 완료,417.0,208.5,4000160.0
000266613,동대입구역,경복궁영업사업소,시민용,지하철동대입구,2013-09-30,2013,9,2013-09,정기분,수납 완료,1452.0,726.0,5406640.0
000266613,동대입구역,경복궁영업사업소,시민용,지하철동대입구,2013-10-31,2013,10,2013-10,정기분,수납 완료,726.0,363.0,3199820.0
000266613,동대입구역,경복궁영업사업소,시민용,지하철동대입구,2013-11-30,2013,11,2013-11,정기분,수납 완료,1154.0,577.0,3457500.0
000266613,동대입구역,경복궁영업사업소,시민용,지하철동대입구,2013-12-31,2013,12,2013-12,정기분,수납 완료,577.0,288.5,2863260.0
000266613,동대입구역,경복궁영업사업소,시민용,지하철동대입구,2014-01-31,2014,1,2014-01,정기분,수납 완료,661.0,330.5,2040380.0
000266613,동대입구역,경복궁영업사업소,시민용,지하철동대입구,2014-02-28,2014,2,2014-02,정기분,수납 완료,331.0,165.5,1526360.0
000266613,동대입구역,경복궁영업사업소,시민용,지하철동대입구,2014-03-31,2014,3,2014-03,정기분,수납 완료,427.0,213.5,2333100.0
000266613,동대입구역,경복궁영업사업소,시민용,지하철동대입구,2014-04-30,2014,4,2014-04,정기분,수납 완료,214.0,107.0,2575020.0
000266613,동대입구역,경복궁영업사업소,시민용,지하철동대입구,2014-05-31,2014,5,2014-05,정기분,수납 완료,553.0,276.5,4166420.0
000266613,동대입구역,경복궁영업사업소,시민용,지하철동대입구,2014-06-30,2014,6,2014-06,정기분,수납 완료,277.0,138.5,3096360.0
000266613,동대입구역,경복궁영업사업소,시민용,지하철동대입구,2014-07-31,2014,7,2014-07,정기분,수납 완료,1035.0,517.5,5211340.0
000266613,동대입구역,경복궁영업사업소,시민용,지하철동대입구,2014-08-31,2014,8,2014-08,정기분,수납 완료,518.0,259.0,3268500.0
000266613,동대입구역,경복궁영업사업소,시민용,지하철동대입구,2014-09-30,2014,9,2014-09,정기분,수납 완료,1989.0,994.5,6890500.0
000266613,동대입구역,경복궁영업사업소,시민용,지하철동대입구,2014-10-31,2014,10,2014-10,정기분,수납 완료,995.0,497.5,3543300.0
000266613,동대입구역,경복궁영업사업소,시민용,지하철동대입구,2014-11-30,2014,11,2014-11,정기분,수납 완료,1487.0,743.5,2960600.0
000266613,동대입구역,경복궁영업사업소,시민용,지하철동대입구,2014-12-31,2014,12,2014-12,정기분,수납 완료,744.0,372.0,2315000.0
000266613,동대입구역,경복궁영업사업소,시민용,지하철동대입구,2015-01-31,2015,1,2015-01,정기분,수납 완료,861.0,430.5,5516300.0
000266613,동대입구역,경복궁영업사업소,시민용,지하철동대입구,2015-02-28,2015,2,2015-02,정기분,수납 완료,431.0,215.5,1996200.0
000266613,동대입구역,경복궁영업사업소,시민용,지하철동대입구,2015-03-31,2015,3,2015-03,정기분,수납 완료,536.0,268.0,3001680.0
000266613,동대입구역,경복궁영업사업소,시민용,지하철동대입구,2015-04-30,2015,4,2015-04,정기분,수납 완료,268.0,134.0,3638340.0
000266613,동대입구역,경복궁영업사업소,시민용,지하철동대입구,2015-05-31,2015,5,2015-05,정기분,수납 완료,645.0,322.5,2160760.0
000266613,동대입구역,경복궁영업사업소,시민용,지하철동대입구,2015-06-30,2015,6,2015-06,정기분,수납 완료,323.0,161.5,1113900.0
000266613,동대입구역,경복궁영업사업소,시민용,지하철동대입구,2015-07-31,2015,7,2015-07,정기분,수납 완료,1165.0,582.5,2887200.0
000266613,동대입구역,경복궁영업사업소,시민용,지하철동대입구,2015-08-31,2015,8,2015-08,정기분,수납 완료,583.0,291.5,1943500.0
000266613,동대입구역,경복궁영업사업소,시민용,지하철동대입구,2015-09-30,2015,9,2015-09,정기분,수납 완료,2190.0,1095.0,5217900.0
000266613,동대입구역,경복궁영업사업소,시민용,지하철동대입구,2015-10-31,2015,10,2015-10,정기분,수납 완료,1095.0,547.5,3205700.0
000266613,동대입구역,경복궁영업사업소,시민용,지하철동대입구,2015-11-30,2015,11,2015-11,정기분,수납 완료,2052.0,1026.0,3862700.0
000266613,동대입구역,경복궁영업사업소,시민용,지하철동대입구,2015-12-31,2015,12,2015-12,정기분,수납 완료,1026.0,513.0,3139400.0
000266613,동대입구역,경복궁영업사업소,시민용,지하철동대입구,2016-01-31,2016,1,2016-01,정기분,수납 완료,642.0,321.0,2250600.0
000266613,동대입구역,경복궁영업사업소,시민용,지하철동대입구,2016-02-29,2016,2,2016-02,정기분,수납 완료,321.0,160.5,1209000.0
000266613,동대입구역,경복궁영업사업소,시민용,지하철동대입구,2016-03-31,2016,3,2016-03,정기분,수납 완료,333.0,166.5,1948800.0
000266613,동대입구역,경복궁영업사업소,시민용,지하철동대입구,2016-04-30,2016,4,2016-04,정기분,수납 완료,167.0,83.5,1096700.0
000266613,동대입구역,경복궁영업사업소,시민용,지하철동대입구,2016-05-31,2016,5,2016-05,정기분,수납 완료,884.0,442.0,2539740.0
000266613,동대입구역,경복궁영업사업소,시민용,지하철동대입구,2016-06-30,2016,6,2016-06,정기분,수납 완료,442.0,221.0,1395100.0
000266613,동대입구역,경복궁영업사업소,시민용,지하철동대입구,2016-07-31,2016,7,2016-07,정기분,수납 완료,517.0,258.5,2032360.0
000266613,동대입구역,경복궁영업사업소,시민용,지하철동대입구,2016-08-31,2016,8,2016-08,정기분,수납 완료,259.0,129.5,1969620.0
000266613,동대입구역,경복궁영업사업소,시민용,지하철동대입구,2016-09-30,2016,9,2016-09,정기분,수납 완료,834.0,417.0,2818480.0
000266613,동대입구역,경복궁영업사업소,시민용,지하철동대입구,2016-10-31,2016,10,2016-10,정기분,수납 완료,417.0,208.5,1266800.0
000266613,동대입구역,경복궁영업사업소,시민용,지하철동대입구,2016-11-30,2016,11,2016-11,정기분,수납 완료,1265.0,632.5,2556900.0
000266613,동대입구역,경복궁영업사업소,시민용,지하철동대입구,2016-12-31,2016,12,2016-12,정기분,수납 완료,633.0,316.5,2137400.0
000266613,동대입구역,경복궁영업사업소,시민용,지하철동대입구,2017-01-31,2017,1,2017-01,정기분,수납 완료,405.0,202.5,1761000.0
000266613,동대입구역,경복궁영업사업소,시민용,지하철동대입구,2017-02-28,2017,2,2017-02,정기분,수납 완료,203.0,101.5,776450.0
000266613,동대입구역,경복궁영업사업소,시민용,지하철동대입구,2017-03-31,2017,3,2017-03,정기분,수납 완료,341.0,170.5,1258580.0
000266613,동대입구역,경복궁영업사업소,시민용,지하철동대입구,2017-04-30,2017,4,2017-04,정기분,수납 완료,171.0,85.5,891650.0
000266613,동대입구역,경복궁영업사업소,시민용,지하철동대입구,2017-05-31,2017,5,2017-05,정기분,수납 완료,398.0,199.0,1454550.0
000266613,동대입구역,경복궁영업사업소,시민용,지하철동대입구,2017-06-30,2017,6,2017-06,정기분,수납 완료,199.0,99.5,514020.0
000266613,동대입구역,경복궁영업사업소,시민용,지하철동대입구,2017-07-31,2017,7,2017-07,정기분,수납 완료,662.0,331.0,1976650.0
000266613,동대입구역,경복궁영업사업소,시민용,지하철동대입구,2017-08-31,2017,8,2017-08,정기분,수납 완료,331.0,165.5,1988990.0
000266613,동대입구역,경복궁영업사업소,시민용,지하철동대입구,2017-09-30,2017,9,2017-09,정기분,수납 완료,840.0,420.0,2804330.0
000266613,동대입구역,경복궁영업사업소,시민용,지하철동대입구,2017-10-31,2017,10,2017-10,정기분,수납 완료,420.0,210.0,3502490.0
000266613,동대입구역,경복궁영업사업소,시민용,지하철동대입구,2017-11-30,2017,11,2017-11,정기분,수납 완료,1205.0,602.5,1578500.0
000266613,동대입구역,경복궁영업사업소,시민용,지하철동대입구,2017-12-31,2017,12,2017-12,정기분,수납 완료,603.0,301.5,3441290.0
000266613,동대입구역,경복궁영업사업소,시민용,지하철동대입구,2018-01-31,2018,1,2018-01,정기분,수납 완료,542.0,271.0,665280.0
000266613,동대입구역,경복궁영업사업소,시민용,지하철동대입구,2018-02-28,2018,2,2018-02,정기분,수납 완료,271.0,135.5,1857880.0
000266613,동대입구역,경복궁영업사업소,시민용,지하철동대입구,2018-03-31,2018,3,2018-03,정기분,수납 완료,511.0,255.5,1955310.0
000266613,동대입구역,경복궁영업사업소,시민용,지하철동대입구,2018-04-30,2018,4,2018-04,정기분,수납 완료,256.0,128.0,2110980.0
000266613,동대입구역,경복궁영업사업소,시민용,지하철동대입구,2018-05-31,2018,5,2018-05,정기분,수납 완료,645.0,322.5,1903390.0
000266613,동대입구역,경복궁영업사업소,시민용,지하철동대입구,2018-06-30,2018,6,2018-06,정기분,수납 완료,323.0,161.5,1412850.0
000266613,동대입구역,경복궁영업사업소,시민용,지하철동대입구,2018-07-31,2018,7,2018-07,정기분,수납 완료,549.0,274.5,1772110.0
000266613,동대입구역,경복궁영업사업소,시민용,지하철동대입구,2018-08-31,2018,8,2018-08,정기분,수납 완료,275.0,137.5,2587780.0
000266613,동대입구역,경복궁영업사업소,시민용,지하철동대입구,2018-09-30,2018,9,2018-09,정기분,수납 완료,958.0,479.0,3695120.0
000266613,동대입구역,경복궁영업사업소,시민용,지하철동대입구,2018-10-31,2018,10,2018-10,정기분,수납 완료,479.0,239.5,2508210.0
000266613,동대입구역,경복궁영업사업소,시민용,지하철동대입구,2018-11-30,2018,11,2018-11,정기분,수납 완료,940.0,470.0,2208870.0
000266613,동대입구역,경복궁영업사업소,시민용,지하철동대입구,2018-12-31,2018,12,2018-12,정기분,수납 완료,470.0,235.0,2786760.0
000266613,동대입구역,경복궁영업사업소,시민용,지하철동대입구,2019-01-31,2019,1,2019-01,정기분,수납 완료,894.0,447.0,3251380.0
000266613,동대입구역,경복궁영업사업소,시민용,지하철동대입구,2019-02-28,2019,2,2019-02,정기분,수납 완료,447.0,223.5,1914340.0
000266613,동대입구역,경복궁영업사업소,시민용,지하철동대입구,2019-03-31,2019,3,2019-03,정기분,수납 완료,1041.0,520.5,2254930.0
000266613,동대입구역,경복궁영업사업소,시민용,지하철동대입구,2019-04-30,2019,4,2019-04,정기분,수납 완료,521.0,260.5,2050930.0
000266613,동대입구역,경복궁영업사업소,시민용,지하철동대입구,2019-05-31,2019,5,2019-05,정기분,수납 완료,828.0,414.0,956310.0
000266613,동대입구역,경복궁영업사업소,시민용,지하철동대입구,2019-06-30,2019,6,2019-06,정기분,수납 완료,414.0,207.0,1087620.0
000266613,동대입구역,경복궁영업사업소,시민용,지하철동대입구,2019-07-31,2019,7,2019-07,정기분,수납 완료,1098.0,549.0,1870720.0
000266613,동대입구역,경복궁영업사업소,시민용,지하철동대입구,2019-08-31,2019,8,2019-08,정기분,수납 완료,549.0,274.5,1742170.0
000266613,동대입구역,경복궁영업사업소,시민용,지하철동대입구,2019-09-30,2019,9,2019-09,정기분,수납 완료,1560.0,780.0,3417830.0
000266613,동대입구역,경복궁영업사업소,시민용,지하철동대입구,2019-10-31,2019,10,2019-10,정기분,수납 완료,780.0,390.0,1855200.0
000266613,동대입구역,경복궁영업사업소,시민용,지하철동대입구,2019-11-30,2019,11,2019-11,정기분,수납 완료,2066.0,1033.0,5281780.0
000266613,동대입구역,경복궁영업사업소,시민용,지하철동대입구,2019-12-31,2019,12,2019-12,정기분,수납 완료,1033.0,516.5,3163090.0
000266613,동대입구역,경복궁영업사업소,시민용,지하철동대입구,2020-01-31,2020,1,2020-01,정기분,수납 완료,1367.0,683.5,2113220.0
000266613,동대입구역,경복궁영업사업소,시민용,지하철동대입구,2020-02-29,2020,2,2020-02,정기분,수납 완료,684.0,342.0,2987520.0
000266613,동대입구역,경복궁영업사업소,시민용,지하철동대입구,2020-03-31,2020,3,2020-03,정기분,수납 완료,877.0,438.5,1737090.0
000266613,동대입구역,경복궁영업사업소,시민용,지하철동대입구,2020-04-30,2020,4,2020-04,정기분,수납 완료,439.0,219.5,2221470.0
000266613,동대입구역,경복궁영업사업소,시민용,지하철동대입구,2020-05-31,2020,5,2020-05,정기분,수납 완료,992.0,496.0,1757090.0
000266613,동대입구역,경복궁영업사업소,시민용,지하철동대입구,2020-06-30,2020,6,2020-06,정기분,수납 완료,496.0,248.0,1791080.0
000266613,동대입구역,경복궁영업사업소,시민용,지하철동대입구,2020-07-31,2020,7,2020-07,정기분,수납 완료,1190.0,595.0,2217220.0
000266613,동대입구역,경복궁영업사업소,시민용,지하철동대입구,2020-08-31,2020,8,2020-08,정기분,수납 완료,595.0,297.5,2704150.0
000266613,동대입구역,경복궁영업사업소,시민용,지하철동대입구,2020-09-30,2020,9,2020-09,정기분,수납 완료,1761.0,880.5,6383380.0
000266613,동대입구역,경복궁영업사업소,시민용,지하철동대입구,2020-10-31,2020,10,2020-10,정기분,수납 완료,881.0,440.5,3973730.0
000266613,동대입구역,경복궁영업사업소,시민용,지하철동대입구,2020-11-30,2020,11,2020-11,정기분,수납 완료,1045.0,522.5,1184720.0
000266613,동대입구역,경복궁영업사업소,시민용,지하철동대입구,2020-12-31,2020,12,2020-12,정기분,수납 완료,523.0,261.5,1906790.0
000266613,동대입구역,경복궁영업사업소,시민용,지하철동대입구,2021-01-31,2021,1,2021-01,정기분,수납 완료,969.0,484.5,2059780.0
000266613,동대입구역,경복궁영업사업소,시민용,지하철동대입구,2021-02-28,2021,2,2021-02,정기분,수납 완료,485.0,242.5,1812250.0
000266613,동대입구역,경복궁영업사업소,시민용,지하철동대입구,2021-03-31,2021,3,2021-03,정기분,수납 완료,732.0,366.0,1444510.0
000266613,동대입구역,경복궁영업사업소,시민용,지하철동대입구,2021-04-30,2021,4,2021-04,정기분,수납 완료,366.0,183.0,1270980.0
000266613,동대입구역,경복궁영업사업소,시민용,지하철동대입구,2021-05-31,2021,5,2021-05,정기분,수납 완료,856.0,428.0,1517100.0
000266613,동대입구역,경복궁영업사업소,시민용,지하철동대입구,2021-06-30,2021,6,2021-06,정기분,수납 완료,428.0,214.0,2037040.0
000266613,동대입구역,경복궁영업사업소,시민용,지하철동대입구,2021-07-31,2021,7,2021-07,정기분,수납 완료,1077.0,538.5,1979570.0
000266613,동대입구역,경복궁영업사업소,시민용,지하철동대입구,2021-08-31,2021,8,2021-08,정기분,수납 완료,539.0,269.5,1978860.0
000266613,동대입구역,경복궁영업사업소,시민용,지하철동대입구,2021-09-30,2021,9,2021-09,정기분,수납 완료,1574.0,787.0,2976440.0
000266613,동대입구역,경복궁영업사업소,시민용,지하철동대입구,2021-10-31,2021,10,2021-10,정기분,수납 완료,787.0,393.5,2884380.0
000266613,동대입구역,경복궁영업사업소,시민용,지하철동대입구,2021-11-30,2021,11,2021-11,정기분,수납 완료,1607.0,803.5,2648200.0
000266613,동대입구역,경복궁영업사업소,시민용,지하철동대입구,2021-12-31,2021,12,2021-12,정기분,수납 완료,804.0,402.0,2575960.0
000266613,동대입구역,경복궁영업사업소,시민용,지하철동대입구,2022-01-31,2022,1,2022-01,정기분,수납 완료,950.0,475.0,1381040.0
000266613,동대입구역,경복궁영업사업소,시민용,지하철동대입구,2022-02-28,2022,2,2022-02,정기분,수납 완료,475.0,237.5,2186320.0
000266613,동대입구역,경복궁영업사업소,시민용,지하철동대입구,2022-03-31,2022,3,2022-03,정기분,수납 완료,736.0,368.0,1423640.0
000266613,동대입구역,경복궁영업사업소,시민용,지하철동대입구,2022-04-30,2022,4,2022-04,정기분,수납 완료,368.0,184.0,1815470.0
000266613,동대입구역,경복궁영업사업소,시민용,지하철동대입구,2022-05-31,2022,5,2022-05,정기분,수납 완료,835.0,417.5,1238920.0
000266613,동대입구역,경복궁영업사업소,시민용,지하철동대입구,2022-06-30,2022,6,2022-06,정기분,수납 완료,338.0,169.0,3737690.0
000266613,동대입구역,경복궁영업사업소,시민용,지하철동대입구,2022-07-31,2022,7,2022-07,정기분,수납 완료,1330.0,665.0,2583800.0
000266613,동대입구역,경복궁영업사업소,시민용,지하철동대입구,2022-08-31,2022,8,2022-08,정기분,수납 완료,665.0,332.5,1717250.0
000266613,동대입구역,경복궁영업사업소,시민용,지하철동대입구,2022-09-30,2022,9,2022-09,정기분,수납 완료,1448.0,724.0,3521150.0
000266613,동대입구역,경복궁영업사업소,시민용,지하철동대입구,2022-10-31,2022,10,2022-10,정기분,수납 완료,724.0,362.0,4006000.0
000266613,동대입구역,경복궁영업사업소,시민용,지하철동대입구,2022-11-30,2022,11,2022-11,정기분,수납 완료,1541.0,770.5,3194050.0
000266613,동대입구역,경복궁영업사업소,시민용,지하철동대입구,2022-12-31,2022,12,2022-12,정기분,수납 완료,771.0,385.5,2599350.0
000266613,동대입구역,경복궁영업사업소,시민용,지하철동대입구,2023-01-31,2023,1,2023-01,정기분,수납 완료,1244.0,622.0,1651650.0
000266613,동대입구역,경복궁영업사업소,시민용,지하철동대입구,2023-02-28,2023,2,2023-02,정기분,수납 완료,622.0,311.0,3682830.0
000266613,동대입구역,경복궁영업사업소,시민용,지하철동대입구,2023-03-31,2023,3,2023-03,정기분,수납 완료,942.0,471.0,2597310.0
000266613,동대입구역,경복궁영업사업소,시민용,지하철동대입구,2023-04-30,2023,4,2023-04,정기분,수납 완료,471.0,235.5,3021960.0
000266613,동대입구역,경복궁영업사업소,시민용,지하철동대입구,2023-05-31,2023,5,2023-05,정기분,수납 완료,1166.0,583.0,5348200.0
000266613,동대입구역,경복궁영업사업소,시민용,지하철동대입구,2023-06-30,2023,6,2023-06,정기분,수납 완료,583.0,291.5,2777480.0
000266613,동대입구역,경복궁영업사업소,시민용,지하철동대입구,2023-07-31,2023,7,2023-07,정기분,수납 완료,1583.0,791.5,4163000.0
000266613,동대입구역,경복궁영업사업소,시민용,지하철동대입구,2023-08-31,2023,8,2023-08,정기분,수납 완료,792.0,396.0,6326520.0
000266613,동대입구역,경복궁영업사업소,시민용,지하철동대입구,2023-09-30,2023,9,2023-09,정기분,수납 완료,1490.0,745.0,3072680.0
000266613,동대입구역,경복궁영업사업소,시민용,지하철동대입구,2023-10-31,2023,10,2023-10,정기분,수납 완료,745.0,372.5,2470200.0
000266613,동대입구역,경복궁영업사업소,시민용,지하철동대입구,2023-11-30,2023,11,2023-11,정기분,수납 완료,1651.0,825.5,3522760.0
000266613,동대입구역,경복궁영업사업소,시민용,지하철동대입구,2023-12-31,2023,12,2023-12,정기분,수납 완료,826.0,413.0,3006360.0
000266613,동대입구역,경복궁영업사업소,시민용,지하철동대입구,2024-01-31,2024,1,2024-01,정기분,수납 완료,1676.0,838.0,3113400.0
000266613,동대입구역,경복궁영업사업소,시민용,지하철동대입구,2024-02-29,2024,2,2024-02,정기분,수납 완료,838.0,419.0,3358280.0
000266613,동대입구역,경복궁영업사업소,시민용,지하철동대입구,2024-03-31,2024,3,2024-03,정기분,수납 완료,684.0,342.0,266800.0
000266613,동대입구역,경복궁영업사업소,시민용,지하철동대입구,2024-04-30,2024,4,2024-04,정기분,수납 완료,342.0,171.0,824080.0
000266613,동대입구역,경복궁영업사업소,시민용,지하철동대입구,2024-05-31,2024,5,2024-05,정기분,수납 완료,1264.0,632.0,3258120.0
000266613,동대입구역,경복궁영업사업소,시민용,지하철동대입구,2024-06-30,2024,6,2024-06,정기분,수납 완료,632.0,316.0,2495320.0
000266613,동대입구역,경복궁영업사업소,시민용,지하철동대입구,2024-07-31,2024,7,2024-07,정기분,수납 완료,1568.0,784.0,3556360.0
000266613,동대입구역,경복궁영업사업소,시민용,지하철동대입구,2024-08-31,2024,8,2024-08,정기분,수납 완료,784.0,392.0,3979240.0
000266613,동대입구역,경복궁영업사업소,시민용,지하철동대입구,2024-09-30,2024,9,2024-09,정기분,수납 완료,1746.0,873.0,4490120.0
000266613,동대입구역,경복궁영업사업소,시민용,지하철동대입구,2024-10-31,2024,10,2024-10,정기분,수납 완료,873.0,436.5,3824680.0
000266613,동대입구역,경복궁영업사업소,시민용,지하철동대입구,2024-11-30,2024,11,2024-11,정기분,수납 완료,1856.0,928.0,3686680.0
000266613,동대입구역,경복궁영업사업소,시민용,지하철동대입구,2024-12-31,2024,12,2024-12,정기분,수납 완료,928.0,464.0,3053080.0
000266613,동대입구역,경복궁영업사업소,시민용,지하철동대입구,2025-01-31,2025,1,2025-01,정기분,수납 완료,1308.0,654.0,1211800.0
000266613,동대입구역,경복궁영업사업소,시민용,지하철동대입구,2025-02-28,2025,2,2025-02,정기분,수납 완료,654.0,327.0,2132440.0
000266613,동대입구역,경복궁영업사업소,시민용,지하철동대입구,2025-03-31,2025,3,2025-03,정기분,수납 완료,968.0,484.0,2278040.0
000266613,동대입구역,경복궁영업사업소,시민용,지하철동대입구,2025-04-30,2025,4,2025-04,정기분,수납 완료,484.0,242.0,1561240.0
000266613,동대입구역,경복궁영업사업소,시민용,지하철동대입구,2025-05-31,2025,5,2025-05,정기분,수납 완료,1147.0,573.5,2162680.0
000266613,동대입구역,경복궁영업사업소,시민용,지하철동대입구,2025-06-30,2025,6,2025-06,정기분,수납 완료,574.0,287.0,1863640.0
000266613,동대입구역,경복궁영업사업소,시민용,지하철동대입구,2025-07-31,2025,7,2025-07,정기분,수납 완료,1642.0,821.0,3613080.0
000266613,동대입구역,경복궁영업사업소,시민용,지하철동대입구,2025-08-31,2025,8,2025-08,정기분,수납 완료,821.0,410.5,3919160.0
000266613,동대입구역,경복궁영업사업소,시민용,지하철동대입구,2025-09-30,2025,9,2025-09,정기분,수납 완료,1685.0,842.5,4062840.0
000266613,동대입구역,경복궁영업사업소,시민용,지하철동대입구,2025-10-31,2025,10,2025-10,정기분,수납 완료,843.0,421.5,5186280.0
000266613,동대입구역,경복궁영업사업소,시민용,지하철동대입구,2025-11-30,2025,11,2025-11,정기분,수납 완료,1655.0,827.5,6032520.0
000266613,동대입구역,경복궁영업사업소,시민용,지하철동대입구,2025-12-31,2025,12,2025-12,정기분,수납 완료,828.0,414.0,3716680.0
000266613,동대입구역,경복궁영업사업소,시민용,지하철동대입구,2026-01-31,2026,1,2026-01,정기분,수납 완료,1286.0,643.0,2561480.0
000266613,동대입구역,경복궁영업사업소,시민용,지하철동대입구,2026-02-28,2026,2,2026-02,정기분,수납 완료,643.0,321.5,3741660.0
000266613,동대입구역,경복궁영업사업소,시민용,지하철동대입구,2026-03-31,2026,3,2026-03,정기분,수납 완료,951.0,475.5,2520690.0
000266613,동대입구역,경복궁영업사업소,시민용,지하철동대입구,2026-04-30,2026,4,2026-04,정기분,수납 완료,476.0,238.0,2748180.0
000266613,동대입구역,경복궁영업사업소,시민용,지하철동대입구,2026-05-31,2026,5,2026-05,정기분,미납,1186.0,593.0,3563580.0
035270286,동묘앞(역),종로영업사업소,시민용,동묘역(1호선),2008-07-31,2008,7,2008-07,정기분,수납 완료,1494.0,747.0,3163040.0
035270286,동묘앞(역),종로영업사업소,시민용,동묘역(1호선),2008-09-30,2008,9,2008-09,정기분,수납 완료,2297.0,1148.5,4078240.0
035270286,동묘앞(역),종로영업사업소,시민용,동묘역(1호선),2008-11-30,2008,11,2008-11,정기분,수납 완료,1996.0,998.0,3603360.0
035270286,동묘앞(역),종로영업사업소,시민용,동묘역(1호선),2009-01-31,2009,1,2009-01,정기분,수납 완료,1648.0,824.0,3192480.0
035270286,동묘앞(역),종로영업사업소,시민용,동묘역(1호선),2009-03-31,2009,3,2009-03,정기분,수납 완료,1510.0,755.0,2892960.0
035270286,동묘앞(역),종로영업사업소,시민용,동묘역(1호선),2009-05-31,2009,5,2009-05,정기분,수납 완료,1486.0,743.0,2951840.0
035270286,동묘앞(역),종로영업사업소,시민용,동묘역(1호선),2009-07-31,2009,7,2009-07,정기분,수납 완료,1557.0,778.5,3183520.0
035270286,동묘앞(역),종로영업사업소,시민용,동묘역(1호선),2009-09-30,2009,9,2009-09,정기분,수납 완료,2089.0,1044.5,3788960.0
035270286,동묘앞(역),종로영업사업소,시민용,동묘역(1호선),2009-11-30,2009,11,2009-11,정기분,수납 완료,2254.0,1127.0,4032890.0
035270286,동묘앞(역),종로영업사업소,시민용,동묘역(1호선),2010-01-31,2010,1,2010-01,정기분,수납 완료,1305.0,652.5,2768580.0
035270286,동묘앞(역),종로영업사업소,시민용,동묘역(1호선),2010-03-31,2010,3,2010-03,정기분,수납 완료,1510.0,755.0,2873920.0
035270286,동묘앞(역),종로영업사업소,시민용,동묘역(1호선),2010-05-31,2010,5,2010-05,정기분,수납 완료,2200.0,1100.0,3846720.0
035270286,동묘앞(역),종로영업사업소,시민용,동묘역(1호선),2010-07-31,2010,7,2010-07,정기분,수납 완료,1678.0,839.0,2874900.0
035270286,동묘앞(역),종로영업사업소,시민용,동묘역(1호선),2010-09-30,2010,9,2010-09,정기분,수납 완료,2433.0,1216.5,4228320.0
035270286,동묘앞(역),종로영업사업소,시민용,동묘역(1호선),2010-11-30,2010,11,2010-11,정기분,수납 완료,1778.0,889.0,3596180.0
035270286,동묘앞(역),종로영업사업소,시민용,동묘역(1호선),2011-01-31,2011,1,2011-01,정기분,수납 완료,1506.0,753.0,3025300.0
035270286,동묘앞(역),종로영업사업소,시민용,동묘역(1호선),2011-03-31,2011,3,2011-03,정기분,수납 완료,1353.0,676.5,2845480.0
035270286,동묘앞(역),종로영업사업소,시민용,동묘역(1호선),2011-05-31,2011,5,2011-05,정기분,수납 완료,1289.0,644.5,3043610.0
035270286,동묘앞(역),종로영업사업소,시민용,동묘역(1호선),2011-07-31,2011,7,2011-07,정기분,수납 완료,1519.0,759.5,3181640.0
035270286,동묘앞(역),종로영업사업소,시민용,동묘역(1호선),2011-09-30,2011,9,2011-09,정기분,수납 완료,2790.0,1395.0,4680620.0
035270286,동묘앞(역),종로영업사업소,시민용,동묘역(1호선),2011-11-30,2011,11,2011-11,정기분,수납 완료,1043.0,521.5,2510840.0
035270286,동묘앞(역),종로영업사업소,시민용,동묘역(1호선),2012-01-31,2012,1,2012-01,정기분,수납 완료,1377.0,688.5,2868170.0
035270286,동묘앞(역),종로영업사업소,시민용,동묘역(1호선),2012-03-31,2012,3,2012-03,정기분,수납 완료,1325.0,662.5,3280730.0
035270286,동묘앞(역),종로영업사업소,시민용,동묘역(1호선),2012-05-31,2012,5,2012-05,정기분,수납 완료,1206.0,603.0,3288400.0
035270286,동묘앞(역),종로영업사업소,시민용,동묘역(1호선),2012-07-31,2012,7,2012-07,정기분,수납 완료,1480.0,740.0,3998520.0
035270286,동묘앞(역),종로영업사업소,시민용,동묘역(1호선),2012-09-30,2012,9,2012-09,정기분,수납 완료,1807.0,903.5,4208120.0
035270286,동묘앞(역),종로영업사업소,시민용,동묘역(1호선),2012-11-30,2012,11,2012-11,정기분,수납 완료,1762.0,881.0,4331120.0
035270286,동묘앞(역),종로영업사업소,시민용,동묘역(1호선),2013-01-31,2013,1,2013-01,정기분,수납 완료,1513.0,756.5,3765320.0
035270286,동묘앞(역),종로영업사업소,시민용,동묘역(1호선),2013-03-31,2013,3,2013-03,정기분,수납 완료,1515.0,757.5,4144140.0
035270286,동묘앞(역),종로영업사업소,시민용,동묘역(1호선),2013-05-31,2013,5,2013-05,정기분,수납 완료,1507.0,753.5,4198920.0
035270286,동묘앞(역),종로영업사업소,시민용,동묘역(1호선),2013-07-31,2013,7,2013-07,정기분,수납 완료,1484.0,742.0,4267000.0
035270286,동묘앞(역),종로영업사업소,시민용,동묘역(1호선),2013-09-30,2013,9,2013-09,정기분,수납 완료,1859.0,929.5,4776680.0
035270286,동묘앞(역),종로영업사업소,시민용,동묘역(1호선),2013-11-30,2013,11,2013-11,정기분,수납 완료,1650.0,825.0,4620280.0
035270286,동묘앞(역),종로영업사업소,시민용,동묘역(1호선),2014-01-31,2014,1,2014-01,정기분,수납 완료,1453.0,726.5,3967080.0
035270286,동묘앞(역),종로영업사업소,시민용,동묘역(1호선),2014-03-31,2014,3,2014-03,정기분,수납 완료,1199.0,599.5,3619000.0
035270286,동묘앞(역),종로영업사업소,시민용,동묘역(1호선),2014-05-31,2014,5,2014-05,정기분,수납 완료,1474.0,737.0,4439000.0
035270286,동묘앞(역),종로영업사업소,시민용,동묘역(1호선),2014-07-31,2014,7,2014-07,정기분,수납 완료,1483.0,741.5,4577000.0
035270286,동묘앞(역),종로영업사업소,시민용,동묘역(1호선),2014-09-30,2014,9,2014-09,정기분,수납 완료,2042.0,1021.0,5531000.0
035270286,동묘앞(역),종로영업사업소,시민용,동묘역(1호선),2014-11-30,2014,11,2014-11,정기분,수납 완료,1775.0,887.5,5299000.0
035270286,동묘앞(역),종로영업사업소,시민용,동묘역(1호선),2015-01-31,2015,1,2015-01,정기분,수납 완료,1881.0,940.5,5351000.0
035270286,동묘앞(역),종로영업사업소,시민용,동묘역(1호선),2015-03-31,2015,3,2015-03,정기분,수납 완료,1542.0,771.0,4433000.0
035270286,동묘앞(역),종로영업사업소,시민용,동묘역(1호선),2015-05-31,2015,5,2015-05,정기분,수납 완료,1538.0,769.0,4489000.0
035270286,동묘앞(역),종로영업사업소,시민용,동묘역(1호선),2015-07-31,2015,7,2015-07,정기분,수납 완료,1500.0,750.0,4447000.0
035270286,동묘앞(역),종로영업사업소,시민용,동묘역(1호선),2015-09-30,2015,9,2015-09,정기분,수납 완료,2117.0,1058.5,5927000.0
035270286,동묘앞(역),종로영업사업소,시민용,동묘역(1호선),2015-11-30,2015,11,2015-11,정기분,수납 완료,1324.0,662.0,4705000.0
035270286,동묘앞(역),종로영업사업소,시민용,동묘역(1호선),2016-01-31,2016,1,2016-01,정기분,수납 완료,1292.0,646.0,4417000.0
035270286,동묘앞(역),종로영업사업소,시민용,동묘역(1호선),2016-03-31,2016,3,2016-03,정기분,수납 완료,1179.0,589.5,3835700.0
035270286,동묘앞(역),종로영업사업소,시민용,동묘역(1호선),2016-05-31,2016,5,2016-05,정기분,수납 완료,1273.0,636.5,4471100.0
035270286,동묘앞(역),종로영업사업소,시민용,동묘역(1호선),2016-07-31,2016,7,2016-07,정기분,수납 완료,1387.0,693.5,4807600.0
035270286,동묘앞(역),종로영업사업소,시민용,동묘역(1호선),2016-09-30,2016,9,2016-09,정기분,수납 완료,2092.0,1046.0,5597600.0
035270286,동묘앞(역),종로영업사업소,시민용,동묘역(1호선),2016-11-30,2016,11,2016-11,정기분,수납 완료,1668.0,834.0,5393600.0
035270286,동묘앞(역),종로영업사업소,시민용,동묘역(1호선),2017-01-31,2017,1,2017-01,정기분,수납 완료,1402.0,701.0,4891600.0
035270286,동묘앞(역),종로영업사업소,시민용,동묘역(1호선),2017-03-31,2017,3,2017-03,정기분,수납 완료,1402.0,701.0,4738820.0
035270286,동묘앞(역),종로영업사업소,시민용,동묘역(1호선),2017-05-31,2017,5,2017-05,정기분,수납 완료,1349.0,674.5,4885740.0
035270286,동묘앞(역),종로영업사업소,시민용,동묘역(1호선),2017-07-31,2017,7,2017-07,정기분,수납 완료,1385.0,692.5,5308440.0
035270286,동묘앞(역),종로영업사업소,시민용,동묘역(1호선),2017-09-30,2017,9,2017-09,정기분,수납 완료,2413.0,1206.5,7076640.0
035270286,동묘앞(역),종로영업사업소,시민용,동묘역(1호선),2017-11-30,2017,11,2017-11,정기분,수납 완료,1843.0,921.5,6303840.0
035270286,동묘앞(역),종로영업사업소,시민용,동묘역(1호선),2018-01-31,2018,1,2018-01,정기분,수납 완료,1284.0,642.0,4798140.0
035270286,동묘앞(역),종로영업사업소,시민용,동묘역(1호선),2018-03-31,2018,3,2018-03,정기분,수납 완료,1279.0,639.5,4949610.0
035270286,동묘앞(역),종로영업사업소,시민용,동묘역(1호선),2018-05-31,2018,5,2018-05,정기분,수납 완료,1067.0,533.5,4247820.0
035270286,동묘앞(역),종로영업사업소,시민용,동묘역(1호선),2018-07-31,2018,7,2018-07,정기분,수납 완료,1881.0,940.5,7078830.0
035270286,동묘앞(역),종로영업사업소,시민용,동묘역(1호선),2018-09-30,2018,9,2018-09,정기분,수납 완료,2664.0,1332.0,8272230.0
035270286,동묘앞(역),종로영업사업소,시민용,동묘역(1호선),2018-11-30,2018,11,2018-11,정기분,수납 완료,1934.0,967.0,7069990.0
035270286,동묘앞(역),종로영업사업소,시민용,동묘역(1호선),2019-01-31,2019,1,2019-01,정기분,수납 완료,1332.0,666.0,5487630.0
035270286,동묘앞(역),종로영업사업소,시민용,동묘역(1호선),2019-03-31,2019,3,2019-03,정기분,수납 완료,1332.0,666.0,5730590.0
035270286,동묘앞(역),종로영업사업소,시민용,동묘역(1호선),2019-05-31,2019,5,2019-05,정기분,수납 완료,1327.0,663.5,6795310.0
035270286,동묘앞(역),종로영업사업소,시민용,동묘역(1호선),2019-07-31,2019,7,2019-07,정기분,수납 완료,1651.0,825.5,7415090.0
035270286,동묘앞(역),종로영업사업소,시민용,동묘역(1호선),2019-09-30,2019,9,2019-09,정기분,수납 완료,2501.0,1250.5,8698920.0
035270286,동묘앞(역),종로영업사업소,시민용,동묘역(1호선),2019-11-30,2019,11,2019-11,정기분,수납 완료,2031.0,1015.5,7981280.0
035270286,동묘앞(역),종로영업사업소,시민용,동묘역(1호선),2020-01-31,2020,1,2020-01,정기분,수납 완료,1661.0,830.5,6911810.0
035270286,동묘앞(역),종로영업사업소,시민용,동묘역(1호선),2020-03-31,2020,3,2020-03,정기분,수납 완료,1277.0,638.5,5660600.0
035270286,동묘앞(역),종로영업사업소,시민용,동묘역(1호선),2020-05-31,2020,5,2020-05,정기분,수납 완료,1058.0,529.0,4803160.0
035270286,동묘앞(역),종로영업사업소,시민용,동묘역(1호선),2020-07-31,2020,7,2020-07,정기분,수납 완료,1481.0,740.5,6350280.0
035270286,동묘앞(역),종로영업사업소,시민용,동묘역(1호선),2020-09-30,2020,9,2020-09,정기분,수납 완료,2095.0,1047.5,7091220.0
035270286,동묘앞(역),종로영업사업소,시민용,동묘역(1호선),2020-11-30,2020,11,2020-11,정기분,수납 완료,1668.0,834.0,6135920.0
035270286,동묘앞(역),종로영업사업소,시민용,동묘역(1호선),2021-01-31,2021,1,2021-01,정기분,수납 완료,1222.0,611.0,5031500.0
035270286,동묘앞(역),종로영업사업소,시민용,동묘역(1호선),2021-03-31,2021,3,2021-03,정기분,수납 완료,1321.0,660.5,5157700.0
035270286,동묘앞(역),종로영업사업소,시민용,동묘역(1호선),2021-05-31,2021,5,2021-05,정기분,수납 완료,1137.0,568.5,5188930.0
035270286,동묘앞(역),종로영업사업소,시민용,동묘역(1호선),2021-07-31,2021,7,2021-07,정기분,수납 완료,1344.0,672.0,5518470.0
035270286,동묘앞(역),종로영업사업소,시민용,동묘역(1호선),2021-09-30,2021,9,2021-09,정기분,수납 완료,2489.0,1244.5,8067830.0
035270286,동묘앞(역),종로영업사업소,시민용,동묘역(1호선),2021-11-30,2021,11,2021-11,정기분,수납 완료,1748.0,874.0,6820440.0
035270286,동묘앞(역),종로영업사업소,시민용,동묘역(1호선),2022-01-31,2022,1,2022-01,정기분,수납 완료,1285.0,642.5,5385500.0
035270286,동묘앞(역),종로영업사업소,시민용,동묘역(1호선),2022-03-31,2022,3,2022-03,정기분,수납 완료,1131.0,565.5,4979450.0
035270286,동묘앞(역),종로영업사업소,시민용,동묘역(1호선),2022-05-31,2022,5,2022-05,정기분,수납 완료,1287.0,643.5,5622600.0
035270286,동묘앞(역),종로영업사업소,시민용,동묘역(1호선),2022-07-31,2022,7,2022-07,정기분,수납 완료,1446.0,723.0,6479200.0
035270286,동묘앞(역),종로영업사업소,시민용,동묘역(1호선),2022-09-30,2022,9,2022-09,정기분,수납 완료,2451.0,1225.5,8637700.0
035270286,동묘앞(역),종로영업사업소,시민용,동묘역(1호선),2022-11-30,2022,11,2022-11,정기분,수납 완료,1678.0,839.0,6828150.0
035270286,동묘앞(역),종로영업사업소,시민용,동묘역(1호선),2023-01-31,2023,1,2023-01,정기분,수납 완료,1542.0,771.0,6486100.0
035270286,동묘앞(역),종로영업사업소,시민용,동묘역(1호선),2023-03-31,2023,3,2023-03,정기분,수납 완료,1207.0,603.5,6335800.0
035270286,동묘앞(역),종로영업사업소,시민용,동묘역(1호선),2023-05-31,2023,5,2023-05,정기분,수납 완료,1505.0,752.5,8017390.0
035270286,동묘앞(역),종로영업사업소,시민용,동묘역(1호선),2023-07-31,2023,7,2023-07,정기분,수납 완료,1383.0,691.5,7634120.0
035270286,동묘앞(역),종로영업사업소,시민용,동묘역(1호선),2023-09-30,2023,9,2023-09,정기분,수납 완료,2370.0,1185.0,10615700.0
035270286,동묘앞(역),종로영업사업소,시민용,동묘역(1호선),2023-11-30,2023,11,2023-11,정기분,수납 완료,2109.0,1054.5,9979820.0
035270286,동묘앞(역),종로영업사업소,시민용,동묘역(1호선),2024-01-31,2024,1,2024-01,정기분,수납 완료,1422.0,711.0,7460560.0
035270286,동묘앞(역),종로영업사업소,시민용,동묘역(1호선),2024-03-31,2024,3,2024-03,정기분,수납 완료,1521.0,760.5,8039430.0
035270286,동묘앞(역),종로영업사업소,시민용,동묘역(1호선),2024-05-31,2024,5,2024-05,정기분,수납 완료,1656.0,828.0,9020170.0
035270286,동묘앞(역),종로영업사업소,시민용,동묘역(1호선),2024-07-31,2024,7,2024-07,정기분,수납 완료,1602.0,801.0,9020370.0
035270286,동묘앞(역),종로영업사업소,시민용,동묘역(1호선),2024-09-30,2024,9,2024-09,정기분,수납 완료,2220.0,1110.0,10637640.0
035270286,동묘앞(역),종로영업사업소,시민용,동묘역(1호선),2024-11-30,2024,11,2024-11,정기분,수납 완료,2112.0,1056.0,10228180.0
035270286,동묘앞(역),종로영업사업소,시민용,동묘역(1호선),2025-01-31,2025,1,2025-01,정기분,수납 완료,1867.0,933.5,9507090.0
035270286,동묘앞(역),종로영업사업소,시민용,동묘역(1호선),2025-03-31,2025,3,2025-03,정기분,수납 완료,1344.0,672.0,7152920.0
035270286,동묘앞(역),종로영업사업소,시민용,동묘역(1호선),2025-05-31,2025,5,2025-05,정기분,수납 완료,1479.0,739.5,7813060.0
035270286,동묘앞(역),종로영업사업소,시민용,동묘역(1호선),2025-07-31,2025,7,2025-07,정기분,수납 완료,1651.0,825.5,8770780.0
035270286,동묘앞(역),종로영업사업소,시민용,동묘역(1호선),2025-09-30,2025,9,2025-09,정기분,수납 완료,2620.0,1310.0,11525960.0
035270286,동묘앞(역),종로영업사업소,시민용,동묘역(1호선),2025-11-30,2025,11,2025-11,정기분,수납 완료,2400.0,1200.0,11092210.0
035270286,동묘앞(역),종로영업사업소,시민용,동묘역(1호선),2026-01-31,2026,1,2026-01,정기분,수납 완료,1455.0,727.5,8179330.0
035270286,동묘앞(역),종로영업사업소,시민용,동묘역(1호선),2026-03-31,2026,3,2026-03,정기분,수납 완료,1583.0,791.5,9216720.0
035270286,동묘앞(역),종로영업사업소,시민용,동묘역(1호선),2026-05-31,2026,5,2026-05,정기분,미납,1773.0,886.5,10487160.0
026547747,마포역,광화문영업사업소,시민용,마포역,2011-02-28,2011,2,2011-02,정기분,수납 완료,196.0,98.0,241620.0
026547747,마포역,광화문영업사업소,시민용,마포역,2011-04-30,2011,4,2011-04,정기분,수납 완료,999.0,499.5,892750.0
026547747,마포역,광화문영업사업소,시민용,마포역,2011-06-30,2011,6,2011-06,정기분,수납 완료,999.0,499.5,892750.0
026547747,마포역,광화문영업사업소,시민용,마포역,2011-08-31,2011,8,2011-08,정기분,수납 완료,945.0,472.5,846850.0
026547747,마포역,광화문영업사업소,시민용,마포역,2011-10-31,2011,10,2011-10,정기분,수납 완료,1666.0,833.0,1459700.0
026547747,마포역,광화문영업사업소,시민용,마포역,2011-12-31,2011,12,2011-12,정기분,수납 완료,1491.0,745.5,1310950.0
026547747,마포역,광화문영업사업소,시민용,마포역,2012-02-29,2012,2,2012-02,정기분,수납 완료,1276.0,638.0,1128200.0
026547747,마포역,광화문영업사업소,시민용,마포역,2012-04-30,2012,4,2012-04,정기분,수납 완료,1381.0,690.5,1409600.0
026547747,마포역,광화문영업사업소,시민용,마포역,2012-06-30,2012,6,2012-06,정기분,수납 완료,1347.0,673.5,1375600.0
026547747,마포역,광화문영업사업소,시민용,마포역,2012-08-31,2012,8,2012-08,정기분,수납 완료,1338.0,669.0,1366600.0
026547747,마포역,광화문영업사업소,시민용,마포역,2012-10-31,2012,10,2012-10,정기분,수납 완료,1271.0,635.5,1299600.0
026547747,마포역,광화문영업사업소,시민용,마포역,2012-12-31,2012,12,2012-12,정기분,수납 완료,1230.0,615.0,8177360.0
026547747,마포역,광화문영업사업소,시민용,마포역,2013-02-28,2013,2,2013-02,정기분,수납 완료,1239.0,619.5,1993560.0
026547747,마포역,광화문영업사업소,시민용,마포역,2013-04-30,2013,4,2013-04,정기분,수납 완료,1247.0,623.5,2230080.0
026547747,마포역,광화문영업사업소,시민용,마포역,2013-06-30,2013,6,2013-06,정기분,수납 완료,1437.0,718.5,2599090.0
026547747,마포역,광화문영업사업소,시민용,마포역,2013-08-31,2013,8,2013-08,정기분,수납 완료,1413.0,706.5,2535520.0
026547747,마포역,광화문영업사업소,시민용,마포역,2013-10-31,2013,10,2013-10,정기분,수납 완료,1623.0,811.5,2921920.0
026547747,마포역,광화문영업사업소,시민용,마포역,2013-12-31,2013,12,2013-12,정기분,수납 완료,1532.0,766.0,2754480.0
026547747,마포역,광화문영업사업소,시민용,마포역,2014-02-28,2014,2,2014-02,정기분,수납 완료,1411.0,705.5,2531840.0
026547747,마포역,광화문영업사업소,시민용,마포역,2014-04-30,2014,4,2014-04,정기분,수납 완료,1482.0,741.0,2887600.0
026547747,마포역,광화문영업사업소,시민용,마포역,2014-06-30,2014,6,2014-06,정기분,수납 완료,1549.0,774.5,3021600.0
026547747,마포역,광화문영업사업소,시민용,마포역,2014-08-31,2014,8,2014-08,정기분,수납 완료,1824.0,912.0,3571600.0
026547747,마포역,광화문영업사업소,시민용,마포역,2014-10-31,2014,10,2014-10,정기분,수납 완료,1929.0,964.5,3781600.0
026547747,마포역,광화문영업사업소,시민용,마포역,2014-12-31,2014,12,2014-12,정기분,수납 완료,1616.0,808.0,3155600.0
026547747,마포역,광화문영업사업소,시민용,마포역,2015-02-28,2015,2,2015-02,정기분,수납 완료,1603.0,801.5,3129600.0
026547747,마포역,광화문영업사업소,시민용,마포역,2015-04-30,2015,4,2015-04,정기분,수납 완료,1355.0,677.5,2633600.0
026547747,마포역,광화문영업사업소,시민용,마포역,2015-06-30,2015,6,2015-06,정기분,수납 완료,1752.0,876.0,3427600.0
026547747,마포역,광화문영업사업소,시민용,마포역,2015-08-31,2015,8,2015-08,정기분,수납 완료,1677.0,838.5,3277600.0
026547747,마포역,광화문영업사업소,시민용,마포역,2015-10-31,2015,10,2015-10,정기분,수납 완료,1843.0,921.5,3609600.0
026547747,마포역,광화문영업사업소,시민용,마포역,2015-12-31,2015,12,2015-12,정기분,수납 완료,1768.0,884.0,3459600.0
026547747,마포역,광화문영업사업소,시민용,마포역,2016-02-29,2016,2,2016-02,정기분,수납 완료,1479.0,739.5,2881600.0
026547747,마포역,광화문영업사업소,시민용,마포역,2016-04-30,2016,4,2016-04,정기분,수납 완료,1411.0,705.5,2745600.0
026547747,마포역,광화문영업사업소,시민용,마포역,2016-06-30,2016,6,2016-06,정기분,수납 완료,1526.0,763.0,2975600.0
026547747,마포역,광화문영업사업소,시민용,마포역,2016-08-31,2016,8,2016-08,정기분,수납 완료,1993.0,996.5,3909600.0
026547747,마포역,광화문영업사업소,시민용,마포역,2016-10-31,2016,10,2016-10,정기분,수납 완료,1537.0,768.5,2997600.0
026547747,마포역,광화문영업사업소,시민용,마포역,2016-12-31,2016,12,2016-12,정기분,수납 완료,1563.0,781.5,3049600.0
026547747,마포역,광화문영업사업소,시민용,마포역,2017-02-28,2017,2,2017-02,정기분,수납 완료,1359.0,679.5,2707350.0
026547747,마포역,광화문영업사업소,시민용,마포역,2017-04-30,2017,4,2017-04,정기분,수납 완료,1365.0,682.5,2779610.0
026547747,마포역,광화문영업사업소,시민용,마포역,2017-06-30,2017,6,2017-06,정기분,수납 완료,1450.0,725.0,2959600.0
026547747,마포역,광화문영업사업소,시민용,마포역,2017-08-31,2017,8,2017-08,정기분,수납 완료,1389.0,694.5,2831500.0
026547747,마포역,광화문영업사업소,시민용,마포역,2017-10-31,2017,10,2017-10,정기분,수납 완료,1246.0,623.0,2531200.0
026547747,마포역,광화문영업사업소,시민용,마포역,2017-12-31,2017,12,2017-12,정기분,수납 완료,1313.0,656.5,2671900.0
026547747,마포역,광화문영업사업소,시민용,마포역,2018-02-28,2018,2,2018-02,정기분,수납 완료,1313.0,656.5,2742900.0
026547747,마포역,광화문영업사업소,시민용,마포역,2018-04-30,2018,4,2018-04,정기분,수납 완료,1634.0,817.0,3510740.0
026547747,마포역,광화문영업사업소,시민용,마포역,2018-06-30,2018,6,2018-06,정기분,수납 완료,1231.0,615.5,2620110.0
026547747,마포역,광화문영업사업소,시민용,마포역,2018-08-31,2018,8,2018-08,정기분,수납 완료,1237.0,618.5,2633370.0
026547747,마포역,광화문영업사업소,시민용,마포역,2018-10-31,2018,10,2018-10,정기분,수납 완료,1940.0,970.0,4187000.0
026547747,마포역,광화문영업사업소,시민용,마포역,2018-12-31,2018,12,2018-12,정기분,수납 완료,1508.0,754.0,3232280.0
026547747,마포역,광화문영업사업소,시민용,마포역,2019-02-28,2019,2,2019-02,정기분,수납 완료,1430.0,715.0,3148540.0
026547747,마포역,광화문영업사업소,시민용,마포역,2019-04-30,2019,4,2019-04,정기분,수납 완료,1367.0,683.5,3073710.0
026547747,마포역,광화문영업사업소,시민용,마포역,2019-06-30,2019,6,2019-06,정기분,수납 완료,1593.0,796.5,3600290.0
026547747,마포역,광화문영업사업소,시민용,마포역,2019-08-31,2019,8,2019-08,정기분,수납 완료,1693.0,846.5,3833290.0
026547747,마포역,광화문영업사업소,시민용,마포역,2019-10-31,2019,10,2019-10,정기분,수납 완료,1932.0,966.0,4390160.0
026547747,마포역,광화문영업사업소,시민용,마포역,2019-12-31,2019,12,2019-12,정기분,수납 완료,1758.0,879.0,3984740.0
026547747,마포역,광화문영업사업소,시민용,마포역,2020-02-29,2020,2,2020-02,정기분,수납 완료,1483.0,741.5,3343990.0
026547747,마포역,광화문영업사업소,시민용,마포역,2020-04-30,2020,4,2020-04,정기분,수납 완료,1284.0,642.0,2880320.0
026547747,마포역,광화문영업사업소,시민용,마포역,2020-06-30,2020,6,2020-06,정기분,수납 완료,1257.0,628.5,2817410.0
026547747,마포역,광화문영업사업소,시민용,마포역,2020-08-31,2020,8,2020-08,정기분,수납 완료,1464.0,732.0,3299720.0
026547747,마포역,광화문영업사업소,시민용,마포역,2020-10-31,2020,10,2020-10,정기분,수납 완료,1623.0,811.5,3670190.0
026547747,마포역,광화문영업사업소,시민용,마포역,2020-12-31,2020,12,2020-12,정기분,수납 완료,1283.0,641.5,2877990.0
026547747,마포역,광화문영업사업소,시민용,마포역,2021-02-28,2021,2,2021-02,정기분,수납 완료,1050.0,525.0,2335100.0
026547747,마포역,광화문영업사업소,시민용,마포역,2021-04-30,2021,4,2021-04,정기분,수납 완료,1217.0,608.5,2724210.0
026547747,마포역,광화문영업사업소,시민용,마포역,2021-06-30,2021,6,2021-06,정기분,수납 완료,1305.0,652.5,2929250.0
026547747,마포역,광화문영업사업소,시민용,마포역,2021-08-31,2021,8,2021-08,정기분,수납 완료,1216.0,608.0,2873650.0
026547747,마포역,광화문영업사업소,시민용,마포역,2021-10-31,2021,10,2021-10,정기분,수납 완료,1156.0,578.0,2828840.0
026547747,마포역,광화문영업사업소,시민용,마포역,2021-12-31,2021,12,2021-12,정기분,수납 완료,1363.0,681.5,3354620.0
026547747,마포역,광화문영업사업소,시민용,마포역,2022-02-28,2022,2,2022-02,정기분,수납 완료,1120.0,560.0,2849650.0
026547747,마포역,광화문영업사업소,시민용,마포역,2022-04-30,2022,4,2022-04,정기분,수납 완료,1025.0,512.5,2680850.0
026547747,마포역,광화문영업사업소,시민용,마포역,2022-06-30,2022,6,2022-06,정기분,수납 완료,1330.0,665.0,3481700.0
026547747,마포역,광화문영업사업소,시민용,마포역,2022-08-31,2022,8,2022-08,정기분,수납 완료,1726.0,863.0,4538500.0
026547747,마포역,광화문영업사업소,시민용,마포역,2022-10-31,2022,10,2022-10,정기분,수납 완료,1656.0,828.0,4353000.0
026547747,마포역,광화문영업사업소,시민용,마포역,2022-12-31,2022,12,2022-12,정기분,수납 완료,1499.0,749.5,3936950.0
026547747,마포역,광화문영업사업소,시민용,마포역,2023-02-28,2023,2,2023-02,정기분,수납 완료,1406.0,703.0,4241320.0
026547747,마포역,광화문영업사업소,시민용,마포역,2023-04-30,2023,4,2023-04,정기분,수납 완료,1610.0,805.0,5334200.0
026547747,마포역,광화문영업사업소,시민용,마포역,2023-06-30,2023,6,2023-06,정기분,수납 완료,1407.0,703.5,4652120.0
026547747,마포역,광화문영업사업소,시민용,마포역,2023-08-31,2023,8,2023-08,정기분,수납 완료,1785.0,892.5,5922200.0
026547747,마포역,광화문영업사업소,시민용,마포역,2023-10-31,2023,10,2023-10,정기분,수납 완료,1695.0,847.5,5619800.0
026547747,마포역,광화문영업사업소,시민용,마포역,2023-12-31,2023,12,2023-12,정기분,수납 완료,1451.0,725.5,4799960.0
026547747,마포역,광화문영업사업소,시민용,마포역,2024-02-29,2024,2,2024-02,정기분,수납 완료,2159.0,1079.5,7196330.0
026547747,마포역,광화문영업사업소,시민용,마포역,2024-04-30,2024,4,2024-04,정기분,수납 완료,1256.0,628.0,3661030.0
026547747,마포역,광화문영업사업소,시민용,마포역,2024-06-30,2024,6,2024-06,정기분,수납 완료,1435.0,717.5,4746200.0
026547747,마포역,광화문영업사업소,시민용,마포역,2024-08-31,2024,8,2024-08,정기분,수납 완료,1935.0,967.5,6426200.0
026547747,마포역,광화문영업사업소,시민용,마포역,2024-10-31,2024,10,2024-10,정기분,수납 완료,2700.0,1350.0,9073600.0
026547747,마포역,광화문영업사업소,시민용,마포역,2024-12-31,2024,12,2024-12,정기분,수납 완료,1878.0,939.0,6234680.0
026547747,마포역,광화문영업사업소,시민용,마포역,2025-02-28,2025,2,2025-02,정기분,수납 완료,1410.0,705.0,4662200.0
026547747,마포역,광화문영업사업소,시민용,마포역,2025-04-30,2025,4,2025-04,정기분,수납 완료,1376.0,688.0,4547960.0
026547747,마포역,광화문영업사업소,시민용,마포역,2025-06-30,2025,6,2025-06,정기분,수납 완료,1728.0,864.0,5730680.0
026547747,마포역,광화문영업사업소,시민용,마포역,2025-08-31,2025,8,2025-08,정기분,수납 완료,1967.0,983.5,6533720.0
026547747,마포역,광화문영업사업소,시민용,마포역,2025-10-31,2025,10,2025-10,정기분,수납 완료,2317.0,1158.5,7744590.0
026547747,마포역,광화문영업사업소,시민용,마포역,2025-12-31,2025,12,2025-12,정기분,수납 완료,2164.0,1082.0,7213680.0
026547747,마포역,광화문영업사업소,시민용,마포역,2026-02-28,2026,2,2026-02,정기분,수납 완료,1410.0,705.0,4810400.0
026547747,마포역,광화문영업사업소,시민용,마포역,2026-04-30,2026,4,2026-04,정기분,수납 완료,1531.0,765.5,5356140.0
006735213,먹골역,태릉영업사업소,시민용,먹골역,2010-02-28,2010,2,2010-02,정기분,수납 완료,643.0,321.5,823640.0
006735213,먹골역,태릉영업사업소,시민용,먹골역,2010-04-30,2010,4,2010-04,정기분,수납 완료,823.0,411.5,1054040.0
006735213,먹골역,태릉영업사업소,시민용,먹골역,2010-06-30,2010,6,2010-06,정기분,수납 완료,928.0,464.0,1188440.0
006735213,먹골역,태릉영업사업소,시민용,먹골역,2010-08-31,2010,8,2010-08,정기분,수납 완료,912.0,456.0,1167960.0
006735213,먹골역,태릉영업사업소,시민용,먹골역,2010-10-31,2010,10,2010-10,정기분,수납 완료,900.0,450.0,1152600.0
006735213,먹골역,태릉영업사업소,시민용,먹골역,2010-12-31,2010,12,2010-12,정기분,수납 완료,929.0,464.5,1189720.0
006735213,먹골역,태릉영업사업소,시민용,먹골역,2011-02-28,2011,2,2011-02,정기분,수납 완료,805.0,402.5,1035790.0
006735213,먹골역,태릉영업사업소,시민용,먹골역,2011-04-30,2011,4,2011-04,정기분,수납 완료,1894.0,947.0,2443860.0
006735213,먹골역,태릉영업사업소,시민용,먹골역,2011-06-30,2011,6,2011-06,정기분,수납 완료,2726.0,1363.0,3517140.0
006735213,먹골역,태릉영업사업소,시민용,먹골역,2011-08-31,2011,8,2011-08,정기분,수납 완료,2315.0,1157.5,791750.0
006735213,먹골역,태릉영업사업소,시민용,먹골역,2011-10-31,2011,10,2011-10,정기분,수납 완료,899.0,449.5,873450.0
006735213,먹골역,태릉영업사업소,시민용,먹골역,2011-12-31,2011,12,2011-12,정기분,수납 완료,979.0,489.5,1263510.0
006735213,먹골역,태릉영업사업소,시민용,먹골역,2012-02-29,2012,2,2012-02,정기분,수납 완료,901.0,450.5,1162890.0
006735213,먹골역,태릉영업사업소,시민용,먹골역,2012-04-30,2012,4,2012-04,정기분,수납 완료,1037.0,518.5,1662280.0
006735213,먹골역,태릉영업사업소,시민용,먹골역,2012-06-30,2012,6,2012-06,정기분,수납 완료,1035.0,517.5,1659000.0
006735213,먹골역,태릉영업사업소,시민용,먹골역,2012-08-31,2012,8,2012-08,정기분,수납 완료,1029.0,514.5,1649160.0
006735213,먹골역,태릉영업사업소,시민용,먹골역,2012-10-31,2012,10,2012-10,정기분,수납 완료,909.0,454.5,1452360.0
006735213,먹골역,태릉영업사업소,시민용,먹골역,2012-12-31,2012,12,2012-12,정기분,수납 완료,965.0,482.5,1544200.0
006735213,먹골역,태릉영업사업소,시민용,먹골역,2013-02-28,2013,2,2013-02,정기분,수납 완료,965.0,482.5,1544200.0
006735213,먹골역,태릉영업사업소,시민용,먹골역,2013-04-30,2013,4,2013-04,정기분,수납 완료,715.0,357.5,1272200.0
006735213,먹골역,태릉영업사업소,시민용,먹골역,2013-06-30,2013,6,2013-06,정기분,수납 완료,971.0,485.5,1733300.0
006735213,먹골역,태릉영업사업소,시민용,먹골역,2013-08-31,2013,8,2013-08,정기분,수납 완료,1026.0,513.0,1823440.0
006735213,먹골역,태릉영업사업소,시민용,먹골역,2013-10-31,2013,10,2013-10,정기분,수납 완료,1068.0,534.0,1900720.0
006735213,먹골역,태릉영업사업소,시민용,먹골역,2013-12-31,2013,12,2013-12,정기분,수납 완료,994.0,497.0,1764560.0
006735213,먹골역,태릉영업사업소,시민용,먹골역,2014-02-28,2014,2,2014-02,정기분,수납 완료,890.0,445.0,1573200.0
006735213,먹골역,태릉영업사업소,시민용,먹골역,2014-04-30,2014,4,2014-04,정기분,수납 완료,871.0,435.5,1665600.0
006735213,먹골역,태릉영업사업소,시민용,먹골역,2014-06-30,2014,6,2014-06,정기분,수납 완료,928.0,464.0,1779600.0
006735213,먹골역,태릉영업사업소,시민용,먹골역,2014-08-31,2014,8,2014-08,정기분,수납 완료,928.0,464.0,1779600.0
006735213,먹골역,태릉영업사업소,시민용,먹골역,2014-10-31,2014,10,2014-10,정기분,수납 완료,0.0,0.0,104600.0
006735213,먹골역,태릉영업사업소,시민용,먹골역,2014-12-31,2014,12,2014-12,정기분,수납 완료,1074.0,537.0,2071600.0
006735213,먹골역,태릉영업사업소,시민용,먹골역,2015-02-28,2015,2,2015-02,정기분,수납 완료,1233.0,616.5,2389600.0
006735213,먹골역,태릉영업사업소,시민용,먹골역,2015-04-30,2015,4,2015-04,정기분,수납 완료,1171.0,585.5,3075100.0
006735213,먹골역,태릉영업사업소,시민용,먹골역,2015-06-30,2015,6,2015-06,정기분,수납 완료,1346.0,673.0,3425100.0
006735213,먹골역,태릉영업사업소,시민용,먹골역,2015-08-31,2015,8,2015-08,정기분,수납 완료,1326.0,663.0,2575600.0
006735213,먹골역,태릉영업사업소,시민용,먹골역,2015-10-31,2015,10,2015-10,정기분,수납 완료,1385.0,692.5,2693600.0
006735213,먹골역,태릉영업사업소,시민용,먹골역,2015-12-31,2015,12,2015-12,정기분,수납 완료,1301.0,650.5,2525600.0
006735213,먹골역,태릉영업사업소,시민용,먹골역,2016-02-29,2016,2,2016-02,정기분,수납 완료,1182.0,591.0,2287600.0
006735213,먹골역,태릉영업사업소,시민용,먹골역,2016-04-30,2016,4,2016-04,정기분,수납 완료,1197.0,598.5,2317600.0
006735213,먹골역,태릉영업사업소,시민용,먹골역,2016-06-30,2016,6,2016-06,정기분,수납 완료,2117.0,1058.5,4157600.0
006735213,먹골역,태릉영업사업소,시민용,먹골역,2016-08-31,2016,8,2016-08,정기분,수납 완료,1280.0,640.0,2483600.0
006735213,먹골역,태릉영업사업소,시민용,먹골역,2016-10-31,2016,10,2016-10,정기분,수납 완료,1446.0,723.0,2815600.0
006735213,먹골역,태릉영업사업소,시민용,먹골역,2016-12-31,2016,12,2016-12,정기분,수납 완료,1200.0,600.0,2323600.0
006735213,먹골역,태릉영업사업소,시민용,먹골역,2017-02-28,2017,2,2017-02,정기분,수납 완료,1033.0,516.5,2042110.0
006735213,먹골역,태릉영업사업소,시민용,먹골역,2017-04-30,2017,4,2017-04,정기분,수납 완료,1028.0,514.0,2073400.0
006735213,먹골역,태릉영업사업소,시민용,먹골역,2017-06-30,2017,6,2017-06,정기분,수납 완료,1291.0,645.5,2625700.0
006735213,먹골역,태릉영업사업소,시민용,먹골역,2017-08-31,2017,8,2017-08,정기분,수납 완료,1229.0,614.5,2495500.0
006735213,먹골역,태릉영업사업소,시민용,먹골역,2017-10-31,2017,10,2017-10,정기분,수납 완료,1212.0,606.0,2459800.0
006735213,먹골역,태릉영업사업소,시민용,먹골역,2017-12-31,2017,12,2017-12,정기분,수납 완료,1071.0,535.5,2163700.0
006735213,먹골역,태릉영업사업소,시민용,먹골역,2018-02-28,2018,2,2018-02,정기분,수납 완료,1035.0,517.5,2144560.0
006735213,먹골역,태릉영업사업소,시민용,먹골역,2018-04-30,2018,4,2018-04,정기분,수납 완료,1120.0,560.0,2374800.0
006735213,먹골역,태릉영업사업소,시민용,먹골역,2018-06-30,2018,6,2018-06,정기분,수납 완료,1264.0,632.0,2693040.0
006735213,먹골역,태릉영업사업소,시민용,먹골역,2018-08-31,2018,8,2018-08,정기분,수납 완료,1499.0,749.5,3212390.0
006735213,먹골역,태릉영업사업소,시민용,먹골역,2018-10-31,2018,10,2018-10,정기분,수납 완료,1482.0,741.0,3174820.0
006735213,먹골역,태릉영업사업소,시민용,먹골역,2018-12-31,2018,12,2018-12,정기분,수납 완료,1084.0,542.0,2295240.0
006735213,먹골역,태릉영업사업소,시민용,먹골역,2019-02-28,2019,2,2019-02,정기분,수납 완료,1094.0,547.0,2386380.0
006735213,먹골역,태릉영업사업소,시민용,먹골역,2019-04-30,2019,4,2019-04,정기분,수납 완료,1129.0,564.5,2519170.0
006735213,먹골역,태릉영업사업소,시민용,먹골역,2019-06-30,2019,6,2019-06,정기분,수납 완료,1379.0,689.5,3101670.0
006735213,먹골역,태릉영업사업소,시민용,먹골역,2019-08-31,2019,8,2019-08,정기분,수납 완료,1425.0,712.5,3208850.0
006735213,먹골역,태릉영업사업소,시민용,먹골역,2019-10-31,2019,10,2019-10,정기분,수납 완료,1544.0,772.0,3486120.0
006735213,먹골역,태릉영업사업소,시민용,먹골역,2019-12-31,2019,12,2019-12,정기분,수납 완료,1237.0,618.5,2770810.0
006735213,먹골역,태릉영업사업소,시민용,먹골역,2020-02-29,2020,2,2020-02,정기분,수납 완료,1046.0,523.0,2325780.0
006735213,먹골역,태릉영업사업소,시민용,먹골역,2020-04-30,2020,4,2020-04,정기분,수납 완료,1118.0,559.0,2493540.0
006735213,먹골역,태릉영업사업소,시민용,먹골역,2020-06-30,2020,6,2020-06,정기분,수납 완료,1281.0,640.5,2873330.0
006735213,먹골역,태릉영업사업소,시민용,먹골역,2020-08-31,2020,8,2020-08,정기분,수납 완료,1448.0,724.0,3262440.0
006735213,먹골역,태릉영업사업소,시민용,먹골역,2020-10-31,2020,10,2020-10,정기분,수납 완료,1397.0,698.5,3143610.0
006735213,먹골역,태릉영업사업소,시민용,먹골역,2020-12-31,2020,12,2020-12,정기분,수납 완료,1163.0,581.5,2598390.0
006735213,먹골역,태릉영업사업소,시민용,먹골역,2021-02-28,2021,2,2021-02,정기분,수납 완료,1000.0,500.0,2218600.0
006735213,먹골역,태릉영업사업소,시민용,먹골역,2021-04-30,2021,4,2021-04,정기분,수납 완료,1195.0,597.5,2672950.0
006735213,먹골역,태릉영업사업소,시민용,먹골역,2021-06-30,2021,6,2021-06,정기분,수납 완료,1294.0,647.0,2903620.0
006735213,먹골역,태릉영업사업소,시민용,먹골역,2021-08-31,2021,8,2021-08,정기분,수납 완료,1443.0,721.5,3440680.0
006735213,먹골역,태릉영업사업소,시민용,먹골역,2021-10-31,2021,10,2021-10,정기분,수납 완료,1472.0,736.0,3631480.0
006735213,먹골역,태릉영업사업소,시민용,먹골역,2021-12-31,2021,12,2021-12,정기분,수납 완료,1251.0,625.5,3070140.0
006735213,먹골역,태릉영업사업소,시민용,먹골역,2022-02-28,2022,2,2022-02,정기분,수납 완료,1077.0,538.5,2743920.0
006735213,먹골역,태릉영업사업소,시민용,먹골역,2022-04-30,2022,4,2022-04,정기분,수납 완료,1022.0,511.0,2672900.0
006735213,먹골역,태릉영업사업소,시민용,먹골역,2022-06-30,2022,6,2022-06,정기분,수납 완료,1286.0,643.0,3372500.0
006735213,먹골역,태릉영업사업소,시민용,먹골역,2022-08-31,2022,8,2022-08,정기분,수납 완료,1122.0,561.0,2937900.0
006735213,먹골역,태릉영업사업소,시민용,먹골역,2022-10-31,2022,10,2022-10,정기분,수납 완료,2033.0,1016.5,5352050.0
006735213,먹골역,태릉영업사업소,시민용,먹골역,2022-12-31,2022,12,2022-12,정기분,수납 완료,1333.0,666.5,3497050.0
006735213,먹골역,태릉영업사업소,시민용,먹골역,2023-02-28,2023,2,2023-02,정기분,수납 완료,1141.0,570.5,3454180.0
006735213,먹골역,태릉영업사업소,시민용,먹골역,2023-04-30,2023,4,2023-04,정기분,수납 완료,1177.0,588.5,3879320.0
006735213,먹골역,태릉영업사업소,시민용,먹골역,2023-06-30,2023,6,2023-06,정기분,수납 완료,1576.0,788.0,5219960.0
006735213,먹골역,태릉영업사업소,시민용,먹골역,2023-08-31,2023,8,2023-08,정기분,수납 완료,1749.0,874.5,5801240.0
006735213,먹골역,태릉영업사업소,시민용,먹골역,2023-10-31,2023,10,2023-10,정기분,수납 완료,1878.0,939.0,6234680.0
006735213,먹골역,태릉영업사업소,시민용,먹골역,2023-12-31,2023,12,2023-12,정기분,수납 완료,1294.0,647.0,4272440.0
006735213,먹골역,태릉영업사업소,시민용,먹골역,2024-02-29,2024,2,2024-02,정기분,수납 완료,1288.0,644.0,4252280.0
006735213,먹골역,태릉영업사업소,시민용,먹골역,2024-04-30,2024,4,2024-04,정기분,수납 완료,1378.0,689.0,4554680.0
006735213,먹골역,태릉영업사업소,시민용,먹골역,2024-06-30,2024,6,2024-06,정기분,수납 완료,1445.0,722.5,4779800.0
006735213,먹골역,태릉영업사업소,시민용,먹골역,2024-08-31,2024,8,2024-08,정기분,수납 완료,1645.0,822.5,5451800.0
006735213,먹골역,태릉영업사업소,시민용,먹골역,2024-10-31,2024,10,2024-10,정기분,수납 완료,1767.0,883.5,5861720.0
006735213,먹골역,태릉영업사업소,시민용,먹골역,2024-12-31,2024,12,2024-12,정기분,수납 완료,1241.0,620.5,4094360.0
006735213,먹골역,태릉영업사업소,시민용,먹골역,2025-02-28,2025,2,2025-02,정기분,수납 완료,1156.0,578.0,3808760.0
006735213,먹골역,태릉영업사업소,시민용,먹골역,2025-04-30,2025,4,2025-04,정기분,수납 완료,1228.0,614.0,4050680.0
006735213,먹골역,태릉영업사업소,시민용,먹골역,2025-06-30,2025,6,2025-06,정기분,수납 완료,1426.0,713.0,4715960.0
006735213,먹골역,태릉영업사업소,시민용,먹골역,2025-08-31,2025,8,2025-08,정기분,수납 완료,1743.0,871.5,5781080.0
006735213,먹골역,태릉영업사업소,시민용,먹골역,2025-10-31,2025,10,2025-10,정기분,수납 완료,1725.0,862.5,5720600.0
006735213,먹골역,태릉영업사업소,시민용,먹골역,2025-12-31,2025,12,2025-12,정기분,수납 완료,1243.0,621.5,4101080.0
006735213,먹골역,태릉영업사업소,시민용,먹골역,2026-02-28,2026,2,2026-02,정기분,수납 완료,1234.0,617.0,4208040.0
006735213,먹골역,태릉영업사업소,시민용,먹골역,2026-04-30,2026,4,2026-04,정기분,수납 완료,1189.0,594.5,4145460.0
000399808,명동역,동작영업사업소,시민용,명동역장,2008-06-30,2008,6,2008-06,정기분,수납 완료,1920.0,960.0,2217180.0
000399808,명동역,동작영업사업소,시민용,명동역장,2008-07-31,2008,7,2008-07,정기분,수납 완료,960.0,480.0,2203100.0
000399808,명동역,동작영업사업소,시민용,명동역장,2008-08-31,2008,8,2008-08,정기분,수납 완료,2618.0,1309.0,3096540.0
000399808,명동역,동작영업사업소,시민용,명동역장,2008-09-30,2008,9,2008-09,정기분,수납 완료,1309.0,654.5,2649820.0
000399808,명동역,동작영업사업소,시민용,명동역장,2008-10-31,2008,10,2008-10,정기분,수납 완료,2823.0,1411.5,2912220.0
000399808,명동역,동작영업사업소,시민용,명동역장,2008-11-30,2008,11,2008-11,정기분,수납 완료,1412.0,706.0,2781660.0
000399808,명동역,동작영업사업소,시민용,명동역장,2008-12-31,2008,12,2008-12,정기분,수납 완료,1893.0,946.5,1589980.0
000399808,명동역,동작영업사업소,시민용,명동역장,2009-01-31,2009,1,2009-01,정기분,수납 완료,947.0,473.5,2186460.0
000399808,명동역,동작영업사업소,시민용,명동역장,2009-02-28,2009,2,2009-02,정기분,수납 완료,1620.0,810.0,1835740.0
000399808,명동역,동작영업사업소,시민용,명동역장,2009-03-31,2009,3,2009-03,정기분,수납 완료,810.0,405.0,2011100.0
000399808,명동역,동작영업사업소,시민용,명동역장,2009-04-30,2009,4,2009-04,정기분,수납 완료,1654.0,827.0,2054620.0
000399808,명동역,동작영업사업소,시민용,명동역장,2009-05-31,2009,5,2009-05,정기분,수납 완료,827.0,413.5,1031560.0
000399808,명동역,동작영업사업소,시민용,명동역장,2009-06-30,2009,6,2009-06,정기분,수납 완료,2100.0,1050.0,1602440.0
000399808,명동역,동작영업사업소,시민용,명동역장,2009-07-31,2009,7,2009-07,정기분,수납 완료,1050.0,525.0,1317000.0
000399808,명동역,동작영업사업소,시민용,명동역장,2009-08-31,2009,8,2009-08,정기분,수납 완료,3105.0,1552.5,2603400.0
000399808,명동역,동작영업사업소,시민용,명동역장,2009-09-30,2009,9,2009-09,정기분,수납 완료,1553.0,776.5,1960840.0
000399808,명동역,동작영업사업소,시민용,명동역장,2009-10-31,2009,10,2009-10,정기분,수납 완료,3043.0,1521.5,3882800.0
000399808,명동역,동작영업사업소,시민용,명동역장,2009-11-30,2009,11,2009-11,정기분,수납 완료,1522.0,761.0,6927660.0
000399808,명동역,동작영업사업소,시민용,명동역장,2009-12-31,2009,12,2009-12,정기분,수납 완료,1269.0,634.5,901170.0
000399808,명동역,동작영업사업소,시민용,명동역장,2010-01-31,2010,1,2010-01,정기분,수납 완료,679.0,339.5,1495040.0
000399808,명동역,동작영업사업소,시민용,명동역장,2010-02-28,2010,2,2010-02,정기분,수납 완료,2357.0,1178.5,3122140.0
000399808,명동역,동작영업사업소,시민용,명동역장,2010-03-31,2010,3,2010-03,정기분,수납 완료,1179.0,589.5,2483420.0
000399808,명동역,동작영업사업소,시민용,명동역장,2010-04-30,2010,4,2010-04,정기분,수납 완료,1708.0,854.0,1651420.0
000399808,명동역,동작영업사업소,시민용,명동역장,2010-05-31,2010,5,2010-05,정기분,수납 완료,854.0,427.0,2067420.0
000399808,명동역,동작영업사업소,시민용,명동역장,2010-06-30,2010,6,2010-06,정기분,수납 완료,1535.0,767.5,1845980.0
000399808,명동역,동작영업사업소,시민용,명동역장,2010-07-31,2010,7,2010-07,정기분,수납 완료,768.0,384.0,1957340.0
000399808,명동역,동작영업사업소,시민용,명동역장,2010-08-31,2010,8,2010-08,정기분,수납 완료,3479.0,1739.5,4444380.0
000399808,명동역,동작영업사업소,시민용,명동역장,2010-09-30,2010,9,2010-09,정기분,수납 완료,1740.0,870.0,3201500.0
000399808,명동역,동작영업사업소,시민용,명동역장,2010-10-31,2010,10,2010-10,정기분,수납 완료,3714.0,1857.0,3501020.0
000399808,명동역,동작영업사업소,시민용,명동역장,2010-11-30,2010,11,2010-11,정기분,수납 완료,1857.0,928.5,3351260.0
000399808,명동역,동작영업사업소,시민용,명동역장,2010-12-31,2010,12,2010-12,정기분,수납 완료,2370.0,1185.0,630660.0
000399808,명동역,동작영업사업소,시민용,명동역장,2011-01-31,2011,1,2011-01,정기분,수납 완료,1185.0,592.5,1990960.0
000399808,명동역,동작영업사업소,시민용,명동역장,2011-02-28,2011,2,2011-02,정기분,수납 완료,2095.0,1047.5,1625090.0
000399808,명동역,동작영업사업소,시민용,명동역장,2011-03-31,2011,3,2011-03,정기분,수납 완료,1048.0,524.0,1814860.0
000399808,명동역,동작영업사업소,시민용,명동역장,2011-04-30,2011,4,2011-04,정기분,수납 완료,2248.0,1124.0,1521000.0
000399808,명동역,동작영업사업소,시민용,명동역장,2011-05-31,2011,5,2011-05,정기분,수납 완료,1124.0,562.0,1422960.0
000399808,명동역,동작영업사업소,시민용,명동역장,2011-06-30,2011,6,2011-06,정기분,수납 완료,2063.0,1031.5,1184310.0
000399808,명동역,동작영업사업소,시민용,명동역장,2011-07-31,2011,7,2011-07,정기분,수납 완료,1032.0,516.0,1304280.0
000399808,명동역,동작영업사업소,시민용,명동역장,2011-08-31,2011,8,2011-08,정기분,수납 완료,3058.0,1529.0,2586540.0
000399808,명동역,동작영업사업소,시민용,명동역장,2011-09-30,2011,9,2011-09,정기분,수납 완료,1529.0,764.5,1945410.0
000399808,명동역,동작영업사업소,시민용,명동역장,2011-10-31,2011,10,2011-10,정기분,수납 완료,4171.0,2085.5,3381180.0
000399808,명동역,동작영업사업소,시민용,명동역장,2011-11-30,2011,11,2011-11,정기분,수납 완료,2086.0,1043.0,2663940.0
000399808,명동역,동작영업사업소,시민용,명동역장,2011-12-31,2011,12,2011-12,정기분,수납 완료,3484.0,1742.0,2203800.0
000399808,명동역,동작영업사업소,시민용,명동역장,2012-01-31,2012,1,2012-01,정기분,수납 완료,1742.0,871.0,2590610.0
000399808,명동역,동작영업사업소,시민용,명동역장,2012-02-29,2012,2,2012-02,정기분,수납 완료,2747.0,1373.5,1269450.0
000399808,명동역,동작영업사업소,시민용,명동역장,2012-03-31,2012,3,2012-03,정기분,수납 완료,1374.0,687.0,2317910.0
000399808,명동역,동작영업사업소,시민용,명동역장,2012-04-30,2012,4,2012-04,정기분,수납 완료,2831.0,1415.5,2369160.0
000399808,명동역,동작영업사업소,시민용,명동역장,2012-05-31,2012,5,2012-05,정기분,수납 완료,1416.0,708.0,2483640.0
000399808,명동역,동작영업사업소,시민용,명동역장,2012-06-30,2012,6,2012-06,정기분,수납 완료,3250.0,1625.0,3169160.0
000399808,명동역,동작영업사업소,시민용,명동역장,2012-07-31,2012,7,2012-07,정기분,수납 완료,1625.0,812.5,2826400.0
000399808,명동역,동작영업사업소,시민용,명동역장,2012-08-31,2012,8,2012-08,정기분,수납 완료,3201.0,1600.5,3739120.0
000399808,명동역,동작영업사업소,시민용,명동역장,2012-09-30,2012,9,2012-09,정기분,수납 완료,1601.0,800.5,2784620.0
000399808,명동역,동작영업사업소,시민용,명동역장,2012-10-31,2012,10,2012-10,정기분,수납 완료,4140.0,2070.0,5822900.0
000399808,명동역,동작영업사업소,시민용,명동역장,2012-11-30,2012,11,2012-11,정기분,수납 완료,2070.0,1035.0,3780600.0
000399808,명동역,동작영업사업소,시민용,명동역장,2012-12-31,2012,12,2012-12,정기분,수납 완료,3760.0,1880.0,3671760.0
000399808,명동역,동작영업사업소,시민용,명동역장,2013-01-31,2013,1,2013-01,정기분,수납 완료,1880.0,940.0,3726180.0
000399808,명동역,동작영업사업소,시민용,명동역장,2013-02-28,2013,2,2013-02,정기분,수납 완료,3056.0,1528.0,1882140.0
000399808,명동역,동작영업사업소,시민용,명동역장,2013-03-31,2013,3,2013-03,정기분,수납 완료,1528.0,764.0,2752020.0
000399808,명동역,동작영업사업소,시민용,명동역장,2013-04-30,2013,4,2013-04,정기분,수납 완료,2662.0,1331.0,2168940.0
000399808,명동역,동작영업사업소,시민용,명동역장,2013-05-31,2013,5,2013-05,정기분,수납 완료,1331.0,665.5,2594680.0
000399808,명동역,동작영업사업소,시민용,명동역장,2013-06-30,2013,6,2013-06,정기분,수납 완료,3321.0,1660.5,3602100.0
000399808,명동역,동작영업사업소,시민용,명동역장,2013-07-31,2013,7,2013-07,정기분,수납 완료,1661.0,830.5,3134800.0
000399808,명동역,동작영업사업소,시민용,명동역장,2013-08-31,2013,8,2013-08,정기분,수납 완료,5041.0,2520.5,6159700.0
000399808,명동역,동작영업사업소,시민용,명동역장,2013-09-30,2013,9,2013-09,정기분,수납 완료,2521.0,1260.5,4908040.0
000399808,명동역,동작영업사업소,시민용,명동역장,2013-10-31,2013,10,2013-10,정기분,수납 완료,6272.0,3136.0,7690980.0
000399808,명동역,동작영업사업소,시민용,명동역장,2013-11-30,2013,11,2013-11,정기분,수납 완료,3136.0,1568.0,5931220.0
000399808,명동역,동작영업사업소,시민용,명동역장,2013-12-31,2013,12,2013-12,정기분,수납 완료,3730.0,1865.0,1033460.0
000399808,명동역,동작영업사업소,시민용,명동역장,2014-01-31,2014,1,2014-01,정기분,수납 완료,1865.0,932.5,3615460.0
000399808,명동역,동작영업사업소,시민용,명동역장,2014-02-28,2014,2,2014-02,정기분,수납 완료,3269.0,1634.5,2791660.0
000399808,명동역,동작영업사업소,시민용,명동역장,2014-03-31,2014,3,2014-03,정기분,수납 완료,1635.0,817.5,3513500.0
000399808,명동역,동작영업사업소,시민용,명동역장,2014-04-30,2014,4,2014-04,정기분,수납 완료,3057.0,1528.5,2778500.0
000399808,명동역,동작영업사업소,시민용,명동역장,2014-05-31,2014,5,2014-05,정기분,수납 완료,1529.0,764.5,3574500.0
000399808,명동역,동작영업사업소,시민용,명동역장,2014-06-30,2014,6,2014-06,정기분,수납 완료,4108.0,2054.0,5092500.0
000399808,명동역,동작영업사업소,시민용,명동역장,2014-07-31,2014,7,2014-07,정기분,수납 완료,2054.0,1027.0,4327500.0
000399808,명동역,동작영업사업소,시민용,명동역장,2014-08-31,2014,8,2014-08,정기분,수납 완료,4932.0,2466.0,6241000.0
000399808,명동역,동작영업사업소,시민용,명동역장,2014-09-30,2014,9,2014-09,정기분,수납 완료,2466.0,1233.0,6188000.0
000399808,명동역,동작영업사업소,시민용,명동역장,2014-10-31,2014,10,2014-10,정기분,수납 완료,5960.0,2980.0,7232700.0
000399808,명동역,동작영업사업소,시민용,명동역장,2014-11-30,2014,11,2014-11,정기분,수납 완료,2980.0,1490.0,6203500.0
000399808,명동역,동작영업사업소,시민용,명동역장,2014-12-31,2014,12,2014-12,정기분,수납 완료,4214.0,2107.0,2695000.0
000399808,명동역,동작영업사업소,시민용,명동역장,2015-01-31,2015,1,2015-01,정기분,수납 완료,2107.0,1053.5,4390600.0
000399808,명동역,동작영업사업소,시민용,명동역장,2015-02-28,2015,2,2015-02,정기분,수납 완료,3714.0,1857.0,3382200.0
000399808,명동역,동작영업사업소,시민용,명동역장,2015-03-31,2015,3,2015-03,정기분,수납 완료,1857.0,928.5,3858200.0
000399808,명동역,동작영업사업소,시민용,명동역장,2015-04-30,2015,4,2015-04,정기분,수납 완료,3591.0,1795.5,3498200.0
000399808,명동역,동작영업사업소,시민용,명동역장,2015-05-31,2015,5,2015-05,정기분,수납 완료,1796.0,898.0,3671700.0
000399808,명동역,동작영업사업소,시민용,명동역장,2015-06-30,2015,6,2015-06,정기분,수납 완료,3234.0,1617.0,3051400.0
000399808,명동역,동작영업사업소,시민용,명동역장,2015-07-31,2015,7,2015-07,정기분,수납 완료,1617.0,808.5,3544100.0
000399808,명동역,동작영업사업소,시민용,명동역장,2015-08-31,2015,8,2015-08,정기분,수납 완료,5133.0,2566.5,7573100.0
000399808,명동역,동작영업사업소,시민용,명동역장,2015-09-30,2015,9,2015-09,정기분,수납 완료,2567.0,1283.5,5662200.0
000399808,명동역,동작영업사업소,시민용,명동역장,2015-10-31,2015,10,2015-10,정기분,수납 완료,7071.0,3535.5,9654100.0
000399808,명동역,동작영업사업소,시민용,명동역장,2015-11-30,2015,11,2015-11,정기분,수납 완료,3536.0,1768.0,7333800.0
000399808,명동역,동작영업사업소,시민용,명동역장,2015-12-31,2015,12,2015-12,정기분,수납 완료,3626.0,1813.0,340700.0
000399808,명동역,동작영업사업소,시민용,명동역장,2016-01-31,2016,1,2016-01,정기분,수납 완료,1813.0,906.5,3925000.0
000399808,명동역,동작영업사업소,시민용,명동역장,2016-02-29,2016,2,2016-02,정기분,수납 완료,3037.0,1518.5,2819600.0
000399808,명동역,동작영업사업소,시민용,명동역장,2016-03-31,2016,3,2016-03,정기분,수납 완료,1519.0,759.5,3354700.0
000399808,명동역,동작영업사업소,시민용,명동역장,2016-04-30,2016,4,2016-04,정기분,수납 완료,2686.0,1343.0,2598200.0
000399808,명동역,동작영업사업소,시민용,명동역장,2016-05-31,2016,5,2016-05,정기분,수납 완료,1343.0,671.5,2722500.0
000399808,명동역,동작영업사업소,시민용,명동역장,2016-06-30,2016,6,2016-06,정기분,수납 완료,3900.0,1950.0,5379400.0
000399808,명동역,동작영업사업소,시민용,명동역장,2016-07-31,2016,7,2016-07,정기분,수납 완료,1950.0,975.0,3989300.0
000399808,명동역,동작영업사업소,시민용,명동역장,2016-08-31,2016,8,2016-08,정기분,수납 완료,4477.0,2238.5,5435800.0
000399808,명동역,동작영업사업소,시민용,명동역장,2016-09-30,2016,9,2016-09,정기분,수납 완료,1732.0,866.0,3636400.0
000399808,명동역,동작영업사업소,시민용,명동역장,2016-10-31,2016,10,2016-10,정기분,수납 완료,5580.0,2790.0,8367000.0
000399808,명동역,동작영업사업소,시민용,명동역장,2016-11-30,2016,11,2016-11,정기분,수납 완료,2790.0,1395.0,5777300.0
000399808,명동역,동작영업사업소,시민용,명동역장,2016-12-31,2016,12,2016-12,정기분,수납 완료,3750.0,1875.0,2188400.0
000399808,명동역,동작영업사업소,시민용,명동역장,2017-01-31,2017,1,2017-01,정기분,수납 완료,1875.0,937.5,4218200.0
000399808,명동역,동작영업사업소,시민용,명동역장,2017-02-28,2017,2,2017-02,정기분,수납 완료,2602.0,1301.0,1902310.0
000399808,명동역,동작영업사업소,시민용,명동역장,2017-03-31,2017,3,2017-03,정기분,수납 완료,1301.0,650.5,3260720.0
000399808,명동역,동작영업사업소,시민용,명동역장,2017-04-30,2017,4,2017-04,정기분,수납 완료,2618.0,1309.0,2984940.0
000399808,명동역,동작영업사업소,시민용,명동역장,2017-05-31,2017,5,2017-05,정기분,수납 완료,1309.0,654.5,3063350.0
000399808,명동역,동작영업사업소,시민용,명동역장,2017-06-30,2017,6,2017-06,정기분,수납 완료,2686.0,1343.0,2821700.0
000399808,명동역,동작영업사업소,시민용,명동역장,2017-07-31,2017,7,2017-07,정기분,수납 완료,1343.0,671.5,2799140.0
000399808,명동역,동작영업사업소,시민용,명동역장,2017-08-31,2017,8,2017-08,정기분,수납 완료,3846.0,1923.0,5716940.0
000399808,명동역,동작영업사업소,시민용,명동역장,2017-09-30,2017,9,2017-09,정기분,수납 완료,1923.0,961.5,4570550.0
000399808,명동역,동작영업사업소,시민용,명동역장,2017-10-31,2017,10,2017-10,정기분,수납 완료,2597.0,1298.5,2038070.0
000399808,명동역,동작영업사업소,시민용,명동역장,2017-11-30,2017,11,2017-11,정기분,수납 완료,1299.0,649.5,3375650.0
000399808,명동역,동작영업사업소,시민용,명동역장,2017-12-31,2017,12,2017-12,정기분,수납 완료,2597.0,1298.5,3452420.0
000399808,명동역,동작영업사업소,시민용,명동역장,2018-01-31,2018,1,2018-01,정기분,수납 완료,1299.0,649.5,3279620.0
000399808,명동역,동작영업사업소,시민용,명동역장,2018-02-28,2018,2,2018-02,정기분,수납 완료,1418.0,709.0,676830.0
000399808,명동역,동작영업사업소,시민용,명동역장,2018-03-31,2018,3,2018-03,정기분,수납 완료,709.0,354.5,1923550.0
000399808,명동역,동작영업사업소,시민용,명동역장,2018-04-30,2018,4,2018-04,정기분,수납 완료,1475.0,737.5,2110720.0
000399808,명동역,동작영업사업소,시민용,명동역장,2018-05-31,2018,5,2018-05,정기분,수납 완료,738.0,369.0,2072600.0
000399808,명동역,동작영업사업소,시민용,명동역장,2018-06-30,2018,6,2018-06,정기분,수납 완료,1574.0,787.0,2247060.0
000399808,명동역,동작영업사업소,시민용,명동역장,2018-07-31,2018,7,2018-07,정기분,수납 완료,787.0,393.5,1945090.0
000399808,명동역,동작영업사업소,시민용,명동역장,2018-08-31,2018,8,2018-08,정기분,수납 완료,2505.0,1252.5,4006200.0
000399808,명동역,동작영업사업소,시민용,명동역장,2018-09-30,2018,9,2018-09,정기분,수납 완료,1253.0,626.5,3023190.0
000399808,명동역,동작영업사업소,시민용,명동역장,2018-10-31,2018,10,2018-10,정기분,수납 완료,3429.0,1714.5,5548300.0
000399808,명동역,동작영업사업소,시민용,명동역장,2018-11-30,2018,11,2018-11,정기분,수납 완료,1715.0,857.5,4330770.0
000399808,명동역,동작영업사업소,시민용,명동역장,2018-12-31,2018,12,2018-12,정기분,수납 완료,1726.0,863.0,654190.0
000399808,명동역,동작영업사업소,시민용,명동역장,2019-01-31,2019,1,2019-01,정기분,수납 완료,863.0,431.5,2462270.0
000399808,명동역,동작영업사업소,시민용,명동역장,2019-02-28,2019,2,2019-02,정기분,수납 완료,1635.0,817.5,1699010.0
000399808,명동역,동작영업사업소,시민용,명동역장,2019-03-31,2019,3,2019-03,정기분,수납 완료,818.0,409.0,2304860.0
000399808,명동역,동작영업사업소,시민용,명동역장,2019-04-30,2019,4,2019-04,정기분,수납 완료,1780.0,890.0,2219260.0
000399808,명동역,동작영업사업소,시민용,명동역장,2019-05-31,2019,5,2019-05,정기분,수납 완료,890.0,445.0,2307900.0
000399808,명동역,동작영업사업소,시민용,명동역장,2019-06-30,2019,6,2019-06,정기분,수납 완료,2192.0,1096.0,3267860.0
000399808,명동역,동작영업사업소,시민용,명동역장,2019-07-31,2019,7,2019-07,정기분,수납 완료,1096.0,548.0,2787880.0
000399808,명동역,동작영업사업소,시민용,명동역장,2019-08-31,2019,8,2019-08,정기분,수납 완료,2892.0,1446.0,4859280.0
000399808,명동역,동작영업사업소,시민용,명동역장,2019-09-30,2019,9,2019-09,정기분,수납 완료,1446.0,723.0,3866180.0
000399808,명동역,동작영업사업소,시민용,명동역장,2019-10-31,2019,10,2019-10,정기분,수납 완료,4297.0,2148.5,7144230.0
000399808,명동역,동작영업사업소,시민용,명동역장,2019-11-30,2019,11,2019-11,정기분,수납 완료,2149.0,1074.5,5545370.0
000399808,명동역,동작영업사업소,시민용,명동역장,2019-12-31,2019,12,2019-12,정기분,수납 완료,2093.0,1046.5,13200.0
000399808,명동역,동작영업사업소,시민용,명동역장,2020-01-31,2020,1,2020-01,정기분,수납 완료,1047.0,523.5,2801430.0
000399808,명동역,동작영업사업소,시민용,명동역장,2020-02-29,2020,2,2020-02,정기분,수납 완료,1701.0,850.5,2095220.0
000399808,명동역,동작영업사업소,시민용,명동역장,2020-03-31,2020,3,2020-03,정기분,수납 완료,851.0,425.5,2503030.0
000399808,명동역,동작영업사업소,시민용,명동역장,2020-04-30,2020,4,2020-04,정기분,수납 완료,1033.0,516.5,963460.0
000399808,명동역,동작영업사업소,시민용,명동역장,2020-05-31,2020,5,2020-05,정기분,수납 완료,517.0,258.5,1715610.0
000399808,명동역,동작영업사업소,시민용,명동역장,2020-06-30,2020,6,2020-06,정기분,수납 완료,965.0,482.5,1546040.0
000399808,명동역,동작영업사업소,시민용,명동역장,2020-07-31,2020,7,2020-07,정기분,수납 완료,483.0,241.5,1602790.0
000399808,명동역,동작영업사업소,시민용,명동역장,2020-08-31,2020,8,2020-08,정기분,수납 완료,1618.0,809.0,3178750.0
000399808,명동역,동작영업사업소,시민용,명동역장,2020-09-30,2020,9,2020-09,정기분,수납 완료,809.0,404.5,2460370.0
000399808,명동역,동작영업사업소,시민용,명동역장,2020-10-31,2020,10,2020-10,정기분,수납 완료,1957.0,978.5,3175040.0
000399808,명동역,동작영업사업소,시민용,명동역장,2020-11-30,2020,11,2020-11,정기분,수납 완료,979.0,489.5,2791670.0
000399808,명동역,동작영업사업소,시민용,명동역장,2020-12-31,2020,12,2020-12,정기분,수납 완료,1269.0,634.5,1162700.0
000399808,명동역,동작영업사업소,시민용,명동역장,2021-01-31,2021,1,2021-01,정기분,수납 완료,635.0,317.5,1974150.0
000399808,명동역,동작영업사업소,시민용,명동역장,2021-02-28,2021,2,2021-02,정기분,수납 완료,700.0,350.0,715650.0
000399808,명동역,동작영업사업소,시민용,명동역장,2021-03-31,2021,3,2021-03,정기분,수납 완료,350.0,175.0,1418900.0
000399808,명동역,동작영업사업소,시민용,명동역장,2021-04-30,2021,4,2021-04,정기분,수납 완료,686.0,343.0,1443880.0
000399808,명동역,동작영업사업소,시민용,명동역장,2021-05-31,2021,5,2021-05,정기분,수납 완료,343.0,171.5,1268190.0
000399808,명동역,동작영업사업소,시민용,명동역장,2021-06-30,2021,6,2021-06,정기분,수납 완료,1047.0,523.5,1967720.0
000399808,명동역,동작영업사업소,시민용,명동역장,2021-07-31,2021,7,2021-07,정기분,수납 완료,524.0,262.0,1841120.0
000399808,명동역,동작영업사업소,시민용,명동역장,2021-08-31,2021,8,2021-08,정기분,수납 완료,1461.0,730.5,2868400.0
000399808,명동역,동작영업사업소,시민용,명동역장,2021-09-30,2021,9,2021-09,정기분,수납 완료,731.0,365.5,2480940.0
000399808,명동역,동작영업사업소,시민용,명동역장,2021-10-31,2021,10,2021-10,정기분,수납 완료,2423.0,1211.5,5155080.0
000399808,명동역,동작영업사업소,시민용,명동역장,2021-11-30,2021,11,2021-11,정기분,수납 완료,1212.0,606.0,3601080.0
000399808,명동역,동작영업사업소,시민용,명동역장,2021-12-31,2021,12,2021-12,정기분,수납 완료,1321.0,660.5,913460.0
000399808,명동역,동작영업사업소,시민용,명동역장,2022-01-31,2022,1,2022-01,정기분,수납 완료,661.0,330.5,2093940.0
000399808,명동역,동작영업사업소,시민용,명동역장,2022-02-28,2022,2,2022-02,정기분,수납 완료,1077.0,538.5,1534490.0
000399808,명동역,동작영업사업소,시민용,명동역장,2022-03-31,2022,3,2022-03,정기분,수납 완료,539.0,269.5,1910550.0
000399808,명동역,동작영업사업소,시민용,명동역장,2022-04-30,2022,4,2022-04,정기분,수납 완료,767.0,383.5,993200.0
000399808,명동역,동작영업사업소,시민용,명동역장,2022-05-31,2022,5,2022-05,정기분,수납 완료,384.0,192.0,1320600.0
000399808,명동역,동작영업사업소,시민용,명동역장,2022-06-30,2022,6,2022-06,정기분,수납 완료,1216.0,608.0,2267800.0
000399808,명동역,동작영업사업소,시민용,명동역장,2022-07-31,2022,7,2022-07,정기분,수납 완료,608.0,304.0,1566200.0
000399808,명동역,동작영업사업소,시민용,명동역장,2022-08-31,2022,8,2022-08,정기분,수납 완료,1461.0,730.5,2870250.0
000399808,명동역,동작영업사업소,시민용,명동역장,2022-09-30,2022,9,2022-09,정기분,수납 완료,731.0,365.5,2786150.0
000399808,명동역,동작영업사업소,시민용,명동역장,2022-10-31,2022,10,2022-10,정기분,수납 완료,2423.0,1211.5,4968400.0
000399808,명동역,동작영업사업소,시민용,명동역장,2022-11-30,2022,11,2022-11,정기분,수납 완료,1212.0,606.0,3210800.0
000399808,명동역,동작영업사업소,시민용,명동역장,2022-12-31,2022,12,2022-12,정기분,수납 완료,2116.0,1058.0,2387400.0
000399808,명동역,동작영업사업소,시민용,명동역장,2023-01-31,2023,1,2023-01,정기분,수납 완료,1058.0,529.0,3557100.0
000399808,명동역,동작영업사업소,시민용,명동역장,2023-02-28,2023,2,2023-02,정기분,수납 완료,4594.0,2297.0,10700930.0
000399808,명동역,동작영업사업소,시민용,명동역장,2023-03-31,2023,3,2023-03,정기분,수납 완료,954.0,477.0,321200.0
000399808,명동역,동작영업사업소,시민용,명동역장,2023-04-30,2023,4,2023-04,정기분,수납 완료,1780.0,890.0,841040.0
000399808,명동역,동작영업사업소,시민용,명동역장,2023-05-31,2023,5,2023-05,정기분,수납 완료,890.0,445.0,2000130.0
000399808,명동역,동작영업사업소,시민용,명동역장,2023-06-30,2023,6,2023-06,정기분,수납 완료,1673.0,836.5,2856280.0
000399808,명동역,동작영업사업소,시민용,명동역장,2023-07-31,2023,7,2023-07,정기분,수납 완료,837.0,418.5,3064520.0
000399808,명동역,동작영업사업소,시민용,명동역장,2023-08-31,2023,8,2023-08,정기분,수납 완료,3095.0,1547.5,7642330.0
000399808,명동역,동작영업사업소,시민용,명동역장,2023-09-30,2023,9,2023-09,정기분,수납 완료,1548.0,774.0,5196560.0
000399808,명동역,동작영업사업소,시민용,명동역장,2023-10-31,2023,10,2023-10,정기분,수납 완료,3355.0,1677.5,6300890.0
000399808,명동역,동작영업사업소,시민용,명동역장,2023-11-30,2023,11,2023-11,정기분,수납 완료,1678.0,839.0,5854860.0
000399808,명동역,동작영업사업소,시민용,명동역장,2023-12-31,2023,12,2023-12,정기분,수납 완료,2467.0,1233.5,2974030.0
000399808,명동역,동작영업사업소,시민용,명동역장,2024-01-31,2024,1,2024-01,정기분,수납 완료,1234.0,617.0,5041780.0
000399808,명동역,동작영업사업소,시민용,명동역장,2024-02-29,2024,2,2024-02,정기분,수납 완료,2048.0,1024.0,2626720.0
000399808,명동역,동작영업사업소,시민용,명동역장,2024-03-31,2024,3,2024-03,정기분,수납 완료,1024.0,512.0,5125030.0
000399808,명동역,동작영업사업소,시민용,명동역장,2024-04-30,2024,4,2024-04,정기분,수납 완료,1719.0,859.5,2537160.0
000399808,명동역,동작영업사업소,시민용,명동역장,2024-05-31,2024,5,2024-05,정기분,수납 완료,860.0,430.0,3024200.0
000399808,명동역,동작영업사업소,시민용,명동역장,2024-06-30,2024,6,2024-06,정기분,수납 완료,2031.0,1015.5,3872970.0
000399808,명동역,동작영업사업소,시민용,명동역장,2024-07-31,2024,7,2024-07,정기분,수납 완료,1016.0,508.0,3440920.0
000399808,명동역,동작영업사업소,시민용,명동역장,2024-08-31,2024,8,2024-08,정기분,수납 완료,3209.0,1604.5,7465110.0
000399808,명동역,동작영업사업소,시민용,명동역장,2024-09-30,2024,9,2024-09,정기분,수납 완료,1605.0,802.5,6319150.0
000399808,명동역,동작영업사업소,시민용,명동역장,2024-10-31,2024,10,2024-10,정기분,수납 완료,3209.0,1604.5,6364880.0
000399808,명동역,동작영업사업소,시민용,명동역장,2024-11-30,2024,11,2024-11,정기분,수납 완료,1605.0,802.5,5419150.0
000399808,명동역,동작영업사업소,시민용,명동역장,2024-12-31,2024,12,2024-12,정기분,수납 완료,2467.0,1233.5,2816140.0
000399808,명동역,동작영업사업소,시민용,명동역장,2025-01-31,2025,1,2025-01,정기분,수납 완료,1234.0,617.0,4410870.0
000399808,명동역,동작영업사업소,시민용,명동역장,2025-02-28,2025,2,2025-02,정기분,수납 완료,2048.0,1024.0,2643510.0
000399808,명동역,동작영업사업소,시민용,명동역장,2025-03-31,2025,3,2025-03,정기분,수납 완료,1024.0,512.0,3378280.0
000399808,명동역,동작영업사업소,시민용,명동역장,2025-04-30,2025,4,2025-04,정기분,수납 완료,1719.0,859.5,2353980.0
000399808,명동역,동작영업사업소,시민용,명동역장,2025-05-31,2025,5,2025-05,정기분,수납 완료,860.0,430.0,2922200.0
000399808,명동역,동작영업사업소,시민용,명동역장,2025-06-30,2025,6,2025-06,정기분,수납 완료,2031.0,1015.5,4213770.0
000399808,명동역,동작영업사업소,시민용,명동역장,2025-07-31,2025,7,2025-07,정기분,수납 완료,1016.0,508.0,3548720.0
000399808,명동역,동작영업사업소,시민용,명동역장,2025-08-31,2025,8,2025-08,정기분,수납 완료,3209.0,1604.5,7630110.0
000399808,명동역,동작영업사업소,시민용,명동역장,2025-09-30,2025,9,2025-09,정기분,수납 완료,1605.0,802.5,5529350.0
000399808,명동역,동작영업사업소,시민용,명동역장,2025-10-31,2025,10,2025-10,정기분,수납 완료,3873.0,1936.5,7697160.0
000399808,명동역,동작영업사업소,시민용,명동역장,2025-11-30,2025,11,2025-11,정기분,수납 완료,1937.0,968.5,6934190.0
000399808,명동역,동작영업사업소,시민용,명동역장,2025-12-31,2025,12,2025-12,정기분,수납 완료,2688.0,1344.0,2496370.0
000399808,명동역,동작영업사업소,시민용,명동역장,2026-01-31,2026,1,2026-01,정기분,수납 완료,1344.0,672.0,4692080.0
000399808,명동역,동작영업사업소,시민용,명동역장,2026-02-28,2026,2,2026-02,정기분,수납 완료,1987.0,993.5,2418450.0
000399808,명동역,동작영업사업소,시민용,명동역장,2026-03-31,2026,3,2026-03,정기분,수납 완료,994.0,497.0,6264740.0
000399808,명동역,동작영업사업소,시민용,명동역장,2026-04-30,2026,4,2026-04,정기분,수납 완료,2032.0,1016.0,3617620.0
000399808,명동역,동작영업사업소,시민용,명동역장,2026-05-31,2026,5,2026-05,정기분,미납,1016.0,508.0,3850140.0
030154123,문정역,모란영업사업소,시민용,문정역,2008-07-31,2008,7,2008-07,정기분,수납 완료,978.0,489.0,1262840.0
030154123,문정역,모란영업사업소,시민용,문정역,2008-09-30,2008,9,2008-09,정기분,수납 완료,668.0,334.0,866040.0
030154123,문정역,모란영업사업소,시민용,문정역,2008-11-30,2008,11,2008-11,정기분,수납 완료,702.0,351.0,909560.0
030154123,문정역,모란영업사업소,시민용,문정역,2009-01-31,2009,1,2009-01,정기분,수납 완료,650.0,325.0,843000.0
030154123,문정역,모란영업사업소,시민용,문정역,2009-03-31,2009,3,2009-03,정기분,수납 완료,618.0,309.0,802040.0
030154123,문정역,모란영업사업소,시민용,문정역,2009-05-31,2009,5,2009-05,정기분,수납 완료,618.0,309.0,802040.0
030154123,문정역,모란영업사업소,시민용,문정역,2009-07-31,2009,7,2009-07,정기분,수납 완료,794.0,397.0,1027320.0
030154123,문정역,모란영업사업소,시민용,문정역,2009-09-30,2009,9,2009-09,정기분,수납 완료,759.0,379.5,982520.0
030154123,문정역,모란영업사업소,시민용,문정역,2009-11-30,2009,11,2009-11,정기분,수납 완료,666.0,333.0,863480.0
030154123,문정역,모란영업사업소,시민용,문정역,2010-01-31,2010,1,2010-01,정기분,수납 완료,695.0,347.5,900600.0
030154123,문정역,모란영업사업소,시민용,문정역,2010-03-31,2010,3,2010-03,정기분,수납 완료,550.0,275.0,711100.0
030154123,문정역,모란영업사업소,시민용,문정역,2010-05-31,2010,5,2010-05,정기분,수납 완료,650.0,325.0,832600.0
030154123,문정역,모란영업사업소,시민용,문정역,2010-07-31,2010,7,2010-07,정기분,수납 완료,595.0,297.5,762850.0
030154123,문정역,모란영업사업소,시민용,문정역,2010-09-30,2010,9,2010-09,정기분,수납 완료,759.0,379.5,972120.0
030154123,문정역,모란영업사업소,시민용,문정역,2010-11-30,2010,11,2010-11,정기분,수납 완료,885.0,442.5,1133400.0
030154123,문정역,모란영업사업소,시민용,문정역,2011-01-31,2011,1,2011-01,정기분,수납 완료,672.0,336.0,860760.0
030154123,문정역,모란영업사업소,시민용,문정역,2011-03-31,2011,3,2011-03,정기분,수납 완료,573.0,286.5,742880.0
030154123,문정역,모란영업사업소,시민용,문정역,2011-05-31,2011,5,2011-05,정기분,수납 완료,707.0,353.5,912630.0
030154123,문정역,모란영업사업소,시민용,문정역,2011-07-31,2011,7,2011-07,정기분,수납 완료,753.0,376.5,971970.0
030154123,문정역,모란영업사업소,시민용,문정역,2011-09-30,2011,9,2011-09,정기분,수납 완료,706.0,353.0,911340.0
030154123,문정역,모란영업사업소,시민용,문정역,2011-11-30,2011,11,2011-11,정기분,수납 완료,769.0,384.5,992610.0
030154123,문정역,모란영업사업소,시민용,문정역,2012-01-31,2012,1,2012-01,정기분,수납 완료,746.0,373.0,962940.0
030154123,문정역,모란영업사업소,시민용,문정역,2012-03-31,2012,3,2012-03,정기분,수납 완료,617.0,308.5,946430.0
030154123,문정역,모란영업사업소,시민용,문정역,2012-05-31,2012,5,2012-05,정기분,수납 완료,708.0,354.0,1122720.0
030154123,문정역,모란영업사업소,시민용,문정역,2012-07-31,2012,7,2012-07,정기분,수납 완료,850.0,425.0,1355600.0
030154123,문정역,모란영업사업소,시민용,문정역,2012-09-30,2012,9,2012-09,정기분,수납 완료,810.0,405.0,1290000.0
030154123,문정역,모란영업사업소,시민용,문정역,2012-11-30,2012,11,2012-11,정기분,수납 완료,777.0,388.5,1235880.0
030154123,문정역,모란영업사업소,시민용,문정역,2013-01-31,2013,1,2013-01,정기분,수납 완료,727.0,363.5,1153880.0
030154123,문정역,모란영업사업소,시민용,문정역,2013-03-31,2013,3,2013-03,정기분,수납 완료,579.0,289.5,1005370.0
030154123,문정역,모란영업사업소,시민용,문정역,2013-05-31,2013,5,2013-05,정기분,수납 완료,662.0,331.0,1153680.0
030154123,문정역,모란영업사업소,시민용,문정역,2013-07-31,2013,7,2013-07,정기분,수납 완료,750.0,375.0,1315600.0
030154123,문정역,모란영업사업소,시민용,문정역,2013-09-30,2013,9,2013-09,정기분,수납 완료,881.0,440.5,1556640.0
030154123,문정역,모란영업사업소,시민용,문정역,2013-11-30,2013,11,2013-11,정기분,수납 완료,910.0,455.0,1610000.0
030154123,문정역,모란영업사업소,시민용,문정역,2014-01-31,2014,1,2014-01,정기분,수납 완료,749.0,374.5,1313760.0
030154123,문정역,모란영업사업소,시민용,문정역,2014-03-31,2014,3,2014-03,정기분,수납 완료,631.0,315.5,1185600.0
030154123,문정역,모란영업사업소,시민용,문정역,2014-05-31,2014,5,2014-05,정기분,수납 완료,712.0,356.0,1347600.0
030154123,문정역,모란영업사업소,시민용,문정역,2014-07-31,2014,7,2014-07,정기분,수납 완료,792.0,396.0,1507600.0
030154123,문정역,모란영업사업소,시민용,문정역,2014-09-30,2014,9,2014-09,정기분,수납 완료,963.0,481.5,1849600.0
030154123,문정역,모란영업사업소,시민용,문정역,2014-11-30,2014,11,2014-11,정기분,수납 완료,937.0,468.5,1797600.0
030154123,문정역,모란영업사업소,시민용,문정역,2015-01-31,2015,1,2015-01,정기분,수납 완료,862.0,431.0,1647600.0
030154123,문정역,모란영업사업소,시민용,문정역,2015-03-31,2015,3,2015-03,정기분,수납 완료,810.0,405.0,1543600.0
030154123,문정역,모란영업사업소,시민용,문정역,2015-05-31,2015,5,2015-05,정기분,수납 완료,873.0,436.5,1669600.0
030154123,문정역,모란영업사업소,시민용,문정역,2015-07-31,2015,7,2015-07,정기분,수납 완료,935.0,467.5,1793600.0
030154123,문정역,모란영업사업소,시민용,문정역,2015-09-30,2015,9,2015-09,정기분,수납 완료,858.0,429.0,1639600.0
030154123,문정역,모란영업사업소,시민용,문정역,2015-11-30,2015,11,2015-11,정기분,수납 완료,419.0,209.5,801420.0
030154123,문정역,모란영업사업소,시민용,문정역,2016-01-31,2016,1,2016-01,정기분,수납 완료,213.0,106.5,434740.0
030154123,문정역,모란영업사업소,시민용,문정역,2016-03-31,2016,3,2016-03,정기분,수납 완료,672.0,336.0,1267600.0
030154123,문정역,모란영업사업소,시민용,문정역,2016-05-31,2016,5,2016-05,정기분,수납 완료,802.0,401.0,1527600.0
030154123,문정역,모란영업사업소,시민용,문정역,2016-07-31,2016,7,2016-07,정기분,수납 완료,872.0,436.0,1667600.0
030154123,문정역,모란영업사업소,시민용,문정역,2016-09-30,2016,9,2016-09,정기분,수납 완료,888.0,444.0,1699600.0
030154123,문정역,모란영업사업소,시민용,문정역,2016-11-30,2016,11,2016-11,정기분,수납 완료,812.0,406.0,1547600.0
030154123,문정역,모란영업사업소,시민용,문정역,2017-01-31,2017,1,2017-01,정기분,수납 완료,862.0,431.0,1647600.0
030154123,문정역,모란영업사업소,시민용,문정역,2017-03-31,2017,3,2017-03,정기분,수납 완료,821.0,410.5,1630070.0
030154123,문정역,모란영업사업소,시민용,문정역,2017-05-31,2017,5,2017-05,정기분,수납 완료,1103.0,551.5,2217760.0
030154123,문정역,모란영업사업소,시민용,문정역,2017-07-31,2017,7,2017-07,정기분,수납 완료,1079.0,539.5,2180500.0
030154123,문정역,모란영업사업소,시민용,문정역,2017-09-30,2017,9,2017-09,정기분,수납 완료,1038.0,519.0,2094400.0
030154123,문정역,모란영업사업소,시민용,문정역,2017-11-30,2017,11,2017-11,정기분,수납 완료,1117.0,558.5,2260300.0
030154123,문정역,모란영업사업소,시민용,문정역,2018-01-31,2018,1,2018-01,정기분,수납 완료,887.0,443.5,1784770.0
030154123,문정역,모란영업사업소,시민용,문정역,2018-03-31,2018,3,2018-03,정기분,수납 완료,1102.0,551.0,2335020.0
030154123,문정역,모란영업사업소,시민용,문정역,2018-05-31,2018,5,2018-05,정기분,수납 완료,1052.0,526.0,2224520.0
030154123,문정역,모란영업사업소,시민용,문정역,2018-07-31,2018,7,2018-07,정기분,수납 완료,1002.0,501.0,2114020.0
030154123,문정역,모란영업사업소,시민용,문정역,2018-09-30,2018,9,2018-09,정기분,수납 완료,1245.0,622.5,2651050.0
030154123,문정역,모란영업사업소,시민용,문정역,2018-11-30,2018,11,2018-11,정기분,수납 완료,1162.0,581.0,2467620.0
030154123,문정역,모란영업사업소,시민용,문정역,2019-01-31,2019,1,2019-01,정기분,수납 완료,1207.0,603.5,2580240.0
030154123,문정역,모란영업사업소,시민용,문정역,2019-03-31,2019,3,2019-03,정기분,수납 완료,1070.0,535.0,2381700.0
030154123,문정역,모란영업사업소,시민용,문정역,2019-05-31,2019,5,2019-05,정기분,수납 완료,1179.0,589.5,2635670.0
030154123,문정역,모란영업사업소,시민용,문정역,2019-07-31,2019,7,2019-07,정기분,수납 완료,1280.0,640.0,2871000.0
030154123,문정역,모란영업사업소,시민용,문정역,2019-09-30,2019,9,2019-09,정기분,수납 완료,1654.0,827.0,3742420.0
030154123,문정역,모란영업사업소,시민용,문정역,2019-11-30,2019,11,2019-11,정기분,수납 완료,1513.0,756.5,3413890.0
030154123,문정역,모란영업사업소,시민용,문정역,2020-01-31,2020,1,2020-01,정기분,수납 완료,1192.0,596.0,2665960.0
030154123,문정역,모란영업사업소,시민용,문정역,2020-03-31,2020,3,2020-03,정기분,수납 완료,930.0,465.0,2055500.0
030154123,문정역,모란영업사업소,시민용,문정역,2020-05-31,2020,5,2020-05,정기분,수납 완료,897.0,448.5,1978610.0
030154123,문정역,모란영업사업소,시민용,문정역,2020-07-31,2020,7,2020-07,정기분,수납 완료,928.0,464.0,2050840.0
030154123,문정역,모란영업사업소,시민용,문정역,2020-09-30,2020,9,2020-09,정기분,수납 완료,1643.0,821.5,3716790.0
030154123,문정역,모란영업사업소,시민용,문정역,2020-11-30,2020,11,2020-11,정기분,수납 완료,997.0,498.5,2211610.0
030154123,문정역,모란영업사업소,시민용,문정역,2021-01-31,2021,1,2021-01,정기분,수납 완료,858.0,429.0,1887740.0
030154123,문정역,모란영업사업소,시민용,문정역,2021-03-31,2021,3,2021-03,정기분,수납 완료,960.0,480.0,2125400.0
030154123,문정역,모란영업사업소,시민용,문정역,2021-05-31,2021,5,2021-05,정기분,수납 완료,1155.0,577.5,2579750.0
030154123,문정역,모란영업사업소,시민용,문정역,2021-07-31,2021,7,2021-07,정기분,수납 완료,1093.0,546.5,2460750.0
030154123,문정역,모란영업사업소,시민용,문정역,2021-09-30,2021,9,2021-09,정기분,수납 완료,1607.0,803.5,3974380.0
030154123,문정역,모란영업사업소,시민용,문정역,2021-11-30,2021,11,2021-11,정기분,수납 완료,1326.0,663.0,3260640.0
030154123,문정역,모란영업사업소,시민용,문정역,2022-01-31,2022,1,2022-01,정기분,수납 완료,1025.0,512.5,2516020.0
030154123,문정역,모란영업사업소,시민용,문정역,2022-03-31,2022,3,2022-03,정기분,수납 완료,951.0,475.5,2484750.0
030154123,문정역,모란영업사업소,시민용,문정역,2022-05-31,2022,5,2022-05,정기분,수납 완료,993.0,496.5,2596050.0
030154123,문정역,모란영업사업소,시민용,문정역,2022-07-31,2022,7,2022-07,정기분,수납 완료,1123.0,561.5,2940550.0
030154123,문정역,모란영업사업소,시민용,문정역,2022-09-30,2022,9,2022-09,정기분,수납 완료,1046.0,523.0,2736500.0
030154123,문정역,모란영업사업소,시민용,문정역,2022-11-30,2022,11,2022-11,정기분,수납 완료,1107.0,553.5,2898150.0
030154123,문정역,모란영업사업소,시민용,문정역,2023-01-31,2023,1,2023-01,정기분,수납 완료,1073.0,536.5,2888440.0
030154123,문정역,모란영업사업소,시민용,문정역,2023-03-31,2023,3,2023-03,정기분,수납 완료,1158.0,579.0,3815480.0
030154123,문정역,모란영업사업소,시민용,문정역,2023-05-31,2023,5,2023-05,정기분,수납 완료,1246.0,623.0,4111160.0
030154123,문정역,모란영업사업소,시민용,문정역,2023-07-31,2023,7,2023-07,정기분,수납 완료,1258.0,629.0,4151480.0
030154123,문정역,모란영업사업소,시민용,문정역,2023-09-30,2023,9,2023-09,정기분,수납 완료,1233.0,616.5,4067480.0
030154123,문정역,모란영업사업소,시민용,문정역,2023-11-30,2023,11,2023-11,정기분,수납 완료,1244.0,622.0,4103440.0
030154123,문정역,모란영업사업소,시민용,문정역,2024-01-31,2024,1,2024-01,정기분,수납 완료,1219.0,609.5,4019440.0
030154123,문정역,모란영업사업소,시민용,문정역,2024-03-31,2024,3,2024-03,정기분,수납 완료,1083.0,541.5,3562480.0
030154123,문정역,모란영업사업소,시민용,문정역,2024-05-31,2024,5,2024-05,정기분,수납 완료,1208.0,604.0,3982480.0
030154123,문정역,모란영업사업소,시민용,문정역,2024-07-31,2024,7,2024-07,정기분,수납 완료,1279.0,639.5,4221040.0
030154123,문정역,모란영업사업소,시민용,문정역,2024-09-30,2024,9,2024-09,정기분,수납 완료,1450.0,725.0,4795600.0
030154123,문정역,모란영업사업소,시민용,문정역,2024-11-30,2024,11,2024-11,정기분,수납 완료,1462.0,731.0,4842640.0
030154123,문정역,모란영업사업소,시민용,문정역,2025-01-31,2025,1,2025-01,정기분,수납 완료,1296.0,648.0,4278160.0
030154123,문정역,모란영업사업소,시민용,문정역,2025-03-31,2025,3,2025-03,정기분,수납 완료,1154.0,577.0,3801040.0
030154123,문정역,모란영업사업소,시민용,문정역,2025-05-31,2025,5,2025-05,정기분,수납 완료,1342.0,671.0,4432720.0
030154123,문정역,모란영업사업소,시민용,문정역,2025-07-31,2025,7,2025-07,정기분,수납 완료,1427.0,713.5,4718320.0
030154123,문정역,모란영업사업소,시민용,문정역,2025-09-30,2025,9,2025-09,정기분,수납 완료,1782.0,891.0,5911120.0
030154123,문정역,모란영업사업소,시민용,문정역,2025-11-30,2025,11,2025-11,정기분,수납 완료,1420.0,710.0,4694800.0
030154123,문정역,모란영업사업소,시민용,문정역,2026-01-31,2026,1,2026-01,정기분,수납 완료,1385.0,692.5,4603990.0
030154123,문정역,모란영업사업소,시민용,문정역,2026-03-31,2026,3,2026-03,정기분,수납 완료,1256.0,628.0,4381640.0
030154123,문정역,모란영업사업소,시민용,문정역,2026-05-31,2026,5,2026-05,정기분,수납 완료,1437.0,718.5,5022380.0
002956726,미아역,상계영업사업소,시민용,미아역,2008-06-30,2008,6,2008-06,정기분,수납 완료,1208.0,604.0,869680.0
002956726,미아역,상계영업사업소,시민용,미아역,2008-07-31,2008,7,2008-07,정기분,수납 완료,604.0,302.0,726320.0
002956726,미아역,상계영업사업소,시민용,미아역,2008-08-31,2008,8,2008-08,정기분,수납 완료,1692.0,846.0,1345840.0
002956726,미아역,상계영업사업소,시민용,미아역,2008-09-30,2008,9,2008-09,정기분,수납 완료,846.0,423.0,1036080.0
002956726,미아역,상계영업사업소,시민용,미아역,2008-10-31,2008,10,2008-10,정기분,수납 완료,1937.0,968.5,1349680.0
002956726,미아역,상계영업사업소,시민용,미아역,2008-11-30,2008,11,2008-11,정기분,수납 완료,969.0,484.5,1193520.0
002956726,미아역,상계영업사업소,시민용,미아역,2008-12-31,2008,12,2008-12,정기분,수납 완료,1763.0,881.5,969520.0
002956726,미아역,상계영업사업소,시민용,미아역,2009-01-31,2009,1,2009-01,정기분,수납 완료,882.0,441.0,1082160.0
002956726,미아역,상계영업사업소,시민용,미아역,2009-02-28,2009,2,2009-02,정기분,수납 완료,1307.0,653.5,497200.0
002956726,미아역,상계영업사업소,시민용,미아역,2009-03-31,2009,3,2009-03,정기분,수납 완료,654.0,327.0,790320.0
002956726,미아역,상계영업사업소,시민용,미아역,2009-04-30,2009,4,2009-04,정기분,수납 완료,1253.0,626.5,719920.0
002956726,미아역,상계영업사업소,시민용,미아역,2009-05-31,2009,5,2009-05,정기분,수납 완료,627.0,313.5,755760.0
002956726,미아역,상계영업사업소,시민용,미아역,2009-06-30,2009,6,2009-06,정기분,수납 완료,1573.0,786.5,1164080.0
002956726,미아역,상계영업사업소,시민용,미아역,2009-07-31,2009,7,2009-07,정기분,수납 완료,787.0,393.5,960560.0
002956726,미아역,상계영업사업소,시민용,미아역,2009-08-31,2009,8,2009-08,정기분,수납 완료,2347.0,1173.5,1950000.0
002956726,미아역,상계영업사업소,시민용,미아역,2009-09-30,2009,9,2009-09,정기분,수납 완료,1174.0,587.0,1455920.0
002956726,미아역,상계영업사업소,시민용,미아역,2009-10-31,2009,10,2009-10,정기분,수납 완료,2640.0,1320.0,1829680.0
002956726,미아역,상계영업사업소,시민용,미아역,2009-11-30,2009,11,2009-11,정기분,수납 완료,1320.0,660.0,1642800.0
002956726,미아역,상계영업사업소,시민용,미아역,2009-12-31,2009,12,2009-12,정기분,수납 완료,2095.0,1047.5,940460.0
002956726,미아역,상계영업사업소,시민용,미아역,2010-01-31,2010,1,2010-01,정기분,수납 완료,1014.0,507.0,1251120.0
002956726,미아역,상계영업사업소,시민용,미아역,2010-02-28,2010,2,2010-02,정기분,수납 완료,1719.0,859.5,855600.0
002956726,미아역,상계영업사업소,시민용,미아역,2010-03-31,2010,3,2010-03,정기분,수납 완료,860.0,430.0,1054000.0
002956726,미아역,상계영업사업소,시민용,미아역,2010-04-30,2010,4,2010-04,정기분,수납 완료,1578.0,789.0,872240.0
002956726,미아역,상계영업사업소,시민용,미아역,2010-05-31,2010,5,2010-05,정기분,수납 완료,789.0,394.5,963120.0
002956726,미아역,상계영업사업소,시민용,미아역,2010-06-30,2010,6,2010-06,정기분,수납 완료,1884.0,942.0,1354800.0
002956726,미아역,상계영업사업소,시민용,미아역,2010-07-31,2010,7,2010-07,정기분,수납 완료,942.0,471.0,1158960.0
002956726,미아역,상계영업사업소,시민용,미아역,2010-08-31,2010,8,2010-08,정기분,수납 완료,3252.0,1626.0,2910000.0
002956726,미아역,상계영업사업소,시민용,미아역,2010-09-30,2010,9,2010-09,정기분,수납 완료,1626.0,813.0,2034480.0
002956726,미아역,상계영업사업소,시민용,미아역,2010-10-31,2010,10,2010-10,정기분,수납 완료,4163.0,2081.5,3200560.0
002956726,미아역,상계영업사업소,시민용,미아역,2010-11-30,2010,11,2010-11,정기분,수납 완료,2082.0,1041.0,2618160.0
002956726,미아역,상계영업사업소,시민용,미아역,2010-12-31,2010,12,2010-12,정기분,수납 완료,2157.0,1078.5,49200.0
002956726,미아역,상계영업사업소,시민용,미아역,2011-01-31,2011,1,2011-01,정기분,수납 완료,1079.0,539.5,1334320.0
002956726,미아역,상계영업사업소,시민용,미아역,2011-02-28,2011,2,2011-02,정기분,수납 완료,1618.0,809.0,650260.0
002956726,미아역,상계영업사업소,시민용,미아역,2011-03-31,2011,3,2011-03,정기분,수납 완료,809.0,404.5,996810.0
002956726,미아역,상계영업사업소,시민용,미아역,2011-04-30,2011,4,2011-04,정기분,수납 완료,1461.0,730.5,794280.0
002956726,미아역,상계영업사업소,시민용,미아역,2011-05-31,2011,5,2011-05,정기분,수납 완료,731.0,365.5,896190.0
002956726,미아역,상계영업사업소,시민용,미아역,2011-06-30,2011,6,2011-06,정기분,수납 완료,2005.0,1002.5,1596660.0
002956726,미아역,상계영업사업소,시민용,미아역,2011-07-31,2011,7,2011-07,정기분,수납 완료,1003.0,501.5,1247070.0
002956726,미아역,상계영업사업소,시민용,미아역,2011-08-31,2011,8,2011-08,정기분,수납 완료,2882.0,1441.0,2377110.0
002956726,미아역,상계영업사업소,시민용,미아역,2011-09-30,2011,9,2011-09,정기분,수납 완료,1441.0,720.5,1812090.0
002956726,미아역,상계영업사업소,시민용,미아역,2011-10-31,2011,10,2011-10,정기분,수납 완료,3598.0,1799.0,2735730.0
002956726,미아역,상계영업사업소,시민용,미아역,2011-11-30,2011,11,2011-11,정기분,수납 완료,1799.0,899.5,2273910.0
002956726,미아역,상계영업사업소,시민용,미아역,2011-12-31,2011,12,2011-12,정기분,수납 완료,2509.0,1254.5,869100.0
002956726,미아역,상계영업사업소,시민용,미아역,2012-01-31,2012,1,2012-01,정기분,수납 완료,1255.0,627.5,1572150.0
002956726,미아역,상계영업사업소,시민용,미아역,2012-02-29,2012,2,2012-02,정기분,수납 완료,1607.0,803.5,407280.0
002956726,미아역,상계영업사업소,시민용,미아역,2012-03-31,2012,3,2012-03,정기분,수납 완료,804.0,402.0,1252260.0
002956726,미아역,상계영업사업소,시민용,미아역,2012-04-30,2012,4,2012-04,정기분,수납 완료,1618.0,809.0,1268660.0
002956726,미아역,상계영업사업소,시민용,미아역,2012-05-31,2012,5,2012-05,정기분,수납 완료,809.0,404.5,1260460.0
002956726,미아역,상계영업사업소,시민용,미아역,2012-06-30,2012,6,2012-06,정기분,수납 완료,2065.0,1032.5,1993540.0
002956726,미아역,상계영업사업소,시민용,미아역,2012-07-31,2012,7,2012-07,정기분,수납 완료,1033.0,516.5,1627820.0
002956726,미아역,상계영업사업소,시민용,미아역,2012-08-31,2012,8,2012-08,정기분,수납 완료,3382.0,1691.0,3786060.0
002956726,미아역,상계영업사업소,시민용,미아역,2012-09-30,2012,9,2012-09,정기분,수납 완료,1691.0,845.5,2706940.0
002956726,미아역,상계영업사업소,시민용,미아역,2012-10-31,2012,10,2012-10,정기분,수납 완료,3542.0,1771.0,2969340.0
002956726,미아역,상계영업사업소,시민용,미아역,2012-11-30,2012,11,2012-11,정기분,수납 완료,1771.0,885.5,2838140.0
002956726,미아역,상계영업사업소,시민용,미아역,2012-12-31,2012,12,2012-12,정기분,수납 완료,2058.0,1029.0,404380.0
002956726,미아역,상계영업사업소,시민용,미아역,2013-01-31,2013,1,2013-01,정기분,수납 완료,1029.0,514.5,1621260.0
002956726,미아역,상계영업사업소,시민용,미아역,2013-02-28,2013,2,2013-02,정기분,수납 완료,1420.0,710.0,574940.0
002956726,미아역,상계영업사업소,시민용,미아역,2013-03-31,2013,3,2013-03,정기분,수납 완료,710.0,355.0,1227100.0
002956726,미아역,상계영업사업소,시민용,미아역,2013-04-30,2013,4,2013-04,정기분,수납 완료,1488.0,744.0,1352220.0
002956726,미아역,상계영업사업소,시민용,미아역,2013-05-31,2013,5,2013-05,정기분,수납 완료,744.0,372.0,1289660.0
002956726,미아역,상계영업사업소,시민용,미아역,2013-06-30,2013,6,2013-06,정기분,수납 완료,1933.0,966.5,2108460.0
002956726,미아역,상계영업사업소,시민용,미아역,2013-07-31,2013,7,2013-07,정기분,수납 완료,967.0,483.5,1699980.0
002956726,미아역,상계영업사업소,시민용,미아역,2013-08-31,2013,8,2013-08,정기분,수납 완료,2706.0,1353.0,3120460.0
002956726,미아역,상계영업사업소,시민용,미아역,2013-09-30,2013,9,2013-09,정기분,수납 완료,1353.0,676.5,2410220.0
002956726,미아역,상계영업사업소,시민용,미아역,2013-10-31,2013,10,2013-10,정기분,수납 완료,3855.0,1927.5,4524380.0
002956726,미아역,상계영업사업소,시민용,미아역,2013-11-30,2013,11,2013-11,정기분,수납 완료,1927.0,963.5,3466380.0
002956726,미아역,상계영업사업소,시민용,미아역,2013-12-31,2013,12,2013-12,정기분,수납 완료,2368.0,1184.0,732140.0
002956726,미아역,상계영업사업소,시민용,미아역,2014-01-31,2014,1,2014-01,정기분,수납 완료,1184.0,592.0,2099260.0
002956726,미아역,상계영업사업소,시민용,미아역,2014-02-28,2014,2,2014-02,정기분,수납 완료,1538.0,769.0,572060.0
002956726,미아역,상계영업사업소,시민용,미아역,2014-03-31,2014,3,2014-03,정기분,수납 완료,769.0,384.5,1452700.0
002956726,미아역,상계영업사업소,시민용,미아역,2014-04-30,2014,4,2014-04,정기분,수납 완료,1447.0,723.5,1270700.0
002956726,미아역,상계영업사업소,시민용,미아역,2014-05-31,2014,5,2014-05,정기분,수납 완료,724.0,362.0,1362700.0
002956726,미아역,상계영업사업소,시민용,미아역,2014-06-30,2014,6,2014-06,정기분,수납 완료,2045.0,1022.5,2556700.0
002956726,미아역,상계영업사업소,시민용,미아역,2014-07-31,2014,7,2014-07,정기분,수납 완료,1023.0,511.5,1960700.0
002956726,미아역,상계영업사업소,시민용,미아역,2014-08-31,2014,8,2014-08,정기분,수납 완료,3377.0,1688.5,4622700.0
002956726,미아역,상계영업사업소,시민용,미아역,2014-09-30,2014,9,2014-09,정기분,수납 완료,1689.0,844.5,3292700.0
002956726,미아역,상계영업사업소,시민용,미아역,2014-10-31,2014,10,2014-10,정기분,수납 완료,3992.0,1996.0,4520700.0
002956726,미아역,상계영업사업소,시민용,미아역,2014-11-30,2014,11,2014-11,정기분,수납 완료,1996.0,998.0,3906700.0
002956726,미아역,상계영업사업소,시민용,미아역,2014-12-31,2014,12,2014-12,정기분,수납 완료,2335.0,1167.5,592700.0
002956726,미아역,상계영업사업소,시민용,미아역,2015-01-31,2015,1,2015-01,정기분,수납 완료,1168.0,584.0,2250700.0
002956726,미아역,상계영업사업소,시민용,미아역,2015-02-28,2015,2,2015-02,정기분,수납 완료,1617.0,808.5,812700.0
002956726,미아역,상계영업사업소,시민용,미아역,2015-03-31,2015,3,2015-03,정기분,수납 완료,809.0,404.5,1532700.0
002956726,미아역,상계영업사업소,시민용,미아역,2015-04-30,2015,4,2015-04,정기분,수납 완료,1568.0,784.0,1432700.0
002956726,미아역,상계영업사업소,시민용,미아역,2015-05-31,2015,5,2015-05,정기분,수납 완료,784.0,392.0,1482700.0
002956726,미아역,상계영업사업소,시민용,미아역,2015-06-30,2015,6,2015-06,정기분,수납 완료,2144.0,1072.0,2634700.0
002956726,미아역,상계영업사업소,시민용,미아역,2015-07-31,2015,7,2015-07,정기분,수납 완료,1072.0,536.0,2058700.0
002956726,미아역,상계영업사업소,시민용,미아역,2015-08-31,2015,8,2015-08,정기분,수납 완료,3393.0,1696.5,4556700.0
002956726,미아역,상계영업사업소,시민용,미아역,2015-09-30,2015,9,2015-09,정기분,수납 완료,1697.0,848.5,3308700.0
002956726,미아역,상계영업사업소,시민용,미아역,2015-10-31,2015,10,2015-10,정기분,수납 완료,4015.0,2007.5,4550700.0
002956726,미아역,상계영업사업소,시민용,미아역,2015-11-30,2015,11,2015-11,정기분,수납 완료,2008.0,1004.0,3930700.0
002956726,미아역,상계영업사업소,시민용,미아역,2015-12-31,2015,12,2015-12,정기분,수납 완료,2145.0,1072.5,188700.0
002956726,미아역,상계영업사업소,시민용,미아역,2016-01-31,2016,1,2016-01,정기분,수납 완료,1073.0,536.5,2060700.0
002956726,미아역,상계영업사업소,시민용,미아역,2016-02-29,2016,2,2016-02,정기분,수납 완료,1415.0,707.5,598700.0
002956726,미아역,상계영업사업소,시민용,미아역,2016-03-31,2016,3,2016-03,정기분,수납 완료,708.0,354.0,1330700.0
002956726,미아역,상계영업사업소,시민용,미아역,2016-04-30,2016,4,2016-04,정기분,수납 완료,1722.0,861.0,1942700.0
002956726,미아역,상계영업사업소,시민용,미아역,2016-05-31,2016,5,2016-05,정기분,수납 완료,861.0,430.5,1636700.0
002956726,미아역,상계영업사업소,시민용,미아역,2016-06-30,2016,6,2016-06,정기분,수납 완료,1794.0,897.0,1780700.0
002956726,미아역,상계영업사업소,시민용,미아역,2016-07-31,2016,7,2016-07,정기분,수납 완료,897.0,448.5,1708700.0
002956726,미아역,상계영업사업소,시민용,미아역,2016-08-31,2016,8,2016-08,정기분,수납 완료,2513.0,1256.5,3146700.0
002956726,미아역,상계영업사업소,시민용,미아역,2016-09-30,2016,9,2016-09,정기분,수납 완료,1257.0,628.5,2428700.0
002956726,미아역,상계영업사업소,시민용,미아역,2016-10-31,2016,10,2016-10,정기분,수납 완료,3526.0,1763.0,4452700.0
002956726,미아역,상계영업사업소,시민용,미아역,2016-11-30,2016,11,2016-11,정기분,수납 완료,1763.0,881.5,3440700.0
002956726,미아역,상계영업사업소,시민용,미아역,2016-12-31,2016,12,2016-12,정기분,수납 완료,2062.0,1031.0,512700.0
002956726,미아역,상계영업사업소,시민용,미아역,2017-01-31,2017,1,2017-01,정기분,수납 완료,1031.0,515.5,1976700.0
002956726,미아역,상계영업사업소,시민용,미아역,2017-02-28,2017,2,2017-02,정기분,수납 완료,1399.0,699.5,706750.0
002956726,미아역,상계영업사업소,시민용,미아역,2017-03-31,2017,3,2017-03,정기분,수납 완료,700.0,350.0,1380200.0
002956726,미아역,상계영업사업소,시민용,미아역,2017-04-30,2017,4,2017-04,정기분,수납 완료,1405.0,702.5,1381500.0
002956726,미아역,상계영업사업소,시민용,미아역,2017-05-31,2017,5,2017-05,정기분,수납 완료,703.0,351.5,1386500.0
002956726,미아역,상계영업사업소,시민용,미아역,2017-06-30,2017,6,2017-06,정기분,수납 완료,1801.0,900.5,2216000.0
002956726,미아역,상계영업사업소,시민용,미아역,2017-07-31,2017,7,2017-07,정기분,수납 완료,901.0,450.5,1802300.0
002956726,미아역,상계영업사업소,시민용,미아역,2017-08-31,2017,8,2017-08,정기분,수납 완료,2291.0,1145.5,2829200.0
002956726,미아역,상계영업사업소,시민용,미아역,2017-09-30,2017,9,2017-09,정기분,수납 완료,1146.0,573.0,2316800.0
002956726,미아역,상계영업사업소,시민용,미아역,2017-10-31,2017,10,2017-10,정기분,수납 완료,2422.0,1211.0,2589800.0
002956726,미아역,상계영업사업소,시민용,미아역,2017-11-30,2017,11,2017-11,정기분,수납 완료,1211.0,605.5,2453300.0
002956726,미아역,상계영업사업소,시민용,미아역,2017-12-31,2017,12,2017-12,정기분,수납 완료,2075.0,1037.5,1724600.0
002956726,미아역,상계영업사업소,시민용,미아역,2018-01-31,2018,1,2018-01,정기분,수납 완료,1038.0,519.0,2092810.0
002956726,미아역,상계영업사업소,시민용,미아역,2018-02-28,2018,2,2018-02,정기분,수납 완료,1721.0,860.5,1447300.0
002956726,미아역,상계영업사업소,시민용,미아역,2018-03-31,2018,3,2018-03,정기분,수납 완료,861.0,430.5,1825310.0
002956726,미아역,상계영업사업소,시민용,미아역,2018-04-30,2018,4,2018-04,정기분,수납 완료,1610.0,805.0,1577790.0
002956726,미아역,상계영업사업소,시민용,미아역,2018-05-31,2018,5,2018-05,정기분,수납 완료,805.0,402.5,1701550.0
002956726,미아역,상계영업사업소,시민용,미아역,2018-06-30,2018,6,2018-06,정기분,수납 완료,1974.0,987.0,2505990.0
002956726,미아역,상계영업사업소,시민용,미아역,2018-07-31,2018,7,2018-07,정기분,수납 완료,987.0,493.5,2103770.0
002956726,미아역,상계영업사업소,시민용,미아역,2018-08-31,2018,8,2018-08,정기분,수납 완료,1873.0,936.5,1880560.0
002956726,미아역,상계영업사업소,시민용,미아역,2018-09-30,2018,9,2018-09,정기분,수납 완료,937.0,468.5,1993270.0
002956726,미아역,상계영업사업소,시민용,미아역,2018-10-31,2018,10,2018-10,정기분,수납 완료,1788.0,894.0,1803210.0
002956726,미아역,상계영업사업소,시민용,미아역,2018-11-30,2018,11,2018-11,정기분,수납 완료,894.0,447.0,1898240.0
002956726,미아역,상계영업사업소,시민용,미아역,2018-12-31,2018,12,2018-12,정기분,수납 완료,1468.0,734.0,1191040.0
002956726,미아역,상계영업사업소,시민용,미아역,2019-01-31,2019,1,2019-01,정기분,수납 완료,734.0,367.0,1544640.0
002956726,미아역,상계영업사업소,시민용,미아역,2019-02-28,2019,2,2019-02,정기분,수납 완료,1440.0,720.0,1558980.0
002956726,미아역,상계영업사업소,시민용,미아역,2019-03-31,2019,3,2019-03,정기분,수납 완료,720.0,360.0,1594600.0
002956726,미아역,상계영업사업소,시민용,미아역,2019-04-30,2019,4,2019-04,정기분,수납 완료,1470.0,735.0,1664500.0
002956726,미아역,상계영업사업소,시민용,미아역,2019-05-31,2019,5,2019-05,정기분,수납 완료,735.0,367.5,1629550.0
002956726,미아역,상계영업사업소,시민용,미아역,2019-06-30,2019,6,2019-06,정기분,수납 완료,1553.0,776.5,1822940.0
002956726,미아역,상계영업사업소,시민용,미아역,2019-07-31,2019,7,2019-07,정기분,수납 완료,777.0,388.5,1727410.0
002956726,미아역,상계영업사업소,시민용,미아역,2019-08-31,2019,8,2019-08,정기분,수납 완료,1771.0,885.5,2233020.0
002956726,미아역,상계영업사업소,시민용,미아역,2019-09-30,2019,9,2019-09,정기분,수납 완료,886.0,443.0,1981380.0
002956726,미아역,상계영업사업소,시민용,미아역,2019-10-31,2019,10,2019-10,정기분,수납 완료,1790.0,895.0,2023320.0
002956726,미아역,상계영업사업소,시민용,미아역,2019-11-30,2019,11,2019-11,정기분,수납 완료,895.0,447.5,2002350.0
002956726,미아역,상계영업사업소,시민용,미아역,2019-12-31,2019,12,2019-12,정기분,수납 완료,1619.0,809.5,1603920.0
002956726,미아역,상계영업사업소,시민용,미아역,2020-01-31,2020,1,2020-01,정기분,수납 완료,810.0,405.0,1804300.0
002956726,미아역,상계영업사업소,시민용,미아역,2020-02-29,2020,2,2020-02,정기분,수납 완료,1457.0,728.5,1424510.0
002956726,미아역,상계영업사업소,시민용,미아역,2020-03-31,2020,3,2020-03,정기분,수납 완료,729.0,364.5,1615570.0
002956726,미아역,상계영업사업소,시민용,미아역,2020-04-30,2020,4,2020-04,정기분,수납 완료,1550.0,775.0,1829930.0
002956726,미아역,상계영업사업소,시민용,미아역,2020-05-31,2020,5,2020-05,정기분,수납 완료,775.0,387.5,1722750.0
002956726,미아역,상계영업사업소,시민용,미아역,2020-06-30,2020,6,2020-06,정기분,수납 완료,1560.0,780.0,1746050.0
002956726,미아역,상계영업사업소,시민용,미아역,2020-07-31,2020,7,2020-07,정기분,수납 완료,780.0,390.0,1734400.0
002956726,미아역,상계영업사업소,시민용,미아역,2020-08-31,2020,8,2020-08,정기분,수납 완료,1180.0,590.0,849000.0
002956726,미아역,상계영업사업소,시민용,미아역,2020-09-30,2020,9,2020-09,정기분,수납 완료,590.0,295.0,1291700.0
002956726,미아역,상계영업사업소,시민용,미아역,2020-10-31,2020,10,2020-10,정기분,수납 완료,1271.0,635.5,1503730.0
002956726,미아역,상계영업사업소,시민용,미아역,2020-11-30,2020,11,2020-11,정기분,수납 완료,636.0,318.0,1398880.0
002956726,미아역,상계영업사업소,시민용,미아역,2020-12-31,2020,12,2020-12,정기분,수납 완료,1154.0,577.0,1123940.0
002956726,미아역,상계영업사업소,시민용,미아역,2021-01-31,2021,1,2021-01,정기분,수납 완료,577.0,288.5,1261410.0
002956726,미아역,상계영업사업소,시민용,미아역,2021-02-28,2021,2,2021-02,정기분,수납 완료,926.0,463.0,730170.0
002956726,미아역,상계영업사업소,시민용,미아역,2021-03-31,2021,3,2021-03,정기분,수납 완료,463.0,231.5,995790.0
002956726,미아역,상계영업사업소,시민용,미아역,2021-04-30,2021,4,2021-04,정기분,수납 완료,963.0,481.5,1082000.0
002956726,미아역,상계영업사업소,시민용,미아역,2021-05-31,2021,5,2021-05,정기분,수납 완료,482.0,241.0,1040060.0
002956726,미아역,상계영업사업소,시민용,미아역,2021-06-30,2021,6,2021-06,정기분,수납 완료,1113.0,556.5,1387230.0
002956726,미아역,상계영업사업소,시민용,미아역,2021-07-31,2021,7,2021-07,정기분,수납 완료,557.0,278.5,1214810.0
002956726,미아역,상계영업사업소,시민용,미아역,2021-08-31,2021,8,2021-08,정기분,수납 완료,916.0,458.0,851850.0
002956726,미아역,상계영업사업소,시민용,미아역,2021-09-30,2021,9,2021-09,정기분,수납 완료,458.0,229.0,1082320.0
002956726,미아역,상계영업사업소,시민용,미아역,2021-10-31,2021,10,2021-10,정기분,수납 완료,75.0,37.5,0.0
002956726,미아역,상계영업사업소,시민용,미아역,2021-11-30,2021,11,2021-11,정기분,수납 완료,38.0,19.0,0.0
002956726,미아역,상계영업사업소,시민용,미아역,2021-12-31,2021,12,2021-12,정기분,수납 완료,577.0,288.5,453250.0
002956726,미아역,상계영업사업소,시민용,미아역,2022-01-31,2022,1,2022-01,정기분,수납 완료,577.0,288.5,1411880.0
002956726,미아역,상계영업사업소,시민용,미아역,2022-02-28,2022,2,2022-02,정기분,수납 완료,716.0,358.0,373420.0
002956726,미아역,상계영업사업소,시민용,미아역,2022-03-31,2022,3,2022-03,정기분,수납 완료,358.0,179.0,931000.0
002956726,미아역,상계영업사업소,시민용,미아역,2022-04-30,2022,4,2022-04,정기분,수납 완료,871.0,435.5,1341750.0
002956726,미아역,상계영업사업소,시민용,미아역,2022-05-31,2022,5,2022-05,정기분,수납 완료,513.0,256.5,1341750.0
002956726,미아역,상계영업사업소,시민용,미아역,2022-06-30,2022,6,2022-06,정기분,수납 완료,440.0,220.0,1148300.0
002956726,미아역,상계영업사업소,시민용,미아역,2022-07-31,2022,7,2022-07,정기분,수납 완료,491.0,245.5,1283450.0
002956726,미아역,상계영업사업소,시민용,미아역,2022-08-31,2022,8,2022-08,정기분,수납 완료,821.0,410.5,2157950.0
002956726,미아역,상계영업사업소,시민용,미아역,2022-09-30,2022,9,2022-09,정기분,수납 완료,827.0,413.5,2173850.0
002956726,미아역,상계영업사업소,시민용,미아역,2022-10-31,2022,10,2022-10,정기분,수납 완료,614.0,307.0,1609400.0
002956726,미아역,상계영업사업소,시민용,미아역,2022-11-30,2022,11,2022-11,정기분,수납 완료,513.0,256.5,1341750.0
002956726,미아역,상계영업사업소,시민용,미아역,2022-12-31,2022,12,2022-12,정기분,수납 완료,486.0,243.0,1270200.0
002956726,미아역,상계영업사업소,시민용,미아역,2023-01-31,2023,1,2023-01,정기분,수납 완료,471.0,235.5,1230450.0
002956726,미아역,상계영업사업소,시민용,미아역,2023-02-28,2023,2,2023-02,정기분,수납 완료,426.0,213.0,1393660.0
002956726,미아역,상계영업사업소,시민용,미아역,2023-03-31,2023,3,2023-03,정기분,수납 완료,458.0,229.0,1501180.0
002956726,미아역,상계영업사업소,시민용,미아역,2023-04-30,2023,4,2023-04,정기분,수납 완료,568.0,284.0,1870780.0
002956726,미아역,상계영업사업소,시민용,미아역,2023-05-31,2023,5,2023-05,정기분,수납 완료,567.0,283.5,1867420.0
002956726,미아역,상계영업사업소,시민용,미아역,2023-06-30,2023,6,2023-06,정기분,수납 완료,715.0,357.5,2364700.0
002956726,미아역,상계영업사업소,시민용,미아역,2023-07-31,2023,7,2023-07,정기분,수납 완료,736.0,368.0,2435260.0
002956726,미아역,상계영업사업소,시민용,미아역,2023-08-31,2023,8,2023-08,정기분,수납 완료,758.0,379.0,2509180.0
002956726,미아역,상계영업사업소,시민용,미아역,2023-09-30,2023,9,2023-09,정기분,수납 완료,931.0,465.5,3090460.0
002956726,미아역,상계영업사업소,시민용,미아역,2023-10-31,2023,10,2023-10,정기분,수납 완료,747.0,373.5,2472220.0
002956726,미아역,상계영업사업소,시민용,미아역,2023-11-30,2023,11,2023-11,정기분,수납 완료,607.0,303.5,2001820.0
002956726,미아역,상계영업사업소,시민용,미아역,2023-12-31,2023,12,2023-12,정기분,수납 완료,529.0,264.5,1739740.0
002956726,미아역,상계영업사업소,시민용,미아역,2024-01-31,2024,1,2024-01,정기분,수납 완료,517.0,258.5,1699420.0
002956726,미아역,상계영업사업소,시민용,미아역,2024-02-29,2024,2,2024-02,정기분,수납 완료,528.0,264.0,1736380.0
002956726,미아역,상계영업사업소,시민용,미아역,2024-03-31,2024,3,2024-03,정기분,수납 완료,536.0,268.0,1763260.0
002956726,미아역,상계영업사업소,시민용,미아역,2024-04-30,2024,4,2024-04,정기분,수납 완료,620.0,310.0,2045500.0
002956726,미아역,상계영업사업소,시민용,미아역,2024-05-31,2024,5,2024-05,정기분,수납 완료,646.0,323.0,2132860.0
002956726,미아역,상계영업사업소,시민용,미아역,2024-06-30,2024,6,2024-06,정기분,수납 완료,659.0,329.5,2176540.0
002956726,미아역,상계영업사업소,시민용,미아역,2024-07-31,2024,7,2024-07,정기분,수납 완료,732.0,366.0,2421820.0
002956726,미아역,상계영업사업소,시민용,미아역,2024-08-31,2024,8,2024-08,정기분,수납 완료,827.0,413.5,2741020.0
002956726,미아역,상계영업사업소,시민용,미아역,2024-09-30,2024,9,2024-09,정기분,수납 완료,805.0,402.5,2667100.0
002956726,미아역,상계영업사업소,시민용,미아역,2024-10-31,2024,10,2024-10,정기분,수납 완료,718.0,359.0,2374780.0
002956726,미아역,상계영업사업소,시민용,미아역,2024-11-30,2024,11,2024-11,정기분,수납 완료,657.0,328.5,2169820.0
002956726,미아역,상계영업사업소,시민용,미아역,2024-12-31,2024,12,2024-12,정기분,수납 완료,626.0,313.0,2065660.0
002956726,미아역,상계영업사업소,시민용,미아역,2025-01-31,2025,1,2025-01,정기분,수납 완료,601.0,300.5,1981660.0
002956726,미아역,상계영업사업소,시민용,미아역,2025-02-28,2025,2,2025-02,정기분,수납 완료,526.0,263.0,1729660.0
002956726,미아역,상계영업사업소,시민용,미아역,2025-03-31,2025,3,2025-03,정기분,수납 완료,533.0,266.5,1753180.0
002956726,미아역,상계영업사업소,시민용,미아역,2025-04-30,2025,4,2025-04,정기분,수납 완료,657.0,328.5,2169820.0
002956726,미아역,상계영업사업소,시민용,미아역,2025-05-31,2025,5,2025-05,정기분,수납 완료,656.0,328.0,2166460.0
002956726,미아역,상계영업사업소,시민용,미아역,2025-06-30,2025,6,2025-06,정기분,수납 완료,684.0,342.0,2260540.0
002956726,미아역,상계영업사업소,시민용,미아역,2025-07-31,2025,7,2025-07,정기분,수납 완료,684.0,342.0,2260540.0
002956726,미아역,상계영업사업소,시민용,미아역,2025-08-31,2025,8,2025-08,정기분,수납 완료,1020.0,510.0,3389500.0
002956726,미아역,상계영업사업소,시민용,미아역,2025-09-30,2025,9,2025-09,정기분,수납 완료,1034.0,517.0,3440280.0
002956726,미아역,상계영업사업소,시민용,미아역,2025-10-31,2025,10,2025-10,정기분,수납 완료,882.0,441.0,2915020.0
002956726,미아역,상계영업사업소,시민용,미아역,2025-11-30,2025,11,2025-11,정기분,수납 완료,672.0,336.0,2299420.0
002956726,미아역,상계영업사업소,시민용,미아역,2025-12-31,2025,12,2025-12,정기분,수납 완료,698.0,349.0,2386780.0
002956726,미아역,상계영업사업소,시민용,미아역,2026-01-31,2026,1,2026-01,정기분,수납 완료,673.0,336.5,2259580.0
002956726,미아역,상계영업사업소,시민용,미아역,2026-02-28,2026,2,2026-02,정기분,수납 완료,627.0,313.5,2230980.0
002956726,미아역,상계영업사업소,시민용,미아역,2026-03-31,2026,3,2026-03,정기분,수납 완료,624.0,312.0,2220360.0
002956726,미아역,상계영업사업소,시민용,미아역,2026-04-30,2026,4,2026-04,정기분,수납 완료,762.0,381.0,2708880.0
002956726,미아역,상계영업사업소,시민용,미아역,2026-05-31,2026,5,2026-05,정기분,미납,544.0,272.0,1937160.0
023654087,방이역,강동영업사업소,시민용,방이역,2008-06-30,2008,6,2008-06,정기분,수납 완료,154.0,77.0,990040.0
023654087,방이역,강동영업사업소,시민용,방이역,2008-08-31,2008,8,2008-08,정기분,수납 완료,111.0,55.5,868440.0
023654087,방이역,강동영업사업소,시민용,방이역,2008-10-31,2008,10,2008-10,정기분,수납 완료,118.0,59.0,879960.0
023654087,방이역,강동영업사업소,시민용,방이역,2008-12-31,2008,12,2008-12,정기분,수납 완료,159.0,79.5,961880.0
023654087,방이역,강동영업사업소,시민용,방이역,2009-02-28,2009,2,2009-02,정기분,수납 완료,146.0,73.0,827480.0
023654087,방이역,강동영업사업소,시민용,방이역,2009-04-30,2009,4,2009-04,정기분,수납 완료,110.0,55.0,763800.0
023654087,방이역,강동영업사업소,시민용,방이역,2009-06-30,2009,6,2009-06,정기분,수납 완료,138.0,69.0,951640.0
023654087,방이역,강동영업사업소,시민용,방이역,2009-08-31,2009,8,2009-08,정기분,수납 완료,118.0,59.0,886360.0
023654087,방이역,강동영업사업소,시민용,방이역,2009-10-31,2009,10,2009-10,정기분,수납 완료,141.0,70.5,931160.0
023654087,방이역,강동영업사업소,시민용,방이역,2009-12-31,2009,12,2009-12,정기분,수납 완료,139.0,69.5,872280.0
023654087,방이역,강동영업사업소,시민용,방이역,2010-02-28,2010,2,2010-02,정기분,수납 완료,482.0,241.0,840280.0
023654087,방이역,강동영업사업소,시민용,방이역,2010-04-30,2010,4,2010-04,정기분,수납 완료,559.0,279.5,721450.0
023654087,방이역,강동영업사업소,시민용,방이역,2010-06-30,2010,6,2010-06,정기분,수납 완료,738.0,369.0,945240.0
023654087,방이역,강동영업사업소,시민용,방이역,2010-08-31,2010,8,2010-08,정기분,수납 완료,1669.0,834.5,2136920.0
023654087,방이역,강동영업사업소,시민용,방이역,2010-10-31,2010,10,2010-10,정기분,수납 완료,607.0,303.5,777560.0
023654087,방이역,강동영업사업소,시민용,방이역,2010-12-31,2010,12,2010-12,정기분,수납 완료,661.0,330.5,846680.0
023654087,방이역,강동영업사업소,시민용,방이역,2011-02-28,2011,2,2011-02,정기분,수납 완료,695.0,347.5,893860.0
023654087,방이역,강동영업사업소,시민용,방이역,2011-04-30,2011,4,2011-04,정기분,수납 완료,695.0,347.5,897150.0
023654087,방이역,강동영업사업소,시민용,방이역,2011-06-30,2011,6,2011-06,정기분,수납 완료,571.0,285.5,747920.0
023654087,방이역,강동영업사업소,시민용,방이역,2011-08-31,2011,8,2011-08,정기분,수납 완료,766.0,383.0,988740.0
023654087,방이역,강동영업사업소,시민용,방이역,2011-10-31,2011,10,2011-10,정기분,수납 완료,754.0,377.0,973260.0
023654087,방이역,강동영업사업소,시민용,방이역,2011-12-31,2011,12,2011-12,정기분,수납 완료,823.0,411.5,1062270.0
023654087,방이역,강동영업사업소,시민용,방이역,2012-02-29,2012,2,2012-02,정기분,수납 완료,727.0,363.5,938430.0
023654087,방이역,강동영업사업소,시민용,방이역,2012-04-30,2012,4,2012-04,정기분,수납 완료,704.0,352.0,1116160.0
023654087,방이역,강동영업사업소,시민용,방이역,2012-06-30,2012,6,2012-06,정기분,수납 완료,771.0,385.5,1230960.0
023654087,방이역,강동영업사업소,시민용,방이역,2012-08-31,2012,8,2012-08,정기분,수납 완료,830.0,415.0,1322800.0
023654087,방이역,강동영업사업소,시민용,방이역,2012-10-31,2012,10,2012-10,정기분,수납 완료,1957.0,978.5,3171080.0
023654087,방이역,강동영업사업소,시민용,방이역,2012-12-31,2012,12,2012-12,정기분,수납 완료,1103.0,551.5,1770520.0
023654087,방이역,강동영업사업소,시민용,방이역,2013-02-28,2013,2,2013-02,정기분,수납 완료,669.0,334.5,1058760.0
023654087,방이역,강동영업사업소,시민용,방이역,2013-04-30,2013,4,2013-04,정기분,수납 완료,613.0,306.5,1063520.0
023654087,방이역,강동영업사업소,시민용,방이역,2013-06-30,2013,6,2013-06,정기분,수납 완료,754.0,377.0,1332210.0
023654087,방이역,강동영업사업소,시민용,방이역,2013-08-31,2013,8,2013-08,정기분,수납 완료,357.0,178.5,643510.0
023654087,방이역,강동영업사업소,시민용,방이역,2013-10-31,2013,10,2013-10,정기분,수납 완료,175.0,87.5,346850.0
023654087,방이역,강동영업사업소,시민용,방이역,2013-12-31,2013,12,2013-12,정기분,수납 완료,526.0,263.0,918980.0
023654087,방이역,강동영업사업소,시민용,방이역,2014-02-28,2014,2,2014-02,정기분,수납 완료,662.0,331.0,1153680.0
023654087,방이역,강동영업사업소,시민용,방이역,2014-04-30,2014,4,2014-04,정기분,수납 완료,742.0,371.0,1407600.0
023654087,방이역,강동영업사업소,시민용,방이역,2014-06-30,2014,6,2014-06,정기분,수납 완료,797.0,398.5,1517600.0
023654087,방이역,강동영업사업소,시민용,방이역,2014-08-31,2014,8,2014-08,정기분,수납 완료,778.0,389.0,1479600.0
023654087,방이역,강동영업사업소,시민용,방이역,2014-10-31,2014,10,2014-10,정기분,수납 완료,781.0,390.5,1485600.0
023654087,방이역,강동영업사업소,시민용,방이역,2014-12-31,2014,12,2014-12,정기분,수납 완료,820.0,410.0,1563600.0
023654087,방이역,강동영업사업소,시민용,방이역,2015-02-28,2015,2,2015-02,정기분,수납 완료,815.0,407.5,1553600.0
023654087,방이역,강동영업사업소,시민용,방이역,2015-04-30,2015,4,2015-04,정기분,수납 완료,786.0,393.0,1495600.0
023654087,방이역,강동영업사업소,시민용,방이역,2015-06-30,2015,6,2015-06,정기분,수납 완료,888.0,444.0,1699600.0
023654087,방이역,강동영업사업소,시민용,방이역,2015-08-31,2015,8,2015-08,정기분,수납 완료,983.0,491.5,1889600.0
023654087,방이역,강동영업사업소,시민용,방이역,2015-10-31,2015,10,2015-10,정기분,수납 완료,979.0,489.5,1881600.0
023654087,방이역,강동영업사업소,시민용,방이역,2015-12-31,2015,12,2015-12,정기분,수납 완료,985.0,492.5,1893600.0
023654087,방이역,강동영업사업소,시민용,방이역,2016-02-29,2016,2,2016-02,정기분,수납 완료,944.0,472.0,1811600.0
023654087,방이역,강동영업사업소,시민용,방이역,2016-04-30,2016,4,2016-04,정기분,수납 완료,939.0,469.5,1801600.0
023654087,방이역,강동영업사업소,시민용,방이역,2016-06-30,2016,6,2016-06,정기분,수납 완료,1044.0,522.0,2011600.0
023654087,방이역,강동영업사업소,시민용,방이역,2016-08-31,2016,8,2016-08,정기분,수납 완료,1169.0,584.5,2261600.0
023654087,방이역,강동영업사업소,시민용,방이역,2016-10-31,2016,10,2016-10,정기분,수납 완료,1054.0,527.0,2031600.0
023654087,방이역,강동영업사업소,시민용,방이역,2016-12-31,2016,12,2016-12,정기분,수납 완료,927.0,463.5,1777600.0
023654087,방이역,강동영업사업소,시민용,방이역,2017-02-28,2017,2,2017-02,정기분,수납 완료,829.0,414.5,1617210.0
023654087,방이역,강동영업사업소,시민용,방이역,2017-04-30,2017,4,2017-04,정기분,수납 완료,390.0,195.0,769460.0
023654087,방이역,강동영업사업소,시민용,방이역,2017-06-30,2017,6,2017-06,정기분,수납 완료,1044.0,522.0,2107000.0
023654087,방이역,강동영업사업소,시민용,방이역,2017-08-31,2017,8,2017-08,정기분,수납 완료,1169.0,584.5,2369500.0
023654087,방이역,강동영업사업소,시민용,방이역,2017-10-31,2017,10,2017-10,정기분,수납 완료,1581.0,790.5,3234700.0
023654087,방이역,강동영업사업소,시민용,방이역,2017-12-31,2017,12,2017-12,정기분,수납 완료,897.0,448.5,1798300.0
023654087,방이역,강동영업사업소,시민용,방이역,2018-02-28,2018,2,2018-02,정기분,수납 완료,821.0,410.5,1661240.0
023654087,방이역,강동영업사업소,시민용,방이역,2018-04-30,2018,4,2018-04,정기분,수납 완료,841.0,420.5,1758210.0
023654087,방이역,강동영업사업소,시민용,방이역,2018-06-30,2018,6,2018-06,정기분,수납 완료,1313.0,656.5,2801330.0
023654087,방이역,강동영업사업소,시민용,방이역,2018-08-31,2018,8,2018-08,정기분,수납 완료,927.0,463.5,1948270.0
023654087,방이역,강동영업사업소,시민용,방이역,2018-10-31,2018,10,2018-10,정기분,수납 완료,1108.0,554.0,2348280.0
023654087,방이역,강동영업사업소,시민용,방이역,2018-12-31,2018,12,2018-12,정기분,수납 완료,775.0,387.5,1612350.0
023654087,방이역,강동영업사업소,시민용,방이역,2019-02-28,2019,2,2019-02,정기분,수납 완료,721.0,360.5,1515330.0
023654087,방이역,강동영업사업소,시민용,방이역,2019-04-30,2019,4,2019-04,정기분,수납 완료,717.0,358.5,1559210.0
023654087,방이역,강동영업사업소,시민용,방이역,2019-06-30,2019,6,2019-06,정기분,수납 완료,1069.0,534.5,2379370.0
023654087,방이역,강동영업사업소,시민용,방이역,2019-08-31,2019,8,2019-08,정기분,수납 완료,833.0,416.5,1829490.0
023654087,방이역,강동영업사업소,시민용,방이역,2019-10-31,2019,10,2019-10,정기분,수납 완료,1065.0,532.5,2370050.0
023654087,방이역,강동영업사업소,시민용,방이역,2019-12-31,2019,12,2019-12,정기분,수납 완료,897.0,448.5,1978610.0
023654087,방이역,강동영업사업소,시민용,방이역,2020-02-29,2020,2,2020-02,정기분,수납 완료,852.0,426.0,1873760.0
023654087,방이역,강동영업사업소,시민용,방이역,2020-04-30,2020,4,2020-04,정기분,수납 완료,617.0,308.5,1326210.0
023654087,방이역,강동영업사업소,시민용,방이역,2020-06-30,2020,6,2020-06,정기분,수납 완료,597.0,298.5,1280390.0
023654087,방이역,강동영업사업소,시민용,방이역,2020-08-31,2020,8,2020-08,정기분,수납 완료,682.0,341.0,1477660.0
023654087,방이역,강동영업사업소,시민용,방이역,2020-10-31,2020,10,2020-10,정기분,수납 완료,641.0,320.5,1382130.0
023654087,방이역,강동영업사업소,시민용,방이역,2020-12-31,2020,12,2020-12,정기분,수납 완료,831.0,415.5,1824830.0
023654087,방이역,강동영업사업소,시민용,방이역,2021-02-28,2021,2,2021-02,정기분,수납 완료,676.0,338.0,1463680.0
023654087,방이역,강동영업사업소,시민용,방이역,2021-04-30,2021,4,2021-04,정기분,수납 완료,752.0,376.0,1640760.0
023654087,방이역,강동영업사업소,시민용,방이역,2021-06-30,2021,6,2021-06,정기분,수납 완료,931.0,465.5,2057830.0
023654087,방이역,강동영업사업소,시민용,방이역,2021-08-31,2021,8,2021-08,정기분,수납 완료,912.0,456.0,2076370.0
023654087,방이역,강동영업사업소,시민용,방이역,2021-10-31,2021,10,2021-10,정기분,수납 완료,874.0,437.0,2112560.0
023654087,방이역,강동영업사업소,시민용,방이역,2021-12-31,2021,12,2021-12,정기분,수납 완료,724.0,362.0,1731560.0
023654087,방이역,강동영업사업소,시민용,방이역,2022-02-28,2022,2,2022-02,정기분,수납 완료,730.0,365.0,1795890.0
023654087,방이역,강동영업사업소,시민용,방이역,2022-04-30,2022,4,2022-04,정기분,수납 완료,691.0,345.5,1795750.0
023654087,방이역,강동영업사업소,시민용,방이역,2022-06-30,2022,6,2022-06,정기분,수납 완료,828.0,414.0,2158800.0
023654087,방이역,강동영업사업소,시민용,방이역,2022-08-31,2022,8,2022-08,정기분,수납 완료,1121.0,560.5,2935250.0
023654087,방이역,강동영업사업소,시민용,방이역,2022-10-31,2022,10,2022-10,정기분,수납 완료,1403.0,701.5,3682550.0
023654087,방이역,강동영업사업소,시민용,방이역,2022-12-31,2022,12,2022-12,정기분,수납 완료,2857.0,1428.5,2238270.0
023654087,방이역,강동영업사업소,시민용,방이역,2023-02-28,2023,2,2023-02,정기분,수납 완료,1281.0,640.5,3641780.0
023654087,방이역,강동영업사업소,시민용,방이역,2023-04-30,2023,4,2023-04,정기분,수납 완료,764.0,382.0,2491640.0
023654087,방이역,강동영업사업소,시민용,방이역,2023-06-30,2023,6,2023-06,정기분,수납 완료,1113.0,556.5,3664280.0
023654087,방이역,강동영업사업소,시민용,방이역,2023-08-31,2023,8,2023-08,정기분,수납 완료,1169.0,584.5,3852440.0
023654087,방이역,강동영업사업소,시민용,방이역,2023-10-31,2023,10,2023-10,정기분,수납 완료,1208.0,604.0,3983480.0
023654087,방이역,강동영업사업소,시민용,방이역,2023-12-31,2023,12,2023-12,정기분,수납 완료,1530.0,765.0,5065400.0
023654087,방이역,강동영업사업소,시민용,방이역,2024-02-29,2024,2,2024-02,정기분,수납 완료,1281.0,640.5,4228760.0
023654087,방이역,강동영업사업소,시민용,방이역,2024-04-30,2024,4,2024-04,정기분,수납 완료,865.0,432.5,2831000.0
023654087,방이역,강동영업사업소,시민용,방이역,2024-06-30,2024,6,2024-06,정기분,수납 완료,912.0,456.0,2988920.0
023654087,방이역,강동영업사업소,시민용,방이역,2024-08-31,2024,8,2024-08,정기분,수납 완료,1205.0,602.5,3973400.0
023654087,방이역,강동영업사업소,시민용,방이역,2024-10-31,2024,10,2024-10,정기분,수납 완료,1195.0,597.5,3939800.0
023654087,방이역,강동영업사업소,시민용,방이역,2024-12-31,2024,12,2024-12,정기분,수납 완료,989.0,494.5,3247640.0
023654087,방이역,강동영업사업소,시민용,방이역,2025-02-28,2025,2,2025-02,정기분,수납 완료,897.0,448.5,2938520.0
023654087,방이역,강동영업사업소,시민용,방이역,2025-04-30,2025,4,2025-04,정기분,수납 완료,767.0,383.5,2501720.0
023654087,방이역,강동영업사업소,시민용,방이역,2025-06-30,2025,6,2025-06,정기분,수납 완료,957.0,478.5,3140120.0
023654087,방이역,강동영업사업소,시민용,방이역,2025-08-31,2025,8,2025-08,정기분,수납 완료,994.0,497.0,3264440.0
023654087,방이역,강동영업사업소,시민용,방이역,2025-10-31,2025,10,2025-10,정기분,수납 완료,1096.0,548.0,3607160.0
023654087,방이역,강동영업사업소,시민용,방이역,2025-12-31,2025,12,2025-12,정기분,수납 완료,1206.0,603.0,3976760.0
023654087,방이역,강동영업사업소,시민용,방이역,2026-02-28,2026,2,2026-02,정기분,수납 완료,964.0,482.0,3221060.0
023654087,방이역,강동영업사업소,시민용,방이역,2026-04-30,2026,4,2026-04,정기분,수납 완료,904.0,452.0,3136560.0
021091226,방화역,화곡영업사업소,시민용,방화역,2008-06-30,2008,6,2008-06,정기분,수납 완료,731.0,365.5,874080.0
021091226,방화역,화곡영업사업소,시민용,방화역,2008-08-31,2008,8,2008-08,정기분,수납 완료,923.0,461.5,1465450.0
021091226,방화역,화곡영업사업소,시민용,방화역,2008-10-31,2008,10,2008-10,정기분,수납 완료,885.0,442.5,1172860.0
021091226,방화역,화곡영업사업소,시민용,방화역,2008-12-31,2008,12,2008-12,정기분,수납 완료,815.0,407.5,1428870.0
021091226,방화역,화곡영업사업소,시민용,방화역,2009-02-28,2009,2,2009-02,정기분,수납 완료,875.0,437.5,1146130.0
021091226,방화역,화곡영업사업소,시민용,방화역,2009-04-30,2009,4,2009-04,정기분,수납 완료,829.0,414.5,1094210.0
021091226,방화역,화곡영업사업소,시민용,방화역,2009-06-30,2009,6,2009-06,정기분,수납 완료,778.0,389.0,1068540.0
021091226,방화역,화곡영업사업소,시민용,방화역,2009-08-31,2009,8,2009-08,정기분,수납 완료,829.0,414.5,1268120.0
021091226,방화역,화곡영업사업소,시민용,방화역,2009-10-31,2009,10,2009-10,정기분,수납 완료,847.0,423.5,1295580.0
021091226,방화역,화곡영업사업소,시민용,방화역,2009-12-31,2009,12,2009-12,정기분,수납 완료,847.0,423.5,1210380.0
021091226,방화역,화곡영업사업소,시민용,방화역,2010-02-28,2010,2,2010-02,정기분,수납 완료,847.0,423.5,1199840.0
021091226,방화역,화곡영업사업소,시민용,방화역,2010-04-30,2010,4,2010-04,정기분,수납 완료,933.0,466.5,1299720.0
021091226,방화역,화곡영업사업소,시민용,방화역,2010-06-30,2010,6,2010-06,정기분,수납 완료,827.0,413.5,1164040.0
021091226,방화역,화곡영업사업소,시민용,방화역,2010-08-31,2010,8,2010-08,정기분,수납 완료,808.0,404.0,1063560.0
021091226,방화역,화곡영업사업소,시민용,방화역,2010-10-31,2010,10,2010-10,정기분,수납 완료,872.0,436.0,1211440.0
021091226,방화역,화곡영업사업소,시민용,방화역,2010-12-31,2010,12,2010-12,정기분,수납 완료,767.0,383.5,1077040.0
021091226,방화역,화곡영업사업소,시민용,방화역,2011-02-28,2011,2,2011-02,정기분,수납 완료,808.0,404.0,1103410.0
021091226,방화역,화곡영업사업소,시민용,방화역,2011-04-30,2011,4,2011-04,정기분,수납 완료,713.0,356.5,997370.0
021091226,방화역,화곡영업사업소,시민용,방화역,2011-06-30,2011,6,2011-06,정기분,수납 완료,783.0,391.5,1047890.0
021091226,방화역,화곡영업사업소,시민용,방화역,2011-08-31,2011,8,2011-08,정기분,수납 완료,900.0,450.0,1301840.0
021091226,방화역,화곡영업사업소,시민용,방화역,2011-10-31,2011,10,2011-10,정기분,수납 완료,835.0,417.5,1539630.0
021091226,방화역,화곡영업사업소,시민용,방화역,2011-12-31,2011,12,2011-12,정기분,수납 완료,817.0,408.5,1330430.0
021091226,방화역,화곡영업사업소,시민용,방화역,2012-02-29,2012,2,2012-02,정기분,수납 완료,752.0,376.0,1145940.0
021091226,방화역,화곡영업사업소,시민용,방화역,2012-04-30,2012,4,2012-04,정기분,수납 완료,709.0,354.5,1302120.0
021091226,방화역,화곡영업사업소,시민용,방화역,2012-06-30,2012,6,2012-06,정기분,수납 완료,811.0,405.5,1469400.0
021091226,방화역,화곡영업사업소,시민용,방화역,2012-08-31,2012,8,2012-08,정기분,수납 완료,824.0,412.0,1573880.0
021091226,방화역,화곡영업사업소,시민용,방화역,2012-10-31,2012,10,2012-10,정기분,수납 완료,833.0,416.5,1687420.0
021091226,방화역,화곡영업사업소,시민용,방화역,2012-12-31,2012,12,2012-12,정기분,수납 완료,900.0,450.0,1698520.0
021091226,방화역,화곡영업사업소,시민용,방화역,2013-02-28,2013,2,2013-02,정기분,수납 완료,855.0,427.5,1317160.0
021091226,방화역,화곡영업사업소,시민용,방화역,2013-04-30,2013,4,2013-04,정기분,수납 완료,780.0,390.0,1355140.0
021091226,방화역,화곡영업사업소,시민용,방화역,2013-06-30,2013,6,2013-06,정기분,수납 완료,870.0,435.0,1475580.0
021091226,방화역,화곡영업사업소,시민용,방화역,2013-08-31,2013,8,2013-08,정기분,수납 완료,1320.0,660.0,2366680.0
021091226,방화역,화곡영업사업소,시민용,방화역,2013-10-31,2013,10,2013-10,정기분,수납 완료,1548.0,774.0,2746160.0
021091226,방화역,화곡영업사업소,시민용,방화역,2013-12-31,2013,12,2013-12,정기분,수납 완료,855.0,427.5,1436200.0
021091226,방화역,화곡영업사업소,시민용,방화역,2014-02-28,2014,2,2014-02,정기분,수납 완료,781.0,390.5,1300040.0
021091226,방화역,화곡영업사업소,시민용,방화역,2014-04-30,2014,4,2014-04,정기분,수납 완료,702.0,351.0,1291000.0
021091226,방화역,화곡영업사업소,시민용,방화역,2014-06-30,2014,6,2014-06,정기분,수납 완료,842.0,421.0,1571000.0
021091226,방화역,화곡영업사업소,시민용,방화역,2014-08-31,2014,8,2014-08,정기분,수납 완료,1194.0,597.0,2239000.0
021091226,방화역,화곡영업사업소,시민용,방화역,2014-10-31,2014,10,2014-10,정기분,수납 완료,1273.0,636.5,2397000.0
021091226,방화역,화곡영업사업소,시민용,방화역,2014-12-31,2014,12,2014-12,정기분,수납 완료,824.0,412.0,1499000.0
021091226,방화역,화곡영업사업소,시민용,방화역,2015-02-28,2015,2,2015-02,정기분,수납 완료,803.0,401.5,1512800.0
021091226,방화역,화곡영업사업소,시민용,방화역,2015-04-30,2015,4,2015-04,정기분,수납 완료,867.0,433.5,1640800.0
021091226,방화역,화곡영업사업소,시민용,방화역,2015-06-30,2015,6,2015-06,정기분,수납 완료,939.0,469.5,1784800.0
021091226,방화역,화곡영업사업소,시민용,방화역,2015-08-31,2015,8,2015-08,정기분,수납 완료,1639.0,819.5,3129000.0
021091226,방화역,화곡영업사업소,시민용,방화역,2015-10-31,2015,10,2015-10,정기분,수납 완료,1217.0,608.5,2285000.0
021091226,방화역,화곡영업사업소,시민용,방화역,2015-12-31,2015,12,2015-12,정기분,수납 완료,502.0,251.0,876560.0
021091226,방화역,화곡영업사업소,시민용,방화역,2016-02-29,2016,2,2016-02,정기분,수납 완료,884.0,442.0,1619000.0
021091226,방화역,화곡영업사업소,시민용,방화역,2016-04-30,2016,4,2016-04,정기분,수납 완료,916.0,458.0,1683000.0
021091226,방화역,화곡영업사업소,시민용,방화역,2016-06-30,2016,6,2016-06,정기분,수납 완료,1029.0,514.5,1909000.0
021091226,방화역,화곡영업사업소,시민용,방화역,2016-08-31,2016,8,2016-08,정기분,수납 완료,1243.0,621.5,2337000.0
021091226,방화역,화곡영업사업소,시민용,방화역,2016-10-31,2016,10,2016-10,정기분,수납 완료,1254.0,627.0,2359000.0
021091226,방화역,화곡영업사업소,시민용,방화역,2016-12-31,2016,12,2016-12,정기분,수납 완료,1026.0,513.0,1903000.0
021091226,방화역,화곡영업사업소,시민용,방화역,2017-02-28,2017,2,2017-02,정기분,수납 완료,994.0,497.0,1887660.0
021091226,방화역,화곡영업사업소,시민용,방화역,2017-04-30,2017,4,2017-04,정기분,수납 완료,1054.0,527.0,2055400.0
021091226,방화역,화곡영업사업소,시민용,방화역,2017-06-30,2017,6,2017-06,정기분,수납 완료,1110.0,555.0,2173000.0
021091226,방화역,화곡영업사업소,시민용,방화역,2017-08-31,2017,8,2017-08,정기분,수납 완료,1383.0,691.5,2746300.0
021091226,방화역,화곡영업사업소,시민용,방화역,2017-10-31,2017,10,2017-10,정기분,수납 완료,1377.0,688.5,2733700.0
021091226,방화역,화곡영업사업소,시민용,방화역,2017-12-31,2017,12,2017-12,정기분,수납 완료,951.0,475.5,1839100.0
021091226,방화역,화곡영업사업소,시민용,방화역,2018-02-28,2018,2,2018-02,정기분,수납 완료,892.0,446.0,1760670.0
021091226,방화역,화곡영업사업소,시민용,방화역,2018-04-30,2018,4,2018-04,정기분,수납 완료,902.0,451.0,1820420.0
021091226,방화역,화곡영업사업소,시민용,방화역,2018-06-30,2018,6,2018-06,정기분,수납 완료,1065.0,532.5,2243890.0
021091226,방화역,화곡영업사업소,시민용,방화역,2018-08-31,2018,8,2018-08,정기분,수납 완료,1346.0,673.0,2868260.0
021091226,방화역,화곡영업사업소,시민용,방화역,2018-10-31,2018,10,2018-10,정기분,수납 완료,1377.0,688.5,2936770.0
021091226,방화역,화곡영업사업소,시민용,방화역,2018-12-31,2018,12,2018-12,정기분,수납 완료,1436.0,718.0,3000560.0
021091226,방화역,화곡영업사업소,시민용,방화역,2019-02-28,2019,2,2019-02,정기분,수납 완료,997.0,498.5,2090630.0
021091226,방화역,화곡영업사업소,시민용,방화역,2019-04-30,2019,4,2019-04,정기분,수납 완료,992.0,496.0,2180160.0
021091226,방화역,화곡영업사업소,시민용,방화역,2019-06-30,2019,6,2019-06,정기분,수납 완료,1166.0,583.0,2585580.0
021091226,방화역,화곡영업사업소,시민용,방화역,2019-08-31,2019,8,2019-08,정기분,수납 완료,1414.0,707.0,3110620.0
021091226,방화역,화곡영업사업소,시민용,방화역,2019-10-31,2019,10,2019-10,정기분,수납 완료,1416.0,708.0,3168080.0
021091226,방화역,화곡영업사업소,시민용,방화역,2019-12-31,2019,12,2019-12,정기분,수납 완료,1279.0,639.5,2848870.0
021091226,방화역,화곡영업사업소,시민용,방화역,2020-02-29,2020,2,2020-02,정기분,수납 완료,1145.0,572.5,2536650.0
021091226,방화역,화곡영업사업소,시민용,방화역,2020-04-30,2020,4,2020-04,정기분,수납 완료,932.0,466.0,2040360.0
021091226,방화역,화곡영업사업소,시민용,방화역,2020-06-30,2020,6,2020-06,정기분,수납 완료,980.0,490.0,2273000.0
021091226,방화역,화곡영업사업소,시민용,방화역,2020-08-31,2020,8,2020-08,정기분,수납 완료,1181.0,590.5,2726530.0
021091226,방화역,화곡영업사업소,시민용,방화역,2020-10-31,2020,10,2020-10,정기분,수납 완료,1194.0,597.0,2691220.0
021091226,방화역,화곡영업사업소,시민용,방화역,2020-12-31,2020,12,2020-12,정기분,수납 완료,1010.0,505.0,2169300.0
021091226,방화역,화곡영업사업소,시민용,방화역,2021-02-28,2021,2,2021-02,정기분,수납 완료,849.0,424.5,1794170.0
021091226,방화역,화곡영업사업소,시민용,방화역,2021-04-30,2021,4,2021-04,정기분,수납 완료,896.0,448.0,1903680.0
021091226,방화역,화곡영업사업소,시민용,방화역,2021-06-30,2021,6,2021-06,정기분,수납 완료,1022.0,511.0,2197260.0
021091226,방화역,화곡영업사업소,시민용,방화역,2021-08-31,2021,8,2021-08,정기분,수납 완료,1469.0,734.5,3426970.0
021091226,방화역,화곡영업사업소,시민용,방화역,2021-10-31,2021,10,2021-10,정기분,수납 완료,1426.0,713.0,3442040.0
021091226,방화역,화곡영업사업소,시민용,방화역,2021-12-31,2021,12,2021-12,정기분,수납 완료,1072.0,536.0,2542880.0
021091226,방화역,화곡영업사업소,시민용,방화역,2022-02-28,2022,2,2022-02,정기분,수납 완료,1706.0,853.0,4307030.0
021091226,방화역,화곡영업사업소,시민용,방화역,2022-04-30,2022,4,2022-04,정기분,수납 완료,871.0,435.5,2200150.0
021091226,방화역,화곡영업사업소,시민용,방화역,2022-06-30,2022,6,2022-06,정기분,수납 완료,959.0,479.5,2430400.0
021091226,방화역,화곡영업사업소,시민용,방화역,2022-08-31,2022,8,2022-08,정기분,수납 완료,1583.0,791.5,4386550.0
021091226,방화역,화곡영업사업소,시민용,방화역,2022-10-31,2022,10,2022-10,정기분,수납 완료,1262.0,631.0,3350300.0
021091226,방화역,화곡영업사업소,시민용,방화역,2022-12-31,2022,12,2022-12,정기분,수납 완료,946.0,473.0,2453700.0
021091226,방화역,화곡영업사업소,시민용,방화역,2023-02-28,2023,2,2023-02,정기분,수납 완료,846.0,423.0,2462680.0
021091226,방화역,화곡영업사업소,시민용,방화역,2023-04-30,2023,4,2023-04,정기분,수납 완료,903.0,451.5,2886080.0
021091226,방화역,화곡영업사업소,시민용,방화역,2023-06-30,2023,6,2023-06,정기분,수납 완료,1060.0,530.0,3413600.0
021091226,방화역,화곡영업사업소,시민용,방화역,2023-08-31,2023,8,2023-08,정기분,수납 완료,1724.0,862.0,5644640.0
021091226,방화역,화곡영업사업소,시민용,방화역,2023-10-31,2023,10,2023-10,정기분,수납 완료,1857.0,928.5,6091520.0
021091226,방화역,화곡영업사업소,시민용,방화역,2023-12-31,2023,12,2023-12,정기분,수납 완료,1050.0,525.0,3380000.0
021091226,방화역,화곡영업사업소,시민용,방화역,2024-02-29,2024,2,2024-02,정기분,수납 완료,1050.0,525.0,3380000.0
021091226,방화역,화곡영업사업소,시민용,방화역,2024-04-30,2024,4,2024-04,정기분,수납 완료,903.0,451.5,2886080.0
021091226,방화역,화곡영업사업소,시민용,방화역,2024-06-30,2024,6,2024-06,정기분,수납 완료,1060.0,530.0,3413600.0
021091226,방화역,화곡영업사업소,시민용,방화역,2024-08-31,2024,8,2024-08,정기분,수납 완료,1724.0,862.0,5644640.0
021091226,방화역,화곡영업사업소,시민용,방화역,2024-10-31,2024,10,2024-10,정기분,수납 완료,1857.0,928.5,6261920.0
021091226,방화역,화곡영업사업소,시민용,방화역,2024-12-31,2024,12,2024-12,정기분,수납 완료,1050.0,525.0,3533600.0
021091226,방화역,화곡영업사업소,시민용,방화역,2025-02-28,2025,2,2025-02,정기분,수납 완료,1050.0,525.0,3533600.0
021091226,방화역,화곡영업사업소,시민용,방화역,2025-04-30,2025,4,2025-04,정기분,수납 완료,969.0,484.5,3107840.0
021091226,방화역,화곡영업사업소,시민용,방화역,2025-06-30,2025,6,2025-06,정기분,수납 완료,1041.0,520.5,3398360.0
021091226,방화역,화곡영업사업소,시민용,방화역,2025-08-31,2025,8,2025-08,정기분,수납 완료,1492.0,746.0,5038520.0
021091226,방화역,화곡영업사업소,시민용,방화역,2025-10-31,2025,10,2025-10,정기분,수납 완료,1633.0,816.5,5916280.0
021091226,방화역,화곡영업사업소,시민용,방화역,2025-12-31,2025,12,2025-12,정기분,수납 완료,1140.0,570.0,4715800.0
021091226,방화역,화곡영업사업소,시민용,방화역,2026-02-28,2026,2,2026-02,정기분,수납 완료,935.0,467.5,3803400.0
021091226,방화역,화곡영업사업소,시민용,방화역,2026-04-30,2026,4,2026-04,정기분,수납 완료,1054.0,527.0,4063400.0
032121991,버티고개역,동묘영업사업소,시민용,버티고개역,2008-06-30,2008,6,2008-06,정기분,수납 완료,391.0,195.5,680450.0
032121991,버티고개역,동묘영업사업소,시민용,버티고개역,2008-08-31,2008,8,2008-08,정기분,수납 완료,411.0,205.5,705750.0
032121991,버티고개역,동묘영업사업소,시민용,버티고개역,2008-10-31,2008,10,2008-10,정기분,수납 완료,411.0,205.5,680450.0
032121991,버티고개역,동묘영업사업소,시민용,버티고개역,2008-12-31,2008,12,2008-12,정기분,수납 완료,401.0,200.5,708050.0
032121991,버티고개역,동묘영업사업소,시민용,버티고개역,2009-02-28,2009,2,2009-02,정기분,수납 완료,405.0,202.5,869480.0
032121991,버티고개역,동묘영업사업소,시민용,버티고개역,2009-04-30,2009,4,2009-04,정기분,수납 완료,464.0,232.0,788240.0
032121991,버티고개역,동묘영업사업소,시민용,버티고개역,2009-06-30,2009,6,2009-06,정기분,수납 완료,449.0,224.5,756240.0
032121991,버티고개역,동묘영업사업소,시민용,버티고개역,2009-08-31,2009,8,2009-08,정기분,수납 완료,463.0,231.5,783120.0
032121991,버티고개역,동묘영업사업소,시민용,버티고개역,2009-10-31,2009,10,2009-10,정기분,수납 완료,449.0,224.5,769040.0
032121991,버티고개역,동묘영업사업소,시민용,버티고개역,2009-12-31,2009,12,2009-12,정기분,수납 완료,397.0,198.5,739100.0
032121991,버티고개역,동묘영업사업소,시민용,버티고개역,2010-02-28,2010,2,2010-02,정기분,수납 완료,385.0,192.5,704600.0
032121991,버티고개역,동묘영업사업소,시민용,버티고개역,2010-04-30,2010,4,2010-04,정기분,수납 완료,345.0,172.5,629850.0
032121991,버티고개역,동묘영업사업소,시민용,버티고개역,2010-06-30,2010,6,2010-06,정기분,수납 완료,439.0,219.5,989200.0
032121991,버티고개역,동묘영업사업소,시민용,버티고개역,2010-08-31,2010,8,2010-08,정기분,수납 완료,429.0,214.5,916240.0
032121991,버티고개역,동묘영업사업소,시민용,버티고개역,2010-10-31,2010,10,2010-10,정기분,수납 완료,433.0,216.5,859920.0
032121991,버티고개역,동묘영업사업소,시민용,버티고개역,2010-12-31,2010,12,2010-12,정기분,수납 완료,432.0,216.0,783120.0
032121991,버티고개역,동묘영업사업소,시민용,버티고개역,2011-02-28,2011,2,2011-02,정기분,수납 완료,370.0,185.0,624710.0
032121991,버티고개역,동묘영업사업소,시민용,버티고개역,2011-04-30,2011,4,2011-04,정기분,수납 완료,340.0,170.0,610480.0
032121991,버티고개역,동묘영업사업소,시민용,버티고개역,2011-06-30,2011,6,2011-06,정기분,수납 완료,431.0,215.5,725320.0
032121991,버티고개역,동묘영업사업소,시민용,버티고개역,2011-08-31,2011,8,2011-08,정기분,수납 완료,399.0,199.5,696320.0
032121991,버티고개역,동묘영업사업소,시민용,버티고개역,2011-10-31,2011,10,2011-10,정기분,수납 완료,390.0,195.0,665000.0
032121991,버티고개역,동묘영업사업소,시민용,버티고개역,2011-12-31,2011,12,2011-12,정기분,수납 완료,385.0,192.5,671960.0
032121991,버티고개역,동묘영업사업소,시민용,버티고개역,2012-02-29,2012,2,2012-02,정기분,수납 완료,339.0,169.5,615120.0
032121991,버티고개역,동묘영업사업소,시민용,버티고개역,2012-04-30,2012,4,2012-04,정기분,수납 완료,384.0,192.0,831020.0
032121991,버티고개역,동묘영업사업소,시민용,버티고개역,2012-06-30,2012,6,2012-06,정기분,수납 완료,415.0,207.5,832480.0
032121991,버티고개역,동묘영업사업소,시민용,버티고개역,2012-08-31,2012,8,2012-08,정기분,수납 완료,376.0,188.0,781380.0
032121991,버티고개역,동묘영업사업소,시민용,버티고개역,2012-10-31,2012,10,2012-10,정기분,수납 완료,369.0,184.5,772620.0
032121991,버티고개역,동묘영업사업소,시민용,버티고개역,2012-12-31,2012,12,2012-12,정기분,수납 완료,377.0,188.5,804740.0
032121991,버티고개역,동묘영업사업소,시민용,버티고개역,2013-02-28,2013,2,2013-02,정기분,수납 완료,340.0,170.0,746340.0
032121991,버티고개역,동묘영업사업소,시민용,버티고개역,2013-04-30,2013,4,2013-04,정기분,수납 완료,324.0,162.0,796950.0
032121991,버티고개역,동묘영업사업소,시민용,버티고개역,2013-06-30,2013,6,2013-06,정기분,수납 완료,398.0,199.0,978290.0
032121991,버티고개역,동묘영업사업소,시민용,버티고개역,2013-08-31,2013,8,2013-08,정기분,수납 완료,348.0,174.0,844220.0
032121991,버티고개역,동묘영업사업소,시민용,버티고개역,2013-10-31,2013,10,2013-10,정기분,수납 완료,346.0,173.0,832810.0
032121991,버티고개역,동묘영업사업소,시민용,버티고개역,2013-12-31,2013,12,2013-12,정기분,수납 완료,374.0,187.0,1024730.0
032121991,버티고개역,동묘영업사업소,시민용,버티고개역,2014-02-28,2014,2,2014-02,정기분,수납 완료,366.0,183.0,972990.0
032121991,버티고개역,동묘영업사업소,시민용,버티고개역,2014-04-30,2014,4,2014-04,정기분,수납 완료,369.0,184.5,978180.0
032121991,버티고개역,동묘영업사업소,시민용,버티고개역,2014-06-30,2014,6,2014-06,정기분,수납 완료,423.0,211.5,1049380.0
032121991,버티고개역,동묘영업사업소,시민용,버티고개역,2014-08-31,2014,8,2014-08,정기분,수납 완료,408.0,204.0,1010220.0
032121991,버티고개역,동묘영업사업소,시민용,버티고개역,2014-10-31,2014,10,2014-10,정기분,수납 완료,421.0,210.5,1065400.0
032121991,버티고개역,동묘영업사업소,시민용,버티고개역,2014-12-31,2014,12,2014-12,정기분,수납 완료,403.0,201.5,1029800.0
032121991,버티고개역,동묘영업사업소,시민용,버티고개역,2015-02-28,2015,2,2015-02,정기분,수납 완료,384.0,192.0,1019120.0
032121991,버티고개역,동묘영업사업소,시민용,버티고개역,2015-04-30,2015,4,2015-04,정기분,수납 완료,377.0,188.5,985300.0
032121991,버티고개역,동묘영업사업소,시민용,버티고개역,2015-06-30,2015,6,2015-06,정기분,수납 완료,432.0,216.0,1171000.0
032121991,버티고개역,동묘영업사업소,시민용,버티고개역,2015-08-31,2015,8,2015-08,정기분,수납 완료,376.0,188.0,1074300.0
032121991,버티고개역,동묘영업사업소,시민용,버티고개역,2015-10-31,2015,10,2015-10,정기분,수납 완료,375.0,187.5,2013000.0
032121991,버티고개역,동묘영업사업소,시민용,버티고개역,2015-12-31,2015,12,2015-12,정기분,수납 완료,387.0,193.5,1341000.0
032121991,버티고개역,동묘영업사업소,시민용,버티고개역,2016-02-29,2016,2,2016-02,정기분,수납 완료,339.0,169.5,908760.0
032121991,버티고개역,동묘영업사업소,시민용,버티고개역,2016-04-30,2016,4,2016-04,정기분,수납 완료,363.0,181.5,1006660.0
032121991,버티고개역,동묘영업사업소,시민용,버티고개역,2016-06-30,2016,6,2016-06,정기분,수납 완료,429.0,214.5,1125000.0
032121991,버티고개역,동묘영업사업소,시민용,버티고개역,2016-08-31,2016,8,2016-08,정기분,수납 완료,406.0,203.0,1163000.0
032121991,버티고개역,동묘영업사업소,시민용,버티고개역,2016-10-31,2016,10,2016-10,정기분,수납 완료,335.0,167.5,983520.0
032121991,버티고개역,동묘영업사업소,시민용,버티고개역,2016-12-31,2016,12,2016-12,정기분,수납 완료,362.0,181.0,979960.0
032121991,버티고개역,동묘영업사업소,시민용,버티고개역,2017-02-28,2017,2,2017-02,정기분,수납 완료,340.0,170.0,1034800.0
032121991,버티고개역,동묘영업사업소,시민용,버티고개역,2017-04-30,2017,4,2017-04,정기분,수납 완료,296.0,148.0,894950.0
032121991,버티고개역,동묘영업사업소,시민용,버티고개역,2017-06-30,2017,6,2017-06,정기분,수납 완료,377.0,188.5,1146390.0
032121991,버티고개역,동묘영업사업소,시민용,버티고개역,2017-08-31,2017,8,2017-08,정기분,수납 완료,372.0,186.0,2479200.0
032121991,버티고개역,동묘영업사업소,시민용,버티고개역,2017-10-31,2017,10,2017-10,정기분,수납 완료,345.0,172.5,2611500.0
032121991,버티고개역,동묘영업사업소,시민용,버티고개역,2017-12-31,2017,12,2017-12,정기분,수납 완료,396.0,198.0,2603100.0
032121991,버티고개역,동묘영업사업소,시민용,버티고개역,2018-02-28,2018,2,2018-02,정기분,수납 완료,333.0,166.5,2183560.0
032121991,버티고개역,동묘영업사업소,시민용,버티고개역,2018-04-30,2018,4,2018-04,정기분,수납 완료,342.0,171.0,2151090.0
032121991,버티고개역,동묘영업사업소,시민용,버티고개역,2018-06-30,2018,6,2018-06,정기분,수납 완료,377.0,188.5,2356620.0
032121991,버티고개역,동묘영업사업소,시민용,버티고개역,2018-08-31,2018,8,2018-08,정기분,수납 완료,197.0,98.5,2338940.0
032121991,버티고개역,동묘영업사업소,시민용,버티고개역,2018-10-31,2018,10,2018-10,정기분,수납 완료,269.0,134.5,3103600.0
032121991,버티고개역,동묘영업사업소,시민용,버티고개역,2018-12-31,2018,12,2018-12,정기분,수납 완료,255.0,127.5,1879260.0
032121991,버티고개역,동묘영업사업소,시민용,버티고개역,2019-02-28,2019,2,2019-02,정기분,수납 완료,247.0,123.5,1637810.0
032121991,버티고개역,동묘영업사업소,시민용,버티고개역,2019-04-30,2019,4,2019-04,정기분,수납 완료,267.0,133.5,1778930.0
032121991,버티고개역,동묘영업사업소,시민용,버티고개역,2019-06-30,2019,6,2019-06,정기분,수납 완료,311.0,155.5,2198330.0
032121991,버티고개역,동묘영업사업소,시민용,버티고개역,2019-08-31,2019,8,2019-08,정기분,수납 완료,290.0,145.0,2620060.0
032121991,버티고개역,동묘영업사업소,시민용,버티고개역,2019-10-31,2019,10,2019-10,정기분,수납 완료,296.0,148.0,3242170.0
032121991,버티고개역,동묘영업사업소,시민용,버티고개역,2019-12-31,2019,12,2019-12,정기분,수납 완료,378.0,189.0,2564140.0
032121991,버티고개역,동묘영업사업소,시민용,버티고개역,2020-02-29,2020,2,2020-02,정기분,수납 완료,412.0,206.0,2228620.0
032121991,버티고개역,동묘영업사업소,시민용,버티고개역,2020-04-30,2020,4,2020-04,정기분,수납 완료,242.0,121.0,1590200.0
032121991,버티고개역,동묘영업사업소,시민용,버티고개역,2020-06-30,2020,6,2020-06,정기분,수납 완료,279.0,139.5,2100470.0
032121991,버티고개역,동묘영업사업소,시민용,버티고개역,2020-08-31,2020,8,2020-08,정기분,수납 완료,290.0,145.0,2370750.0
032121991,버티고개역,동묘영업사업소,시민용,버티고개역,2020-10-31,2020,10,2020-10,정기분,수납 완료,268.0,134.0,2629380.0
032121991,버티고개역,동묘영업사업소,시민용,버티고개역,2020-12-31,2020,12,2020-12,정기분,수납 완료,316.0,158.0,2398710.0
032121991,버티고개역,동묘영업사업소,시민용,버티고개역,2021-02-28,2021,2,2021-02,정기분,수납 완료,251.0,125.5,1564570.0
032121991,버티고개역,동묘영업사업소,시민용,버티고개역,2021-04-30,2021,4,2021-04,정기분,수납 완료,281.0,140.5,1897760.0
032121991,버티고개역,동묘영업사업소,시민용,버티고개역,2021-06-30,2021,6,2021-06,정기분,수납 완료,320.0,160.0,2144740.0
032121991,버티고개역,동묘영업사업소,시민용,버티고개역,2021-08-31,2021,8,2021-08,정기분,수납 완료,258.0,129.0,2420260.0
032121991,버티고개역,동묘영업사업소,시민용,버티고개역,2021-10-31,2021,10,2021-10,정기분,수납 완료,276.0,138.0,3253280.0
032121991,버티고개역,동묘영업사업소,시민용,버티고개역,2021-12-31,2021,12,2021-12,정기분,수납 완료,250.0,125.0,2587800.0
032121991,버티고개역,동묘영업사업소,시민용,버티고개역,2022-02-28,2022,2,2022-02,정기분,수납 완료,270.0,135.0,2205510.0
032121991,버티고개역,동묘영업사업소,시민용,버티고개역,2022-04-30,2022,4,2022-04,정기분,수납 완료,251.0,125.5,2382650.0
032121991,버티고개역,동묘영업사업소,시민용,버티고개역,2022-06-30,2022,6,2022-06,정기분,수납 완료,333.0,166.5,3053100.0
032121991,버티고개역,동묘영업사업소,시민용,버티고개역,2022-08-31,2022,8,2022-08,정기분,수납 완료,274.0,137.0,3175000.0
032121991,버티고개역,동묘영업사업소,시민용,버티고개역,2022-10-31,2022,10,2022-10,정기분,수납 완료,290.0,145.0,2745700.0
032121991,버티고개역,동묘영업사업소,시민용,버티고개역,2022-12-31,2022,12,2022-12,정기분,수납 완료,299.0,149.5,2769550.0
032121991,버티고개역,동묘영업사업소,시민용,버티고개역,2023-02-28,2023,2,2023-02,정기분,수납 완료,267.0,133.5,1629370.0
032121991,버티고개역,동묘영업사업소,시민용,버티고개역,2023-04-30,2023,4,2023-04,정기분,수납 완료,269.0,134.5,1319920.0
032121991,버티고개역,동묘영업사업소,시민용,버티고개역,2023-06-30,2023,6,2023-06,정기분,수납 완료,297.0,148.5,1867600.0
032121991,버티고개역,동묘영업사업소,시민용,버티고개역,2023-08-31,2023,8,2023-08,정기분,수납 완료,395.0,197.5,2667280.0
032121991,버티고개역,동묘영업사업소,시민용,버티고개역,2023-10-31,2023,10,2023-10,정기분,수납 완료,146.0,73.0,2670640.0
032121991,버티고개역,동묘영업사업소,시민용,버티고개역,2023-12-31,2023,12,2023-12,정기분,수납 완료,271.0,135.5,1548400.0
032121991,버티고개역,동묘영업사업소,시민용,버티고개역,2024-02-29,2024,2,2024-02,정기분,수납 완료,267.0,133.5,1434200.0
032121991,버티고개역,동묘영업사업소,시민용,버티고개역,2024-04-30,2024,4,2024-04,정기분,수납 완료,261.0,130.5,1397200.0
032121991,버티고개역,동묘영업사업소,시민용,버티고개역,2024-06-30,2024,6,2024-06,정기분,수납 완료,304.0,152.0,1645840.0
032121991,버티고개역,동묘영업사업소,시민용,버티고개역,2024-08-31,2024,8,2024-08,정기분,수납 완료,321.0,160.5,2606800.0
032121991,버티고개역,동묘영업사업소,시민용,버티고개역,2024-10-31,2024,10,2024-10,정기분,수납 완료,313.0,156.5,3406480.0
032121991,버티고개역,동묘영업사업소,시민용,버티고개역,2024-12-31,2024,12,2024-12,정기분,수납 완료,549.0,274.5,2579920.0
032121991,버티고개역,동묘영업사업소,시민용,버티고개역,2025-02-28,2025,2,2025-02,정기분,수납 완료,364.0,182.0,1717390.0
032121991,버티고개역,동묘영업사업소,시민용,버티고개역,2025-04-30,2025,4,2025-04,정기분,수납 완료,336.0,168.0,2885680.0
032121991,버티고개역,동묘영업사업소,시민용,버티고개역,2025-06-30,2025,6,2025-06,정기분,수납 완료,398.0,199.0,2676370.0
032121991,버티고개역,동묘영업사업소,시민용,버티고개역,2025-08-31,2025,8,2025-08,정기분,수납 완료,357.0,178.5,1863240.0
032121991,버티고개역,동묘영업사업소,시민용,버티고개역,2025-10-31,2025,10,2025-10,정기분,수납 완료,345.0,172.5,2011080.0
032121991,버티고개역,동묘영업사업소,시민용,버티고개역,2025-12-31,2025,12,2025-12,정기분,수납 완료,375.0,187.5,1839720.0
032121991,버티고개역,동묘영업사업소,시민용,버티고개역,2026-02-28,2026,2,2026-02,정기분,수납 완료,372.0,186.0,1915560.0
032121991,버티고개역,동묘영업사업소,시민용,버티고개역,2026-04-30,2026,4,2026-04,정기분,수납 완료,358.0,179.0,1955380.0
032086710,보문역,동묘영업사업소,시민용,보문역,2008-06-30,2008,6,2008-06,정기분,수납 완료,181.0,90.5,860040.0
032086710,보문역,동묘영업사업소,시민용,보문역,2008-08-31,2008,8,2008-08,정기분,수납 완료,254.0,127.0,926640.0
032086710,보문역,동묘영업사업소,시민용,보문역,2008-10-31,2008,10,2008-10,정기분,수납 완료,280.0,140.0,996600.0
032086710,보문역,동묘영업사업소,시민용,보문역,2008-12-31,2008,12,2008-12,정기분,수납 완료,244.0,122.0,951280.0
032086710,보문역,동묘영업사업소,시민용,보문역,2009-02-28,2009,2,2009-02,정기분,수납 완료,206.0,103.0,797800.0
032086710,보문역,동묘영업사업소,시민용,보문역,2009-04-30,2009,4,2009-04,정기분,수납 완료,250.0,125.0,905320.0
032086710,보문역,동묘영업사업소,시민용,보문역,2009-06-30,2009,6,2009-06,정기분,수납 완료,318.0,159.0,1066760.0
032086710,보문역,동묘영업사업소,시민용,보문역,2009-08-31,2009,8,2009-08,정기분,수납 완료,295.0,147.5,1081360.0
032086710,보문역,동묘영업사업소,시민용,보문역,2009-10-31,2009,10,2009-10,정기분,수납 완료,280.0,140.0,1074720.0
032086710,보문역,동묘영업사업소,시민용,보문역,2009-12-31,2009,12,2009-12,정기분,수납 완료,341.0,170.5,680560.0
032086710,보문역,동묘영업사업소,시민용,보문역,2010-02-28,2010,2,2010-02,정기분,수납 완료,200.0,100.0,455970.0
032086710,보문역,동묘영업사업소,시민용,보문역,2010-04-30,2010,4,2010-04,정기분,수납 완료,399.0,199.5,596500.0
032086710,보문역,동묘영업사업소,시민용,보문역,2010-06-30,2010,6,2010-06,정기분,수납 완료,332.0,166.0,523610.0
032086710,보문역,동묘영업사업소,시민용,보문역,2010-08-31,2010,8,2010-08,정기분,수납 완료,281.0,140.5,481620.0
032086710,보문역,동묘영업사업소,시민용,보문역,2010-10-31,2010,10,2010-10,정기분,수납 완료,221.0,110.5,436020.0
032086710,보문역,동묘영업사업소,시민용,보문역,2010-12-31,2010,12,2010-12,정기분,수납 완료,174.0,87.0,402850.0
032086710,보문역,동묘영업사업소,시민용,보문역,2011-02-28,2011,2,2011-02,정기분,수납 완료,143.0,71.5,373210.0
032086710,보문역,동묘영업사업소,시민용,보문역,2011-04-30,2011,4,2011-04,정기분,수납 완료,124.0,62.0,355720.0
032086710,보문역,동묘영업사업소,시민용,보문역,2011-06-30,2011,6,2011-06,정기분,수납 완료,163.0,81.5,399010.0
032086710,보문역,동묘영업사업소,시민용,보문역,2011-08-31,2011,8,2011-08,정기분,수납 완료,147.0,73.5,385500.0
032086710,보문역,동묘영업사업소,시민용,보문역,2011-10-31,2011,10,2011-10,정기분,수납 완료,135.0,67.5,387310.0
032086710,보문역,동묘영업사업소,시민용,보문역,2011-12-31,2011,12,2011-12,정기분,수납 완료,196.0,98.0,458080.0
032086710,보문역,동묘영업사업소,시민용,보문역,2012-02-29,2012,2,2012-02,정기분,수납 완료,100.0,50.0,338260.0
032086710,보문역,동묘영업사업소,시민용,보문역,2012-04-30,2012,4,2012-04,정기분,수납 완료,102.0,51.0,406340.0
032086710,보문역,동묘영업사업소,시민용,보문역,2012-06-30,2012,6,2012-06,정기분,수납 완료,261.0,130.5,499940.0
032086710,보문역,동묘영업사업소,시민용,보문역,2012-08-31,2012,8,2012-08,정기분,수납 완료,266.0,133.0,524020.0
032086710,보문역,동묘영업사업소,시민용,보문역,2012-10-31,2012,10,2012-10,정기분,수납 완료,266.0,133.0,524240.0
032086710,보문역,동묘영업사업소,시민용,보문역,2012-12-31,2012,12,2012-12,정기분,수납 완료,266.0,133.0,533260.0
032086710,보문역,동묘영업사업소,시민용,보문역,2013-02-28,2013,2,2013-02,정기분,수납 완료,19.0,9.5,313140.0
032086710,보문역,동묘영업사업소,시민용,보문역,2013-04-30,2013,4,2013-04,정기분,수납 완료,154.0,77.0,450020.0
032086710,보문역,동묘영업사업소,시민용,보문역,2013-06-30,2013,6,2013-06,정기분,수납 완료,189.0,94.5,542110.0
032086710,보문역,동묘영업사업소,시민용,보문역,2013-08-31,2013,8,2013-08,정기분,수납 완료,213.0,106.5,533020.0
032086710,보문역,동묘영업사업소,시민용,보문역,2013-10-31,2013,10,2013-10,정기분,수납 완료,209.0,104.5,508620.0
032086710,보문역,동묘영업사업소,시민용,보문역,2013-12-31,2013,12,2013-12,정기분,수납 완료,217.0,108.5,648790.0
032086710,보문역,동묘영업사업소,시민용,보문역,2014-02-28,2014,2,2014-02,정기분,수납 완료,261.0,130.5,694770.0
032086710,보문역,동묘영업사업소,시민용,보문역,2014-04-30,2014,4,2014-04,정기분,수납 완료,601.0,300.5,1254300.0
032086710,보문역,동묘영업사업소,시민용,보문역,2014-06-30,2014,6,2014-06,정기분,수납 완료,947.0,473.5,1908800.0
032086710,보문역,동묘영업사업소,시민용,보문역,2014-08-31,2014,8,2014-08,정기분,수납 완료,1069.0,534.5,2107800.0
032086710,보문역,동묘영업사업소,시민용,보문역,2014-10-31,2014,10,2014-10,정기분,수납 완료,1070.0,535.0,2109800.0
032086710,보문역,동묘영업사업소,시민용,보문역,2014-12-31,2014,12,2014-12,정기분,수납 완료,1070.0,535.0,2109800.0
032086710,보문역,동묘영업사업소,시민용,보문역,2015-02-28,2015,2,2015-02,정기분,수납 완료,147.0,73.5,317260.0
032086710,보문역,동묘영업사업소,시민용,보문역,2015-04-30,2015,4,2015-04,정기분,수납 완료,147.0,73.5,317260.0
032086710,보문역,동묘영업사업소,시민용,보문역,2015-06-30,2015,6,2015-06,정기분,수납 완료,1869.0,934.5,3661600.0
032086710,보문역,동묘영업사업소,시민용,보문역,2015-08-31,2015,8,2015-08,정기분,수납 완료,698.0,349.0,1319600.0
032086710,보문역,동묘영업사업소,시민용,보문역,2015-10-31,2015,10,2015-10,정기분,수납 완료,1442.0,721.0,2807600.0
032086710,보문역,동묘영업사업소,시민용,보문역,2015-12-31,2015,12,2015-12,정기분,수납 완료,1005.0,502.5,1933600.0
032086710,보문역,동묘영업사업소,시민용,보문역,2016-02-29,2016,2,2016-02,정기분,수납 완료,970.0,485.0,1863600.0
032086710,보문역,동묘영업사업소,시민용,보문역,2016-04-30,2016,4,2016-04,정기분,수납 완료,991.0,495.5,1905600.0
032086710,보문역,동묘영업사업소,시민용,보문역,2016-06-30,2016,6,2016-06,정기분,수납 완료,1201.0,600.5,2325600.0
032086710,보문역,동묘영업사업소,시민용,보문역,2016-08-31,2016,8,2016-08,정기분,수납 완료,1159.0,579.5,2241600.0
032086710,보문역,동묘영업사업소,시민용,보문역,2016-10-31,2016,10,2016-10,정기분,수납 완료,1192.0,596.0,2307600.0
032086710,보문역,동묘영업사업소,시민용,보문역,2016-12-31,2016,12,2016-12,정기분,수납 완료,1282.0,641.0,2487600.0
032086710,보문역,동묘영업사업소,시민용,보문역,2017-02-28,2017,2,2017-02,정기분,수납 완료,869.0,434.5,1699220.0
032086710,보문역,동묘영업사업소,시민용,보문역,2017-04-30,2017,4,2017-04,정기분,수납 완료,1093.0,546.5,2213900.0
032086710,보문역,동묘영업사업소,시민용,보문역,2017-06-30,2017,6,2017-06,정기분,수납 완료,1201.0,600.5,2436700.0
032086710,보문역,동묘영업사업소,시민용,보문역,2017-08-31,2017,8,2017-08,정기분,수납 완료,1318.0,659.0,2682400.0
032086710,보문역,동묘영업사업소,시민용,보문역,2017-10-31,2017,10,2017-10,정기분,수납 완료,1241.0,620.5,2520700.0
032086710,보문역,동묘영업사업소,시민용,보문역,2017-12-31,2017,12,2017-12,정기분,수납 완료,1344.0,672.0,2737000.0
032086710,보문역,동묘영업사업소,시민용,보문역,2018-02-28,2018,2,2018-02,정기분,수납 완료,1040.0,520.0,2144180.0
032086710,보문역,동묘영업사업소,시민용,보문역,2018-04-30,2018,4,2018-04,정기분,수납 완료,1053.0,526.5,2226730.0
032086710,보문역,동묘영업사업소,시민용,보문역,2018-06-30,2018,6,2018-06,정기분,수납 완료,1184.0,592.0,2516240.0
032086710,보문역,동묘영업사업소,시민용,보문역,2018-08-31,2018,8,2018-08,정기분,수납 완료,1400.0,700.0,2993600.0
032086710,보문역,동묘영업사업소,시민용,보문역,2018-10-31,2018,10,2018-10,정기분,수납 완료,1754.0,877.0,3775940.0
032086710,보문역,동묘영업사업소,시민용,보문역,2018-12-31,2018,12,2018-12,정기분,수납 완료,1343.0,671.5,2867630.0
032086710,보문역,동묘영업사업소,시민용,보문역,2019-02-28,2019,2,2019-02,정기분,수납 완료,999.0,499.5,2157110.0
032086710,보문역,동묘영업사업소,시민용,보문역,2019-04-30,2019,4,2019-04,정기분,수납 완료,1141.0,570.5,2547130.0
032086710,보문역,동묘영업사업소,시민용,보문역,2019-06-30,2019,6,2019-06,정기분,수납 완료,1168.0,584.0,2610040.0
032086710,보문역,동묘영업사업소,시민용,보문역,2019-08-31,2019,8,2019-08,정기분,수납 완료,1428.0,714.0,3215840.0
032086710,보문역,동묘영업사업소,시민용,보문역,2019-10-31,2019,10,2019-10,정기분,수납 완료,1372.0,686.0,3085360.0
032086710,보문역,동묘영업사업소,시민용,보문역,2019-12-31,2019,12,2019-12,정기분,수납 완료,1276.0,638.0,2866340.0
032086710,보문역,동묘영업사업소,시민용,보문역,2020-02-29,2020,2,2020-02,정기분,수납 완료,1075.0,537.5,2393350.0
032086710,보문역,동묘영업사업소,시민용,보문역,2020-04-30,2020,4,2020-04,정기분,수납 완료,848.0,424.0,1864440.0
032086710,보문역,동묘영업사업소,시민용,보문역,2020-06-30,2020,6,2020-06,정기분,수납 완료,901.0,450.5,1987930.0
032086710,보문역,동묘영업사업소,시민용,보문역,2020-08-31,2020,8,2020-08,정기분,수납 완료,912.0,456.0,2013560.0
032086710,보문역,동묘영업사업소,시민용,보문역,2020-10-31,2020,10,2020-10,정기분,수납 완료,1160.0,580.0,2591400.0
032086710,보문역,동묘영업사업소,시민용,보문역,2020-12-31,2020,12,2020-12,정기분,수납 완료,954.0,477.0,2111420.0
032086710,보문역,동묘영업사업소,시민용,보문역,2021-02-28,2021,2,2021-02,정기분,수납 완료,789.0,394.5,1726970.0
032086710,보문역,동묘영업사업소,시민용,보문역,2021-04-30,2021,4,2021-04,정기분,수납 완료,839.0,419.5,1843470.0
032086710,보문역,동묘영업사업소,시민용,보문역,2021-06-30,2021,6,2021-06,정기분,수납 완료,1072.0,536.0,2386360.0
032086710,보문역,동묘영업사업소,시민용,보문역,2021-08-31,2021,8,2021-08,정기분,수납 완료,1173.0,586.5,2747510.0
032086710,보문역,동묘영업사업소,시민용,보문역,2021-10-31,2021,10,2021-10,정기분,수납 완료,1134.0,567.0,2772960.0
032086710,보문역,동묘영업사업소,시민용,보문역,2021-12-31,2021,12,2021-12,정기분,수납 완료,995.0,497.5,2419900.0
032086710,보문역,동묘영업사업소,시민용,보문역,2022-02-28,2022,2,2022-02,정기분,수납 완료,981.0,490.5,2472910.0
032086710,보문역,동묘영업사업소,시민용,보문역,2022-04-30,2022,4,2022-04,정기분,수납 완료,825.0,412.5,2150850.0
032086710,보문역,동묘영업사업소,시민용,보문역,2022-06-30,2022,6,2022-06,정기분,수납 완료,1072.0,536.0,2805400.0
032086710,보문역,동묘영업사업소,시민용,보문역,2022-08-31,2022,8,2022-08,정기분,수납 완료,1388.0,694.0,3642800.0
032086710,보문역,동묘영업사업소,시민용,보문역,2022-10-31,2022,10,2022-10,정기분,수납 완료,1347.0,673.5,3534150.0
032086710,보문역,동묘영업사업소,시민용,보문역,2022-12-31,2022,12,2022-12,정기분,수납 완료,1113.0,556.5,2914050.0
032086710,보문역,동묘영업사업소,시민용,보문역,2023-02-28,2023,2,2023-02,정기분,수납 완료,1113.0,556.5,3283530.0
032086710,보문역,동묘영업사업소,시민용,보문역,2023-04-30,2023,4,2023-04,정기분,수납 완료,911.0,455.5,2985560.0
032086710,보문역,동묘영업사업소,시민용,보문역,2023-06-30,2023,6,2023-06,정기분,수납 완료,1174.0,587.0,3869240.0
032086710,보문역,동묘영업사업소,시민용,보문역,2023-08-31,2023,8,2023-08,정기분,수납 완료,1355.0,677.5,4477400.0
032086710,보문역,동묘영업사업소,시민용,보문역,2023-10-31,2023,10,2023-10,정기분,수납 완료,1491.0,745.5,4934360.0
032086710,보문역,동묘영업사업소,시민용,보문역,2023-12-31,2023,12,2023-12,정기분,수납 완료,1058.0,529.0,3479480.0
032086710,보문역,동묘영업사업소,시민용,보문역,2024-02-29,2024,2,2024-02,정기분,수납 완료,997.0,498.5,3274520.0
032086710,보문역,동묘영업사업소,시민용,보문역,2024-04-30,2024,4,2024-04,정기분,수납 완료,1039.0,519.5,3415640.0
032086710,보문역,동묘영업사업소,시민용,보문역,2024-06-30,2024,6,2024-06,정기분,수납 완료,1286.0,643.0,4245560.0
032086710,보문역,동묘영업사업소,시민용,보문역,2024-08-31,2024,8,2024-08,정기분,수납 완료,1371.0,685.5,4531160.0
032086710,보문역,동묘영업사업소,시민용,보문역,2024-10-31,2024,10,2024-10,정기분,수납 완료,1575.0,787.5,5216600.0
032086710,보문역,동묘영업사업소,시민용,보문역,2024-12-31,2024,12,2024-12,정기분,수납 완료,1209.0,604.5,3986840.0
032086710,보문역,동묘영업사업소,시민용,보문역,2025-02-28,2025,2,2025-02,정기분,수납 완료,1125.0,562.5,3695550.0
032086710,보문역,동묘영업사업소,시민용,보문역,2025-04-30,2025,4,2025-04,정기분,수납 완료,1078.0,539.0,3546680.0
032086710,보문역,동묘영업사업소,시민용,보문역,2025-06-30,2025,6,2025-06,정기분,수납 완료,1342.0,671.0,4433720.0
032086710,보문역,동묘영업사업소,시민용,보문역,2025-08-31,2025,8,2025-08,정기분,수납 완료,1664.0,832.0,5514640.0
032086710,보문역,동묘영업사업소,시민용,보문역,2025-10-31,2025,10,2025-10,정기분,수납 완료,1666.0,833.0,5521360.0
032086710,보문역,동묘영업사업소,시민용,보문역,2025-12-31,2025,12,2025-12,정기분,수납 완료,1150.0,575.0,3787600.0
032086710,보문역,동묘영업사업소,시민용,보문역,2026-02-28,2026,2,2026-02,정기분,수납 완료,978.0,489.0,3315710.0
032086710,보문역,동묘영업사업소,시민용,보문역,2026-04-30,2026,4,2026-04,정기분,수납 완료,1046.0,523.0,3638240.0
032909986,보문역,동묘영업사업소,직원용,서울교통공사,2008-06-30,2008,6,2008-06,정기분,수납 완료,43.0,21.5,50840.0
032909986,보문역,동묘영업사업소,직원용,서울교통공사,2008-08-31,2008,8,2008-08,정기분,수납 완료,47.0,23.5,55440.0
032909986,보문역,동묘영업사업소,직원용,서울교통공사,2008-10-31,2008,10,2008-10,정기분,수납 완료,42.0,21.0,49790.0
032909986,보문역,동묘영업사업소,직원용,서울교통공사,2008-12-31,2008,12,2008-12,정기분,수납 완료,43.0,21.5,51040.0
032909986,보문역,동묘영업사업소,직원용,서울교통공사,2009-02-28,2009,2,2009-02,정기분,수납 완료,44.0,22.0,52170.0
032909986,보문역,동묘영업사업소,직원용,서울교통공사,2009-04-30,2009,4,2009-04,정기분,수납 완료,38.0,19.0,45410.0
032909986,보문역,동묘영업사업소,직원용,서울교통공사,2009-06-30,2009,6,2009-06,정기분,수납 완료,38.0,19.0,45270.0
032909986,보문역,동묘영업사업소,직원용,서울교통공사,2009-08-31,2009,8,2009-08,정기분,수납 완료,43.0,21.5,51120.0
032909986,보문역,동묘영업사업소,직원용,서울교통공사,2009-10-31,2009,10,2009-10,정기분,수납 완료,40.0,20.0,47850.0
032909986,보문역,동묘영업사업소,직원용,서울교통공사,2009-12-31,2009,12,2009-12,정기분,수납 완료,28.0,14.0,34600.0
032909986,보문역,동묘영업사업소,직원용,서울교통공사,2010-02-28,2010,2,2010-02,정기분,수납 완료,10.0,5.0,14160.0
032909986,보문역,동묘영업사업소,직원용,서울교통공사,2010-04-30,2010,4,2010-04,정기분,수납 완료,8.0,4.0,11900.0
032909986,보문역,동묘영업사업소,직원용,서울교통공사,2010-06-30,2010,6,2010-06,정기분,수납 완료,13.0,6.5,18420.0
032909986,보문역,동묘영업사업소,직원용,서울교통공사,2010-08-31,2010,8,2010-08,정기분,수납 완료,35.0,17.5,43060.0
032909986,보문역,동묘영업사업소,직원용,서울교통공사,2010-10-31,2010,10,2010-10,정기분,수납 완료,45.0,22.5,54360.0
032909986,보문역,동묘영업사업소,직원용,서울교통공사,2010-12-31,2010,12,2010-12,정기분,수납 완료,48.0,24.0,56400.0
032909986,보문역,동묘영업사업소,직원용,서울교통공사,2011-02-28,2011,2,2011-02,정기분,수납 완료,40.0,20.0,47540.0
032909986,보문역,동묘영업사업소,직원용,서울교통공사,2011-04-30,2011,4,2011-04,정기분,수납 완료,56.0,28.0,67360.0
032909986,보문역,동묘영업사업소,직원용,서울교통공사,2011-06-30,2011,6,2011-06,정기분,수납 완료,30.0,15.0,37210.0
032909986,보문역,동묘영업사업소,직원용,서울교통공사,2011-08-31,2011,8,2011-08,정기분,수납 완료,31.0,15.5,37940.0
032909986,보문역,동묘영업사업소,직원용,서울교통공사,2011-10-31,2011,10,2011-10,정기분,수납 완료,28.0,14.0,34080.0
032909986,보문역,동묘영업사업소,직원용,서울교통공사,2011-12-31,2011,12,2011-12,정기분,수납 완료,28.0,14.0,34520.0
032909986,보문역,동묘영업사업소,직원용,서울교통공사,2012-02-29,2012,2,2012-02,정기분,수납 완료,20.0,10.0,25640.0
032909986,보문역,동묘영업사업소,직원용,서울교통공사,2012-04-30,2012,4,2012-04,정기분,수납 완료,21.0,10.5,28260.0
032909986,보문역,동묘영업사업소,직원용,서울교통공사,2012-06-30,2012,6,2012-06,정기분,수납 완료,20.0,10.0,27040.0
032909986,보문역,동묘영업사업소,직원용,서울교통공사,2012-08-31,2012,8,2012-08,정기분,수납 완료,25.0,12.5,33140.0
032909986,보문역,동묘영업사업소,직원용,서울교통공사,2012-10-31,2012,10,2012-10,정기분,수납 완료,27.0,13.5,35100.0
032909986,보문역,동묘영업사업소,직원용,서울교통공사,2012-12-31,2012,12,2012-12,정기분,수납 완료,23.0,11.5,30460.0
032909986,보문역,동묘영업사업소,직원용,서울교통공사,2013-02-28,2013,2,2013-02,정기분,수납 완료,20.0,10.0,28020.0
032909986,보문역,동묘영업사업소,직원용,서울교통공사,2013-04-30,2013,4,2013-04,정기분,수납 완료,22.0,11.0,33120.0
032909986,보문역,동묘영업사업소,직원용,서울교통공사,2013-06-30,2013,6,2013-06,정기분,수납 완료,25.0,12.5,34410.0
032909986,보문역,동묘영업사업소,직원용,서울교통공사,2013-08-31,2013,8,2013-08,정기분,수납 완료,26.0,13.0,35950.0
032909986,보문역,동묘영업사업소,직원용,서울교통공사,2013-10-31,2013,10,2013-10,정기분,수납 완료,25.0,12.5,35180.0
032909986,보문역,동묘영업사업소,직원용,서울교통공사,2013-12-31,2013,12,2013-12,정기분,수납 완료,20.0,10.0,27960.0
032909986,보문역,동묘영업사업소,직원용,서울교통공사,2014-02-28,2014,2,2014-02,정기분,수납 완료,12.0,6.0,18410.0
032909986,보문역,동묘영업사업소,직원용,서울교통공사,2014-04-30,2014,4,2014-04,정기분,수납 완료,10.0,5.0,15920.0
032909986,보문역,동묘영업사업소,직원용,서울교통공사,2014-06-30,2014,6,2014-06,정기분,수납 완료,5.0,2.5,9980.0
032909986,보문역,동묘영업사업소,직원용,서울교통공사,2014-08-31,2014,8,2014-08,정기분,수납 완료,26.0,13.0,42110.0
032909986,보문역,동묘영업사업소,직원용,서울교통공사,2014-10-31,2014,10,2014-10,정기분,수납 완료,44.0,22.0,61560.0
032909986,보문역,동묘영업사업소,직원용,서울교통공사,2014-12-31,2014,12,2014-12,정기분,수납 완료,36.0,18.0,50760.0
032909986,보문역,동묘영업사업소,직원용,서울교통공사,2015-02-28,2015,2,2015-02,정기분,수납 완료,3.0,1.5,7830.0
032909986,보문역,동묘영업사업소,직원용,서울교통공사,2015-04-30,2015,4,2015-04,정기분,수납 완료,1.0,0.5,4310.0
032909986,보문역,동묘영업사업소,직원용,서울교통공사,2015-06-30,2015,6,2015-06,정기분,수납 완료,8.0,4.0,12960.0
032909986,보문역,동묘영업사업소,직원용,서울교통공사,2015-08-31,2015,8,2015-08,정기분,수납 완료,8.0,4.0,14310.0
032909986,보문역,동묘영업사업소,직원용,서울교통공사,2015-10-31,2015,10,2015-10,정기분,수납 완료,6.0,3.0,10260.0
032909986,보문역,동묘영업사업소,직원용,서울교통공사,2015-12-31,2015,12,2015-12,정기분,수납 완료,8.0,4.0,13220.0
032909986,보문역,동묘영업사업소,직원용,서울교통공사,2016-02-29,2016,2,2016-02,정기분,수납 완료,8.0,4.0,12960.0
032909986,보문역,동묘영업사업소,직원용,서울교통공사,2016-04-30,2016,4,2016-04,정기분,수납 완료,7.0,3.5,14310.0
032909986,보문역,동묘영업사업소,직원용,서울교통공사,2016-06-30,2016,6,2016-06,정기분,수납 완료,7.0,3.5,11610.0
032909986,보문역,동묘영업사업소,직원용,서울교통공사,2016-08-31,2016,8,2016-08,정기분,수납 완료,9.0,4.5,14310.0
032909986,보문역,동묘영업사업소,직원용,서울교통공사,2016-10-31,2016,10,2016-10,정기분,수납 완료,9.0,4.5,14570.0
032909986,보문역,동묘영업사업소,직원용,서울교통공사,2016-12-31,2016,12,2016-12,정기분,수납 완료,9.0,4.5,14840.0
032909986,보문역,동묘영업사업소,직원용,서울교통공사,2017-02-28,2017,2,2017-02,정기분,수납 완료,8.0,4.0,14900.0
032909986,보문역,동묘영업사업소,직원용,서울교통공사,2017-04-30,2017,4,2017-04,정기분,수납 완료,7.0,3.5,12880.0
032909986,보문역,동묘영업사업소,직원용,서울교통공사,2017-06-30,2017,6,2017-06,정기분,수납 완료,5.0,2.5,9110.0
032909986,보문역,동묘영업사업소,직원용,서울교통공사,2017-08-31,2017,8,2017-08,정기분,수납 완료,9.0,4.5,14670.0
032909986,보문역,동묘영업사업소,직원용,서울교통공사,2017-10-31,2017,10,2017-10,정기분,수납 완료,8.0,4.0,13280.0
032909986,보문역,동묘영업사업소,직원용,서울교통공사,2017-12-31,2017,12,2017-12,정기분,수납 완료,7.0,3.5,12160.0
032909986,보문역,동묘영업사업소,직원용,서울교통공사,2018-02-28,2018,2,2018-02,정기분,수납 완료,8.0,4.0,13670.0
032909986,보문역,동묘영업사업소,직원용,서울교통공사,2018-04-30,2018,4,2018-04,정기분,수납 완료,7.0,3.5,13020.0
032909986,보문역,동묘영업사업소,직원용,서울교통공사,2018-06-30,2018,6,2018-06,정기분,수납 완료,9.0,4.5,15590.0
032909986,보문역,동묘영업사업소,직원용,서울교통공사,2018-08-31,2018,8,2018-08,정기분,수납 완료,10.0,5.0,16460.0
032909986,보문역,동묘영업사업소,직원용,서울교통공사,2018-10-31,2018,10,2018-10,정기분,수납 완료,6.0,3.0,11590.0
032909986,보문역,동묘영업사업소,직원용,서울교통공사,2018-12-31,2018,12,2018-12,정기분,수납 완료,4.0,2.0,8440.0
032909986,보문역,동묘영업사업소,직원용,서울교통공사,2019-02-28,2019,2,2019-02,정기분,수납 완료,5.0,2.5,11950.0
032909986,보문역,동묘영업사업소,직원용,서울교통공사,2019-04-30,2019,4,2019-04,정기분,수납 완료,4.0,2.0,8040.0
032909986,보문역,동묘영업사업소,직원용,서울교통공사,2019-06-30,2019,6,2019-06,정기분,수납 완료,6.0,3.0,10980.0
032909986,보문역,동묘영업사업소,직원용,서울교통공사,2019-08-31,2019,8,2019-08,정기분,수납 완료,6.0,3.0,10980.0
032909986,보문역,동묘영업사업소,직원용,서울교통공사,2019-10-31,2019,10,2019-10,정기분,수납 완료,7.0,3.5,18330.0
032909986,보문역,동묘영업사업소,직원용,서울교통공사,2019-12-31,2019,12,2019-12,정기분,수납 완료,5.0,2.5,15090.0
032909986,보문역,동묘영업사업소,직원용,서울교통공사,2020-02-29,2020,2,2020-02,정기분,수납 완료,4.0,2.0,16270.0
032909986,보문역,동묘영업사업소,직원용,서울교통공사,2020-04-30,2020,4,2020-04,정기분,수납 완료,2.0,1.0,6570.0
032909986,보문역,동묘영업사업소,직원용,서울교통공사,2020-06-30,2020,6,2020-06,정기분,수납 완료,4.0,2.0,12450.0
032909986,보문역,동묘영업사업소,직원용,서울교통공사,2020-08-31,2020,8,2020-08,정기분,수납 완료,7.0,3.5,21270.0
032909986,보문역,동묘영업사업소,직원용,서울교통공사,2020-10-31,2020,10,2020-10,정기분,수납 완료,7.0,3.5,16560.0
032909986,보문역,동묘영업사업소,직원용,서울교통공사,2020-12-31,2020,12,2020-12,정기분,수납 완료,6.0,3.0,12450.0
032909986,보문역,동묘영업사업소,직원용,서울교통공사,2021-02-28,2021,2,2021-02,정기분,수납 완료,6.0,3.0,16270.0
032909986,보문역,동묘영업사업소,직원용,서울교통공사,2021-04-30,2021,4,2021-04,정기분,수납 완료,6.0,3.0,10980.0
032909986,보문역,동묘영업사업소,직원용,서울교통공사,2021-06-30,2021,6,2021-06,정기분,수납 완료,8.0,4.0,14210.0
032909986,보문역,동묘영업사업소,직원용,서울교통공사,2021-08-31,2021,8,2021-08,정기분,수납 완료,8.0,4.0,11300.0
032909986,보문역,동묘영업사업소,직원용,서울교통공사,2021-10-31,2021,10,2021-10,정기분,수납 완료,8.0,4.0,14420.0
032909986,보문역,동묘영업사업소,직원용,서울교통공사,2021-12-31,2021,12,2021-12,정기분,수납 완료,8.0,4.0,11840.0
032909986,보문역,동묘영업사업소,직원용,서울교통공사,2022-02-28,2022,2,2022-02,정기분,수납 완료,7.0,3.5,20810.0
032909986,보문역,동묘영업사업소,직원용,서울교통공사,2022-04-30,2022,4,2022-04,정기분,수납 완료,10.0,5.0,9670.0
032909986,보문역,동묘영업사업소,직원용,서울교통공사,2022-06-30,2022,6,2022-06,정기분,수납 완료,9.0,4.5,15240.0
032909986,보문역,동묘영업사업소,직원용,서울교통공사,2022-08-31,2022,8,2022-08,정기분,수납 완료,9.0,4.5,21450.0
032909986,보문역,동묘영업사업소,직원용,서울교통공사,2022-10-31,2022,10,2022-10,정기분,수납 완료,12.0,6.0,27640.0
032909986,보문역,동묘영업사업소,직원용,서울교통공사,2022-12-31,2022,12,2022-12,정기분,수납 완료,14.0,7.0,32000.0
032909986,보문역,동묘영업사업소,직원용,서울교통공사,2023-02-28,2023,2,2023-02,정기분,수납 완료,10.0,5.0,26600.0
032909986,보문역,동묘영업사업소,직원용,서울교통공사,2023-04-30,2023,4,2023-04,정기분,수납 완료,10.0,5.0,23500.0
032909986,보문역,동묘영업사업소,직원용,서울교통공사,2023-06-30,2023,6,2023-06,정기분,수납 완료,9.0,4.5,19620.0
032909986,보문역,동묘영업사업소,직원용,서울교통공사,2023-08-31,2023,8,2023-08,정기분,수납 완료,11.0,5.5,25820.0
032909986,보문역,동묘영업사업소,직원용,서울교통공사,2023-10-31,2023,10,2023-10,정기분,수납 완료,12.0,6.0,30080.0
032909986,보문역,동묘영업사업소,직원용,서울교통공사,2023-12-31,2023,12,2023-12,정기분,수납 완료,11.0,5.5,25040.0
032909986,보문역,동묘영업사업소,직원용,서울교통공사,2024-02-29,2024,2,2024-02,정기분,수납 완료,16.0,8.0,37080.0
032909986,보문역,동묘영업사업소,직원용,서울교통공사,2024-04-30,2024,4,2024-04,정기분,수납 완료,6.0,3.0,2960.0
032909986,보문역,동묘영업사업소,직원용,서울교통공사,2024-06-30,2024,6,2024-06,정기분,수납 완료,2.0,1.0,8740.0
032909986,보문역,동묘영업사업소,직원용,서울교통공사,2024-08-31,2024,8,2024-08,정기분,수납 완료,2.0,1.0,11080.0
032909986,보문역,동묘영업사업소,직원용,서울교통공사,2024-10-31,2024,10,2024-10,정기분,수납 완료,3.0,1.5,18440.0
032909986,보문역,동묘영업사업소,직원용,서울교통공사,2024-12-31,2024,12,2024-12,정기분,수납 완료,2.0,1.0,6800.0
032909986,보문역,동묘영업사업소,직원용,서울교통공사,2025-02-28,2025,2,2025-02,정기분,수납 완료,1.0,0.5,4860.0
032909986,보문역,동묘영업사업소,직원용,서울교통공사,2025-04-30,2025,4,2025-04,정기분,수납 완료,2.0,1.0,6040.0
032909986,보문역,동묘영업사업소,직원용,서울교통공사,2025-06-30,2025,6,2025-06,정기분,수납 완료,1.0,0.5,4100.0
032909986,보문역,동묘영업사업소,직원용,서울교통공사,2025-08-31,2025,8,2025-08,정기분,수납 완료,2.0,1.0,7000.0
032909986,보문역,동묘영업사업소,직원용,서울교통공사,2025-10-31,2025,10,2025-10,정기분,수납 완료,2.0,1.0,6220.0
032909986,보문역,동묘영업사업소,직원용,서울교통공사,2025-12-31,2025,12,2025-12,정기분,수납 완료,3.0,1.5,8160.0
032909986,보문역,동묘영업사업소,직원용,서울교통공사,2026-02-28,2026,2,2026-02,정기분,수납 완료,2.0,1.0,7560.0
032909986,보문역,동묘영업사업소,직원용,서울교통공사,2026-04-30,2026,4,2026-04,정기분,수납 완료,2.0,1.0,7600.0
030179738,복정역,모란영업사업소,시민용,복정역,2008-07-31,2008,7,2008-07,정기분,수납 완료,195.0,97.5,1265240.0
030179738,복정역,모란영업사업소,시민용,복정역,2008-09-30,2008,9,2008-09,정기분,수납 완료,209.0,104.5,1449560.0
030179738,복정역,모란영업사업소,시민용,복정역,2008-11-30,2008,11,2008-11,정기분,수납 완료,0.0,0.0,1327960.0
030179738,복정역,모란영업사업소,시민용,복정역,2009-01-31,2009,1,2009-01,정기분,수납 완료,2.0,1.0,1261400.0
030179738,복정역,모란영업사업소,시민용,복정역,2009-03-31,2009,3,2009-03,정기분,수납 완료,0.0,0.0,979800.0
030179738,복정역,모란영업사업소,시민용,복정역,2009-05-31,2009,5,2009-05,정기분,수납 완료,0.0,0.0,1125720.0
030179738,복정역,모란영업사업소,시민용,복정역,2009-07-31,2009,7,2009-07,정기분,수납 완료,0.0,0.0,1185880.0
030179738,복정역,모란영업사업소,시민용,복정역,2009-09-30,2009,9,2009-09,정기분,수납 완료,751.0,375.5,1192280.0
030179738,복정역,모란영업사업소,시민용,복정역,2009-11-30,2009,11,2009-11,정기분,수납 완료,971.0,485.5,1276760.0
030179738,복정역,모란영업사업소,시민용,복정역,2010-01-31,2010,1,2010-01,정기분,수납 완료,971.0,485.5,1276760.0
030179738,복정역,모란영업사업소,시민용,복정역,2010-03-31,2010,3,2010-03,정기분,수납 완료,771.0,385.5,988760.0
030179738,복정역,모란영업사업소,시민용,복정역,2010-05-31,2010,5,2010-05,정기분,수납 완료,1201.0,600.5,1537880.0
030179738,복정역,모란영업사업소,시민용,복정역,2010-07-31,2010,7,2010-07,정기분,수납 완료,1150.0,575.0,1472600.0
030179738,복정역,모란영업사업소,시민용,복정역,2010-09-30,2010,9,2010-09,정기분,수납 완료,1068.0,534.0,1367640.0
030179738,복정역,모란영업사업소,시민용,복정역,2010-11-30,2010,11,2010-11,정기분,수납 완료,929.0,464.5,1189720.0
030179738,복정역,모란영업사업소,시민용,복정역,2011-01-31,2011,1,2011-01,정기분,수납 완료,1073.0,536.5,1374040.0
030179738,복정역,모란영업사업소,시민용,복정역,2011-03-31,2011,3,2011-03,정기분,수납 완료,764.0,382.0,986160.0
030179738,복정역,모란영업사업소,시민용,복정역,2011-05-31,2011,5,2011-05,정기분,수납 완료,970.0,485.0,1251900.0
030179738,복정역,모란영업사업소,시민용,복정역,2011-07-31,2011,7,2011-07,정기분,수납 완료,969.0,484.5,1250610.0
030179738,복정역,모란영업사업소,시민용,복정역,2011-09-30,2011,9,2011-09,정기분,수납 완료,1097.0,548.5,1415730.0
030179738,복정역,모란영업사업소,시민용,복정역,2011-11-30,2011,11,2011-11,정기분,수납 완료,942.0,471.0,1215780.0
030179738,복정역,모란영업사업소,시민용,복정역,2012-01-31,2012,1,2012-01,정기분,수납 완료,898.0,449.0,1159020.0
030179738,복정역,모란영업사업소,시민용,복정역,2012-03-31,2012,3,2012-03,정기분,수납 완료,807.0,403.5,1285080.0
030179738,복정역,모란영업사업소,시민용,복정역,2012-05-31,2012,5,2012-05,정기분,수납 완료,982.0,491.0,1572080.0
030179738,복정역,모란영업사업소,시민용,복정역,2012-07-31,2012,7,2012-07,정기분,수납 완료,1100.0,550.0,1765600.0
030179738,복정역,모란영업사업소,시민용,복정역,2012-09-30,2012,9,2012-09,정기분,수납 완료,1294.0,647.0,2083760.0
030179738,복정역,모란영업사업소,시민용,복정역,2012-11-30,2012,11,2012-11,정기분,수납 완료,978.0,489.0,1565520.0
030179738,복정역,모란영업사업소,시민용,복정역,2013-01-31,2013,1,2013-01,정기분,수납 완료,892.0,446.0,1424480.0
030179738,복정역,모란영업사업소,시민용,복정역,2013-03-31,2013,3,2013-03,정기분,수납 완료,796.0,398.0,1402290.0
030179738,복정역,모란영업사업소,시민용,복정역,2013-05-31,2013,5,2013-05,정기분,수납 완료,1022.0,511.0,1816080.0
030179738,복정역,모란영업사업소,시민용,복정역,2013-07-31,2013,7,2013-07,정기분,수납 완료,1043.0,521.5,1854720.0
030179738,복정역,모란영업사업소,시민용,복정역,2013-09-30,2013,9,2013-09,정기분,수납 완료,1496.0,748.0,2688240.0
030179738,복정역,모란영업사업소,시민용,복정역,2013-11-30,2013,11,2013-11,정기분,수납 완료,1246.0,623.0,2228240.0
030179738,복정역,모란영업사업소,시민용,복정역,2014-01-31,2014,1,2014-01,정기분,수납 완료,1033.0,516.5,1836320.0
030179738,복정역,모란영업사업소,시민용,복정역,2014-03-31,2014,3,2014-03,정기분,수납 완료,989.0,494.5,1901600.0
030179738,복정역,모란영업사업소,시민용,복정역,2014-05-31,2014,5,2014-05,정기분,수납 완료,1096.0,548.0,2115600.0
030179738,복정역,모란영업사업소,시민용,복정역,2014-07-31,2014,7,2014-07,정기분,수납 완료,1122.0,561.0,2167600.0
030179738,복정역,모란영업사업소,시민용,복정역,2014-09-30,2014,9,2014-09,정기분,수납 완료,1778.0,889.0,3479600.0
030179738,복정역,모란영업사업소,시민용,복정역,2014-11-30,2014,11,2014-11,정기분,수납 완료,1234.0,617.0,2391600.0
030179738,복정역,모란영업사업소,시민용,복정역,2015-01-31,2015,1,2015-01,정기분,수납 완료,1022.0,511.0,1964960.0
030179738,복정역,모란영업사업소,시민용,복정역,2015-03-31,2015,3,2015-03,정기분,수납 완료,965.0,482.5,1853600.0
030179738,복정역,모란영업사업소,시민용,복정역,2015-05-31,2015,5,2015-05,정기분,수납 완료,1161.0,580.5,2245600.0
030179738,복정역,모란영업사업소,시민용,복정역,2015-07-31,2015,7,2015-07,정기분,수납 완료,1108.0,554.0,2139600.0
030179738,복정역,모란영업사업소,시민용,복정역,2015-09-30,2015,9,2015-09,정기분,수납 완료,1795.0,897.5,3513600.0
030179738,복정역,모란영업사업소,시민용,복정역,2015-11-30,2015,11,2015-11,정기분,수납 완료,518.0,259.0,977640.0
030179738,복정역,모란영업사업소,시민용,복정역,2016-01-31,2016,1,2016-01,정기분,수납 완료,452.0,226.0,860160.0
030179738,복정역,모란영업사업소,시민용,복정역,2016-03-31,2016,3,2016-03,정기분,수납 완료,931.0,465.5,1785600.0
030179738,복정역,모란영업사업소,시민용,복정역,2016-05-31,2016,5,2016-05,정기분,수납 완료,1172.0,586.0,2267600.0
030179738,복정역,모란영업사업소,시민용,복정역,2016-07-31,2016,7,2016-07,정기분,수납 완료,1321.0,660.5,2565600.0
030179738,복정역,모란영업사업소,시민용,복정역,2016-09-30,2016,9,2016-09,정기분,수납 완료,2077.0,1038.5,4077600.0
030179738,복정역,모란영업사업소,시민용,복정역,2016-11-30,2016,11,2016-11,정기분,수납 완료,1445.0,722.5,2813600.0
030179738,복정역,모란영업사업소,시민용,복정역,2017-01-31,2017,1,2017-01,정기분,수납 완료,1213.0,606.5,2356920.0
030179738,복정역,모란영업사업소,시민용,복정역,2017-03-31,2017,3,2017-03,정기분,수납 완료,1045.0,522.5,2109100.0
030179738,복정역,모란영업사업소,시민용,복정역,2017-05-31,2017,5,2017-05,정기분,수납 완료,1304.0,652.0,2649840.0
030179738,복정역,모란영업사업소,시민용,복정역,2017-07-31,2017,7,2017-07,정기분,수납 완료,1453.0,726.5,2965900.0
030179738,복정역,모란영업사업소,시민용,복정역,2017-09-30,2017,9,2017-09,정기분,수납 완료,1988.0,994.0,4089400.0
030179738,복정역,모란영업사업소,시민용,복정역,2017-11-30,2017,11,2017-11,정기분,수납 완료,1467.0,733.5,2995300.0
030179738,복정역,모란영업사업소,시민용,복정역,2018-01-31,2018,1,2018-01,정기분,수납 완료,1187.0,593.5,2416580.0
030179738,복정역,모란영업사업소,시민용,복정역,2018-03-31,2018,3,2018-03,정기분,수납 완료,1026.0,513.0,2167060.0
030179738,복정역,모란영업사업소,시민용,복정역,2018-05-31,2018,5,2018-05,정기분,수납 완료,1315.0,657.5,2805750.0
030179738,복정역,모란영업사업소,시민용,복정역,2018-07-31,2018,7,2018-07,정기분,수납 완료,1572.0,786.0,3373720.0
030179738,복정역,모란영업사업소,시민용,복정역,2018-09-30,2018,9,2018-09,정기분,수납 완료,1386.0,693.0,2962660.0
030179738,복정역,모란영업사업소,시민용,복정역,2018-11-30,2018,11,2018-11,정기분,수납 완료,2433.0,1216.5,5276530.0
030179738,복정역,모란영업사업소,시민용,복정역,2019-01-31,2019,1,2019-01,정기분,수납 완료,1318.0,659.0,2819620.0
030179738,복정역,모란영업사업소,시민용,복정역,2019-03-31,2019,3,2019-03,정기분,수납 완료,1194.0,597.0,2670620.0
030179738,복정역,모란영업사업소,시민용,복정역,2019-05-31,2019,5,2019-05,정기분,수납 완료,1406.0,703.0,3164580.0
030179738,복정역,모란영업사업소,시민용,복정역,2019-07-31,2019,7,2019-07,정기분,수납 완료,1533.0,766.5,3460490.0
030179738,복정역,모란영업사업소,시민용,복정역,2019-09-30,2019,9,2019-09,정기분,수납 완료,1817.0,908.5,4122210.0
030179738,복정역,모란영업사업소,시민용,복정역,2019-11-30,2019,11,2019-11,정기분,수납 완료,1567.0,783.5,3539710.0
030179738,복정역,모란영업사업소,시민용,복정역,2020-01-31,2020,1,2020-01,정기분,수납 완료,1359.0,679.5,3055070.0
030179738,복정역,모란영업사업소,시민용,복정역,2020-03-31,2020,3,2020-03,정기분,수납 완료,1042.0,521.0,2316460.0
030179738,복정역,모란영업사업소,시민용,복정역,2020-05-31,2020,5,2020-05,정기분,수납 완료,1118.0,559.0,2493540.0
030179738,복정역,모란영업사업소,시민용,복정역,2020-07-31,2020,7,2020-07,정기분,수납 완료,1251.0,625.5,2803430.0
030179738,복정역,모란영업사업소,시민용,복정역,2020-09-30,2020,9,2020-09,정기분,수납 완료,1255.0,627.5,2812750.0
030179738,복정역,모란영업사업소,시민용,복정역,2020-11-30,2020,11,2020-11,정기분,수납 완료,1380.0,690.0,3104000.0
030179738,복정역,모란영업사업소,시민용,복정역,2021-01-31,2021,1,2021-01,정기분,수납 완료,927.0,463.5,2048510.0
030179738,복정역,모란영업사업소,시민용,복정역,2021-03-31,2021,3,2021-03,정기분,수납 완료,992.0,496.0,2199960.0
030179738,복정역,모란영업사업소,시민용,복정역,2021-05-31,2021,5,2021-05,정기분,수납 완료,1088.0,544.0,2423640.0
030179738,복정역,모란영업사업소,시민용,복정역,2021-07-31,2021,7,2021-07,정기분,수납 완료,1164.0,582.0,2615640.0
030179738,복정역,모란영업사업소,시민용,복정역,2021-09-30,2021,9,2021-09,정기분,수납 완료,1861.0,930.5,4619540.0
030179738,복정역,모란영업사업소,시민용,복정역,2021-11-30,2021,11,2021-11,정기분,수납 완료,1349.0,674.5,3319060.0
030179738,복정역,모란영업사업소,시민용,복정역,2022-01-31,2022,1,2022-01,정기분,수납 완료,1001.0,500.5,2445750.0
030179738,복정역,모란영업사업소,시민용,복정역,2022-03-31,2022,3,2022-03,정기분,수납 완료,944.0,472.0,2466200.0
030179738,복정역,모란영업사업소,시민용,복정역,2022-05-31,2022,5,2022-05,정기분,수납 완료,1029.0,514.5,2689320.0
030179738,복정역,모란영업사업소,시민용,복정역,2022-07-31,2022,7,2022-07,정기분,수납 완료,1285.0,642.5,3369850.0
030179738,복정역,모란영업사업소,시민용,복정역,2022-09-30,2022,9,2022-09,정기분,수납 완료,1701.0,850.5,4472250.0
030179738,복정역,모란영업사업소,시민용,복정역,2022-11-30,2022,11,2022-11,정기분,수납 완료,1202.0,601.0,3149900.0
030179738,복정역,모란영업사업소,시민용,복정역,2023-01-31,2023,1,2023-01,정기분,수납 완료,998.0,499.0,2650650.0
030179738,복정역,모란영업사업소,시민용,복정역,2023-03-31,2023,3,2023-03,정기분,수납 완료,968.0,484.0,3177080.0
030179738,복정역,모란영업사업소,시민용,복정역,2023-05-31,2023,5,2023-05,정기분,수납 완료,1177.0,588.5,3879320.0
030179738,복정역,모란영업사업소,시민용,복정역,2023-07-31,2023,7,2023-07,정기분,수납 완료,1207.0,603.5,3980120.0
030179738,복정역,모란영업사업소,시민용,복정역,2023-09-30,2023,9,2023-09,정기분,수납 완료,1857.0,928.5,6164120.0
030179738,복정역,모란영업사업소,시민용,복정역,2023-11-30,2023,11,2023-11,정기분,수납 완료,1317.0,658.5,4348720.0
030179738,복정역,모란영업사업소,시민용,복정역,2024-01-31,2024,1,2024-01,정기분,수납 완료,967.0,483.5,3172720.0
030179738,복정역,모란영업사업소,시민용,복정역,2024-03-31,2024,3,2024-03,정기분,수납 완료,925.0,462.5,3031600.0
030179738,복정역,모란영업사업소,시민용,복정역,2024-05-31,2024,5,2024-05,정기분,수납 완료,1158.0,579.0,3814480.0
030179738,복정역,모란영업사업소,시민용,복정역,2024-07-31,2024,7,2024-07,정기분,수납 완료,1274.0,637.0,4204240.0
030179738,복정역,모란영업사업소,시민용,복정역,2024-09-30,2024,9,2024-09,정기분,수납 완료,1900.0,950.0,6307600.0
030179738,복정역,모란영업사업소,시민용,복정역,2024-11-30,2024,11,2024-11,정기분,수납 완료,1506.0,753.0,4983760.0
030179738,복정역,모란영업사업소,시민용,복정역,2025-01-31,2025,1,2025-01,정기분,수납 완료,1138.0,569.0,3747280.0
030179738,복정역,모란영업사업소,시민용,복정역,2025-03-31,2025,3,2025-03,정기분,수납 완료,928.0,464.0,3041680.0
030179738,복정역,모란영업사업소,시민용,복정역,2025-05-31,2025,5,2025-05,정기분,수납 완료,1211.0,605.5,3992560.0
030179738,복정역,모란영업사업소,시민용,복정역,2025-07-31,2025,7,2025-07,정기분,수납 완료,1378.0,689.0,4553680.0
030179738,복정역,모란영업사업소,시민용,복정역,2025-09-30,2025,9,2025-09,정기분,수납 완료,2068.0,1034.0,6879560.0
030179738,복정역,모란영업사업소,시민용,복정역,2025-11-30,2025,11,2025-11,정기분,수납 완료,1576.0,788.0,5218960.0
030179738,복정역,모란영업사업소,시민용,복정역,2026-01-31,2026,1,2026-01,정기분,수납 완료,1110.0,555.0,3664080.0
030179738,복정역,모란영업사업소,시민용,복정역,2026-03-31,2026,3,2026-03,정기분,수납 완료,932.0,466.0,3234680.0
030179738,복정역,모란영업사업소,시민용,복정역,2026-05-31,2026,5,2026-05,정기분,수납 완료,1247.0,623.5,4349780.0
006499412,사가정역,태릉영업사업소,시민용,사가정역,2010-03-31,2010,3,2010-03,정기분,수납 완료,861.0,430.5,1102680.0
006499412,사가정역,태릉영업사업소,시민용,사가정역,2010-05-31,2010,5,2010-05,정기분,수납 완료,353.0,176.5,484550.0
006499412,사가정역,태릉영업사업소,시민용,사가정역,2010-07-31,2010,7,2010-07,정기분,수납 완료,1151.0,575.5,1473880.0
006499412,사가정역,태릉영업사업소,시민용,사가정역,2010-09-30,2010,9,2010-09,정기분,수납 완료,1105.0,552.5,2326250.0
006499412,사가정역,태릉영업사업소,시민용,사가정역,2010-11-30,2010,11,2010-11,정기분,수납 완료,1187.0,593.5,1519960.0
006499412,사가정역,태릉영업사업소,시민용,사가정역,2011-01-31,2011,1,2011-01,정기분,수납 완료,1094.0,547.0,1400920.0
006499412,사가정역,태릉영업사업소,시민용,사가정역,2011-03-31,2011,3,2011-03,정기분,수납 완료,1066.0,533.0,1374010.0
006499412,사가정역,태릉영업사업소,시민용,사가정역,2011-05-31,2011,5,2011-05,정기분,수납 완료,1078.0,539.0,1391220.0
006499412,사가정역,태릉영업사업소,시민용,사가정역,2011-07-31,2011,7,2011-07,정기분,수납 완료,1136.0,568.0,1466040.0
006499412,사가정역,태릉영업사업소,시민용,사가정역,2011-09-30,2011,9,2011-09,정기분,수납 완료,1141.0,570.5,1472490.0
006499412,사가정역,태릉영업사업소,시민용,사가정역,2011-11-30,2011,11,2011-11,정기분,수납 완료,1157.0,578.5,1493130.0
006499412,사가정역,태릉영업사업소,시민용,사가정역,2012-01-31,2012,1,2012-01,정기분,수납 완료,1135.0,567.5,1464750.0
006499412,사가정역,태릉영업사업소,시민용,사가정역,2012-03-31,2012,3,2012-03,정기분,수납 완료,1001.0,500.5,1528300.0
006499412,사가정역,태릉영업사업소,시민용,사가정역,2012-05-31,2012,5,2012-05,정기분,수납 완료,1048.0,524.0,1680320.0
006499412,사가정역,태릉영업사업소,시민용,사가정역,2012-07-31,2012,7,2012-07,정기분,수납 완료,1243.0,621.5,2000120.0
006499412,사가정역,태릉영업사업소,시민용,사가정역,2012-09-30,2012,9,2012-09,정기분,수납 완료,1138.0,569.0,1827920.0
006499412,사가정역,태릉영업사업소,시민용,사가정역,2012-11-30,2012,11,2012-11,정기분,수납 완료,1179.0,589.5,1895160.0
006499412,사가정역,태릉영업사업소,시민용,사가정역,2013-01-31,2013,1,2013-01,정기분,수납 완료,1179.0,589.5,1895160.0
006499412,사가정역,태릉영업사업소,시민용,사가정역,2013-03-31,2013,3,2013-03,정기분,수납 완료,1016.0,508.0,1820060.0
006499412,사가정역,태릉영업사업소,시민용,사가정역,2013-05-31,2013,5,2013-05,정기분,수납 완료,1101.0,550.5,1961440.0
006499412,사가정역,태릉영업사업소,시민용,사가정역,2013-07-31,2013,7,2013-07,정기분,수납 완료,1338.0,669.0,2397520.0
006499412,사가정역,태릉영업사업소,시민용,사가정역,2013-09-30,2013,9,2013-09,정기분,수납 완료,1392.0,696.0,2496880.0
006499412,사가정역,태릉영업사업소,시민용,사가정역,2013-11-30,2013,11,2013-11,정기분,수납 완료,1296.0,648.0,2320240.0
006499412,사가정역,태릉영업사업소,시민용,사가정역,2014-01-31,2014,1,2014-01,정기분,수납 완료,1096.0,548.0,1952240.0
006499412,사가정역,태릉영업사업소,시민용,사가정역,2014-03-31,2014,3,2014-03,정기분,수납 완료,1067.0,533.5,2057600.0
006499412,사가정역,태릉영업사업소,시민용,사가정역,2014-05-31,2014,5,2014-05,정기분,수납 완료,1102.0,551.0,2127600.0
006499412,사가정역,태릉영업사업소,시민용,사가정역,2014-07-31,2014,7,2014-07,정기분,수납 완료,1285.0,642.5,2493600.0
006499412,사가정역,태릉영업사업소,시민용,사가정역,2014-09-30,2014,9,2014-09,정기분,수납 완료,1257.0,628.5,2437600.0
006499412,사가정역,태릉영업사업소,시민용,사가정역,2014-11-30,2014,11,2014-11,정기분,수납 완료,1287.0,643.5,2497600.0
006499412,사가정역,태릉영업사업소,시민용,사가정역,2015-01-31,2015,1,2015-01,정기분,수납 완료,1195.0,597.5,2313600.0
006499412,사가정역,태릉영업사업소,시민용,사가정역,2015-03-31,2015,3,2015-03,정기분,수납 완료,1086.0,543.0,2095600.0
006499412,사가정역,태릉영업사업소,시민용,사가정역,2015-05-31,2015,5,2015-05,정기분,수납 완료,1207.0,603.5,2337600.0
006499412,사가정역,태릉영업사업소,시민용,사가정역,2015-07-31,2015,7,2015-07,정기분,수납 완료,1408.0,704.0,2739600.0
006499412,사가정역,태릉영업사업소,시민용,사가정역,2015-09-30,2015,9,2015-09,정기분,수납 완료,1620.0,810.0,3163600.0
006499412,사가정역,태릉영업사업소,시민용,사가정역,2015-11-30,2015,11,2015-11,정기분,수납 완료,1598.0,799.0,3119600.0
006499412,사가정역,태릉영업사업소,시민용,사가정역,2016-01-31,2016,1,2016-01,정기분,수납 완료,1328.0,664.0,2579600.0
006499412,사가정역,태릉영업사업소,시민용,사가정역,2016-03-31,2016,3,2016-03,정기분,수납 완료,1250.0,625.0,2423600.0
006499412,사가정역,태릉영업사업소,시민용,사가정역,2016-05-31,2016,5,2016-05,정기분,수납 완료,1507.0,753.5,2937600.0
006499412,사가정역,태릉영업사업소,시민용,사가정역,2016-07-31,2016,7,2016-07,정기분,수납 완료,1449.0,724.5,2821600.0
006499412,사가정역,태릉영업사업소,시민용,사가정역,2016-09-30,2016,9,2016-09,정기분,수납 완료,1874.0,937.0,3671600.0
006499412,사가정역,태릉영업사업소,시민용,사가정역,2016-11-30,2016,11,2016-11,정기분,수납 완료,1689.0,844.5,3301600.0
006499412,사가정역,태릉영업사업소,시민용,사가정역,2017-01-31,2017,1,2017-01,정기분,수납 완료,1398.0,699.0,2719600.0
006499412,사가정역,태릉영업사업소,시민용,사가정역,2017-03-31,2017,3,2017-03,정기분,수납 완료,1343.0,671.5,2710850.0
006499412,사가정역,태릉영업사업소,시민용,사가정역,2017-05-31,2017,5,2017-05,정기분,수납 완료,2466.0,1233.0,3342870.0
006499412,사가정역,태릉영업사업소,시민용,사가정역,2017-07-31,2017,7,2017-07,정기분,수납 완료,1623.0,811.5,3090890.0
006499412,사가정역,태릉영업사업소,시민용,사가정역,2017-09-30,2017,9,2017-09,정기분,수납 완료,1885.0,942.5,3873100.0
006499412,사가정역,태릉영업사업소,시민용,사가정역,2017-11-30,2017,11,2017-11,정기분,수납 완료,1557.0,778.5,3184300.0
006499412,사가정역,태릉영업사업소,시민용,사가정역,2018-01-31,2018,1,2018-01,정기분,수납 완료,1432.0,716.0,2921800.0
006499412,사가정역,태릉영업사업소,시민용,사가정역,2018-03-31,2018,3,2018-03,정기분,수납 완료,1505.0,752.5,3194660.0
006499412,사가정역,태릉영업사업소,시민용,사가정역,2018-05-31,2018,5,2018-05,정기분,수납 완료,1343.0,671.5,2867630.0
006499412,사가정역,태릉영업사업소,시민용,사가정역,2018-07-31,2018,7,2018-07,정기분,수납 완료,1697.0,848.5,3649970.0
006499412,사가정역,태릉영업사업소,시민용,사가정역,2018-09-30,2018,9,2018-09,정기분,수납 완료,1874.0,937.0,4041140.0
006499412,사가정역,태릉영업사업소,시민용,사가정역,2018-11-30,2018,11,2018-11,정기분,수납 완료,1661.0,830.5,3570410.0
006499412,사가정역,태릉영업사업소,시민용,사가정역,2019-01-31,2019,1,2019-01,정기분,수납 완료,1769.0,884.5,3809090.0
006499412,사가정역,태릉영업사업소,시민용,사가정역,2019-03-31,2019,3,2019-03,정기분,수납 완료,1006.0,503.0,2208310.0
006499412,사가정역,태릉영업사업소,시민용,사가정역,2019-05-31,2019,5,2019-05,정기분,수납 완료,1397.0,698.5,3143610.0
006499412,사가정역,태릉영업사업소,시민용,사가정역,2019-07-31,2019,7,2019-07,정기분,수납 완료,1598.0,799.0,3611940.0
006499412,사가정역,태릉영업사업소,시민용,사가정역,2019-09-30,2019,9,2019-09,정기분,수납 완료,2014.0,1007.0,4581220.0
006499412,사가정역,태릉영업사업소,시민용,사가정역,2019-11-30,2019,11,2019-11,정기분,수납 완료,1855.0,927.5,4210750.0
006499412,사가정역,태릉영업사업소,시민용,사가정역,2020-01-31,2020,1,2020-01,정기분,수납 완료,1515.0,757.5,3418550.0
006499412,사가정역,태릉영업사업소,시민용,사가정역,2020-03-31,2020,3,2020-03,정기분,수납 완료,1588.0,794.0,3588640.0
006499412,사가정역,태릉영업사업소,시민용,사가정역,2020-05-31,2020,5,2020-05,정기분,수납 완료,1264.0,632.0,2833720.0
006499412,사가정역,태릉영업사업소,시민용,사가정역,2020-07-31,2020,7,2020-07,정기분,수납 완료,1495.0,747.5,3371950.0
006499412,사가정역,태릉영업사업소,시민용,사가정역,2020-09-30,2020,9,2020-09,정기분,수납 완료,1850.0,925.0,4199100.0
006499412,사가정역,태릉영업사업소,시민용,사가정역,2020-11-30,2020,11,2020-11,정기분,수납 완료,1677.0,838.5,3796010.0
006499412,사가정역,태릉영업사업소,시민용,사가정역,2021-01-31,2021,1,2021-01,정기분,수납 완료,1685.0,842.5,3814650.0
006499412,사가정역,태릉영업사업소,시민용,사가정역,2021-03-31,2021,3,2021-03,정기분,수납 완료,1021.0,510.5,2267530.0
006499412,사가정역,태릉영업사업소,시민용,사가정역,2021-05-31,2021,5,2021-05,정기분,수납 완료,1287.0,643.5,2887310.0
006499412,사가정역,태릉영업사업소,시민용,사가정역,2021-07-31,2021,7,2021-07,정기분,수납 완료,1476.0,738.0,3327680.0
006499412,사가정역,태릉영업사업소,시민용,사가정역,2021-09-30,2021,9,2021-09,정기분,수납 완료,2347.0,1173.5,5771180.0
006499412,사가정역,태릉영업사업소,시민용,사가정역,2021-11-30,2021,11,2021-11,정기분,수납 완료,1677.0,838.5,4152180.0
006499412,사가정역,태릉영업사업소,시민용,사가정역,2022-01-31,2022,1,2022-01,정기분,수납 완료,1685.0,842.5,4172500.0
006499412,사가정역,태릉영업사업소,시민용,사가정역,2022-03-31,2022,3,2022-03,정기분,수납 완료,1021.0,510.5,2637040.0
006499412,사가정역,태릉영업사업소,시민용,사가정역,2022-05-31,2022,5,2022-05,정기분,수납 완료,1114.0,557.0,2916700.0
006499412,사가정역,태릉영업사업소,시민용,사가정역,2022-07-31,2022,7,2022-07,정기분,수납 완료,1325.0,662.5,3475850.0
006499412,사가정역,태릉영업사업소,시민용,사가정역,2022-09-30,2022,9,2022-09,정기분,수납 완료,1741.0,870.5,4578250.0
006499412,사가정역,태릉영업사업소,시민용,사가정역,2022-11-30,2022,11,2022-11,정기분,수납 완료,1519.0,759.5,3989950.0
006499412,사가정역,태릉영업사업소,시민용,사가정역,2023-01-31,2023,1,2023-01,정기분,수납 완료,1371.0,685.5,3597750.0
006499412,사가정역,태릉영업사업소,시민용,사가정역,2023-03-31,2023,3,2023-03,정기분,수납 완료,1237.0,618.5,3926110.0
006499412,사가정역,태릉영업사업소,시민용,사가정역,2023-05-31,2023,5,2023-05,정기분,수납 완료,1169.0,584.5,3852440.0
006499412,사가정역,태릉영업사업소,시민용,사가정역,2023-07-31,2023,7,2023-07,정기분,수납 완료,1232.0,616.0,4064120.0
006499412,사가정역,태릉영업사업소,시민용,사가정역,2023-09-30,2023,9,2023-09,정기분,수납 완료,1512.0,756.0,5004920.0
006499412,사가정역,태릉영업사업소,시민용,사가정역,2023-11-30,2023,11,2023-11,정기분,수납 완료,1687.0,843.5,5592920.0
006499412,사가정역,태릉영업사업소,시민용,사가정역,2024-01-31,2024,1,2024-01,정기분,수납 완료,1579.0,789.5,5230040.0
006499412,사가정역,태릉영업사업소,시민용,사가정역,2024-03-31,2024,3,2024-03,정기분,수납 완료,1515.0,757.5,5015000.0
006499412,사가정역,태릉영업사업소,시민용,사가정역,2024-05-31,2024,5,2024-05,정기분,수납 완료,1658.0,829.0,5495480.0
006499412,사가정역,태릉영업사업소,시민용,사가정역,2024-07-31,2024,7,2024-07,정기분,수납 완료,1871.0,935.5,6211160.0
006499412,사가정역,태릉영업사업소,시민용,사가정역,2024-09-30,2024,9,2024-09,정기분,수납 완료,2340.0,1170.0,7824400.0
006499412,사가정역,태릉영업사업소,시민용,사가정역,2024-11-30,2024,11,2024-11,정기분,수납 완료,2543.0,1271.5,8528810.0
006499412,사가정역,태릉영업사업소,시민용,사가정역,2025-01-31,2025,1,2025-01,정기분,수납 완료,1895.0,947.5,6291800.0
006499412,사가정역,태릉영업사업소,시민용,사가정역,2025-03-31,2025,3,2025-03,정기분,수납 완료,1926.0,963.0,6395960.0
006499412,사가정역,태릉영업사업소,시민용,사가정역,2025-05-31,2025,5,2025-05,정기분,수납 완료,1859.0,929.5,6170840.0
006499412,사가정역,태릉영업사업소,시민용,사가정역,2025-07-31,2025,7,2025-07,정기분,수납 완료,2045.0,1022.5,6800750.0
006499412,사가정역,태릉영업사업소,시민용,사가정역,2025-09-30,2025,9,2025-09,정기분,수납 완료,2765.0,1382.5,9299150.0
006499412,사가정역,태릉영업사업소,시민용,사가정역,2025-11-30,2025,11,2025-11,정기분,수납 완료,2625.0,1312.5,8813350.0
006499412,사가정역,태릉영업사업소,시민용,사가정역,2026-01-31,2026,1,2026-01,정기분,수납 완료,2245.0,1122.5,7494750.0
006499412,사가정역,태릉영업사업소,시민용,사가정역,2026-03-31,2026,3,2026-03,정기분,수납 완료,2179.0,1089.5,7583880.0
006499412,사가정역,태릉영업사업소,시민용,사가정역,2026-05-31,2026,5,2026-05,정기분,미납,2328.0,1164.0,8210320.0
032072396,삼각지역(6호선),동작영업사업소,시민용,삼각지역,2008-07-31,2008,7,2008-07,정기분,수납 완료,971.0,485.5,1292120.0
032072396,삼각지역(6호선),동작영업사업소,시민용,삼각지역,2008-09-30,2008,9,2008-09,정기분,수납 완료,923.0,461.5,1233240.0
032072396,삼각지역(6호선),동작영업사업소,시민용,삼각지역,2008-11-30,2008,11,2008-11,정기분,수납 완료,2160.0,1080.0,2821720.0
032072396,삼각지역(6호선),동작영업사업소,시민용,삼각지역,2009-01-31,2009,1,2009-01,정기분,수납 완료,1360.0,680.0,1796440.0
032072396,삼각지역(6호선),동작영업사업소,시민용,삼각지역,2009-04-30,2009,4,2009-04,정기분,수납 완료,1045.0,522.5,1431300.0
032072396,삼각지역(6호선),동작영업사업소,시민용,삼각지역,2009-06-30,2009,6,2009-06,정기분,수납 완료,959.0,479.5,1352280.0
032072396,삼각지역(6호선),동작영업사업소,시민용,삼각지역,2009-08-31,2009,8,2009-08,정기분,수납 완료,1233.0,616.5,1709400.0
032072396,삼각지역(6호선),동작영업사업소,시민용,삼각지역,2009-10-31,2009,10,2009-10,정기분,수납 완료,945.0,472.5,1343320.0
032072396,삼각지역(6호선),동작영업사업소,시민용,삼각지역,2009-12-31,2009,12,2009-12,정기분,수납 완료,1133.0,566.5,1556550.0
032072396,삼각지역(6호선),동작영업사업소,시민용,삼각지역,2010-02-28,2010,2,2010-02,정기분,수납 완료,864.0,432.0,1210200.0
032072396,삼각지역(6호선),동작영업사업소,시민용,삼각지역,2010-04-30,2010,4,2010-04,정기분,수납 완료,973.0,486.5,1281880.0
032072396,삼각지역(6호선),동작영업사업소,시민용,삼각지역,2010-06-30,2010,6,2010-06,정기분,수납 완료,1020.0,510.0,1409880.0
032072396,삼각지역(6호선),동작영업사업소,시민용,삼각지역,2010-08-31,2010,8,2010-08,정기분,수납 완료,957.0,478.5,1347160.0
032072396,삼각지역(6호선),동작영업사업소,시민용,삼각지역,2010-10-31,2010,10,2010-10,정기분,수납 완료,918.0,459.0,1289560.0
032072396,삼각지역(6호선),동작영업사업소,시민용,삼각지역,2010-12-31,2010,12,2010-12,정기분,수납 완료,1014.0,507.0,1415000.0
032072396,삼각지역(6호선),동작영업사업소,시민용,삼각지역,2011-02-28,2011,2,2011-02,정기분,수납 완료,783.0,391.5,1073820.0
032072396,삼각지역(6호선),동작영업사업소,시민용,삼각지역,2011-04-30,2011,4,2011-04,정기분,수납 완료,845.0,422.5,1154900.0
032072396,삼각지역(6호선),동작영업사업소,시민용,삼각지역,2011-06-30,2011,6,2011-06,정기분,수납 완료,1199.0,599.5,1625750.0
032072396,삼각지역(6호선),동작영업사업소,시민용,삼각지역,2011-08-31,2011,8,2011-08,정기분,수납 완료,896.0,448.0,1252940.0
032072396,삼각지역(6호선),동작영업사업소,시민용,삼각지역,2011-10-31,2011,10,2011-10,정기분,수납 완료,1056.0,528.0,1465790.0
032072396,삼각지역(6호선),동작영업사업소,시민용,삼각지역,2011-12-31,2011,12,2011-12,정기분,수납 완료,1074.0,537.0,1479980.0
032072396,삼각지역(6호선),동작영업사업소,시민용,삼각지역,2012-02-29,2012,2,2012-02,정기분,수납 완료,1074.0,537.0,1490300.0
032072396,삼각지역(6호선),동작영업사업소,시민용,삼각지역,2012-04-30,2012,4,2012-04,정기분,수납 완료,1086.0,543.0,1856640.0
032072396,삼각지역(6호선),동작영업사업소,시민용,삼각지역,2012-06-30,2012,6,2012-06,정기분,수납 완료,1001.0,500.5,1730360.0
032072396,삼각지역(6호선),동작영업사업소,시민용,삼각지역,2012-08-31,2012,8,2012-08,정기분,수납 완료,1033.0,516.5,1800880.0
032072396,삼각지역(6호선),동작영업사업소,시민용,삼각지역,2012-10-31,2012,10,2012-10,정기분,수납 완료,1066.0,533.0,1843520.0
032072396,삼각지역(6호선),동작영업사업소,시민용,삼각지역,2012-12-31,2012,12,2012-12,정기분,수납 완료,1076.0,538.0,1848440.0
032072396,삼각지역(6호선),동작영업사업소,시민용,삼각지역,2013-02-28,2013,2,2013-02,정기분,수납 완료,864.0,432.0,1469600.0
032072396,삼각지역(6호선),동작영업사업소,시민용,삼각지역,2013-04-30,2013,4,2013-04,정기분,수납 완료,863.0,431.5,1601520.0
032072396,삼각지역(6호선),동작영업사업소,시민용,삼각지역,2013-06-30,2013,6,2013-06,정기분,수납 완료,1013.0,506.5,1920890.0
032072396,삼각지역(6호선),동작영업사업소,시민용,삼각지역,2013-08-31,2013,8,2013-08,정기분,수납 완료,1029.0,514.5,1967680.0
032072396,삼각지역(6호선),동작영업사업소,시민용,삼각지역,2013-10-31,2013,10,2013-10,정기분,수납 완료,1228.0,614.0,2348560.0
032072396,삼각지역(6호선),동작영업사업소,시민용,삼각지역,2013-12-31,2013,12,2013-12,정기분,수납 완료,1216.0,608.0,2468160.0
032072396,삼각지역(6호선),동작영업사업소,시민용,삼각지역,2014-02-28,2014,2,2014-02,정기분,수납 완료,988.0,494.0,1901440.0
032072396,삼각지역(6호선),동작영업사업소,시민용,삼각지역,2014-04-30,2014,4,2014-04,정기분,수납 완료,982.0,491.0,2045600.0
032072396,삼각지역(6호선),동작영업사업소,시민용,삼각지역,2014-06-30,2014,6,2014-06,정기분,수납 완료,989.0,494.5,2105600.0
032072396,삼각지역(6호선),동작영업사업소,시민용,삼각지역,2014-08-31,2014,8,2014-08,정기분,수납 완료,1283.0,641.5,2719600.0
032072396,삼각지역(6호선),동작영업사업소,시민용,삼각지역,2014-10-31,2014,10,2014-10,정기분,수납 완료,1034.0,517.0,2227600.0
032072396,삼각지역(6호선),동작영업사업소,시민용,삼각지역,2014-12-31,2014,12,2014-12,정기분,수납 완료,936.0,468.0,1987330.0
032072396,삼각지역(6호선),동작영업사업소,시민용,삼각지역,2015-02-28,2015,2,2015-02,정기분,수납 완료,801.0,400.5,1637600.0
032072396,삼각지역(6호선),동작영업사업소,시민용,삼각지역,2015-04-30,2015,4,2015-04,정기분,수납 완료,713.0,356.5,1457600.0
032072396,삼각지역(6호선),동작영업사업소,시민용,삼각지역,2015-06-30,2015,6,2015-06,정기분,수납 완료,1151.0,575.5,2369600.0
032072396,삼각지역(6호선),동작영업사업소,시민용,삼각지역,2015-08-31,2015,8,2015-08,정기분,수납 완료,1006.0,503.0,2107600.0
032072396,삼각지역(6호선),동작영업사업소,시민용,삼각지역,2015-10-31,2015,10,2015-10,정기분,수납 완료,1037.0,518.5,2169600.0
032072396,삼각지역(6호선),동작영업사업소,시민용,삼각지역,2015-12-31,2015,12,2015-12,정기분,수납 완료,571.0,285.5,1245600.0
032072396,삼각지역(6호선),동작영업사업소,시민용,삼각지역,2016-02-29,2016,2,2016-02,정기분,수납 완료,792.0,396.0,1595600.0
032072396,삼각지역(6호선),동작영업사업소,시민용,삼각지역,2016-04-30,2016,4,2016-04,정기분,수납 완료,781.0,390.5,1621600.0
032072396,삼각지역(6호선),동작영업사업소,시민용,삼각지역,2016-06-30,2016,6,2016-06,정기분,수납 완료,905.0,452.5,1893600.0
032072396,삼각지역(6호선),동작영업사업소,시민용,삼각지역,2016-08-31,2016,8,2016-08,정기분,수납 완료,1155.0,577.5,2409600.0
032072396,삼각지역(6호선),동작영업사업소,시민용,삼각지역,2016-10-31,2016,10,2016-10,정기분,수납 완료,952.0,476.0,1995600.0
032072396,삼각지역(6호선),동작영업사업소,시민용,삼각지역,2016-12-31,2016,12,2016-12,정기분,수납 완료,1045.0,522.5,2181600.0
032072396,삼각지역(6호선),동작영업사업소,시민용,삼각지역,2017-02-28,2017,2,2017-02,정기분,수납 완료,784.0,392.0,1666890.0
032072396,삼각지역(6호선),동작영업사업소,시민용,삼각지역,2017-04-30,2017,4,2017-04,정기분,수납 완료,798.0,399.0,1747190.0
032072396,삼각지역(6호선),동작영업사업소,시민용,삼각지역,2017-06-30,2017,6,2017-06,정기분,수납 완료,888.0,444.0,1962600.0
032072396,삼각지역(6호선),동작영업사업소,시민용,삼각지역,2017-08-31,2017,8,2017-08,정기분,수납 완료,1241.0,620.5,2710200.0
032072396,삼각지역(6호선),동작영업사업소,시민용,삼각지역,2017-10-31,2017,10,2017-10,정기분,수납 완료,1311.0,655.5,2886600.0
032072396,삼각지역(6호선),동작영업사업소,시민용,삼각지역,2017-12-31,2017,12,2017-12,정기분,수납 완료,838.0,419.0,1847100.0
032072396,삼각지역(6호선),동작영업사업소,시민용,삼각지역,2018-02-28,2018,2,2018-02,정기분,수납 완료,745.0,372.5,1673470.0
032072396,삼각지역(6호선),동작영업사업소,시민용,삼각지역,2018-04-30,2018,4,2018-04,정기분,수납 완료,763.0,381.5,1743800.0
032072396,삼각지역(6호선),동작영업사업소,시민용,삼각지역,2018-06-30,2018,6,2018-06,정기분,수납 완료,604.0,302.0,1392410.0
032072396,삼각지역(6호선),동작영업사업소,시민용,삼각지역,2018-08-31,2018,8,2018-08,정기분,수납 완료,999.0,499.5,2139390.0
032072396,삼각지역(6호선),동작영업사업소,시민용,삼각지역,2018-10-31,2018,10,2018-10,정기분,수납 완료,942.0,471.0,2565550.0
032072396,삼각지역(6호선),동작영업사업소,시민용,삼각지역,2018-12-31,2018,12,2018-12,정기분,수납 완료,679.0,339.5,1980270.0
032072396,삼각지역(6호선),동작영업사업소,시민용,삼각지역,2019-02-28,2019,2,2019-02,정기분,수납 완료,485.0,242.5,1882620.0
032072396,삼각지역(6호선),동작영업사업소,시민용,삼각지역,2019-04-30,2019,4,2019-04,정기분,수납 완료,498.0,249.0,1649460.0
032072396,삼각지역(6호선),동작영업사업소,시민용,삼각지역,2019-06-30,2019,6,2019-06,정기분,수납 완료,564.0,282.0,1896440.0
032072396,삼각지역(6호선),동작영업사업소,시민용,삼각지역,2019-08-31,2019,8,2019-08,정기분,수납 완료,939.0,469.5,2735240.0
032072396,삼각지역(6호선),동작영업사업소,시민용,삼각지역,2019-10-31,2019,10,2019-10,정기분,수납 완료,1316.0,658.0,3615980.0
032072396,삼각지역(6호선),동작영업사업소,시민용,삼각지역,2019-12-31,2019,12,2019-12,정기분,수납 완료,699.0,349.5,2166720.0
032072396,삼각지역(6호선),동작영업사업소,시민용,삼각지역,2020-02-29,2020,2,2020-02,정기분,수납 완료,504.0,252.0,1849840.0
032072396,삼각지역(6호선),동작영업사업소,시민용,삼각지역,2020-04-30,2020,4,2020-04,정기분,수납 완료,573.0,286.5,1952360.0
032072396,삼각지역(6호선),동작영업사업소,시민용,삼각지역,2020-06-30,2020,6,2020-06,정기분,수납 완료,688.0,344.0,2238950.0
032072396,삼각지역(6호선),동작영업사업소,시민용,삼각지역,2020-08-31,2020,8,2020-08,정기분,수납 완료,845.0,422.5,2579130.0
032072396,삼각지역(6호선),동작영업사업소,시민용,삼각지역,2020-10-31,2020,10,2020-10,정기분,수납 완료,1094.0,547.0,3103380.0
032072396,삼각지역(6호선),동작영업사업소,시민용,삼각지역,2020-12-31,2020,12,2020-12,정기분,수납 완료,767.0,383.5,2367100.0
032072396,삼각지역(6호선),동작영업사업소,시민용,삼각지역,2021-02-28,2021,2,2021-02,정기분,수납 완료,534.0,267.0,1798580.0
032072396,삼각지역(6호선),동작영업사업소,시민용,삼각지역,2021-04-30,2021,4,2021-04,정기분,수납 완료,578.0,289.0,2180700.0
032072396,삼각지역(6호선),동작영업사업소,시민용,삼각지역,2021-06-30,2021,6,2021-06,정기분,수납 완료,698.0,349.0,2399720.0
032072396,삼각지역(6호선),동작영업사업소,시민용,삼각지역,2021-08-31,2021,8,2021-08,정기분,수납 완료,1048.0,524.0,3246610.0
032072396,삼각지역(6호선),동작영업사업소,시민용,삼각지역,2021-10-31,2021,10,2021-10,정기분,수납 완료,792.0,396.0,2784640.0
032072396,삼각지역(6호선),동작영업사업소,시민용,삼각지역,2021-12-31,2021,12,2021-12,정기분,수납 완료,724.0,362.0,2683040.0
032072396,삼각지역(6호선),동작영업사업소,시민용,삼각지역,2022-02-28,2022,2,2022-02,정기분,수납 완료,610.0,305.0,2423510.0
032072396,삼각지역(6호선),동작영업사업소,시민용,삼각지역,2022-04-30,2022,4,2022-04,정기분,수납 완료,605.0,302.5,2384250.0
032072396,삼각지역(6호선),동작영업사업소,시민용,삼각지역,2022-06-30,2022,6,2022-06,정기분,수납 완료,796.0,398.0,3306680.0
032072396,삼각지역(6호선),동작영업사업소,시민용,삼각지역,2022-08-31,2022,8,2022-08,정기분,수납 완료,1246.0,623.0,4321400.0
032072396,삼각지역(6호선),동작영업사업소,시민용,삼각지역,2022-10-31,2022,10,2022-10,정기분,수납 완료,1089.0,544.5,3852350.0
032072396,삼각지역(6호선),동작영업사업소,시민용,삼각지역,2022-12-31,2022,12,2022-12,정기분,수납 완료,1152.0,576.0,3666850.0
032072396,삼각지역(6호선),동작영업사업소,시민용,삼각지역,2023-02-28,2023,2,2023-02,정기분,수납 완료,984.0,492.0,3068480.0
032072396,삼각지역(6호선),동작영업사업소,시민용,삼각지역,2023-04-30,2023,4,2023-04,정기분,수납 완료,1045.0,522.5,3555160.0
032072396,삼각지역(6호선),동작영업사업소,시민용,삼각지역,2023-06-30,2023,6,2023-06,정기분,수납 완료,1203.0,601.5,4106200.0
032072396,삼각지역(6호선),동작영업사업소,시민용,삼각지역,2023-08-31,2023,8,2023-08,정기분,수납 완료,1613.0,806.5,5483800.0
032072396,삼각지역(6호선),동작영업사업소,시민용,삼각지역,2023-10-31,2023,10,2023-10,정기분,수납 완료,1740.0,870.0,5937400.0
032072396,삼각지역(6호선),동작영업사업소,시민용,삼각지역,2023-12-31,2023,12,2023-12,정기분,수납 완료,1153.0,576.5,3924760.0
032072396,삼각지역(6호선),동작영업사업소,시민용,삼각지역,2024-02-29,2024,2,2024-02,정기분,수납 완료,997.0,498.5,3380440.0
032072396,삼각지역(6호선),동작영업사업소,시민용,삼각지역,2024-04-30,2024,4,2024-04,정기분,수납 완료,976.0,488.0,3303160.0
032072396,삼각지역(6호선),동작영업사업소,시민용,삼각지역,2024-06-30,2024,6,2024-06,정기분,수납 완료,1108.0,554.0,3760120.0
032072396,삼각지역(6호선),동작영업사업소,시민용,삼각지역,2024-08-31,2024,8,2024-08,정기분,수납 완료,1108.0,554.0,3773560.0
032072396,삼각지역(6호선),동작영업사업소,시민용,삼각지역,2024-10-31,2024,10,2024-10,정기분,수납 완료,1108.0,554.0,3803800.0
032072396,삼각지역(6호선),동작영업사업소,시민용,삼각지역,2024-12-31,2024,12,2024-12,정기분,수납 완료,1078.0,539.0,3669400.0
032072396,삼각지역(6호선),동작영업사업소,시민용,삼각지역,2025-02-28,2025,2,2025-02,정기분,수납 완료,1062.0,531.0,3605560.0
032072396,삼각지역(6호선),동작영업사업소,시민용,삼각지역,2025-04-30,2025,4,2025-04,정기분,수납 완료,1043.0,521.5,3538360.0
032072396,삼각지역(6호선),동작영업사업소,시민용,삼각지역,2025-06-30,2025,6,2025-06,정기분,수납 완료,1315.0,657.5,4459000.0
032072396,삼각지역(6호선),동작영업사업소,시민용,삼각지역,2025-08-31,2025,8,2025-08,정기분,수납 완료,1926.0,963.0,6527760.0
032072396,삼각지역(6호선),동작영업사업소,시민용,삼각지역,2025-10-31,2025,10,2025-10,정기분,수납 완료,2039.0,1019.5,6925440.0
032072396,삼각지역(6호선),동작영업사업소,시민용,삼각지역,2025-12-31,2025,12,2025-12,정기분,수납 완료,1139.0,569.5,3880080.0
032072396,삼각지역(6호선),동작영업사업소,시민용,삼각지역,2026-02-28,2026,2,2026-02,정기분,수납 완료,1268.0,634.0,4530290.0
032072396,삼각지역(6호선),동작영업사업소,시민용,삼각지역,2026-04-30,2026,4,2026-04,정기분,수납 완료,887.0,443.5,3397660.0
022277395,삼성역,종합운동장영업사업소,시민용,삼성지하철,2008-06-30,2008,6,2008-06,정기분,수납 완료,1904.0,952.0,2469720.0
022277395,삼성역,종합운동장영업사업소,시민용,삼성지하철,2008-08-31,2008,8,2008-08,정기분,수납 완료,2803.0,1401.5,3620440.0
022277395,삼성역,종합운동장영업사업소,시민용,삼성지하철,2008-10-31,2008,10,2008-10,정기분,수납 완료,2575.0,1287.5,3328600.0
022277395,삼성역,종합운동장영업사업소,시민용,삼성지하철,2008-12-31,2008,12,2008-12,정기분,수납 완료,1694.0,847.0,2200920.0
022277395,삼성역,종합운동장영업사업소,시민용,삼성지하철,2009-02-28,2009,2,2009-02,정기분,수납 완료,1446.0,723.0,1883480.0
022277395,삼성역,종합운동장영업사업소,시민용,삼성지하철,2009-04-30,2009,4,2009-04,정기분,수납 완료,1584.0,792.0,2088680.0
022277395,삼성역,종합운동장영업사업소,시민용,삼성지하철,2009-06-30,2009,6,2009-06,정기분,수납 완료,2257.0,1128.5,2970860.0
022277395,삼성역,종합운동장영업사업소,시민용,삼성지하철,2009-08-31,2009,8,2009-08,정기분,수납 완료,1961.0,980.5,2625980.0
022277395,삼성역,종합운동장영업사업소,시민용,삼성지하철,2009-10-31,2009,10,2009-10,정기분,수납 완료,2202.0,1101.0,3035400.0
022277395,삼성역,종합운동장영업사업소,시민용,삼성지하철,2009-12-31,2009,12,2009-12,정기분,수납 완료,1645.0,822.5,2175560.0
022277395,삼성역,종합운동장영업사업소,시민용,삼성지하철,2010-02-28,2010,2,2010-02,정기분,수납 완료,1788.0,894.0,2358600.0
022277395,삼성역,종합운동장영업사업소,시민용,삼성지하철,2010-04-30,2010,4,2010-04,정기분,수납 완료,1843.0,921.5,2409960.0
022277395,삼성역,종합운동장영업사업소,시민용,삼성지하철,2010-06-30,2010,6,2010-06,정기분,수납 완료,2174.0,1087.0,2837720.0
022277395,삼성역,종합운동장영업사업소,시민용,삼성지하철,2010-08-31,2010,8,2010-08,정기분,수납 완료,3631.0,1815.5,4701320.0
022277395,삼성역,종합운동장영업사업소,시민용,삼성지하철,2010-10-31,2010,10,2010-10,정기분,수납 완료,5205.0,2602.5,6743580.0
022277395,삼성역,종합운동장영업사업소,시민용,삼성지하철,2010-12-31,2010,12,2010-12,정기분,수납 완료,42.0,21.0,286480.0
022277395,삼성역,종합운동장영업사업소,시민용,삼성지하철,2011-02-28,2011,2,2011-02,정기분,수납 완료,2966.0,1483.0,3838550.0
022277395,삼성역,종합운동장영업사업소,시민용,삼성지하철,2011-04-30,2011,4,2011-04,정기분,수납 완료,2556.0,1278.0,3340680.0
022277395,삼성역,종합운동장영업사업소,시민용,삼성지하철,2011-06-30,2011,6,2011-06,정기분,수납 완료,1845.0,922.5,2408530.0
022277395,삼성역,종합운동장영업사업소,시민용,삼성지하철,2011-08-31,2011,8,2011-08,정기분,수납 완료,3701.0,1850.5,4802770.0
022277395,삼성역,종합운동장영업사업소,시민용,삼성지하철,2011-10-31,2011,10,2011-10,정기분,수납 완료,3784.0,1892.0,4909840.0
022277395,삼성역,종합운동장영업사업소,시민용,삼성지하철,2011-12-31,2011,12,2011-12,정기분,수납 완료,2879.0,1439.5,3742390.0
022277395,삼성역,종합운동장영업사업소,시민용,삼성지하철,2012-02-29,2012,2,2012-02,정기분,수납 완료,3395.0,1697.5,4415170.0
022277395,삼성역,종합운동장영업사업소,시민용,삼성지하철,2012-04-30,2012,4,2012-04,정기분,수납 완료,1454.0,727.0,2414360.0
022277395,삼성역,종합운동장영업사업소,시민용,삼성지하철,2012-06-30,2012,6,2012-06,정기분,수납 완료,3862.0,1931.0,6373600.0
022277395,삼성역,종합운동장영업사업소,시민용,삼성지하철,2012-08-31,2012,8,2012-08,정기분,수납 완료,5244.0,2622.0,8963920.0
022277395,삼성역,종합운동장영업사업소,시민용,삼성지하철,2012-10-31,2012,10,2012-10,정기분,수납 완료,3580.0,1790.0,5930040.0
022277395,삼성역,종합운동장영업사업소,시민용,삼성지하철,2012-12-31,2012,12,2012-12,정기분,수납 완료,3215.0,1607.5,5322640.0
022277395,삼성역,종합운동장영업사업소,시민용,삼성지하철,2013-02-28,2013,2,2013-02,정기분,수납 완료,2812.0,1406.0,4661720.0
022277395,삼성역,종합운동장영업사업소,시민용,삼성지하철,2013-04-30,2013,4,2013-04,정기분,수납 완료,2686.0,1343.0,4913960.0
022277395,삼성역,종합운동장영업사업소,시민용,삼성지하철,2013-06-30,2013,6,2013-06,정기분,수납 완료,4374.0,2187.0,8051880.0
022277395,삼성역,종합운동장영업사업소,시민용,삼성지하철,2013-08-31,2013,8,2013-08,정기분,수납 완료,3996.0,1998.0,7361560.0
022277395,삼성역,종합운동장영업사업소,시민용,삼성지하철,2013-10-31,2013,10,2013-10,정기분,수납 완료,3458.0,1729.0,6395040.0
022277395,삼성역,종합운동장영업사업소,시민용,삼성지하철,2013-12-31,2013,12,2013-12,정기분,수납 완료,2781.0,1390.5,4132990.0
022277395,삼성역,종합운동장영업사업소,시민용,삼성지하철,2014-02-28,2014,2,2014-02,정기분,수납 완료,3112.0,1556.0,5703280.0
022277395,삼성역,종합운동장영업사업소,시민용,삼성지하철,2014-04-30,2014,4,2014-04,정기분,수납 완료,2960.0,1480.0,5892200.0
022277395,삼성역,종합운동장영업사업소,시민용,삼성지하철,2014-06-30,2014,6,2014-06,정기분,수납 완료,3136.0,1568.0,6244200.0
022277395,삼성역,종합운동장영업사업소,시민용,삼성지하철,2014-08-31,2014,8,2014-08,정기분,수납 완료,3996.0,1998.0,7959700.0
022277395,삼성역,종합운동장영업사업소,시민용,삼성지하철,2014-10-31,2014,10,2014-10,정기분,수납 완료,3506.0,1753.0,6979400.0
022277395,삼성역,종합운동장영업사업소,시민용,삼성지하철,2014-12-31,2014,12,2014-12,정기분,수납 완료,3346.0,1673.0,6689400.0
022277395,삼성역,종합운동장영업사업소,시민용,삼성지하철,2015-02-28,2015,2,2015-02,정기분,수납 완료,3498.0,1749.0,6988000.0
022277395,삼성역,종합운동장영업사업소,시민용,삼성지하철,2015-04-30,2015,4,2015-04,정기분,수납 완료,3189.0,1594.5,6347800.0
022277395,삼성역,종합운동장영업사업소,시민용,삼성지하철,2015-06-30,2015,6,2015-06,정기분,수납 완료,3936.0,1968.0,7849000.0
022277395,삼성역,종합운동장영업사업소,시민용,삼성지하철,2015-08-31,2015,8,2015-08,정기분,수납 완료,4287.0,2143.5,8579200.0
022277395,삼성역,종합운동장영업사업소,시민용,삼성지하철,2015-10-31,2015,10,2015-10,정기분,수납 완료,3510.0,1755.0,7124800.0
022277395,삼성역,종합운동장영업사업소,시민용,삼성지하철,2015-12-31,2015,12,2015-12,정기분,수납 완료,3510.0,1755.0,7031200.0
022277395,삼성역,종합운동장영업사업소,시민용,삼성지하철,2016-02-29,2016,2,2016-02,정기분,수납 완료,3510.0,1755.0,7006600.0
022277395,삼성역,종합운동장영업사업소,시민용,삼성지하철,2016-04-30,2016,4,2016-04,정기분,수납 완료,1870.0,935.0,3757200.0
022277395,삼성역,종합운동장영업사업소,시민용,삼성지하철,2016-06-30,2016,6,2016-06,정기분,수납 완료,1824.0,912.0,3663100.0
022277395,삼성역,종합운동장영업사업소,시민용,삼성지하철,2016-08-31,2016,8,2016-08,정기분,수납 완료,3138.0,1569.0,6344800.0
022277395,삼성역,종합운동장영업사업소,시민용,삼성지하철,2016-10-31,2016,10,2016-10,정기분,수납 완료,3582.0,1791.0,7322800.0
022277395,삼성역,종합운동장영업사업소,시민용,삼성지하철,2016-12-31,2016,12,2016-12,정기분,수납 완료,2007.0,1003.5,3993100.0
022277395,삼성역,종합운동장영업사업소,시민용,삼성지하철,2017-02-28,2017,2,2017-02,정기분,수납 완료,1963.0,981.5,4000510.0
022277395,삼성역,종합운동장영업사업소,시민용,삼성지하철,2017-04-30,2017,4,2017-04,정기분,수납 완료,1791.0,895.5,3760510.0
022277395,삼성역,종합운동장영업사업소,시민용,삼성지하철,2017-06-30,2017,6,2017-06,정기분,수납 완료,2356.0,1178.0,4946020.0
022277395,삼성역,종합운동장영업사업소,시민용,삼성지하철,2017-08-31,2017,8,2017-08,정기분,수납 완료,3047.0,1523.5,6484570.0
022277395,삼성역,종합운동장영업사업소,시민용,삼성지하철,2017-10-31,2017,10,2017-10,정기분,수납 완료,3508.0,1754.0,7557610.0
022277395,삼성역,종합운동장영업사업소,시민용,삼성지하철,2017-12-31,2017,12,2017-12,정기분,수납 완료,2212.0,1106.0,4603030.0
022277395,삼성역,종합운동장영업사업소,시민용,삼성지하철,2018-02-28,2018,2,2018-02,정기분,수납 완료,2681.0,1340.5,5766960.0
022277395,삼성역,종합운동장영업사업소,시민용,삼성지하철,2018-04-30,2018,4,2018-04,정기분,수납 완료,2664.0,1332.0,5862640.0
022277395,삼성역,종합운동장영업사업소,시민용,삼성지하철,2018-06-30,2018,6,2018-06,정기분,수납 완료,2137.0,1068.5,4764570.0
022277395,삼성역,종합운동장영업사업소,시민용,삼성지하철,2018-08-31,2018,8,2018-08,정기분,수납 완료,3050.0,1525.0,6842420.0
022277395,삼성역,종합운동장영업사업소,시민용,삼성지하철,2018-10-31,2018,10,2018-10,정기분,수납 완료,3801.0,1900.5,8600770.0
022277395,삼성역,종합운동장영업사업소,시민용,삼성지하철,2018-12-31,2018,12,2018-12,정기분,수납 완료,1833.0,916.5,4059970.0
022277395,삼성역,종합운동장영업사업소,시민용,삼성지하철,2019-02-28,2019,2,2019-02,정기분,수납 완료,1907.0,953.5,4305840.0
022277395,삼성역,종합운동장영업사업소,시민용,삼성지하철,2019-04-30,2019,4,2019-04,정기분,수납 완료,1871.0,935.5,4360030.0
022277395,삼성역,종합운동장영업사업소,시민용,삼성지하철,2019-06-30,2019,6,2019-06,정기분,수납 완료,2355.0,1177.5,5456150.0
022277395,삼성역,종합운동장영업사업소,시민용,삼성지하철,2019-08-31,2019,8,2019-08,정기분,수납 완료,3762.0,1881.0,8922860.0
022277395,삼성역,종합운동장영업사업소,시민용,삼성지하철,2019-10-31,2019,10,2019-10,정기분,수납 완료,3401.0,1700.5,8264930.0
022277395,삼성역,종합운동장영업사업소,시민용,삼성지하철,2019-12-31,2019,12,2019-12,정기분,수납 완료,1927.0,963.5,4632910.0
022277395,삼성역,종합운동장영업사업소,시민용,삼성지하철,2020-02-29,2020,2,2020-02,정기분,수납 완료,1682.0,841.0,4048860.0
022277395,삼성역,종합운동장영업사업소,시민용,삼성지하철,2020-04-30,2020,4,2020-04,정기분,수납 완료,1215.0,607.5,3139550.0
022277395,삼성역,종합운동장영업사업소,시민용,삼성지하철,2020-06-30,2020,6,2020-06,정기분,수납 완료,1188.0,594.0,2741440.0
022277395,삼성역,종합운동장영업사업소,시민용,삼성지하철,2020-08-31,2020,8,2020-08,정기분,수납 완료,2598.0,1299.0,6171540.0
022277395,삼성역,종합운동장영업사업소,시민용,삼성지하철,2020-10-31,2020,10,2020-10,정기분,수납 완료,2638.0,1319.0,6591940.0
022277395,삼성역,종합운동장영업사업소,시민용,삼성지하철,2020-12-31,2020,12,2020-12,정기분,수납 완료,1379.0,689.5,3198470.0
022277395,삼성역,종합운동장영업사업소,시민용,삼성지하철,2021-02-28,2021,2,2021-02,정기분,수납 완료,1095.0,547.5,2599550.0
022277395,삼성역,종합운동장영업사업소,시민용,삼성지하철,2021-04-30,2021,4,2021-04,정기분,수납 완료,1290.0,645.0,3226700.0
022277395,삼성역,종합운동장영업사업소,시민용,삼성지하철,2021-06-30,2021,6,2021-06,정기분,수납 완료,1482.0,741.0,3734460.0
022277395,삼성역,종합운동장영업사업소,시민용,삼성지하철,2021-08-31,2021,8,2021-08,정기분,수납 완료,2644.0,1322.0,6693050.0
022277395,삼성역,종합운동장영업사업소,시민용,삼성지하철,2021-10-31,2021,10,2021-10,정기분,수납 완료,2631.0,1315.5,7064140.0
022277395,삼성역,종합운동장영업사업소,시민용,삼성지하철,2021-12-31,2021,12,2021-12,정기분,수납 완료,1617.0,808.5,4170180.0
022277395,삼성역,종합운동장영업사업소,시민용,삼성지하철,2022-02-28,2022,2,2022-02,정기분,수납 완료,1502.0,751.0,4302500.0
022277395,삼성역,종합운동장영업사업소,시민용,삼성지하철,2022-04-30,2022,4,2022-04,정기분,수납 완료,1148.0,574.0,3499200.0
022277395,삼성역,종합운동장영업사업소,시민용,삼성지하철,2022-06-30,2022,6,2022-06,정기분,수납 완료,1781.0,890.5,5553850.0
022277395,삼성역,종합운동장영업사업소,시민용,삼성지하철,2022-08-31,2022,8,2022-08,정기분,수납 완료,3285.0,1642.5,10193850.0
022277395,삼성역,종합운동장영업사업소,시민용,삼성지하철,2022-10-31,2022,10,2022-10,정기분,수납 완료,2752.0,1376.0,8982200.0
022277395,삼성역,종합운동장영업사업소,시민용,삼성지하철,2022-12-31,2022,12,2022-12,정기분,수납 완료,1750.0,875.0,5306100.0
022277395,삼성역,종합운동장영업사업소,시민용,삼성지하철,2023-02-28,2023,2,2023-02,정기분,수납 완료,1454.0,727.0,4583740.0
022277395,삼성역,종합운동장영업사업소,시민용,삼성지하철,2023-04-30,2023,4,2023-04,정기분,수납 완료,1662.0,831.0,5508920.0
022277395,삼성역,종합운동장영업사업소,시민용,삼성지하철,2023-06-30,2023,6,2023-06,정기분,수납 완료,2089.0,1044.5,6953430.0
022277395,삼성역,종합운동장영업사업소,시민용,삼성지하철,2023-08-31,2023,8,2023-08,정기분,수납 완료,3134.0,1567.0,11065980.0
022277395,삼성역,종합운동장영업사업소,시민용,삼성지하철,2023-10-31,2023,10,2023-10,정기분,수납 완료,2982.0,1491.0,10338940.0
022277395,삼성역,종합운동장영업사업소,시민용,삼성지하철,2023-12-31,2023,12,2023-12,정기분,수납 완료,1999.0,999.5,6779240.0
022277395,삼성역,종합운동장영업사업소,시민용,삼성지하철,2024-02-29,2024,2,2024-02,정기분,수납 완료,1775.0,887.5,6012200.0
022277395,삼성역,종합운동장영업사업소,시민용,삼성지하철,2024-04-30,2024,4,2024-04,정기분,수납 완료,1691.0,845.5,5753160.0
022277395,삼성역,종합운동장영업사업소,시민용,삼성지하철,2024-06-30,2024,6,2024-06,정기분,수납 완료,2031.0,1015.5,6901370.0
022277395,삼성역,종합운동장영업사업소,시민용,삼성지하철,2024-08-31,2024,8,2024-08,정기분,수납 완료,2913.0,1456.5,10248910.0
022277395,삼성역,종합운동장영업사업소,시민용,삼성지하철,2024-10-31,2024,10,2024-10,정기분,수납 완료,2848.0,1424.0,10129360.0
022277395,삼성역,종합운동장영업사업소,시민용,삼성지하철,2024-12-31,2024,12,2024-12,정기분,수납 완료,1970.0,985.0,6819200.0
022277395,삼성역,종합운동장영업사업소,시민용,삼성지하철,2025-02-28,2025,2,2025-02,정기분,수납 완료,1513.0,756.5,5188080.0
022277395,삼성역,종합운동장영업사업소,시민용,삼성지하철,2025-04-30,2025,4,2025-04,정기분,수납 완료,1681.0,840.5,6021360.0
022277395,삼성역,종합운동장영업사업소,시민용,삼성지하철,2025-06-30,2025,6,2025-06,정기분,수납 완료,1856.0,928.0,6708560.0
022277395,삼성역,종합운동장영업사업소,시민용,삼성지하철,2025-08-31,2025,8,2025-08,정기분,수납 완료,3222.0,1611.0,11584340.0
022277395,삼성역,종합운동장영업사업소,시민용,삼성지하철,2025-10-31,2025,10,2025-10,정기분,수납 완료,2223.0,1111.5,8005410.0
022277395,삼성역,종합운동장영업사업소,시민용,삼성지하철,2025-12-31,2025,12,2025-12,정기분,수납 완료,1736.0,868.0,6282160.0
022277395,삼성역,종합운동장영업사업소,시민용,삼성지하철,2026-02-28,2026,2,2026-02,정기분,수납 완료,1461.0,730.5,5200110.0
022277395,삼성역,종합운동장영업사업소,시민용,삼성지하철,2026-04-30,2026,4,2026-04,정기분,수납 완료,1397.0,698.5,4944140.0
002296399,상계역,상계영업사업소,시민용,상계역장,2008-06-30,2008,6,2008-06,정기분,수납 완료,1687.0,843.5,1159560.0
002296399,상계역,상계영업사업소,시민용,상계역장,2008-07-31,2008,7,2008-07,정기분,수납 완료,844.0,422.0,1053320.0
002296399,상계역,상계영업사업소,시민용,상계역장,2008-08-31,2008,8,2008-08,정기분,수납 완료,1636.0,818.0,986760.0
002296399,상계역,상계영업사업소,시민용,상계역장,2008-09-30,2008,9,2008-09,정기분,수납 완료,818.0,409.0,1020040.0
002296399,상계역,상계영업사업소,시민용,상계역장,2008-10-31,2008,10,2008-10,정기분,수납 완료,1697.0,848.5,1098120.0
002296399,상계역,상계영업사업소,시민용,상계역장,2008-11-30,2008,11,2008-11,정기분,수납 완료,849.0,424.5,1059720.0
002296399,상계역,상계영업사업소,시민용,상계역장,2008-12-31,2008,12,2008-12,정기분,수납 완료,1737.0,868.5,1109640.0
002296399,상계역,상계영업사업소,시민용,상계역장,2009-01-31,2009,1,2009-01,정기분,수납 완료,869.0,434.5,1085320.0
002296399,상계역,상계영업사업소,시민용,상계역장,2009-02-28,2009,2,2009-02,정기분,수납 완료,1494.0,747.0,773000.0
002296399,상계역,상계영업사업소,시민용,상계역장,2009-03-31,2009,3,2009-03,정기분,수납 완료,747.0,373.5,929160.0
002296399,상계역,상계영업사업소,시민용,상계역장,2009-04-30,2009,4,2009-04,정기분,수납 완료,1466.0,733.0,893320.0
002296399,상계역,상계영업사업소,시민용,상계역장,2009-05-31,2009,5,2009-05,정기분,수납 완료,733.0,366.5,911240.0
002296399,상계역,상계영업사업소,시민용,상계역장,2009-06-30,2009,6,2009-06,정기분,수납 완료,1551.0,775.5,1020040.0
002296399,상계역,상계영업사업소,시민용,상계역장,2009-07-31,2009,7,2009-07,정기분,수납 완료,776.0,388.0,966280.0
002296399,상계역,상계영업사업소,시민용,상계역장,2009-08-31,2009,8,2009-08,정기분,수납 완료,1852.0,926.0,1350280.0
002296399,상계역,상계영업사업소,시민용,상계역장,2009-09-30,2009,9,2009-09,정기분,수납 완료,926.0,463.0,1158280.0
002296399,상계역,상계영업사업소,시민용,상계역장,2009-10-31,2009,10,2009-10,정기분,수납 완료,1730.0,865.0,1002120.0
002296399,상계역,상계영업사업소,시민용,상계역장,2009-11-30,2009,11,2009-11,정기분,수납 완료,865.0,432.5,1080200.0
002296399,상계역,상계영업사업소,시민용,상계역장,2009-12-31,2009,12,2009-12,정기분,수납 완료,1641.0,820.5,966280.0
002296399,상계역,상계영업사업소,시민용,상계역장,2010-01-31,2010,1,2010-01,정기분,수납 완료,834.0,417.0,1040520.0
002296399,상계역,상계영업사업소,시민용,상계역장,2010-02-28,2010,2,2010-02,정기분,수납 완료,1435.0,717.5,742280.0
002296399,상계역,상계영업사업소,시민용,상계역장,2010-03-31,2010,3,2010-03,정기분,수납 완료,718.0,359.0,892040.0
002296399,상계역,상계영업사업소,시민용,상계역장,2010-04-30,2010,4,2010-04,정기분,수납 완료,1622.0,811.0,1130120.0
002296399,상계역,상계영업사업소,시민용,상계역장,2010-05-31,2010,5,2010-05,정기분,수납 완료,811.0,405.5,1011080.0
002296399,상계역,상계영업사업소,시민용,상계역장,2010-06-30,2010,6,2010-06,정기분,수납 완료,1791.0,895.5,1227400.0
002296399,상계역,상계영업사업소,시민용,상계역장,2010-07-31,2010,7,2010-07,정기분,수납 완료,896.0,448.0,1119880.0
002296399,상계역,상계영업사업소,시민용,상계역장,2010-08-31,2010,8,2010-08,정기분,수납 완료,1095.0,547.5,227720.0
002296399,상계역,상계영업사업소,시민용,상계역장,2010-09-30,2010,9,2010-09,정기분,수납 완료,548.0,274.0,674440.0
002296399,상계역,상계영업사업소,시민용,상계역장,2010-10-31,2010,10,2010-10,정기분,수납 완료,834.0,417.0,339080.0
002296399,상계역,상계영업사업소,시민용,상계역장,2010-11-30,2010,11,2010-11,정기분,수납 완료,417.0,208.5,506760.0
002296399,상계역,상계영업사업소,시민용,상계역장,2010-12-31,2010,12,2010-12,정기분,수납 완료,1660.0,830.0,1564040.0
002296399,상계역,상계영업사업소,시민용,상계역장,2011-01-31,2011,1,2011-01,정기분,수납 완료,830.0,415.0,1035400.0
002296399,상계역,상계영업사업소,시민용,상계역장,2011-02-28,2011,2,2011-02,정기분,수납 완료,1479.0,739.5,809020.0
002296399,상계역,상계영업사업소,시민용,상계역장,2011-03-31,2011,3,2011-03,정기분,수납 완료,740.0,370.0,927600.0
002296399,상계역,상계영업사업소,시민용,상계역장,2011-04-30,2011,4,2011-04,정기분,수납 완료,1751.0,875.5,1277190.0
002296399,상계역,상계영업사업소,시민용,상계역장,2011-05-31,2011,5,2011-05,정기분,수납 완료,876.0,438.0,1103040.0
002296399,상계역,상계영업사업소,시민용,상계역장,2011-06-30,2011,6,2011-06,정기분,수납 완료,1836.0,918.0,1211400.0
002296399,상계역,상계영업사업소,시민용,상계역장,2011-07-31,2011,7,2011-07,정기분,수납 완료,918.0,459.0,1157220.0
002296399,상계역,상계영업사업소,시민용,상계역장,2011-08-31,2011,8,2011-08,정기분,수납 완료,1901.0,950.5,1241070.0
002296399,상계역,상계영업사업소,시민용,상계역장,2011-09-30,2011,9,2011-09,정기분,수납 완료,951.0,475.5,1199790.0
002296399,상계역,상계영업사업소,시민용,상계역장,2011-10-31,2011,10,2011-10,정기분,수납 완료,1664.0,832.0,892770.0
002296399,상계역,상계영업사업소,시민용,상계역장,2011-11-30,2011,11,2011-11,정기분,수납 완료,832.0,416.0,1046280.0
002296399,상계역,상계영업사업소,시민용,상계역장,2011-12-31,2011,12,2011-12,정기분,수납 완료,2663.0,1331.5,1573170.0
002296399,상계역,상계영업사업소,시민용,상계역장,2012-01-31,2012,1,2012-01,정기분,수납 완료,1332.0,666.0,1691280.0
002296399,상계역,상계영업사업소,시민용,상계역장,2012-02-29,2012,2,2012-02,정기분,수납 완료,2261.0,1130.5,1171410.0
002296399,상계역,상계영업사업소,시민용,상계역장,2012-03-31,2012,3,2012-03,정기분,수납 완료,1131.0,565.5,1808340.0
002296399,상계역,상계영업사업소,시민용,상계역장,2012-04-30,2012,4,2012-04,정기분,수납 완료,1639.0,819.5,786620.0
002296399,상계역,상계영업사업소,시민용,상계역장,2012-05-31,2012,5,2012-05,정기분,수납 완료,820.0,410.0,1298300.0
002296399,상계역,상계영업사업소,시민용,상계역장,2012-06-30,2012,6,2012-06,정기분,수납 완료,1722.0,861.0,1432780.0
002296399,상계역,상계영업사업소,시민용,상계역장,2012-07-31,2012,7,2012-07,정기분,수납 완료,861.0,430.5,1365540.0
002296399,상계역,상계영업사업소,시민용,상계역장,2012-08-31,2012,8,2012-08,정기분,수납 완료,1685.0,842.5,1304860.0
002296399,상계역,상계영업사업소,시민용,상계역장,2012-09-30,2012,9,2012-09,정기분,수납 완료,843.0,421.5,1336020.0
002296399,상계역,상계영업사업소,시민용,상계역장,2012-10-31,2012,10,2012-10,정기분,수납 완료,1829.0,914.5,1570540.0
002296399,상계역,상계영업사업소,시민용,상계역장,2012-11-30,2012,11,2012-11,정기분,수납 완료,915.0,457.5,1454100.0
002296399,상계역,상계영업사업소,시민용,상계역장,2012-12-31,2012,12,2012-12,정기분,수납 완료,1722.0,861.0,1276980.0
002296399,상계역,상계영업사업소,시민용,상계역장,2013-01-31,2013,1,2013-01,정기분,수납 완료,861.0,430.5,1365540.0
002296399,상계역,상계영업사업소,시민용,상계역장,2013-02-28,2013,2,2013-02,정기분,수납 완료,1334.0,667.0,729220.0
002296399,상계역,상계영업사업소,시민용,상계역장,2013-03-31,2013,3,2013-03,정기분,수납 완료,667.0,333.5,1167780.0
002296399,상계역,상계영업사업소,시민용,상계역장,2013-04-30,2013,4,2013-04,정기분,수납 완료,1557.0,778.5,1578100.0
002296399,상계역,상계영업사업소,시민용,상계역장,2013-05-31,2013,5,2013-05,정기분,수납 완료,779.0,389.5,1373860.0
002296399,상계역,상계영업사업소,시민용,상계역장,2013-06-30,2013,6,2013-06,정기분,수납 완료,1670.0,835.0,1579940.0
002296399,상계역,상계영업사업소,시민용,상계역장,2013-07-31,2013,7,2013-07,정기분,수납 완료,835.0,417.5,1476900.0
002296399,상계역,상계영업사업소,시민용,상계역장,2013-08-31,2013,8,2013-08,정기분,수납 완료,1973.0,986.5,2034420.0
002296399,상계역,상계영업사업소,시민용,상계역장,2013-09-30,2013,9,2013-09,정기분,수납 완료,987.0,493.5,1756580.0
002296399,상계역,상계영업사업소,시민용,상계역장,2013-10-31,2013,10,2013-10,정기분,수납 완료,1889.0,944.5,1600180.0
002296399,상계역,상계영업사업소,시민용,상계역장,2013-11-30,2013,11,2013-11,정기분,수납 완료,944.0,472.0,1677460.0
002296399,상계역,상계영업사업소,시민용,상계역장,2013-12-31,2013,12,2013-12,정기분,수납 완료,1647.0,823.5,1234020.0
002296399,상계역,상계영업사업소,시민용,상계역장,2014-01-31,2014,1,2014-01,정기분,수납 완료,824.0,412.0,1456660.0
002296399,상계역,상계영업사업소,시민용,상계역장,2014-02-28,2014,2,2014-02,정기분,수납 완료,1498.0,749.0,1180660.0
002296399,상계역,상계영업사업소,시민용,상계역장,2014-03-31,2014,3,2014-03,정기분,수납 완료,749.0,374.5,1432500.0
002296399,상계역,상계영업사업소,시민용,상계역장,2014-04-30,2014,4,2014-04,정기분,수납 완료,1373.0,686.5,1182500.0
002296399,상계역,상계영업사업소,시민용,상계역장,2014-05-31,2014,5,2014-05,정기분,수납 완료,687.0,343.5,1308500.0
002296399,상계역,상계영업사업소,시민용,상계역장,2014-06-30,2014,6,2014-06,정기분,수납 완료,1756.0,878.0,2072500.0
002296399,상계역,상계영업사업소,시민용,상계역장,2014-07-31,2014,7,2014-07,정기분,수납 완료,878.0,439.0,1690500.0
002296399,상계역,상계영업사업소,시민용,상계역장,2014-08-31,2014,8,2014-08,정기분,수납 완료,1986.0,993.0,2150500.0
002296399,상계역,상계영업사업소,시민용,상계역장,2014-09-30,2014,9,2014-09,정기분,수납 완료,993.0,496.5,1920500.0
002296399,상계역,상계영업사업소,시민용,상계역장,2014-10-31,2014,10,2014-10,정기분,수납 완료,1677.0,838.5,1302500.0
002296399,상계역,상계영업사업소,시민용,상계역장,2014-11-30,2014,11,2014-11,정기분,수납 완료,839.0,419.5,1612500.0
002296399,상계역,상계영업사업소,시민용,상계역장,2014-12-31,2014,12,2014-12,정기분,수납 완료,1755.0,877.5,1766500.0
002296399,상계역,상계영업사업소,시민용,상계역장,2015-01-31,2015,1,2015-01,정기분,수납 완료,878.0,439.0,1690500.0
002296399,상계역,상계영업사업소,시민용,상계역장,2015-02-28,2015,2,2015-02,정기분,수납 완료,1499.0,749.5,1176500.0
002296399,상계역,상계영업사업소,시민용,상계역장,2015-03-31,2015,3,2015-03,정기분,수납 완료,750.0,375.0,1434500.0
002296399,상계역,상계영업사업소,시민용,상계역장,2015-04-30,2015,4,2015-04,정기분,수납 완료,1340.0,670.0,1114500.0
002296399,상계역,상계영업사업소,시민용,상계역장,2015-05-31,2015,5,2015-05,정기분,수납 완료,670.0,335.0,1274500.0
002296399,상계역,상계영업사업소,시민용,상계역장,2015-06-30,2015,6,2015-06,정기분,수납 완료,1693.0,846.5,1980500.0
002296399,상계역,상계영업사업소,시민용,상계역장,2015-07-31,2015,7,2015-07,정기분,수납 완료,847.0,423.5,1628500.0
002296399,상계역,상계영업사업소,시민용,상계역장,2015-08-31,2015,8,2015-08,정기분,수납 완료,1978.0,989.0,2196500.0
002296399,상계역,상계영업사업소,시민용,상계역장,2015-09-30,2015,9,2015-09,정기분,수납 완료,989.0,494.5,1912500.0
002296399,상계역,상계영업사업소,시민용,상계역장,2015-10-31,2015,10,2015-10,정기분,수납 완료,2068.0,1034.0,2092500.0
002296399,상계역,상계영업사업소,시민용,상계역장,2015-11-30,2015,11,2015-11,정기분,수납 완료,1034.0,517.0,2002500.0
002296399,상계역,상계영업사업소,시민용,상계역장,2015-12-31,2015,12,2015-12,정기분,수납 완료,1710.0,855.0,1286500.0
002296399,상계역,상계영업사업소,시민용,상계역장,2016-01-31,2016,1,2016-01,정기분,수납 완료,855.0,427.5,1644500.0
002296399,상계역,상계영업사업소,시민용,상계역장,2016-02-29,2016,2,2016-02,정기분,수납 완료,1728.0,864.0,1680500.0
002296399,상계역,상계영업사업소,시민용,상계역장,2016-03-31,2016,3,2016-03,정기분,수납 완료,864.0,432.0,1662500.0
002296399,상계역,상계영업사업소,시민용,상계역장,2016-04-30,2016,4,2016-04,정기분,수납 완료,1612.0,806.0,1430500.0
002296399,상계역,상계영업사업소,시민용,상계역장,2016-05-31,2016,5,2016-05,정기분,수납 완료,806.0,403.0,1546500.0
002296399,상계역,상계영업사업소,시민용,상계역장,2016-06-30,2016,6,2016-06,정기분,수납 완료,1712.0,856.0,1746500.0
002296399,상계역,상계영업사업소,시민용,상계역장,2016-07-31,2016,7,2016-07,정기분,수납 완료,856.0,428.0,1646500.0
002296399,상계역,상계영업사업소,시민용,상계역장,2016-08-31,2016,8,2016-08,정기분,수납 완료,2194.0,1097.0,2610500.0
002296399,상계역,상계영업사업소,시민용,상계역장,2016-09-30,2016,9,2016-09,정기분,수납 완료,1097.0,548.5,2128500.0
002296399,상계역,상계영업사업소,시민용,상계역장,2016-10-31,2016,10,2016-10,정기분,수납 완료,2047.0,1023.5,1834500.0
002296399,상계역,상계영업사업소,시민용,상계역장,2016-11-30,2016,11,2016-11,정기분,수납 완료,1024.0,512.0,1982500.0
002296399,상계역,상계영업사업소,시민용,상계역장,2016-12-31,2016,12,2016-12,정기분,수납 완료,1911.0,955.5,1708500.0
002296399,상계역,상계영업사업소,시민용,상계역장,2017-01-31,2017,1,2017-01,정기분,수납 완료,956.0,478.0,1846500.0
002296399,상계역,상계영업사업소,시민용,상계역장,2017-02-28,2017,2,2017-02,정기분,수납 완료,1592.0,796.0,1258750.0
002296399,상계역,상계영업사업소,시민용,상계역장,2017-03-31,2017,3,2017-03,정기분,수납 완료,796.0,398.0,1601600.0
002296399,상계역,상계영업사업소,시민용,상계역장,2017-04-30,2017,4,2017-04,정기분,수납 완료,1635.0,817.5,1698780.0
002296399,상계역,상계영업사업소,시민용,상계역장,2017-05-31,2017,5,2017-05,정기분,수납 완료,818.0,409.0,1647800.0
002296399,상계역,상계영업사업소,시민용,상계역장,2017-06-30,2017,6,2017-06,정기분,수납 완료,2011.0,1005.5,2435300.0
002296399,상계역,상계영업사업소,시민용,상계역장,2017-07-31,2017,7,2017-07,정기분,수납 완료,1006.0,503.0,2042600.0
002296399,상계역,상계영업사업소,시민용,상계역장,2017-08-31,2017,8,2017-08,정기분,수납 완료,1774.0,887.0,1542800.0
002296399,상계역,상계영업사업소,시민용,상계역장,2017-09-30,2017,9,2017-09,정기분,수납 완료,887.0,443.5,1792700.0
002296399,상계역,상계영업사업소,시민용,상계역장,2017-10-31,2017,10,2017-10,정기분,수납 완료,2052.0,1026.0,2376500.0
002296399,상계역,상계영업사업소,시민용,상계역장,2017-11-30,2017,11,2017-11,정기분,수납 완료,1026.0,513.0,2084600.0
002296399,상계역,상계영업사업소,시민용,상계역장,2017-12-31,2017,12,2017-12,정기분,수납 완료,1859.0,929.5,1679300.0
002296399,상계역,상계영업사업소,시민용,상계역장,2018-01-31,2018,1,2018-01,정기분,수납 완료,930.0,465.0,1883000.0
002296399,상계역,상계영업사업소,시민용,상계역장,2018-02-28,2018,2,2018-02,정기분,수납 완료,1868.0,934.0,1960060.0
002296399,상계역,상계영업사업소,시민용,상계역장,2018-03-31,2018,3,2018-03,정기분,수납 완료,934.0,467.0,1986640.0
002296399,상계역,상계영업사업소,시민용,상계역장,2018-04-30,2018,4,2018-04,정기분,수납 완료,1553.0,776.5,1290490.0
002296399,상계역,상계영업사업소,시민용,상계역장,2018-05-31,2018,5,2018-05,정기분,수납 완료,777.0,388.5,1639670.0
002296399,상계역,상계영업사업소,시민용,상계역장,2018-06-30,2018,6,2018-06,정기분,수납 완료,1847.0,923.5,2287200.0
002296399,상계역,상계영업사업소,시민용,상계역장,2018-07-31,2018,7,2018-07,정기분,수납 완료,924.0,462.0,1964540.0
002296399,상계역,상계영업사업소,시민용,상계역장,2018-08-31,2018,8,2018-08,정기분,수납 완료,1962.0,981.0,2216480.0
002296399,상계역,상계영업사업소,시민용,상계역장,2018-09-30,2018,9,2018-09,정기분,수납 완료,981.0,490.5,2090510.0
002296399,상계역,상계영업사업소,시민용,상계역장,2018-10-31,2018,10,2018-10,정기분,수납 완료,1860.0,930.0,1865090.0
002296399,상계역,상계영업사업소,시민용,상계역장,2018-11-30,2018,11,2018-11,정기분,수납 완료,930.0,465.0,1977800.0
002296399,상계역,상계영업사업소,시민용,상계역장,2018-12-31,2018,12,2018-12,정기분,수납 완료,1650.0,825.0,1513700.0
002296399,상계역,상계영업사업소,시민용,상계역장,2019-01-31,2019,1,2019-01,정기분,수납 완료,825.0,412.5,1745750.0
002296399,상계역,상계영업사업소,시민용,상계역장,2019-02-28,2019,2,2019-02,정기분,수납 완료,1549.0,774.5,1577650.0
002296399,상계역,상계영업사업소,시민용,상계역장,2019-03-31,2019,3,2019-03,정기분,수납 완료,775.0,387.5,1722750.0
002296399,상계역,상계영업사업소,시민용,상계역장,2019-04-30,2019,4,2019-04,정기분,수납 완료,1489.0,744.5,1580620.0
002296399,상계역,상계영업사업소,시민용,상계역장,2019-05-31,2019,5,2019-05,정기분,수납 완료,745.0,372.5,1652850.0
002296399,상계역,상계영업사업소,시민용,상계역장,2019-06-30,2019,6,2019-06,정기분,수납 완료,1750.0,875.0,2258650.0
002296399,상계역,상계영업사업소,시민용,상계역장,2019-07-31,2019,7,2019-07,정기분,수납 완료,875.0,437.5,1955750.0
002296399,상계역,상계영업사업소,시민용,상계역장,2019-08-31,2019,8,2019-08,정기분,수납 완료,1784.0,892.0,2034970.0
002296399,상계역,상계영업사업소,시민용,상계역장,2019-09-30,2019,9,2019-09,정기분,수납 완료,892.0,446.0,1995360.0
002296399,상계역,상계영업사업소,시민용,상계역장,2019-10-31,2019,10,2019-10,정기분,수납 완료,1974.0,987.0,2438060.0
002296399,상계역,상계영업사업소,시민용,상계역장,2019-11-30,2019,11,2019-11,정기분,수납 완료,987.0,493.5,2216710.0
002296399,상계역,상계영업사업소,시민용,상계역장,2019-12-31,2019,12,2019-12,정기분,수납 완료,1865.0,932.5,1962740.0
002296399,상계역,상계영업사업소,시민용,상계역장,2020-01-31,2020,1,2020-01,정기분,수납 완료,933.0,466.5,2090890.0
002296399,상계역,상계영업사업소,시민용,상계역장,2020-02-29,2020,2,2020-02,정기분,수납 완료,1485.0,742.5,1203160.0
002296399,상계역,상계영업사업소,시민용,상계역장,2020-03-31,2020,3,2020-03,정기분,수납 완료,743.0,371.5,1648190.0
002296399,상계역,상계영업사업소,시민용,상계역장,2020-04-30,2020,4,2020-04,정기분,수납 완료,1128.0,564.0,814050.0
002296399,상계역,상계영업사업소,시민용,상계역장,2020-05-31,2020,5,2020-05,정기분,수납 완료,564.0,282.0,1231120.0
002296399,상계역,상계영업사업소,시민용,상계역장,2020-06-30,2020,6,2020-06,정기분,수납 완료,1253.0,626.5,1522370.0
002296399,상계역,상계영업사업소,시민용,상계역장,2020-07-31,2020,7,2020-07,정기분,수납 완료,627.0,313.5,1377910.0
002296399,상계역,상계영업사업소,시민용,상계역장,2020-08-31,2020,8,2020-08,정기분,수납 완료,1529.0,764.5,2018660.0
002296399,상계역,상계영업사업소,시민용,상계역장,2020-09-30,2020,9,2020-09,정기분,수납 완료,765.0,382.5,1699450.0
002296399,상계역,상계영업사업소,시민용,상계역장,2020-10-31,2020,10,2020-10,정기분,수납 완료,1474.0,737.0,1568970.0
002296399,상계역,상계영업사업소,시민용,상계역장,2020-11-30,2020,11,2020-11,정기분,수납 완료,737.0,368.5,1634210.0
002296399,상계역,상계영업사업소,시민용,상계역장,2020-12-31,2020,12,2020-12,정기분,수납 완료,1414.0,707.0,1494410.0
002296399,상계역,상계영업사업소,시민용,상계역장,2021-01-31,2021,1,2021-01,정기분,수납 완료,707.0,353.5,1564310.0
002296399,상계역,상계영업사업소,시민용,상계역장,2021-02-28,2021,2,2021-02,정기분,수납 완료,1225.0,612.5,1123940.0
002296399,상계역,상계영업사업소,시민용,상계역장,2021-03-31,2021,3,2021-03,정기분,수납 완료,613.0,306.5,1345290.0
002296399,상계역,상계영업사업소,시민용,상계역장,2021-04-30,2021,4,2021-04,정기분,수납 완료,1836.0,918.0,2766590.0
002296399,상계역,상계영업사업소,시민용,상계역장,2021-05-31,2021,5,2021-05,정기분,수납 완료,918.0,459.0,2055940.0
002296399,상계역,상계영업사업소,시민용,상계역장,2021-06-30,2021,6,2021-06,정기분,수납 완료,1237.0,618.5,660270.0
002296399,상계역,상계영업사업소,시민용,상계역장,2021-07-31,2021,7,2021-07,정기분,수납 완료,619.0,309.5,1359270.0
002296399,상계역,상계영업사업소,시민용,상계역장,2021-08-31,2021,8,2021-08,정기분,수납 완료,1484.0,742.0,2034620.0
002296399,상계역,상계영업사업소,시민용,상계역장,2021-09-30,2021,9,2021-09,정기분,수납 완료,742.0,371.0,1803680.0
002296399,상계역,상계영업사업소,시민용,상계역장,2021-10-31,2021,10,2021-10,정기분,수납 완료,1785.0,892.5,2568220.0
002296399,상계역,상계영업사업소,시민용,상계역장,2021-11-30,2021,11,2021-11,정기분,수납 완료,893.0,446.5,2187220.0
002296399,상계역,상계영업사업소,시민용,상계역장,2021-12-31,2021,12,2021-12,정기분,수납 완료,1488.0,744.0,1430300.0
002296399,상계역,상계영업사업소,시민용,상계역장,2022-01-31,2022,1,2022-01,정기분,수납 완료,744.0,372.0,1808760.0
002296399,상계역,상계영업사업소,시민용,상계역장,2022-02-28,2022,2,2022-02,정기분,수납 완료,1198.0,599.0,1137990.0
002296399,상계역,상계영업사업소,시민용,상계역장,2022-03-31,2022,3,2022-03,정기분,수납 완료,599.0,299.5,1542350.0
002296399,상계역,상계영업사업소,시민용,상계역장,2022-04-30,2022,4,2022-04,정기분,수납 완료,1036.0,518.0,1113050.0
002296399,상계역,상계영업사업소,시민용,상계역장,2022-05-31,2022,5,2022-05,정기분,수납 완료,518.0,259.0,1327700.0
002296399,상계역,상계영업사업소,시민용,상계역장,2022-06-30,2022,6,2022-06,정기분,수납 완료,1315.0,657.5,2067050.0
002296399,상계역,상계영업사업소,시민용,상계역장,2022-07-31,2022,7,2022-07,정기분,수납 완료,658.0,329.0,1698700.0
002296399,상계역,상계영업사업소,시민용,상계역장,2022-08-31,2022,8,2022-08,정기분,수납 완료,1508.0,754.0,2207500.0
002296399,상계역,상계영업사업소,시민용,상계역장,2022-09-30,2022,9,2022-09,정기분,수납 완료,754.0,377.0,1953100.0
002296399,상계역,상계영업사업소,시민용,상계역장,2022-10-31,2022,10,2022-10,정기분,수납 완료,1422.0,711.0,1725200.0
002296399,상계역,상계영업사업소,시민용,상계역장,2022-11-30,2022,11,2022-11,정기분,수납 완료,711.0,355.5,1839150.0
002296399,상계역,상계영업사업소,시민용,상계역장,2022-12-31,2022,12,2022-12,정기분,수납 완료,1506.0,753.0,2061750.0
002296399,상계역,상계영업사업소,시민용,상계역장,2023-01-31,2023,1,2023-01,정기분,수납 완료,753.0,376.5,1950450.0
002296399,상계역,상계영업사업소,시민용,상계역장,2023-02-28,2023,2,2023-02,정기분,수납 완료,1324.0,662.0,1760420.0
002296399,상계역,상계영업사업소,시민용,상계역장,2023-03-31,2023,3,2023-03,정기분,수납 완료,662.0,331.0,2159320.0
002296399,상계역,상계영업사업소,시민용,상계역장,2023-04-30,2023,4,2023-04,정기분,수납 완료,1360.0,680.0,2280280.0
002296399,상계역,상계영업사업소,시민용,상계역장,2023-05-31,2023,5,2023-05,정기분,수납 완료,680.0,340.0,2219800.0
002296399,상계역,상계영업사업소,시민용,상계역장,2023-06-30,2023,6,2023-06,정기분,수납 완료,1544.0,772.0,2838040.0
002296399,상계역,상계영업사업소,시민용,상계역장,2023-07-31,2023,7,2023-07,정기분,수납 완료,772.0,386.0,2528920.0
002296399,상계역,상계영업사업소,시민용,상계역장,2023-08-31,2023,8,2023-08,정기분,수납 완료,1538.0,769.0,2508760.0
002296399,상계역,상계영업사업소,시민용,상계역장,2023-09-30,2023,9,2023-09,정기분,수납 완료,769.0,384.5,2518840.0
002296399,상계역,상계영업사업소,시민용,상계역장,2023-10-31,2023,10,2023-10,정기분,수납 완료,1499.0,749.5,2387800.0
002296399,상계역,상계영업사업소,시민용,상계역장,2023-11-30,2023,11,2023-11,정기분,수납 완료,750.0,375.0,2455000.0
002296399,상계역,상계영업사업소,시민용,상계역장,2023-12-31,2023,12,2023-12,정기분,수납 완료,1481.0,740.5,2391160.0
002296399,상계역,상계영업사업소,시민용,상계역장,2024-01-31,2024,1,2024-01,정기분,수납 완료,741.0,370.5,2424760.0
002296399,상계역,상계영업사업소,시민용,상계역장,2024-02-29,2024,2,2024-02,정기분,수납 완료,1432.0,716.0,2256760.0
002296399,상계역,상계영업사업소,시민용,상계역장,2024-03-31,2024,3,2024-03,정기분,수납 완료,716.0,358.0,2340760.0
002296399,상계역,상계영업사업소,시민용,상계역장,2024-04-30,2024,4,2024-04,정기분,수납 완료,1268.0,634.0,1789720.0
002296399,상계역,상계영업사업소,시민용,상계역장,2024-05-31,2024,5,2024-05,정기분,수납 완료,634.0,317.0,2065240.0
002296399,상계역,상계영업사업소,시민용,상계역장,2024-06-30,2024,6,2024-06,정기분,수납 완료,1598.0,799.0,3174040.0
002296399,상계역,상계영업사업소,시민용,상계역장,2024-07-31,2024,7,2024-07,정기분,수납 완료,799.0,399.5,2619640.0
002296399,상계역,상계영업사업소,시민용,상계역장,2024-08-31,2024,8,2024-08,정기분,수납 완료,1496.0,748.0,2276920.0
002296399,상계역,상계영업사업소,시민용,상계역장,2024-09-30,2024,9,2024-09,정기분,수납 완료,748.0,374.0,2448280.0
002296399,상계역,상계영업사업소,시민용,상계역장,2024-10-31,2024,10,2024-10,정기분,수납 완료,1442.0,721.0,2266840.0
002296399,상계역,상계영업사업소,시민용,상계역장,2024-11-30,2024,11,2024-11,정기분,수납 완료,721.0,360.5,2357560.0
002296399,상계역,상계영업사업소,시민용,상계역장,2024-12-31,2024,12,2024-12,정기분,수납 완료,1621.0,810.5,2959000.0
002296399,상계역,상계영업사업소,시민용,상계역장,2025-01-31,2025,1,2025-01,정기분,수납 완료,811.0,405.5,2659960.0
002296399,상계역,상계영업사업소,시민용,상계역장,2025-02-28,2025,2,2025-02,정기분,수납 완료,1298.0,649.0,1571320.0
002296399,상계역,상계영업사업소,시민용,상계역장,2025-03-31,2025,3,2025-03,정기분,수납 완료,649.0,324.5,2115640.0
002296399,상계역,상계영업사업소,시민용,상계역장,2025-04-30,2025,4,2025-04,정기분,수납 완료,1179.0,589.5,1715800.0
002296399,상계역,상계영업사업소,시민용,상계역장,2025-05-31,2025,5,2025-05,정기분,수납 완료,590.0,295.0,1917400.0
002296399,상계역,상계영업사업소,시민용,상계역장,2025-06-30,2025,6,2025-06,정기분,수납 완료,1458.0,729.0,2851480.0
002296399,상계역,상계영업사업소,시민용,상계역장,2025-07-31,2025,7,2025-07,정기분,수납 완료,729.0,364.5,2384440.0
002296399,상계역,상계영업사업소,시민용,상계역장,2025-08-31,2025,8,2025-08,정기분,수납 완료,1534.0,767.0,2639800.0
002296399,상계역,상계영업사업소,시민용,상계역장,2025-09-30,2025,9,2025-09,정기분,수납 완료,767.0,383.5,2512120.0
002296399,상계역,상계영업사업소,시민용,상계역장,2025-10-31,2025,10,2025-10,정기분,수납 완료,1494.0,747.0,2377720.0
002296399,상계역,상계영업사업소,시민용,상계역장,2025-11-30,2025,11,2025-11,정기분,수납 완료,747.0,373.5,2444920.0
002296399,상계역,상계영업사업소,시민용,상계역장,2025-12-31,2025,12,2025-12,정기분,수납 완료,1366.0,683.0,2014840.0
002296399,상계역,상계영업사업소,시민용,상계역장,2026-01-31,2026,1,2026-01,정기분,수납 완료,683.0,341.5,2229880.0
002296399,상계역,상계영업사업소,시민용,상계역장,2026-02-28,2026,2,2026-02,정기분,수납 완료,1293.0,646.5,2061830.0
002296399,상계역,상계영업사업소,시민용,상계역장,2026-03-31,2026,3,2026-03,정기분,수납 완료,647.0,323.5,2231280.0
002296399,상계역,상계영업사업소,시민용,상계역장,2026-04-30,2026,4,2026-04,정기분,수납 완료,1161.0,580.5,1760460.0
002296399,상계역,상계영업사업소,시민용,상계역장,2026-05-31,2026,5,2026-05,정기분,미납,581.0,290.5,1997640.0
000828353,상봉역,태릉영업사업소,시민용,상봉역,2008-07-31,2008,7,2008-07,정기분,수납 완료,4.0,2.0,880600.0
000828353,상봉역,태릉영업사업소,시민용,상봉역,2008-09-30,2008,9,2008-09,정기분,수납 완료,4.0,2.0,822020.0
000828353,상봉역,태릉영업사업소,시민용,상봉역,2008-11-30,2008,11,2008-11,정기분,수납 완료,2.0,1.0,477830.0
000828353,상봉역,태릉영업사업소,시민용,상봉역,2009-01-31,2009,1,2009-01,정기분,수납 완료,1.0,0.5,764690.0
000828353,상봉역,태릉영업사업소,시민용,상봉역,2009-03-31,2009,3,2009-03,정기분,수납 완료,0.0,0.0,659590.0
000828353,상봉역,태릉영업사업소,시민용,상봉역,2009-05-31,2009,5,2009-05,정기분,수납 완료,0.0,0.0,733260.0
000828353,상봉역,태릉영업사업소,시민용,상봉역,2009-07-31,2009,7,2009-07,정기분,수납 완료,0.0,0.0,824340.0
000828353,상봉역,태릉영업사업소,시민용,상봉역,2009-09-30,2009,9,2009-09,정기분,수납 완료,0.0,0.0,379950.0
000828353,상봉역,태릉영업사업소,시민용,상봉역,2009-11-30,2009,11,2009-11,정기분,수납 완료,2.0,1.0,140580.0
000828353,상봉역,태릉영업사업소,시민용,상봉역,2010-01-31,2010,1,2010-01,정기분,수납 완료,0.0,0.0,348070.0
000828353,상봉역,태릉영업사업소,시민용,상봉역,2010-03-31,2010,3,2010-03,정기분,수납 완료,0.0,0.0,279190.0
000828353,상봉역,태릉영업사업소,시민용,상봉역,2010-05-31,2010,5,2010-05,정기분,수납 완료,0.0,0.0,302310.0
000828353,상봉역,태릉영업사업소,시민용,상봉역,2010-07-31,2010,7,2010-07,정기분,수납 완료,0.0,0.0,314210.0
000828353,상봉역,태릉영업사업소,시민용,상봉역,2010-09-30,2010,9,2010-09,정기분,수납 완료,0.0,0.0,302310.0
000828353,상봉역,태릉영업사업소,시민용,상봉역,2010-11-30,2010,11,2010-11,정기분,수납 완료,0.0,0.0,297890.0
000828353,상봉역,태릉영업사업소,시민용,상봉역,2011-01-31,2011,1,2011-01,정기분,수납 완료,0.0,0.0,297890.0
000828353,상봉역,태릉영업사업소,시민용,상봉역,2011-03-31,2011,3,2011-03,정기분,수납 완료,0.0,0.0,285820.0
000828353,상봉역,태릉영업사업소,시민용,상봉역,2011-05-31,2011,5,2011-05,정기분,수납 완료,0.0,0.0,255730.0
000828353,상봉역,태릉영업사업소,시민용,상봉역,2011-07-31,2011,7,2011-07,정기분,수납 완료,0.0,0.0,268140.0
000828353,상봉역,태릉영업사업소,시민용,상봉역,2011-09-30,2011,9,2011-09,정기분,수납 완료,863.0,431.5,1277580.0
000828353,상봉역,태릉영업사업소,시민용,상봉역,2011-11-30,2011,11,2011-11,정기분,수납 완료,646.0,323.0,992550.0
000828353,상봉역,태릉영업사업소,시민용,상봉역,2012-01-31,2012,1,2012-01,정기분,수납 완료,598.0,299.0,921030.0
000828353,상봉역,태릉영업사업소,시민용,상봉역,2012-03-31,2012,3,2012-03,정기분,수납 완료,618.0,309.0,1140040.0
000828353,상봉역,태릉영업사업소,시민용,상봉역,2012-05-31,2012,5,2012-05,정기분,수납 완료,609.0,304.5,1163860.0
000828353,상봉역,태릉영업사업소,시민용,상봉역,2012-07-31,2012,7,2012-07,정기분,수납 완료,693.0,346.5,1346500.0
000828353,상봉역,태릉영업사업소,시민용,상봉역,2012-09-30,2012,9,2012-09,정기분,수납 완료,1265.0,632.5,2261260.0
000828353,상봉역,태릉영업사업소,시민용,상봉역,2012-11-30,2012,11,2012-11,정기분,수납 완료,825.0,412.5,1521180.0
000828353,상봉역,태릉영업사업소,시민용,상봉역,2013-01-31,2013,1,2013-01,정기분,수납 완료,607.0,303.5,1161240.0
000828353,상봉역,태릉영업사업소,시민용,상봉역,2013-03-31,2013,3,2013-03,정기분,수납 완료,531.0,265.5,1120830.0
000828353,상봉역,태릉영업사업소,시민용,상봉역,2013-05-31,2013,5,2013-05,정기분,수납 완료,570.0,285.0,1227040.0
000828353,상봉역,태릉영업사업소,시민용,상봉역,2013-07-31,2013,7,2013-07,정기분,수납 완료,611.0,305.5,1323740.0
000828353,상봉역,태릉영업사업소,시민용,상봉역,2013-09-30,2013,9,2013-09,정기분,수납 완료,932.0,466.0,1905280.0
000828353,상봉역,태릉영업사업소,시민용,상봉역,2013-11-30,2013,11,2013-11,정기분,수납 완료,659.0,329.5,1405560.0
000828353,상봉역,태릉영업사업소,시민용,상봉역,2014-01-31,2014,1,2014-01,정기분,수납 완료,762.0,381.0,1599240.0
000828353,상봉역,태릉영업사업소,시민용,상봉역,2014-03-31,2014,3,2014-03,정기분,수납 완료,403.0,201.5,1082840.0
000828353,상봉역,태릉영업사업소,시민용,상봉역,2014-05-31,2014,5,2014-05,정기분,수납 완료,833.0,416.5,1934600.0
000828353,상봉역,태릉영업사업소,시민용,상봉역,2014-07-31,2014,7,2014-07,정기분,수납 완료,1406.0,703.0,2981900.0
000828353,상봉역,태릉영업사업소,시민용,상봉역,2014-09-30,2014,9,2014-09,정기분,수납 완료,1917.0,958.5,3882400.0
000828353,상봉역,태릉영업사업소,시민용,상봉역,2014-11-30,2014,11,2014-11,정기분,수납 완료,1806.0,903.0,3640900.0
000828353,상봉역,태릉영업사업소,시민용,상봉역,2015-01-31,2015,1,2015-01,정기분,수납 완료,1763.0,881.5,3509600.0
000828353,상봉역,태릉영업사업소,시민용,상봉역,2015-03-31,2015,3,2015-03,정기분,수납 완료,1822.0,911.0,3567600.0
000828353,상봉역,태릉영업사업소,시민용,상봉역,2015-05-31,2015,5,2015-05,정기분,수납 완료,2604.0,1302.0,5131600.0
000828353,상봉역,태릉영업사업소,시민용,상봉역,2015-07-31,2015,7,2015-07,정기분,수납 완료,2494.0,1247.0,4911600.0
000828353,상봉역,태릉영업사업소,시민용,상봉역,2015-09-30,2015,9,2015-09,정기분,수납 완료,2415.0,1207.5,4753600.0
000828353,상봉역,태릉영업사업소,시민용,상봉역,2015-11-30,2015,11,2015-11,정기분,수납 완료,1691.0,845.5,3305600.0
000828353,상봉역,태릉영업사업소,시민용,상봉역,2016-01-31,2016,1,2016-01,정기분,수납 완료,1489.0,744.5,2901600.0
000828353,상봉역,태릉영업사업소,시민용,상봉역,2016-03-31,2016,3,2016-03,정기분,수납 완료,1229.0,614.5,2381600.0
000828353,상봉역,태릉영업사업소,시민용,상봉역,2016-05-31,2016,5,2016-05,정기분,수납 완료,1537.0,768.5,2997600.0
000828353,상봉역,태릉영업사업소,시민용,상봉역,2016-07-31,2016,7,2016-07,정기분,수납 완료,1603.0,801.5,3129600.0
000828353,상봉역,태릉영업사업소,시민용,상봉역,2016-09-30,2016,9,2016-09,정기분,수납 완료,1866.0,933.0,3655600.0
000828353,상봉역,태릉영업사업소,시민용,상봉역,2016-11-30,2016,11,2016-11,정기분,수납 완료,1609.0,804.5,3141600.0
000828353,상봉역,태릉영업사업소,시민용,상봉역,2017-01-31,2017,1,2017-01,정기분,수납 완료,1493.0,746.5,2914610.0
000828353,상봉역,태릉영업사업소,시민용,상봉역,2017-03-31,2017,3,2017-03,정기분,수납 완료,1406.0,703.0,2867200.0
000828353,상봉역,태릉영업사업소,시민용,상봉역,2017-05-31,2017,5,2017-05,정기분,수납 완료,1628.0,814.0,3328950.0
000828353,상봉역,태릉영업사업소,시민용,상봉역,2017-07-31,2017,7,2017-07,정기분,수납 완료,1673.0,836.5,3427900.0
000828353,상봉역,태릉영업사업소,시민용,상봉역,2017-09-30,2017,9,2017-09,정기분,수납 완료,2025.0,1012.5,4167100.0
000828353,상봉역,태릉영업사업소,시민용,상봉역,2017-11-30,2017,11,2017-11,정기분,수납 완료,1701.0,850.5,3486700.0
000828353,상봉역,태릉영업사업소,시민용,상봉역,2018-01-31,2018,1,2018-01,정기분,수납 완료,1469.0,734.5,3009460.0
000828353,상봉역,태릉영업사업소,시민용,상봉역,2018-03-31,2018,3,2018-03,정기분,수납 완료,1253.0,626.5,2668730.0
000828353,상봉역,태릉영업사업소,시민용,상봉역,2018-05-31,2018,5,2018-05,정기분,수납 완료,1640.0,820.0,3524000.0
000828353,상봉역,태릉영업사업소,시민용,상봉역,2018-07-31,2018,7,2018-07,정기분,수납 완료,1932.0,966.0,4169320.0
000828353,상봉역,태릉영업사업소,시민용,상봉역,2018-09-30,2018,9,2018-09,정기분,수납 완료,2670.0,1335.0,5793290.0
000828353,상봉역,태릉영업사업소,시민용,상봉역,2018-11-30,2018,11,2018-11,정기분,수납 완료,1879.0,939.5,4052190.0
000828353,상봉역,태릉영업사업소,시민용,상봉역,2019-01-31,2019,1,2019-01,정기분,수납 완료,1879.0,939.5,4074380.0
000828353,상봉역,태릉영업사업소,시민용,상봉역,2019-03-31,2019,3,2019-03,정기분,수납 완료,1606.0,803.0,3630580.0
000828353,상봉역,태릉영업사업소,시민용,상봉역,2019-05-31,2019,5,2019-05,정기분,수납 완료,2065.0,1032.5,4700050.0
000828353,상봉역,태릉영업사업소,시민용,상봉역,2019-07-31,2019,7,2019-07,정기분,수납 완료,2115.0,1057.5,4816550.0
000828353,상봉역,태릉영업사업소,시민용,상봉역,2019-09-30,2019,9,2019-09,정기분,수납 완료,2701.0,1350.5,6181930.0
000828353,상봉역,태릉영업사업소,시민용,상봉역,2019-11-30,2019,11,2019-11,정기분,수납 완료,2559.0,1279.5,5851070.0
000828353,상봉역,태릉영업사업소,시민용,상봉역,2020-01-31,2020,1,2020-01,정기분,수납 완료,2439.0,1219.5,5571470.0
000828353,상봉역,태릉영업사업소,시민용,상봉역,2020-03-31,2020,3,2020-03,정기분,수납 완료,2197.0,1098.5,5007610.0
000828353,상봉역,태릉영업사업소,시민용,상봉역,2020-05-31,2020,5,2020-05,정기분,수납 완료,2029.0,1014.5,4616170.0
000828353,상봉역,태릉영업사업소,시민용,상봉역,2020-07-31,2020,7,2020-07,정기분,수납 완료,2343.0,1171.5,5347790.0
000828353,상봉역,태릉영업사업소,시민용,상봉역,2020-09-30,2020,9,2020-09,정기분,수납 완료,2560.0,1280.0,5853400.0
000828353,상봉역,태릉영업사업소,시민용,상봉역,2020-11-30,2020,11,2020-11,정기분,수납 완료,2090.0,1045.0,4758300.0
000828353,상봉역,태릉영업사업소,시민용,상봉역,2021-01-31,2021,1,2021-01,정기분,수납 완료,1329.0,664.5,2985170.0
000828353,상봉역,태릉영업사업소,시민용,상봉역,2021-03-31,2021,3,2021-03,정기분,수납 완료,1618.0,809.0,3658540.0
000828353,상봉역,태릉영업사업소,시민용,상봉역,2021-05-31,2021,5,2021-05,정기분,수납 완료,1963.0,981.5,4462390.0
000828353,상봉역,태릉영업사업소,시민용,상봉역,2021-07-31,2021,7,2021-07,정기분,수납 완료,1927.0,963.5,4424130.0
000828353,상봉역,태릉영업사업소,시민용,상봉역,2021-09-30,2021,9,2021-09,정기분,수납 완료,2189.0,1094.5,5452660.0
000828353,상봉역,태릉영업사업소,시민용,상봉역,2021-11-30,2021,11,2021-11,정기분,수납 완료,2030.0,1015.0,5048800.0
000828353,상봉역,태릉영업사업소,시민용,상봉역,2022-01-31,2022,1,2022-01,정기분,수납 완료,1203.0,601.5,2970520.0
000828353,상봉역,태릉영업사업소,시민용,상봉역,2022-03-31,2022,3,2022-03,정기분,수납 완료,1457.0,728.5,3825650.0
000828353,상봉역,태릉영업사업소,시민용,상봉역,2022-05-31,2022,5,2022-05,정기분,수납 완료,1631.0,815.5,4286750.0
000828353,상봉역,태릉영업사업소,시민용,상봉역,2022-07-31,2022,7,2022-07,정기분,수납 완료,1754.0,877.0,4612700.0
000828353,상봉역,태릉영업사업소,시민용,상봉역,2022-09-30,2022,9,2022-09,정기분,수납 완료,2071.0,1035.5,5452750.0
000828353,상봉역,태릉영업사업소,시민용,상봉역,2022-11-30,2022,11,2022-11,정기분,수납 완료,1960.0,980.0,5158600.0
000828353,상봉역,태릉영업사업소,시민용,상봉역,2023-01-31,2023,1,2023-01,정기분,수납 완료,1814.0,907.0,4912320.0
000828353,상봉역,태릉영업사업소,시민용,상봉역,2023-03-31,2023,3,2023-03,정기분,수납 완료,1641.0,820.5,5438360.0
000828353,상봉역,태릉영업사업소,시민용,상봉역,2023-05-31,2023,5,2023-05,정기분,수납 완료,1732.0,866.0,5744120.0
000828353,상봉역,태릉영업사업소,시민용,상봉역,2023-07-31,2023,7,2023-07,정기분,수납 완료,1988.0,994.0,6604280.0
000828353,상봉역,태릉영업사업소,시민용,상봉역,2023-09-30,2023,9,2023-09,정기분,수납 완료,2235.0,1117.5,7460050.0
000828353,상봉역,태릉영업사업소,시민용,상봉역,2023-11-30,2023,11,2023-11,정기분,수납 완료,2008.0,1004.0,6672360.0
000828353,상봉역,태릉영업사업소,시민용,상봉역,2024-01-31,2024,1,2024-01,정기분,수납 완료,1744.0,872.0,5784440.0
000828353,상봉역,태릉영업사업소,시민용,상봉역,2024-03-31,2024,3,2024-03,정기분,수납 완료,1553.0,776.5,5142680.0
000828353,상봉역,태릉영업사업소,시민용,상봉역,2024-05-31,2024,5,2024-05,정기분,수납 완료,1818.0,909.0,6033080.0
000828353,상봉역,태릉영업사업소,시민용,상봉역,2024-07-31,2024,7,2024-07,정기분,수납 완료,1847.0,923.5,6130520.0
000828353,상봉역,태릉영업사업소,시민용,상봉역,2024-09-30,2024,9,2024-09,정기분,수납 완료,2316.0,1158.0,7741120.0
000828353,상봉역,태릉영업사업소,시민용,상봉역,2024-11-30,2024,11,2024-11,정기분,수납 완료,1936.0,968.0,6429560.0
000828353,상봉역,태릉영업사업소,시민용,상봉역,2025-01-31,2025,1,2025-01,정기분,수납 완료,1785.0,892.5,5922200.0
000828353,상봉역,태릉영업사업소,시민용,상봉역,2025-03-31,2025,3,2025-03,정기분,수납 완료,1507.0,753.5,4988120.0
000828353,상봉역,태릉영업사업소,시민용,상봉역,2025-05-31,2025,5,2025-05,정기분,수납 완료,1860.0,930.0,6174200.0
000828353,상봉역,태릉영업사업소,시민용,상봉역,2025-07-31,2025,7,2025-07,정기분,수납 완료,1953.0,976.5,6486680.0
000828353,상봉역,태릉영업사업소,시민용,상봉역,2025-09-30,2025,9,2025-09,정기분,수납 완료,2386.0,1193.0,7984020.0
000828353,상봉역,태릉영업사업소,시민용,상봉역,2025-11-30,2025,11,2025-11,정기분,수납 완료,2948.0,1474.0,9934160.0
000828353,상봉역,태릉영업사업소,시민용,상봉역,2026-01-31,2026,1,2026-01,정기분,수납 완료,5043.0,2521.5,15038460.0
000828353,상봉역,태릉영업사업소,시민용,상봉역,2026-03-31,2026,3,2026-03,정기분,수납 완료,2716.0,1358.0,953600.0
000828353,상봉역,태릉영업사업소,시민용,상봉역,2026-05-31,2026,5,2026-05,정기분,미납,2128.0,1064.0,4267240.0
035438586,서울대입구역,신대방영업사업소,시민용,서울대입구역,2008-11-30,2008,11,2008-11,정기분,수납 완료,4701.0,2350.5,2597680.0
035438586,서울대입구역,신대방영업사업소,시민용,서울대입구역,2008-12-31,2008,12,2008-12,정기분,수납 완료,2351.0,1175.5,3007280.0
035438586,서울대입구역,신대방영업사업소,시민용,서울대입구역,2009-01-31,2009,1,2009-01,정기분,수납 완료,2875.0,1437.5,668720.0
035438586,서울대입구역,신대방영업사업소,시민용,서울대입구역,2009-02-28,2009,2,2009-02,정기분,수납 완료,1438.0,719.0,1838640.0
035438586,서울대입구역,신대방영업사업소,시민용,서울대입구역,2009-03-31,2009,3,2009-03,정기분,수납 완료,2204.0,1102.0,978480.0
035438586,서울대입구역,신대방영업사업소,시민용,서울대입구역,2009-04-30,2009,4,2009-04,정기분,수납 완료,1102.0,551.0,1408560.0
035438586,서울대입구역,신대방영업사업소,시민용,서울대입구역,2009-05-31,2009,5,2009-05,정기분,수납 완료,2928.0,1464.0,2335280.0
035438586,서울대입구역,신대방영업사업소,시민용,서울대입구역,2009-06-30,2009,6,2009-06,정기분,수납 완료,1464.0,732.0,1871920.0
035438586,서울대입구역,신대방영업사업소,시민용,서울대입구역,2009-07-31,2009,7,2009-07,정기분,수납 완료,4207.0,2103.5,3509040.0
035438586,서울대입구역,신대방영업사업소,시민용,서울대입구역,2009-08-31,2009,8,2009-08,정기분,수납 완료,2104.0,1052.0,2691120.0
035438586,서울대입구역,신대방영업사업소,시민용,서울대입구역,2009-09-30,2009,9,2009-09,정기분,수납 완료,5790.0,2895.0,4716080.0
035438586,서울대입구역,신대방영업사업소,시민용,서울대입구역,2009-10-31,2009,10,2009-10,정기분,수납 완료,2895.0,1447.5,3703600.0
035438586,서울대입구역,신대방영업사업소,시민용,서울대입구역,2009-11-30,2009,11,2009-11,정기분,수납 완료,4087.0,2043.5,1523760.0
035438586,서울대입구역,신대방영업사업소,시민용,서울대입구역,2009-12-31,2009,12,2009-12,정기분,수납 완료,2044.0,1022.0,2614320.0
035438586,서울대입구역,신대방영업사업소,시민용,서울대입구역,2010-01-31,2010,1,2010-01,정기분,수납 완료,2496.0,1248.0,577000.0
035438586,서울대입구역,신대방영업사업소,시민용,서울대입구역,2010-02-28,2010,2,2010-02,정기분,수납 완료,1523.0,761.5,1947440.0
035438586,서울대입구역,신대방영업사업소,시민용,서울대입구역,2010-03-31,2010,3,2010-03,정기분,수납 완료,2214.0,1107.0,882480.0
035438586,서울대입구역,신대방영업사업소,시민용,서울대입구역,2010-04-30,2010,4,2010-04,정기분,수납 완료,1107.0,553.5,1414960.0
035438586,서울대입구역,신대방영업사업소,시민용,서울대입구역,2010-05-31,2010,5,2010-05,정기분,수납 완료,2706.0,1353.0,2044720.0
035438586,서울대입구역,신대방영업사업소,시민용,서울대입구역,2010-06-30,2010,6,2010-06,정기분,수납 완료,1353.0,676.5,1729840.0
035438586,서울대입구역,신대방영업사업소,시민용,서울대입구역,2010-07-31,2010,7,2010-07,정기분,수납 완료,3871.0,1935.5,3221040.0
035438586,서울대입구역,신대방영업사업소,시민용,서울대입구역,2010-08-31,2010,8,2010-08,정기분,수납 완료,1936.0,968.0,2476080.0
035438586,서울대입구역,신대방영업사업소,시민용,서울대입구역,2010-09-30,2010,9,2010-09,정기분,수납 완료,6254.0,3127.0,5525040.0
035438586,서울대입구역,신대방영업사업소,시민용,서울대입구역,2010-10-31,2010,10,2010-10,정기분,수납 완료,3127.0,1563.5,4000560.0
035438586,서울대입구역,신대방영업사업소,시민용,서울대입구역,2010-11-30,2010,11,2010-11,정기분,수납 완료,4492.0,2246.0,1745200.0
035438586,서울대입구역,신대방영업사업소,시민용,서울대입구역,2010-12-31,2010,12,2010-12,정기분,수납 완료,2246.0,1123.0,2872880.0
035438586,서울대입구역,신대방영업사업소,시민용,서울대입구역,2011-01-31,2011,1,2011-01,정기분,수납 완료,3211.0,1605.5,1233200.0
035438586,서울대입구역,신대방영업사업소,시민용,서울대입구역,2011-02-28,2011,2,2011-02,정기분,수납 완료,1606.0,803.0,2066090.0
035438586,서울대입구역,신대방영업사업소,시민용,서울대입구역,2011-03-31,2011,3,2011-03,정기분,수납 완료,2680.0,1340.0,1384050.0
035438586,서울대입구역,신대방영업사업소,시민용,서울대입구역,2011-04-30,2011,4,2011-04,정기분,수납 완료,1340.0,670.0,1726600.0
035438586,서울대입구역,신대방영업사업소,시민용,서울대입구역,2011-05-31,2011,5,2011-05,정기분,수납 완료,2781.0,1390.5,1856890.0
035438586,서울대입구역,신대방영업사업소,시민용,서울대입구역,2011-06-30,2011,6,2011-06,정기분,수납 완료,1391.0,695.5,1792390.0
035438586,서울대입구역,신대방영업사업소,시민용,서울대입구역,2011-07-31,2011,7,2011-07,정기분,수납 완료,3542.0,1771.0,2772790.0
035438586,서울대입구역,신대방영업사업소,시민용,서울대입구역,2011-08-31,2011,8,2011-08,정기분,수납 완료,1771.0,885.5,2282590.0
035438586,서울대입구역,신대방영업사업소,시민용,서울대입구역,2011-09-30,2011,9,2011-09,정기분,수납 완료,4687.0,2343.5,4134660.0
035438586,서울대입구역,신대방영업사업소,시민용,서울대입구역,2011-10-31,2011,10,2011-10,정기분,수납 완료,2344.0,1172.0,3136000.0
035438586,서울대입구역,신대방영업사업소,시민용,서울대입구역,2011-11-30,2011,11,2011-11,정기분,수납 완료,4159.0,2079.5,2422990.0
035438586,서울대입구역,신대방영업사업소,시민용,서울대입구역,2011-12-31,2011,12,2011-12,정기분,수납 완료,2080.0,1040.0,2775040.0
035438586,서울대입구역,신대방영업사업소,시민용,서울대입구역,2012-01-31,2012,1,2012-01,정기분,수납 완료,3335.0,1667.5,1689540.0
035438586,서울대입구역,신대방영업사업소,시민용,서울대입구역,2012-02-29,2012,2,2012-02,정기분,수납 완료,1668.0,834.0,2213470.0
035438586,서울대입구역,신대방영업사업소,시민용,서울대입구역,2012-03-31,2012,3,2012-03,정기분,수납 완료,2884.0,1442.0,2441580.0
035438586,서울대입구역,신대방영업사업소,시민용,서울대입구역,2012-04-30,2012,4,2012-04,정기분,수납 완료,1442.0,721.0,2409380.0
035438586,서울대입구역,신대방영업사업소,시민용,서울대입구역,2012-05-31,2012,5,2012-05,정기분,수납 완료,3012.0,1506.0,2636460.0
035438586,서울대입구역,신대방영업사업소,시민용,서울대입구역,2012-06-30,2012,6,2012-06,정기분,수납 완료,1506.0,753.0,2603660.0
035438586,서울대입구역,신대방영업사업소,시민용,서울대입구역,2012-07-31,2012,7,2012-07,정기분,수납 완료,4441.0,2220.5,4961520.0
035438586,서울대입구역,신대방영업사업소,시민용,서울대입구역,2012-08-31,2012,8,2012-08,정기분,수납 완료,2221.0,1110.5,3806400.0
035438586,서울대입구역,신대방영업사업소,시민용,서울대입구역,2012-09-30,2012,9,2012-09,정기분,수납 완료,5807.0,2903.5,6091420.0
035438586,서울대입구역,신대방영업사업소,시민용,서울대입구역,2012-10-31,2012,10,2012-10,정기분,수납 완료,2904.0,1452.0,4956220.0
035438586,서울대입구역,신대방영업사업소,시민용,서울대입구역,2012-11-30,2012,11,2012-11,정기분,수납 완료,5058.0,2529.0,3703340.0
035438586,서울대입구역,신대방영업사업소,시민용,서울대입구역,2012-12-31,2012,12,2012-12,정기분,수납 완료,2529.0,1264.5,4252780.0
035438586,서울대입구역,신대방영업사업소,시민용,서울대입구역,2013-01-31,2013,1,2013-01,정기분,수납 완료,3328.0,1664.0,1407440.0
035438586,서울대입구역,신대방영업사업소,시민용,서울대입구역,2013-02-28,2013,2,2013-02,정기분,수납 완료,1664.0,832.0,2829340.0
035438586,서울대입구역,신대방영업사업소,시민용,서울대입구역,2013-03-31,2013,3,2013-03,정기분,수납 완료,2740.0,1370.0,2429260.0
035438586,서울대입구역,신대방영업사업소,시민용,서울대입구역,2013-04-30,2013,4,2013-04,정기분,수납 완료,1370.0,685.0,2628260.0
035438586,서울대입구역,신대방영업사업소,시민용,서울대입구역,2013-05-31,2013,5,2013-05,정기분,수납 완료,2952.0,1476.0,3018340.0
035438586,서울대입구역,신대방영업사업소,시민용,서울대입구역,2013-06-30,2013,6,2013-06,정기분,수납 완료,1476.0,738.0,2823300.0
035438586,서울대입구역,신대방영업사업소,시민용,서울대입구역,2013-07-31,2013,7,2013-07,정기분,수납 완료,4642.0,2321.0,5932900.0
035438586,서울대입구역,신대방영업사업소,시민용,서울대입구역,2013-08-31,2013,8,2013-08,정기분,수납 완료,2321.0,1160.5,4378100.0
035438586,서울대입구역,신대방영업사업소,시민용,서울대입구역,2013-09-30,2013,9,2013-09,정기분,수납 완료,6011.0,3005.5,6897060.0
035438586,서울대입구역,신대방영업사업소,시민용,서울대입구역,2013-10-31,2013,10,2013-10,정기분,수납 완료,3006.0,1503.0,5638500.0
035438586,서울대입구역,신대방영업사업소,시민용,서울대입구역,2013-11-30,2013,11,2013-11,정기분,수납 완료,4635.0,2317.5,3104820.0
035438586,서울대입구역,신대방영업사업소,시민용,서울대입구역,2013-12-31,2013,12,2013-12,정기분,수납 완료,2317.0,1158.5,4370740.0
035438586,서울대입구역,신대방영업사업소,시민용,서울대입구역,2014-01-31,2014,1,2014-01,정기분,수납 완료,3280.0,1640.0,1879380.0
035438586,서울대입구역,신대방영업사업소,시민용,서울대입구역,2014-02-28,2014,2,2014-02,정기분,수납 완료,1640.0,820.0,3125060.0
035438586,서울대입구역,신대방영업사업소,시민용,서울대입구역,2014-03-31,2014,3,2014-03,정기분,수납 완료,3002.0,1501.0,3125540.0
035438586,서울대입구역,신대방영업사업소,시민용,서울대입구역,2014-04-30,2014,4,2014-04,정기분,수납 완료,1501.0,750.5,3125300.0
035438586,서울대입구역,신대방영업사업소,시민용,서울대입구역,2014-05-31,2014,5,2014-05,정기분,수납 완료,3408.0,1704.0,3814900.0
035438586,서울대입구역,신대방영업사업소,시민용,서울대입구역,2014-06-30,2014,6,2014-06,정기분,수납 완료,1704.0,852.0,3470100.0
035438586,서울대입구역,신대방영업사업소,시민용,서울대입구역,2014-07-31,2014,7,2014-07,정기분,수납 완료,5147.0,2573.5,6991300.0
035438586,서울대입구역,신대방영업사업소,시민용,서울대입구역,2014-08-31,2014,8,2014-08,정기분,수납 완료,2574.0,1287.0,5231700.0
035438586,서울대입구역,신대방영업사업소,시민용,서울대입구역,2014-09-30,2014,9,2014-09,정기분,수납 완료,6360.0,3180.0,7655700.0
035438586,서울대입구역,신대방영업사업소,시민용,서울대입구역,2014-10-31,2014,10,2014-10,정기분,수납 완료,3180.0,1590.0,6443700.0
035438586,서울대입구역,신대방영업사업소,시민용,서울대입구역,2014-11-30,2014,11,2014-11,정기분,수납 완료,4029.0,2014.5,1781700.0
035438586,서울대입구역,신대방영업사업소,시민용,서울대입구역,2014-12-31,2014,12,2014-12,정기분,수납 완료,2015.0,1007.5,4113700.0
035438586,서울대입구역,신대방영업사업소,시민용,서울대입구역,2015-01-31,2015,1,2015-01,정기분,수납 완료,2830.0,1415.0,1713700.0
035438586,서울대입구역,신대방영업사업소,시민용,서울대입구역,2015-02-28,2015,2,2015-02,정기분,수납 완료,1415.0,707.5,2913700.0
035438586,서울대입구역,신대방영업사업소,시민용,서울대입구역,2015-03-31,2015,3,2015-03,정기분,수납 완료,3175.0,1587.5,3603700.0
035438586,서울대입구역,신대방영업사업소,시민용,서울대입구역,2015-04-30,2015,4,2015-04,정기분,수납 완료,1588.0,794.0,3259700.0
035438586,서울대입구역,신대방영업사업소,시민용,서울대입구역,2015-05-31,2015,5,2015-05,정기분,수납 완료,3524.0,1762.0,3955700.0
035438586,서울대입구역,신대방영업사업소,시민용,서울대입구역,2015-06-30,2015,6,2015-06,정기분,수납 완료,1762.0,881.0,3607700.0
035438586,서울대입구역,신대방영업사업소,시민용,서울대입구역,2015-07-31,2015,7,2015-07,정기분,수납 완료,4326.0,2163.0,5211700.0
035438586,서울대입구역,신대방영업사업소,시민용,서울대입구역,2015-08-31,2015,8,2015-08,정기분,수납 완료,2163.0,1081.5,4409700.0
035438586,서울대입구역,신대방영업사업소,시민용,서울대입구역,2015-09-30,2015,9,2015-09,정기분,수납 완료,4326.0,2163.0,4409700.0
035438586,서울대입구역,신대방영업사업소,시민용,서울대입구역,2015-10-31,2015,10,2015-10,정기분,수납 완료,2163.0,1081.5,4409700.0
035438586,서울대입구역,신대방영업사업소,시민용,서울대입구역,2015-11-30,2015,11,2015-11,정기분,수납 완료,5562.0,2781.0,6881700.0
035438586,서울대입구역,신대방영업사업소,시민용,서울대입구역,2015-12-31,2015,12,2015-12,정기분,수납 완료,2781.0,1390.5,5645700.0
035438586,서울대입구역,신대방영업사업소,시민용,서울대입구역,2016-01-31,2016,1,2016-01,정기분,수납 완료,3344.0,1672.0,1209700.0
035438586,서울대입구역,신대방영업사업소,시민용,서울대입구역,2016-02-29,2016,2,2016-02,정기분,수납 완료,1672.0,836.0,3427700.0
035438586,서울대입구역,신대방영업사업소,시민용,서울대입구역,2016-03-31,2016,3,2016-03,정기분,수납 완료,2451.0,1225.5,1573300.0
035438586,서울대입구역,신대방영업사업소,시민용,서울대입구역,2016-04-30,2016,4,2016-04,정기분,수납 완료,1226.0,613.0,2501500.0
035438586,서울대입구역,신대방영업사업소,시민용,서울대입구역,2016-05-31,2016,5,2016-05,정기분,수납 완료,2913.0,1456.5,3368900.0
035438586,서울대입구역,신대방영업사업소,시민용,서울대입구역,2016-06-30,2016,6,2016-06,정기분,수납 완료,1457.0,728.5,2980600.0
035438586,서울대입구역,신대방영업사업소,시민용,서울대입구역,2016-07-31,2016,7,2016-07,정기분,수납 완료,4856.0,2428.0,6757500.0
035438586,서울대입구역,신대방영업사업소,시민용,서울대입구역,2016-08-31,2016,8,2016-08,정기분,수납 완료,2428.0,1214.0,4934000.0
035438586,서울대입구역,신대방영업사업소,시민용,서울대입구역,2016-09-30,2016,9,2016-09,정기분,수납 완료,6017.0,3008.5,7137500.0
035438586,서울대입구역,신대방영업사업소,시민용,서울대입구역,2016-10-31,2016,10,2016-10,정기분,수납 완료,3009.0,1504.5,6053700.0
035438586,서울대입구역,신대방영업사업소,시민용,서울대입구역,2016-11-30,2016,11,2016-11,정기분,수납 완료,4811.0,2405.5,3563500.0
035438586,서울대입구역,신대방영업사업소,시민용,서울대입구역,2016-12-31,2016,12,2016-12,정기분,수납 완료,2406.0,1203.0,4837200.0
035438586,서울대입구역,신대방영업사업소,시민용,서울대입구역,2017-01-31,2017,1,2017-01,정기분,수납 완료,2959.0,1479.5,1103600.0
035438586,서울대입구역,신대방영업사업소,시민용,서울대입구역,2017-02-28,2017,2,2017-02,정기분,수납 완료,1480.0,740.0,3125620.0
035438586,서울대입구역,신대방영업사업소,시민용,서울대입구역,2017-03-31,2017,3,2017-03,정기분,수납 완료,2270.0,1135.0,1718750.0
035438586,서울대입구역,신대방영업사업소,시민용,서울대입구역,2017-04-30,2017,4,2017-04,정기분,수납 완료,1135.0,567.5,2437500.0
035438586,서울대입구역,신대방영업사업소,시민용,서울대입구역,2017-05-31,2017,5,2017-05,정기분,수납 완료,2560.0,1280.0,3046500.0
035438586,서울대입구역,신대방영업사업소,시민용,서울대입구역,2017-06-30,2017,6,2017-06,정기분,수납 완료,1280.0,640.0,2742000.0
035438586,서울대입구역,신대방영업사업소,시민용,서울대입구역,2017-07-31,2017,7,2017-07,정기분,수납 완료,4332.0,2166.0,6463200.0
035438586,서울대입구역,신대방영업사업소,시민용,서울대입구역,2017-08-31,2017,8,2017-08,정기분,수납 완료,2166.0,1083.0,4602600.0
035438586,서울대입구역,신대방영업사업소,시민용,서울대입구역,2017-09-30,2017,9,2017-09,정기분,수납 완료,4288.0,2144.0,4496010.0
035438586,서울대입구역,신대방영업사업소,시민용,서울대입구역,2017-10-31,2017,10,2017-10,정기분,수납 완료,2144.0,1072.0,4556400.0
035438586,서울대입구역,신대방영업사업소,시민용,서울대입구역,2017-11-30,2017,11,2017-11,정기분,수납 완료,3517.0,1758.5,2937300.0
035438586,서울대입구역,신대방영업사업소,시민용,서울대입구역,2017-12-31,2017,12,2017-12,정기분,수납 완료,1759.0,879.5,3747900.0
035438586,서울대입구역,신대방영업사업소,시민용,서울대입구역,2018-01-31,2018,1,2018-01,정기분,수납 완료,2614.0,1307.0,1781850.0
035438586,서울대입구역,신대방영업사업소,시민용,서울대입구역,2018-02-28,2018,2,2018-02,정기분,수납 완료,1307.0,653.5,2909000.0
035438586,서울대입구역,신대방영업사업소,시민용,서울대입구역,2018-03-31,2018,3,2018-03,정기분,수납 완료,1933.0,966.5,1421010.0
035438586,서울대입구역,신대방영업사업소,시민용,서울대입구역,2018-04-30,2018,4,2018-04,정기분,수납 완료,967.0,483.5,2175290.0
035438586,서울대입구역,신대방영업사업소,시민용,서울대입구역,2018-05-31,2018,5,2018-05,정기분,수납 완료,2728.0,1364.0,3966030.0
035438586,서울대입구역,신대방영업사업소,시민용,서울대입구역,2018-06-30,2018,6,2018-06,정기분,수납 완료,1364.0,682.0,3070660.0
035438586,서울대입구역,신대방영업사업소,시민용,서울대입구역,2018-07-31,2018,7,2018-07,정기분,수납 완료,2414.0,1207.0,2376720.0
035438586,서울대입구역,신대방영업사업소,시민용,서울대입구역,2018-08-31,2018,8,2018-08,정기분,수납 완료,1207.0,603.5,2723690.0
035438586,서울대입구역,신대방영업사업소,시민용,서울대입구역,2018-09-30,2018,9,2018-09,정기분,수납 완료,4371.0,2185.5,7001140.0
035438586,서울대입구역,신대방영업사업소,시민용,서울대입구역,2018-10-31,2018,10,2018-10,정기분,수납 완료,2186.0,1093.0,4863520.0
035438586,서울대입구역,신대방영업사업소,시민용,서울대입구역,2018-11-30,2018,11,2018-11,정기분,수납 완료,5006.0,2503.0,6244500.0
035438586,서울대입구역,신대방영업사업소,시민용,서울대입구역,2018-12-31,2018,12,2018-12,정기분,수납 완료,2503.0,1251.5,5554010.0
035438586,서울대입구역,신대방영업사업소,시민용,서울대입구역,2019-01-31,2019,1,2019-01,정기분,수납 완료,3996.0,1998.0,3344230.0
035438586,서울대입구역,신대방영업사업소,시민용,서울대입구역,2019-02-28,2019,2,2019-02,정기분,수납 완료,1998.0,999.0,4635480.0
035438586,서울대입구역,신대방영업사업소,시민용,서울대입구역,2019-03-31,2019,3,2019-03,정기분,수납 완료,3910.0,1955.0,4579190.0
035438586,서울대입구역,신대방영업사업소,시민용,서울대입구역,2019-04-30,2019,4,2019-04,정기분,수납 완료,1955.0,977.5,4637150.0
035438586,서울대입구역,신대방영업사업소,시민용,서울대입구역,2019-05-31,2019,5,2019-05,정기분,수납 완료,3874.0,1937.0,4630870.0
035438586,서울대입구역,신대방영업사업소,시민용,서울대입구역,2019-06-30,2019,6,2019-06,정기분,수납 완료,1937.0,968.5,4634010.0
035438586,서울대입구역,신대방영업사업소,시민용,서울대입구역,2019-07-31,2019,7,2019-07,정기분,수납 완료,4475.0,2237.5,5933540.0
035438586,서울대입구역,신대방영업사업소,시민용,서울대입구역,2019-08-31,2019,8,2019-08,정기분,수납 완료,2238.0,1119.0,5284940.0
035438586,서울대입구역,신대방영업사업소,시민용,서울대입구역,2019-09-30,2019,9,2019-09,정기분,수납 완료,5307.0,2653.5,7504370.0
035438586,서울대입구역,신대방영업사업소,시민용,서울대입구역,2019-10-31,2019,10,2019-10,정기분,수납 완료,2654.0,1327.0,6395820.0
035438586,서울대입구역,신대방영업사업소,시민용,서울대입구역,2019-11-30,2019,11,2019-11,정기분,수납 완료,4355.0,2177.5,4086530.0
035438586,서울대입구역,신대방영업사업소,시민용,서울대입구역,2019-12-31,2019,12,2019-12,정기분,수납 완료,2178.0,1089.0,5242340.0
035438586,서울대입구역,신대방영업사업소,시민용,서울대입구역,2020-01-31,2020,1,2020-01,정기분,수납 완료,3707.0,1853.5,3670170.0
035438586,서울대입구역,신대방영업사업소,시민용,서울대입구역,2020-02-29,2020,2,2020-02,정기분,수납 완료,1854.0,927.0,4457420.0
035438586,서울대입구역,신대방영업사업소,시민용,서울대입구역,2020-03-31,2020,3,2020-03,정기분,수납 완료,3641.0,1820.5,4406110.0
035438586,서울대입구역,신대방영업사업소,시민용,서울대입구역,2020-04-30,2020,4,2020-04,정기분,수납 완료,1821.0,910.5,4432930.0
035438586,서울대입구역,신대방영업사업소,시민용,서울대입구역,2020-05-31,2020,5,2020-05,정기분,수납 완료,2914.0,1457.0,2607890.0
035438586,서울대입구역,신대방영업사업소,시민용,서울대입구역,2020-06-30,2020,6,2020-06,정기분,수납 완료,1457.0,728.5,3520410.0
035438586,서울대입구역,신대방영업사업소,시민용,서울대입구역,2020-07-31,2020,7,2020-07,정기분,수납 완료,5143.0,2571.5,8915580.0
035438586,서울대입구역,신대방영업사업소,시민용,서울대입구역,2020-08-31,2020,8,2020-08,정기분,수납 완료,2572.0,1286.0,6219160.0
035438586,서울대입구역,신대방영업사업소,시민용,서울대입구역,2020-09-30,2020,9,2020-09,정기분,수납 완료,3830.0,1915.0,3188740.0
035438586,서울대입구역,신대방영업사업소,시민용,서울대입구역,2020-10-31,2020,10,2020-10,정기분,수납 완료,1915.0,957.5,4703950.0
035438586,서울대입구역,신대방영업사업소,시민용,서울대입구역,2020-11-30,2020,11,2020-11,정기분,수납 완료,3100.0,1550.0,2771850.0
035438586,서울대입구역,신대방영업사업소,시민용,서울대입구역,2020-12-31,2020,12,2020-12,정기분,수납 완료,1550.0,775.0,3737900.0
035438586,서울대입구역,신대방영업사업소,시민용,서울대입구역,2021-01-31,2021,1,2021-01,정기분,수납 완료,2415.0,1207.5,2137780.0
035438586,서울대입구역,신대방영업사업소,시민용,서울대입구역,2021-02-28,2021,2,2021-02,정기분,수납 완료,1208.0,604.0,2940170.0
035438586,서울대입구역,신대방영업사업소,시민용,서울대입구역,2021-03-31,2021,3,2021-03,정기분,수납 완료,2134.0,1067.0,2207250.0
035438586,서울대입구역,신대방영업사업소,시민용,서울대입구역,2021-04-30,2021,4,2021-04,정기분,수납 완료,1067.0,533.5,2573710.0
035438586,서울대입구역,신대방영업사업소,시민용,서울대입구역,2021-05-31,2021,5,2021-05,정기분,수납 완료,2501.0,1250.5,3538420.0
035438586,서울대입구역,신대방영업사업소,시민용,서울대입구역,2021-06-30,2021,6,2021-06,정기분,수납 완료,1251.0,625.5,3057230.0
035438586,서울대입구역,신대방영업사업소,시민용,서울대입구역,2021-07-31,2021,7,2021-07,정기분,수납 완료,3055.0,1527.5,4345720.0
035438586,서울대입구역,신대방영업사업소,시민용,서울대입구역,2021-08-31,2021,8,2021-08,정기분,수납 완료,1528.0,764.0,3960940.0
035438586,서울대입구역,신대방영업사업소,시민용,서울대입구역,2021-09-30,2021,9,2021-09,정기분,수납 완료,3922.0,1961.0,6359010.0
035438586,서울대입구역,신대방영업사업소,시민용,서울대입구역,2021-10-31,2021,10,2021-10,정기분,수납 완료,1961.0,980.5,5201340.0
035438586,서울대입구역,신대방영업사업소,시민용,서울대입구역,2021-11-30,2021,11,2021-11,정기분,수납 완료,3213.0,1606.5,3251680.0
035438586,서울대입구역,신대방영업사업소,시민용,서울대입구역,2021-12-31,2021,12,2021-12,정기분,수납 완료,1607.0,803.5,4227780.0
035438586,서울대입구역,신대방영업사업소,시민용,서울대입구역,2022-01-31,2022,1,2022-01,정기분,수납 완료,2269.0,1134.5,1785360.0
035438586,서울대입구역,신대방영업사업소,시민용,서울대입구역,2022-02-28,2022,2,2022-02,정기분,수납 완료,1135.0,567.5,3132110.0
035438586,서울대입구역,신대방영업사업소,시민용,서울대입구역,2022-03-31,2022,3,2022-03,정기분,수납 완료,2123.0,1061.5,2735730.0
035438586,서울대입구역,신대방영업사업소,시민용,서울대입구역,2022-04-30,2022,4,2022-04,정기분,수납 완료,1062.0,531.0,3312700.0
035438586,서울대입구역,신대방영업사업소,시민용,서울대입구역,2022-05-31,2022,5,2022-05,정기분,수납 완료,2055.0,1027.5,2339800.0
035438586,서울대입구역,신대방영업사업소,시민용,서울대입구역,2022-06-30,2022,6,2022-06,정기분,수납 완료,1028.0,514.0,2881250.0
035438586,서울대입구역,신대방영업사업소,시민용,서울대입구역,2022-07-31,2022,7,2022-07,정기분,수납 완료,2915.0,1457.5,4980550.0
035438586,서울대입구역,신대방영업사업소,시민용,서울대입구역,2022-08-31,2022,8,2022-08,정기분,수납 완료,1458.0,729.0,3976100.0
035438586,서울대입구역,신대방영업사업소,시민용,서울대입구역,2022-09-30,2022,9,2022-09,정기분,수납 완료,4077.0,2038.5,6920350.0
035438586,서울대입구역,신대방영업사업소,시민용,서울대입구역,2022-10-31,2022,10,2022-10,정기분,수납 완료,2039.0,1019.5,5383350.0
035438586,서울대입구역,신대방영업사업소,시민용,서울대입구역,2022-11-30,2022,11,2022-11,정기분,수납 완료,3004.0,1502.0,2537250.0
035438586,서울대입구역,신대방영업사업소,시민용,서울대입구역,2022-12-31,2022,12,2022-12,정기분,수납 완료,1502.0,751.0,4185900.0
035438586,서울대입구역,신대방영업사업소,시민용,서울대입구역,2023-01-31,2023,1,2023-01,정기분,수납 완료,2317.0,1158.5,2139750.0
035438586,서울대입구역,신대방영업사업소,시민용,서울대입구역,2023-02-28,2023,2,2023-02,정기분,수납 완료,1159.0,579.5,3742740.0
035438586,서울대입구역,신대방영업사업소,시민용,서울대입구역,2023-03-31,2023,3,2023-03,정기분,수납 완료,2082.0,1041.0,3067910.0
035438586,서울대입구역,신대방영업사업소,시민용,서울대입구역,2023-04-30,2023,4,2023-04,정기분,수납 완료,1041.0,520.5,3542270.0
035438586,서울대입구역,신대방영업사업소,시민용,서울대입구역,2023-05-31,2023,5,2023-05,정기분,수납 완료,2503.0,1251.5,4923140.0
035438586,서울대입구역,신대방영업사업소,시민용,서울대입구역,2023-06-30,2023,6,2023-06,정기분,수납 완료,1252.0,626.0,4280840.0
035438586,서울대입구역,신대방영업사업소,시민용,서울대입구역,2023-07-31,2023,7,2023-07,정기분,수납 완료,2284.0,1142.0,3472240.0
035438586,서울대입구역,신대방영업사업소,시민용,서울대입구역,2023-08-31,2023,8,2023-08,정기분,수납 완료,1142.0,571.0,4025940.0
035438586,서울대입구역,신대방영업사업소,시민용,서울대입구역,2023-09-30,2023,9,2023-09,정기분,수납 완료,2596.0,1298.0,4901380.0
035438586,서울대입구역,신대방영업사업소,시민용,서울대입구역,2023-10-31,2023,10,2023-10,정기분,수납 완료,1298.0,649.0,4526860.0
035438586,서울대입구역,신대방영업사업소,시민용,서울대입구역,2023-11-30,2023,11,2023-11,정기분,수납 완료,2494.0,1247.0,4000120.0
035438586,서울대입구역,신대방영업사업소,시민용,서울대입구역,2023-12-31,2023,12,2023-12,정기분,수납 완료,1247.0,623.5,4319890.0
035438586,서울대입구역,신대방영업사업소,시민용,서울대입구역,2024-01-31,2024,1,2024-01,정기분,수납 완료,2227.0,1113.5,3250600.0
035438586,서울대입구역,신대방영업사업소,시민용,서울대입구역,2024-02-29,2024,2,2024-02,정기분,수납 완료,1114.0,557.0,3789980.0
035438586,서울대입구역,신대방영업사업소,시민용,서울대입구역,2024-03-31,2024,3,2024-03,정기분,수납 완료,2091.0,1045.5,3240190.0
035438586,서울대입구역,신대방영업사업소,시민용,서울대입구역,2024-04-30,2024,4,2024-04,정기분,수납 완료,1046.0,523.0,3579220.0
035438586,서울대입구역,신대방영업사업소,시민용,서울대입구역,2024-05-31,2024,5,2024-05,정기분,수납 완료,2298.0,1149.0,4227640.0
035438586,서울대입구역,신대방영업사업소,시민용,서울대입구역,2024-06-30,2024,6,2024-06,정기분,수납 완료,1149.0,574.5,3983030.0
035438586,서울대입구역,신대방영업사업소,시민용,서울대입구역,2024-07-31,2024,7,2024-07,정기분,수납 완료,2454.0,1227.0,4427950.0
035438586,서울대입구역,신대방영업사업소,시민용,서울대입구역,2024-08-31,2024,8,2024-08,정기분,수납 완료,1227.0,613.5,4377690.0
035438586,서울대입구역,신대방영업사업소,시민용,서울대입구역,2024-09-30,2024,9,2024-09,정기분,수납 완료,2696.0,1348.0,4947430.0
035438586,서울대입구역,신대방영업사업소,시민용,서울대입구역,2024-10-31,2024,10,2024-10,정기분,수납 완료,1348.0,674.0,4632360.0
035438586,서울대입구역,신대방영업사업소,시민용,서울대입구역,2024-11-30,2024,11,2024-11,정기분,수납 완료,2536.0,1268.0,3972360.0
035438586,서울대입구역,신대방영업사업소,시민용,서울대입구역,2024-12-31,2024,12,2024-12,정기분,수납 완료,1268.0,634.0,4406360.0
035438586,서울대입구역,신대방영업사업소,시민용,서울대입구역,2025-01-31,2025,1,2025-01,정기분,수납 완료,2340.0,1170.0,3569840.0
035438586,서울대입구역,신대방영업사업소,시민용,서울대입구역,2025-02-28,2025,2,2025-02,정기분,수납 완료,1170.0,585.0,4001900.0
035438586,서울대입구역,신대방영업사업소,시민용,서울대입구역,2025-03-31,2025,3,2025-03,정기분,수납 완료,2155.0,1077.5,3319550.0
035438586,서울대입구역,신대방영업사업소,시민용,서울대입구역,2025-04-30,2025,4,2025-04,정기분,수납 완료,1078.0,539.0,3705860.0
035438586,서울대입구역,신대방영업사업소,시민용,서울대입구역,2025-05-31,2025,5,2025-05,정기분,수납 완료,2235.0,1117.5,3881590.0
035438586,서울대입구역,신대방영업사업소,시민용,서울대입구역,2025-06-30,2025,6,2025-06,정기분,수납 완료,1118.0,559.0,3873060.0
035438586,서울대입구역,신대방영업사업소,시민용,서울대입구역,2025-07-31,2025,7,2025-07,정기분,수납 완료,3036.0,1518.0,6562460.0
035438586,서울대입구역,신대방영업사업소,시민용,서울대입구역,2025-08-31,2025,8,2025-08,정기분,수납 완료,1518.0,759.0,5266460.0
035438586,서울대입구역,신대방영업사업소,시민용,서울대입구역,2025-09-30,2025,9,2025-09,정기분,수납 완료,3570.0,1785.0,7274240.0
035438586,서울대입구역,신대방영업사업소,시민용,서울대입구역,2025-10-31,2025,10,2025-10,정기분,수납 완료,1785.0,892.5,6232550.0
035438586,서울대입구역,신대방영업사업소,시민용,서울대입구역,2025-11-30,2025,11,2025-11,정기분,수납 완료,2819.0,1409.5,3626580.0
035438586,서울대입구역,신대방영업사업소,시민용,서울대입구역,2025-12-31,2025,12,2025-12,정기분,수납 완료,1410.0,705.0,4901300.0
035438586,서울대입구역,신대방영업사업소,시민용,서울대입구역,2026-01-31,2026,1,2026-01,정기분,수납 완료,2587.0,1293.5,4038390.0
035438586,서울대입구역,신대방영업사업소,시민용,서울대입구역,2026-02-28,2026,2,2026-02,정기분,수납 완료,1294.0,647.0,4648440.0
035438586,서울대입구역,신대방영업사업소,시민용,서울대입구역,2026-03-31,2026,3,2026-03,정기분,수납 완료,2275.0,1137.5,3560710.0
035438586,서울대입구역,신대방영업사업소,시민용,서울대입구역,2026-04-30,2026,4,2026-04,정기분,수납 완료,1138.0,569.0,4117140.0
035438586,서울대입구역,신대방영업사업소,시민용,서울대입구역,2026-05-31,2026,5,2026-05,정기분,미납,2602.0,1301.0,5235620.0
031914399,석계역,동묘영업사업소,시민용,석계역,2008-06-30,2008,6,2008-06,정기분,수납 완료,1384.0,692.0,2504240.0
031914399,석계역,동묘영업사업소,시민용,석계역,2008-08-31,2008,8,2008-08,정기분,수납 완료,1228.0,614.0,2310960.0
031914399,석계역,동묘영업사업소,시민용,석계역,2008-10-31,2008,10,2008-10,정기분,수납 완료,1250.0,625.0,2309680.0
031914399,석계역,동묘영업사업소,시민용,석계역,2008-12-31,2008,12,2008-12,정기분,수납 완료,1250.0,625.0,2351920.0
031914399,석계역,동묘영업사업소,시민용,석계역,2009-02-28,2009,2,2009-02,정기분,수납 완료,1417.0,708.5,2430400.0
031914399,석계역,동묘영업사업소,시민용,석계역,2009-04-30,2009,4,2009-04,정기분,수납 완료,1159.0,579.5,2236720.0
031914399,석계역,동묘영업사업소,시민용,석계역,2009-06-30,2009,6,2009-06,정기분,수납 완료,1331.0,665.5,2477360.0
031914399,석계역,동묘영업사업소,시민용,석계역,2009-08-31,2009,8,2009-08,정기분,수납 완료,1387.0,693.5,2604080.0
031914399,석계역,동묘영업사업소,시민용,석계역,2009-10-31,2009,10,2009-10,정기분,수납 완료,1438.0,719.0,2688560.0
031914399,석계역,동묘영업사업소,시민용,석계역,2009-12-31,2009,12,2009-12,정기분,수납 완료,1389.0,694.5,2586160.0
031914399,석계역,동묘영업사업소,시민용,석계역,2010-02-28,2010,2,2010-02,정기분,수납 완료,1410.0,705.0,2383920.0
031914399,석계역,동묘영업사업소,시민용,석계역,2010-04-30,2010,4,2010-04,정기분,수납 완료,1245.0,622.5,2181680.0
031914399,석계역,동묘영업사업소,시민용,석계역,2010-06-30,2010,6,2010-06,정기분,수납 완료,1443.0,721.5,2733360.0
031914399,석계역,동묘영업사업소,시민용,석계역,2010-08-31,2010,8,2010-08,정기분,수납 완료,1443.0,721.5,2733360.0
031914399,석계역,동묘영업사업소,시민용,석계역,2010-10-31,2010,10,2010-10,정기분,수납 완료,1443.0,721.5,2733360.0
031914399,석계역,동묘영업사업소,시민용,석계역,2010-12-31,2010,12,2010-12,정기분,수납 완료,1443.0,721.5,2733360.0
031914399,석계역,동묘영업사업소,시민용,석계역,2011-02-28,2011,2,2011-02,정기분,수납 완료,1443.0,721.5,2432820.0
031914399,석계역,동묘영업사업소,시민용,석계역,2011-04-30,2011,4,2011-04,정기분,수납 완료,1443.0,721.5,2445530.0
031914399,석계역,동묘영업사업소,시민용,석계역,2011-06-30,2011,6,2011-06,정기분,수납 완료,0.0,0.0,995570.0
031914399,석계역,동묘영업사업소,시민용,석계역,2011-08-31,2011,8,2011-08,정기분,수납 완료,1240.0,620.0,2362970.0
031914399,석계역,동묘영업사업소,시민용,석계역,2011-10-31,2011,10,2011-10,정기분,수납 완료,1440.0,720.0,2592590.0
031914399,석계역,동묘영업사업소,시민용,석계역,2011-12-31,2011,12,2011-12,정기분,수납 완료,1537.0,768.5,2784800.0
031914399,석계역,동묘영업사업소,시민용,석계역,2012-02-29,2012,2,2012-02,정기분,수납 완료,1422.0,711.0,2531960.0
031914399,석계역,동묘영업사업소,시민용,석계역,2012-04-30,2012,4,2012-04,정기분,수납 완료,1611.0,805.5,3382960.0
031914399,석계역,동묘영업사업소,시민용,석계역,2012-06-30,2012,6,2012-06,정기분,수납 완료,1699.0,849.5,3779840.0
031914399,석계역,동묘영업사업소,시민용,석계역,2012-08-31,2012,8,2012-08,정기분,수납 완료,1666.0,833.0,3714240.0
031914399,석계역,동묘영업사업소,시민용,석계역,2012-10-31,2012,10,2012-10,정기분,수납 완료,2248.0,1124.0,4635920.0
031914399,석계역,동묘영업사업소,시민용,석계역,2012-12-31,2012,12,2012-12,정기분,수납 완료,1957.0,978.5,4189840.0
031914399,석계역,동묘영업사업소,시민용,석계역,2013-02-28,2013,2,2013-02,정기분,수납 완료,1958.0,979.0,4011080.0
031914399,석계역,동묘영업사업소,시민용,석계역,2013-04-30,2013,4,2013-04,정기분,수납 완료,1569.0,784.5,3764200.0
031914399,석계역,동묘영업사업소,시민용,석계역,2013-06-30,2013,6,2013-06,정기분,수납 완료,1858.0,929.0,4317690.0
031914399,석계역,동묘영업사업소,시민용,석계역,2013-08-31,2013,8,2013-08,정기분,수납 완료,1362.0,681.0,3374120.0
031914399,석계역,동묘영업사업소,시민용,석계역,2013-10-31,2013,10,2013-10,정기분,수납 완료,1711.0,855.5,4042040.0
031914399,석계역,동묘영업사업소,시민용,석계역,2013-12-31,2013,12,2013-12,정기분,수납 완료,1453.0,726.5,3819400.0
031914399,석계역,동묘영업사업소,시민용,석계역,2014-02-28,2014,2,2014-02,정기분,수납 완료,1301.0,650.5,3320760.0
031914399,석계역,동묘영업사업소,시민용,석계역,2014-04-30,2014,4,2014-04,정기분,수납 완료,1758.0,879.0,4521800.0
031914399,석계역,동묘영업사업소,시민용,석계역,2014-06-30,2014,6,2014-06,정기분,수납 완료,1133.0,566.5,3393800.0
031914399,석계역,동묘영업사업소,시민용,석계역,2014-08-31,2014,8,2014-08,정기분,수납 완료,1788.0,894.0,4293800.0
031914399,석계역,동묘영업사업소,시민용,석계역,2014-10-31,2014,10,2014-10,정기분,수납 완료,1949.0,974.5,4477800.0
031914399,석계역,동묘영업사업소,시민용,석계역,2014-12-31,2014,12,2014-12,정기분,수납 완료,1794.0,897.0,4257800.0
031914399,석계역,동묘영업사업소,시민용,석계역,2015-02-28,2015,2,2015-02,정기분,수납 완료,1754.0,877.0,4095800.0
031914399,석계역,동묘영업사업소,시민용,석계역,2015-04-30,2015,4,2015-04,정기분,수납 완료,1531.0,765.5,3663800.0
031914399,석계역,동묘영업사업소,시민용,석계역,2015-06-30,2015,6,2015-06,정기분,수납 완료,1939.0,969.5,4895800.0
031914399,석계역,동묘영업사업소,시민용,석계역,2015-08-31,2015,8,2015-08,정기분,수납 완료,2154.0,1077.0,5315800.0
031914399,석계역,동묘영업사업소,시민용,석계역,2015-10-31,2015,10,2015-10,정기분,수납 완료,2174.0,1087.0,5279800.0
031914399,석계역,동묘영업사업소,시민용,석계역,2015-12-31,2015,12,2015-12,정기분,수납 완료,1865.0,932.5,4791800.0
031914399,석계역,동묘영업사업소,시민용,석계역,2016-02-29,2016,2,2016-02,정기분,수납 완료,1670.0,835.0,3961800.0
031914399,석계역,동묘영업사업소,시민용,석계역,2016-04-30,2016,4,2016-04,정기분,수납 완료,1728.0,864.0,4021800.0
031914399,석계역,동묘영업사업소,시민용,석계역,2016-06-30,2016,6,2016-06,정기분,수납 완료,1783.0,891.5,4275800.0
031914399,석계역,동묘영업사업소,시민용,석계역,2016-08-31,2016,8,2016-08,정기분,수납 완료,1826.0,913.0,4359800.0
031914399,석계역,동묘영업사업소,시민용,석계역,2016-10-31,2016,10,2016-10,정기분,수납 완료,2128.0,1064.0,4827800.0
031914399,석계역,동묘영업사업소,시민용,석계역,2016-12-31,2016,12,2016-12,정기분,수납 완료,1868.0,934.0,4391800.0
031914399,석계역,동묘영업사업소,시민용,석계역,2017-02-28,2017,2,2017-02,정기분,수납 완료,1464.0,732.0,3473840.0
031914399,석계역,동묘영업사업소,시민용,석계역,2017-04-30,2017,4,2017-04,정기분,수납 완료,1408.0,704.0,3403720.0
031914399,석계역,동묘영업사업소,시민용,석계역,2017-06-30,2017,6,2017-06,정기분,수납 완료,1596.0,798.0,3960000.0
031914399,석계역,동묘영업사업소,시민용,석계역,2017-08-31,2017,8,2017-08,정기분,수납 완료,1696.0,848.0,4128000.0
031914399,석계역,동묘영업사업소,시민용,석계역,2017-10-31,2017,10,2017-10,정기분,수납 완료,2221.0,1110.5,5251500.0
031914399,석계역,동묘영업사업소,시민용,석계역,2017-12-31,2017,12,2017-12,정기분,수납 완료,1874.0,937.0,4533300.0
031914399,석계역,동묘영업사업소,시민용,석계역,2018-02-28,2018,2,2018-02,정기분,수납 완료,1508.0,754.0,3670920.0
031914399,석계역,동묘영업사업소,시민용,석계역,2018-04-30,2018,4,2018-04,정기분,수납 완료,1337.0,668.5,3350860.0
031914399,석계역,동묘영업사업소,시민용,석계역,2018-06-30,2018,6,2018-06,정기분,수납 완료,1657.0,828.5,4301160.0
031914399,석계역,동묘영업사업소,시민용,석계역,2018-08-31,2018,8,2018-08,정기분,수납 완료,1766.0,883.0,4654760.0
031914399,석계역,동묘영업사업소,시민용,석계역,2018-10-31,2018,10,2018-10,정기분,수납 완료,2592.0,1296.0,6489060.0
031914399,석계역,동묘영업사업소,시민용,석계역,2018-12-31,2018,12,2018-12,정기분,수납 완료,1665.0,832.5,4427130.0
031914399,석계역,동묘영업사업소,시민용,석계역,2019-02-28,2019,2,2019-02,정기분,수납 완료,1713.0,856.5,4473590.0
031914399,석계역,동묘영업사업소,시민용,석계역,2019-04-30,2019,4,2019-04,정기분,수납 완료,1247.0,623.5,3553480.0
031914399,석계역,동묘영업사업소,시민용,석계역,2019-06-30,2019,6,2019-06,정기분,수납 완료,1749.0,874.5,4939830.0
031914399,석계역,동묘영업사업소,시민용,석계역,2019-08-31,2019,8,2019-08,정기분,수납 완료,1564.0,782.0,4548390.0
031914399,석계역,동묘영업사업소,시민용,석계역,2019-10-31,2019,10,2019-10,정기분,수납 완료,2828.0,1414.0,7404970.0
031914399,석계역,동묘영업사업소,시민용,석계역,2019-12-31,2019,12,2019-12,정기분,수납 완료,1667.0,833.5,4739450.0
031914399,석계역,동묘영업사업소,시민용,석계역,2020-02-29,2020,2,2020-02,정기분,수납 완료,2761.0,1380.5,7155660.0
031914399,석계역,동묘영업사업소,시민용,석계역,2020-04-30,2020,4,2020-04,정기분,수납 완료,1359.0,679.5,3763180.0
031914399,석계역,동묘영업사업소,시민용,석계역,2020-06-30,2020,6,2020-06,정기분,수납 완료,1223.0,611.5,3439310.0
031914399,석계역,동묘영업사업소,시민용,석계역,2020-08-31,2020,8,2020-08,정기분,수납 완료,1415.0,707.5,4021810.0
031914399,석계역,동묘영업사업소,시민용,석계역,2020-10-31,2020,10,2020-10,정기분,수납 완료,1563.0,781.5,4275780.0
031914399,석계역,동묘영업사업소,시민용,석계역,2020-12-31,2020,12,2020-12,정기분,수납 완료,1289.0,644.5,3735220.0
031914399,석계역,동묘영업사업소,시민용,석계역,2021-02-28,2021,2,2021-02,정기분,수납 완료,1032.0,516.0,2905740.0
031914399,석계역,동묘영업사업소,시민용,석계역,2021-04-30,2021,4,2021-04,정기분,수납 완료,1071.0,535.5,3152720.0
031914399,석계역,동묘영업사업소,시민용,석계역,2021-06-30,2021,6,2021-06,정기분,수납 완료,1106.0,553.0,3509210.0
031914399,석계역,동묘영업사업소,시민용,석계역,2021-08-31,2021,8,2021-08,정기분,수납 완료,1415.0,707.5,4308700.0
031914399,석계역,동묘영업사업소,시민용,석계역,2021-10-31,2021,10,2021-10,정기분,수납 완료,1319.0,659.5,4266020.0
031914399,석계역,동묘영업사업소,시민용,석계역,2021-12-31,2021,12,2021-12,정기분,수납 완료,1285.0,642.5,4233000.0
031914399,석계역,동묘영업사업소,시민용,석계역,2022-02-28,2022,2,2022-02,정기분,수납 완료,1731.0,865.5,5255800.0
031914399,석계역,동묘영업사업소,시민용,석계역,2022-04-30,2022,4,2022-04,정기분,수납 완료,1196.0,598.0,4039500.0
031914399,석계역,동묘영업사업소,시민용,석계역,2022-06-30,2022,6,2022-06,정기분,수납 완료,1306.0,653.0,4590210.0
031914399,석계역,동묘영업사업소,시민용,석계역,2022-08-31,2022,8,2022-08,정기분,수납 완료,1350.0,675.0,4972300.0
031914399,석계역,동묘영업사업소,시민용,석계역,2022-10-31,2022,10,2022-10,정기분,수납 완료,1319.0,659.5,4847750.0
031914399,석계역,동묘영업사업소,시민용,석계역,2022-12-31,2022,12,2022-12,정기분,수납 완료,1124.0,562.0,4389300.0
031914399,석계역,동묘영업사업소,시민용,석계역,2023-02-28,2023,2,2023-02,정기분,수납 완료,1124.0,562.0,4472530.0
031914399,석계역,동묘영업사업소,시민용,석계역,2023-04-30,2023,4,2023-04,정기분,수납 완료,1660.0,830.0,7048840.0
031914399,석계역,동묘영업사업소,시민용,석계역,2023-06-30,2023,6,2023-06,정기분,수납 완료,1401.0,700.5,6463120.0
031914399,석계역,동묘영업사업소,시민용,석계역,2023-08-31,2023,8,2023-08,정기분,수납 완료,1103.0,551.5,5465200.0
031914399,석계역,동묘영업사업소,시민용,석계역,2023-10-31,2023,10,2023-10,정기분,수납 완료,1661.0,830.5,7381960.0
031914399,석계역,동묘영업사업소,시민용,석계역,2023-12-31,2023,12,2023-12,정기분,수납 완료,1169.0,584.5,5962480.0
031914399,석계역,동묘영업사업소,시민용,석계역,2024-02-29,2024,2,2024-02,정기분,수납 완료,1519.0,759.5,6788590.0
031914399,석계역,동묘영업사업소,시민용,석계역,2024-04-30,2024,4,2024-04,정기분,수납 완료,1307.0,653.5,5784400.0
031914399,석계역,동묘영업사업소,시민용,석계역,2024-06-30,2024,6,2024-06,정기분,수납 완료,466.0,233.0,3613840.0
031914399,석계역,동묘영업사업소,시민용,석계역,2024-08-31,2024,8,2024-08,정기분,수납 완료,647.0,323.5,4090960.0
031914399,석계역,동묘영업사업소,시민용,석계역,2024-10-31,2024,10,2024-10,정기분,수납 완료,1846.0,923.0,7708140.0
031914399,석계역,동묘영업사업소,시민용,석계역,2024-12-31,2024,12,2024-12,정기분,수납 완료,991.0,495.5,5243440.0
031914399,석계역,동묘영업사업소,시민용,석계역,2025-02-28,2025,2,2025-02,정기분,수납 완료,936.0,468.0,4682320.0
031914399,석계역,동묘영업사업소,시민용,석계역,2025-04-30,2025,4,2025-04,정기분,수납 완료,935.0,467.5,4406800.0
031914399,석계역,동묘영업사업소,시민용,석계역,2025-06-30,2025,6,2025-06,정기분,수납 완료,1068.0,534.0,5283760.0
031914399,석계역,동묘영업사업소,시민용,석계역,2025-08-31,2025,8,2025-08,정기분,수납 완료,1068.0,534.0,5433960.0
031914399,석계역,동묘영업사업소,시민용,석계역,2025-10-31,2025,10,2025-10,정기분,수납 완료,1229.0,614.5,5625480.0
031914399,석계역,동묘영업사업소,시민용,석계역,2025-12-31,2025,12,2025-12,정기분,수납 완료,1229.0,614.5,5773320.0
031914399,석계역,동묘영업사업소,시민용,석계역,2026-02-28,2026,2,2026-02,정기분,수납 완료,859.0,429.5,4270800.0
031914399,석계역,동묘영업사업소,시민용,석계역,2026-04-30,2026,4,2026-04,정기분,수납 완료,960.0,480.0,4625200.0
023726393,석촌역,모란영업사업소,시민용,석촌역,2008-06-30,2008,6,2008-06,정기분,수납 완료,878.0,439.0,1156440.0
023726393,석촌역,모란영업사업소,시민용,석촌역,2008-08-31,2008,8,2008-08,정기분,수납 완료,1014.0,507.0,1330520.0
023726393,석촌역,모란영업사업소,시민용,석촌역,2008-10-31,2008,10,2008-10,정기분,수납 완료,789.0,394.5,1042520.0
023726393,석촌역,모란영업사업소,시민용,석촌역,2008-12-31,2008,12,2008-12,정기분,수납 완료,875.0,437.5,1152600.0
023726393,석촌역,모란영업사업소,시민용,석촌역,2009-02-28,2009,2,2009-02,정기분,수납 완료,795.0,397.5,1050200.0
023726393,석촌역,모란영업사업소,시민용,석촌역,2009-04-30,2009,4,2009-04,정기분,수납 완료,873.0,436.5,1150040.0
023726393,석촌역,모란영업사업소,시민용,석촌역,2009-06-30,2009,6,2009-06,정기분,수납 완료,955.0,477.5,1255000.0
023726393,석촌역,모란영업사업소,시민용,석촌역,2009-08-31,2009,8,2009-08,정기분,수납 완료,652.0,326.0,867160.0
023726393,석촌역,모란영업사업소,시민용,석촌역,2009-10-31,2009,10,2009-10,정기분,수납 완료,194.0,97.0,333700.0
023726393,석촌역,모란영업사업소,시민용,석촌역,2009-12-31,2009,12,2009-12,정기분,수납 완료,900.0,450.0,831600.0
023726393,석촌역,모란영업사업소,시민용,석촌역,2010-02-28,2010,2,2010-02,정기분,수납 완료,871.0,435.5,1468480.0
023726393,석촌역,모란영업사업소,시민용,석촌역,2010-04-30,2010,4,2010-04,정기분,수납 완료,941.0,470.5,1205080.0
023726393,석촌역,모란영업사업소,시민용,석촌역,2010-06-30,2010,6,2010-06,정기분,수납 완료,1030.0,515.0,1319000.0
023726393,석촌역,모란영업사업소,시민용,석촌역,2010-08-31,2010,8,2010-08,정기분,수납 완료,966.0,483.0,1237080.0
023726393,석촌역,모란영업사업소,시민용,석촌역,2010-10-31,2010,10,2010-10,정기분,수납 완료,926.0,463.0,1185880.0
023726393,석촌역,모란영업사업소,시민용,석촌역,2010-12-31,2010,12,2010-12,정기분,수납 완료,1015.0,507.5,1299800.0
023726393,석촌역,모란영업사업소,시민용,석촌역,2011-02-28,2011,2,2011-02,정기분,수납 완료,803.0,401.5,1033210.0
023726393,석촌역,모란영업사업소,시민용,석촌역,2011-04-30,2011,4,2011-04,정기분,수납 완료,849.0,424.5,1095810.0
023726393,석촌역,모란영업사업소,시민용,석촌역,2011-06-30,2011,6,2011-06,정기분,수납 완료,863.0,431.5,1113870.0
023726393,석촌역,모란영업사업소,시민용,석촌역,2011-08-31,2011,8,2011-08,정기분,수납 완료,864.0,432.0,1115160.0
023726393,석촌역,모란영업사업소,시민용,석촌역,2011-10-31,2011,10,2011-10,정기분,수납 완료,894.0,447.0,1153860.0
023726393,석촌역,모란영업사업소,시민용,석촌역,2011-12-31,2011,12,2011-12,정기분,수납 완료,1031.0,515.5,1330590.0
023726393,석촌역,모란영업사업소,시민용,석촌역,2012-02-29,2012,2,2012-02,정기분,수납 완료,892.0,446.0,1151280.0
023726393,석촌역,모란영업사업소,시민용,석촌역,2012-04-30,2012,4,2012-04,정기분,수납 완료,907.0,453.5,1449080.0
023726393,석촌역,모란영업사업소,시민용,석촌역,2012-06-30,2012,6,2012-06,정기분,수납 완료,980.0,490.0,1568800.0
023726393,석촌역,모란영업사업소,시민용,석촌역,2012-08-31,2012,8,2012-08,정기분,수납 완료,969.0,484.5,1550760.0
023726393,석촌역,모란영업사업소,시민용,석촌역,2012-10-31,2012,10,2012-10,정기분,수납 완료,905.0,452.5,1445800.0
023726393,석촌역,모란영업사업소,시민용,석촌역,2012-12-31,2012,12,2012-12,정기분,수납 완료,1027.0,513.5,1645880.0
023726393,석촌역,모란영업사업소,시민용,석촌역,2013-02-28,2013,2,2013-02,정기분,수납 완료,897.0,448.5,1432680.0
023726393,석촌역,모란영업사업소,시민용,석촌역,2013-04-30,2013,4,2013-04,정기분,수납 완료,871.0,435.5,1538240.0
023726393,석촌역,모란영업사업소,시민용,석촌역,2013-06-30,2013,6,2013-06,정기분,수납 완료,991.0,495.5,1772420.0
023726393,석촌역,모란영업사업소,시민용,석촌역,2013-08-31,2013,8,2013-08,정기분,수납 완료,994.0,497.0,1764560.0
023726393,석촌역,모란영업사업소,시민용,석촌역,2013-10-31,2013,10,2013-10,정기분,수납 완료,1277.0,638.5,2285280.0
023726393,석촌역,모란영업사업소,시민용,석촌역,2013-12-31,2013,12,2013-12,정기분,수납 완료,1017.0,508.5,1806880.0
023726393,석촌역,모란영업사업소,시민용,석촌역,2014-02-28,2014,2,2014-02,정기분,수납 완료,945.0,472.5,1674400.0
023726393,석촌역,모란영업사업소,시민용,석촌역,2014-04-30,2014,4,2014-04,정기분,수납 완료,645.0,322.5,1213600.0
023726393,석촌역,모란영업사업소,시민용,석촌역,2014-06-30,2014,6,2014-06,정기분,수납 완료,873.0,436.5,1669600.0
023726393,석촌역,모란영업사업소,시민용,석촌역,2014-08-31,2014,8,2014-08,정기분,수납 완료,924.0,462.0,1771600.0
023726393,석촌역,모란영업사업소,시민용,석촌역,2014-10-31,2014,10,2014-10,정기분,수납 완료,847.0,423.5,1617600.0
023726393,석촌역,모란영업사업소,시민용,석촌역,2014-12-31,2014,12,2014-12,정기분,수납 완료,840.0,420.0,1603600.0
023726393,석촌역,모란영업사업소,시민용,석촌역,2015-02-28,2015,2,2015-02,정기분,수납 완료,1029.0,514.5,1981600.0
023726393,석촌역,모란영업사업소,시민용,석촌역,2015-04-30,2015,4,2015-04,정기분,수납 완료,755.0,377.5,1433600.0
023726393,석촌역,모란영업사업소,시민용,석촌역,2015-06-30,2015,6,2015-06,정기분,수납 완료,768.0,384.0,1459600.0
023726393,석촌역,모란영업사업소,시민용,석촌역,2015-08-31,2015,8,2015-08,정기분,수납 완료,967.0,483.5,1857600.0
023726393,석촌역,모란영업사업소,시민용,석촌역,2015-10-31,2015,10,2015-10,정기분,수납 완료,968.0,484.0,1859600.0
023726393,석촌역,모란영업사업소,시민용,석촌역,2015-12-31,2015,12,2015-12,정기분,수납 완료,990.0,495.0,1903600.0
023726393,석촌역,모란영업사업소,시민용,석촌역,2016-02-29,2016,2,2016-02,정기분,수납 완료,923.0,461.5,1769600.0
023726393,석촌역,모란영업사업소,시민용,석촌역,2016-04-30,2016,4,2016-04,정기분,수납 완료,926.0,463.0,1775600.0
023726393,석촌역,모란영업사업소,시민용,석촌역,2016-06-30,2016,6,2016-06,정기분,수납 완료,942.0,471.0,1807600.0
023726393,석촌역,모란영업사업소,시민용,석촌역,2016-08-31,2016,8,2016-08,정기분,수납 완료,963.0,481.5,1849600.0
023726393,석촌역,모란영업사업소,시민용,석촌역,2016-10-31,2016,10,2016-10,정기분,수납 완료,952.0,476.0,1827600.0
023726393,석촌역,모란영업사업소,시민용,석촌역,2016-12-31,2016,12,2016-12,정기분,수납 완료,915.0,457.5,1753600.0
023726393,석촌역,모란영업사업소,시민용,석촌역,2017-02-28,2017,2,2017-02,정기분,수납 완료,915.0,457.5,1799060.0
023726393,석촌역,모란영업사업소,시민용,석촌역,2017-04-30,2017,4,2017-04,정기분,수납 완료,915.0,457.5,1845960.0
023726393,석촌역,모란영업사업소,시민용,석촌역,2017-06-30,2017,6,2017-06,정기분,수납 완료,851.0,425.5,1701700.0
023726393,석촌역,모란영업사업소,시민용,석촌역,2017-08-31,2017,8,2017-08,정기분,수납 완료,923.0,461.5,1852900.0
023726393,석촌역,모란영업사업소,시민용,석촌역,2017-10-31,2017,10,2017-10,정기분,수납 완료,827.0,413.5,1651300.0
023726393,석촌역,모란영업사업소,시민용,석촌역,2017-12-31,2017,12,2017-12,정기분,수납 완료,939.0,469.5,1888140.0
023726393,석촌역,모란영업사업소,시민용,석촌역,2018-02-28,2018,2,2018-02,정기분,수납 완료,888.0,444.0,1816500.0
023726393,석촌역,모란영업사업소,시민용,석촌역,2018-04-30,2018,4,2018-04,정기분,수납 완료,751.0,375.5,1559310.0
023726393,석촌역,모란영업사업소,시민용,석촌역,2018-06-30,2018,6,2018-06,정기분,수납 완료,915.0,457.5,1921750.0
023726393,석촌역,모란영업사업소,시민용,석촌역,2018-08-31,2018,8,2018-08,정기분,수납 완료,1188.0,594.0,2525080.0
023726393,석촌역,모란영업사업소,시민용,석촌역,2018-10-31,2018,10,2018-10,정기분,수납 완료,1208.0,604.0,2569280.0
023726393,석촌역,모란영업사업소,시민용,석촌역,2018-12-31,2018,12,2018-12,정기분,수납 완료,938.0,469.0,1972580.0
023726393,석촌역,모란영업사업소,시민용,석촌역,2019-02-28,2019,2,2019-02,정기분,수납 완료,976.0,488.0,2104980.0
023726393,석촌역,모란영업사업소,시민용,석촌역,2019-04-30,2019,4,2019-04,정기분,수납 완료,1003.0,501.5,2225590.0
023726393,석촌역,모란영업사업소,시민용,석촌역,2019-06-30,2019,6,2019-06,정기분,수납 완료,1048.0,524.0,2330440.0
023726393,석촌역,모란영업사업소,시민용,석촌역,2019-08-31,2019,8,2019-08,정기분,수납 완료,1142.0,571.0,2549460.0
023726393,석촌역,모란영업사업소,시민용,석촌역,2019-10-31,2019,10,2019-10,정기분,수납 완료,1307.0,653.5,2933910.0
023726393,석촌역,모란영업사업소,시민용,석촌역,2019-12-31,2019,12,2019-12,정기분,수납 완료,1257.0,628.5,2817410.0
023726393,석촌역,모란영업사업소,시민용,석촌역,2020-02-29,2020,2,2020-02,정기분,수납 완료,1413.0,706.5,3180890.0
023726393,석촌역,모란영업사업소,시민용,석촌역,2020-04-30,2020,4,2020-04,정기분,수납 완료,1090.0,545.0,2428300.0
023726393,석촌역,모란영업사업소,시민용,석촌역,2020-06-30,2020,6,2020-06,정기분,수납 완료,1170.0,585.0,2614700.0
023726393,석촌역,모란영업사업소,시민용,석촌역,2020-08-31,2020,8,2020-08,정기분,수납 완료,1440.0,720.0,3243800.0
023726393,석촌역,모란영업사업소,시민용,석촌역,2020-10-31,2020,10,2020-10,정기분,수납 완료,1396.0,698.0,3141280.0
023726393,석촌역,모란영업사업소,시민용,석촌역,2020-12-31,2020,12,2020-12,정기분,수납 완료,1319.0,659.5,2961870.0
023726393,석촌역,모란영업사업소,시민용,석촌역,2021-02-28,2021,2,2021-02,정기분,수납 완료,1258.0,629.0,2819740.0
023726393,석촌역,모란영업사업소,시민용,석촌역,2021-04-30,2021,4,2021-04,정기분,수납 완료,1225.0,612.5,2742850.0
023726393,석촌역,모란영업사업소,시민용,석촌역,2021-06-30,2021,6,2021-06,정기분,수납 완료,1380.0,690.0,3104000.0
023726393,석촌역,모란영업사업소,시민용,석촌역,2021-08-31,2021,8,2021-08,정기분,수납 완료,1447.0,723.5,3415260.0
023726393,석촌역,모란영업사업소,시민용,석촌역,2021-10-31,2021,10,2021-10,정기분,수납 완료,1369.0,684.5,3369860.0
023726393,석촌역,모란영업사업소,시민용,석촌역,2021-12-31,2021,12,2021-12,정기분,수납 완료,1469.0,734.5,3623860.0
023726393,석촌역,모란영업사업소,시민용,석촌역,2022-02-28,2022,2,2022-02,정기분,수납 완료,1499.0,749.5,3817250.0
023726393,석촌역,모란영업사업소,시민용,석촌역,2022-04-30,2022,4,2022-04,정기분,수납 완료,1287.0,643.5,3375150.0
023726393,석촌역,모란영업사업소,시민용,석촌역,2022-06-30,2022,6,2022-06,정기분,수납 완료,1619.0,809.5,4254950.0
023726393,석촌역,모란영업사업소,시민용,석촌역,2022-08-31,2022,8,2022-08,정기분,수납 완료,1709.0,854.5,4493450.0
023726393,석촌역,모란영업사업소,시민용,석촌역,2022-10-31,2022,10,2022-10,정기분,수납 완료,1556.0,778.0,4088000.0
023726393,석촌역,모란영업사업소,시민용,석촌역,2022-12-31,2022,12,2022-12,정기분,수납 완료,1412.0,706.0,3706400.0
023726393,석촌역,모란영업사업소,시민용,석촌역,2023-02-28,2023,2,2023-02,정기분,수납 완료,1292.0,646.0,3821360.0
023726393,석촌역,모란영업사업소,시민용,석촌역,2023-04-30,2023,4,2023-04,정기분,수납 완료,1242.0,621.0,4097720.0
023726393,석촌역,모란영업사업소,시민용,석촌역,2023-06-30,2023,6,2023-06,정기분,수납 완료,1412.0,706.0,4668920.0
023726393,석촌역,모란영업사업소,시민용,석촌역,2023-08-31,2023,8,2023-08,정기분,수납 완료,1412.0,706.0,4668920.0
023726393,석촌역,모란영업사업소,시민용,석촌역,2023-10-31,2023,10,2023-10,정기분,수납 완료,2961.0,1480.5,5559800.0
023726393,석촌역,모란영업사업소,시민용,석촌역,2023-12-31,2023,12,2023-12,정기분,수납 완료,1576.0,788.0,4560590.0
023726393,석촌역,모란영업사업소,시민용,석촌역,2024-02-29,2024,2,2024-02,정기분,수납 완료,1078.0,539.0,3545680.0
023726393,석촌역,모란영업사업소,시민용,석촌역,2024-04-30,2024,4,2024-04,정기분,수납 완료,1078.0,539.0,3545680.0
023726393,석촌역,모란영업사업소,시민용,석촌역,2024-06-30,2024,6,2024-06,정기분,수납 완료,1220.0,610.0,4022800.0
023726393,석촌역,모란영업사업소,시민용,석촌역,2024-08-31,2024,8,2024-08,정기분,수납 완료,1449.0,724.5,4792240.0
023726393,석촌역,모란영업사업소,시민용,석촌역,2024-10-31,2024,10,2024-10,정기분,수납 완료,1802.0,901.0,5978320.0
023726393,석촌역,모란영업사업소,시민용,석촌역,2024-12-31,2024,12,2024-12,정기분,수납 완료,1339.0,669.5,4422640.0
023726393,석촌역,모란영업사업소,시민용,석촌역,2025-02-28,2025,2,2025-02,정기분,수납 완료,1075.0,537.5,3535600.0
023726393,석촌역,모란영업사업소,시민용,석촌역,2025-04-30,2025,4,2025-04,정기분,수납 완료,1081.0,540.5,3555760.0
023726393,석촌역,모란영업사업소,시민용,석촌역,2025-06-30,2025,6,2025-06,정기분,수납 완료,1271.0,635.5,4194160.0
023726393,석촌역,모란영업사업소,시민용,석촌역,2025-08-31,2025,8,2025-08,정기분,수납 완료,1291.0,645.5,4261360.0
023726393,석촌역,모란영업사업소,시민용,석촌역,2025-10-31,2025,10,2025-10,정기분,수납 완료,1510.0,755.0,4997200.0
023726393,석촌역,모란영업사업소,시민용,석촌역,2025-12-31,2025,12,2025-12,정기분,수납 완료,1203.0,601.5,3965680.0
023726393,석촌역,모란영업사업소,시민용,석촌역,2026-02-28,2026,2,2026-02,정기분,수납 완료,1152.0,576.0,3898010.0
023726393,석촌역,모란영업사업소,시민용,석촌역,2026-04-30,2026,4,2026-04,정기분,수납 완료,1119.0,559.5,3896660.0
001506473,성신여대입구역,상계영업사업소,시민용,성신여대역,2008-06-30,2008,6,2008-06,정기분,수납 완료,360.0,180.0,1255660.0
001506473,성신여대입구역,상계영업사업소,시민용,성신여대역,2008-07-31,2008,7,2008-07,정기분,수납 완료,578.0,289.0,1427340.0
001506473,성신여대입구역,상계영업사업소,시민용,성신여대역,2008-08-31,2008,8,2008-08,정기분,수납 완료,551.0,275.5,1450420.0
001506473,성신여대입구역,상계영업사업소,시민용,성신여대역,2008-09-30,2008,9,2008-09,정기분,수납 완료,615.0,307.5,1521780.0
001506473,성신여대입구역,상계영업사업소,시민용,성신여대역,2008-10-31,2008,10,2008-10,정기분,수납 완료,458.0,229.0,1305860.0
001506473,성신여대입구역,상계영업사업소,시민용,성신여대역,2008-11-30,2008,11,2008-11,정기분,수납 완료,447.0,223.5,1334900.0
001506473,성신여대입구역,상계영업사업소,시민용,성신여대역,2008-12-31,2008,12,2008-12,정기분,수납 완료,288.0,144.0,1115620.0
001506473,성신여대입구역,상계영업사업소,시민용,성신여대역,2009-01-31,2009,1,2009-01,정기분,수납 완료,178.0,89.0,912780.0
001506473,성신여대입구역,상계영업사업소,시민용,성신여대역,2009-02-28,2009,2,2009-02,정기분,수납 완료,515.0,257.5,1350220.0
001506473,성신여대입구역,상계영업사업소,시민용,성신여대역,2009-03-31,2009,3,2009-03,정기분,수납 완료,322.0,161.0,1716750.0
001506473,성신여대입구역,상계영업사업소,시민용,성신여대역,2009-04-30,2009,4,2009-04,정기분,수납 완료,301.0,150.5,1324500.0
001506473,성신여대입구역,상계영업사업소,시민용,성신여대역,2009-05-31,2009,5,2009-05,정기분,수납 완료,356.0,178.0,1493920.0
001506473,성신여대입구역,상계영업사업소,시민용,성신여대역,2009-06-30,2009,6,2009-06,정기분,수납 완료,409.0,204.5,728840.0
001506473,성신여대입구역,상계영업사업소,시민용,성신여대역,2009-07-31,2009,7,2009-07,정기분,수납 완료,584.0,292.0,1009160.0
001506473,성신여대입구역,상계영업사업소,시민용,성신여대역,2009-08-31,2009,8,2009-08,정기분,수납 완료,610.0,305.0,1042440.0
001506473,성신여대입구역,상계영업사업소,시민용,성신여대역,2009-09-30,2009,9,2009-09,정기분,수납 완료,620.0,310.0,998040.0
001506473,성신여대입구역,상계영업사업소,시민용,성신여대역,2009-10-31,2009,10,2009-10,정기분,수납 완료,551.0,275.5,754650.0
001506473,성신여대입구역,상계영업사업소,시민용,성신여대역,2009-11-30,2009,11,2009-11,정기분,수납 완료,589.0,294.5,975080.0
001506473,성신여대입구역,상계영업사업소,시민용,성신여대역,2009-12-31,2009,12,2009-12,정기분,수납 완료,515.0,257.5,785760.0
001506473,성신여대입구역,상계영업사업소,시민용,성신여대역,2010-01-31,2010,1,2010-01,정기분,수납 완료,334.0,167.0,607760.0
001506473,성신여대입구역,상계영업사업소,시민용,성신여대역,2010-02-28,2010,2,2010-02,정기분,수납 완료,552.0,276.0,909680.0
001506473,성신여대입구역,상계영업사업소,시민용,성신여대역,2010-03-31,2010,3,2010-03,정기분,수납 완료,214.0,107.0,441680.0
001506473,성신여대입구역,상계영업사업소,시민용,성신여대역,2010-04-30,2010,4,2010-04,정기분,수납 완료,300.0,150.0,584920.0
001506473,성신여대입구역,상계영업사업소,시민용,성신여대역,2010-05-31,2010,5,2010-05,정기분,수납 완료,740.0,370.0,967720.0
001506473,성신여대입구역,상계영업사업소,시민용,성신여대역,2010-06-30,2010,6,2010-06,정기분,수납 완료,890.0,445.0,1112200.0
001506473,성신여대입구역,상계영업사업소,시민용,성신여대역,2010-07-31,2010,7,2010-07,정기분,수납 완료,945.0,472.5,1182600.0
001506473,성신여대입구역,상계영업사업소,시민용,성신여대역,2010-08-31,2010,8,2010-08,정기분,수납 완료,1298.0,649.0,1634440.0
001506473,성신여대입구역,상계영업사업소,시민용,성신여대역,2010-09-30,2010,9,2010-09,정기분,수납 완료,1332.0,666.0,1864080.0
001506473,성신여대입구역,상계영업사업소,시민용,성신여대역,2010-10-31,2010,10,2010-10,정기분,수납 완료,1165.0,582.5,1464200.0
001506473,성신여대입구역,상계영업사업소,시민용,성신여대역,2010-11-30,2010,11,2010-11,정기분,수납 완료,891.0,445.5,1113480.0
001506473,성신여대입구역,상계영업사업소,시민용,성신여대역,2010-12-31,2010,12,2010-12,정기분,수납 완료,3269.0,1634.5,4157320.0
001506473,성신여대입구역,상계영업사업소,시민용,성신여대역,2011-01-31,2011,1,2011-01,정기분,수납 완료,755.0,377.5,939400.0
001506473,성신여대입구역,상계영업사업소,시민용,성신여대역,2011-02-28,2011,2,2011-02,정기분,수납 완료,611.0,305.5,761190.0
001506473,성신여대입구역,상계영업사업소,시민용,성신여대역,2011-03-31,2011,3,2011-03,정기분,수납 완료,573.0,286.5,712170.0
001506473,성신여대입구역,상계영업사업소,시민용,성신여대역,2011-04-30,2011,4,2011-04,정기분,수납 완료,707.0,353.5,885030.0
001506473,성신여대입구역,상계영업사업소,시민용,성신여대역,2011-05-31,2011,5,2011-05,정기분,수납 완료,985.0,492.5,1243650.0
001506473,성신여대입구역,상계영업사업소,시민용,성신여대역,2011-06-30,2011,6,2011-06,정기분,수납 완료,882.0,441.0,1110780.0
001506473,성신여대입구역,상계영업사업소,시민용,성신여대역,2011-07-31,2011,7,2011-07,정기분,수납 완료,866.0,433.0,1090140.0
001506473,성신여대입구역,상계영업사업소,시민용,성신여대역,2011-08-31,2011,8,2011-08,정기분,수납 완료,498.0,249.0,615420.0
001506473,성신여대입구역,상계영업사업소,시민용,성신여대역,2011-09-30,2011,9,2011-09,정기분,수납 완료,776.0,388.0,974040.0
001506473,성신여대입구역,상계영업사업소,시민용,성신여대역,2011-10-31,2011,10,2011-10,정기분,수납 완료,882.0,441.0,1110780.0
001506473,성신여대입구역,상계영업사업소,시민용,성신여대역,2011-11-30,2011,11,2011-11,정기분,수납 완료,1034.0,517.0,1306860.0
001506473,성신여대입구역,상계영업사업소,시민용,성신여대역,2011-12-31,2011,12,2011-12,정기분,수납 완료,1090.0,545.0,1379100.0
001506473,성신여대입구역,상계영업사업소,시민용,성신여대역,2012-01-31,2012,1,2012-01,정기분,수납 완료,1063.0,531.5,1344270.0
001506473,성신여대입구역,상계영업사업소,시민용,성신여대역,2012-02-29,2012,2,2012-02,정기분,수납 완료,407.0,203.5,498030.0
001506473,성신여대입구역,상계영업사업소,시민용,성신여대역,2012-03-31,2012,3,2012-03,정기분,수납 완료,461.0,230.5,709540.0
001506473,성신여대입구역,상계영업사업소,시민용,성신여대역,2012-04-30,2012,4,2012-04,정기분,수납 완료,675.0,337.5,1060500.0
001506473,성신여대입구역,상계영업사업소,시민용,성신여대역,2012-05-31,2012,5,2012-05,정기분,수납 완료,806.0,403.0,1275340.0
001506473,성신여대입구역,상계영업사업소,시민용,성신여대역,2012-06-30,2012,6,2012-06,정기분,수납 완료,529.0,264.5,821060.0
001506473,성신여대입구역,상계영업사업소,시민용,성신여대역,2012-07-31,2012,7,2012-07,정기분,수납 완료,493.0,246.5,762020.0
001506473,성신여대입구역,상계영업사업소,시민용,성신여대역,2012-08-31,2012,8,2012-08,정기분,수납 완료,786.0,393.0,1242540.0
001506473,성신여대입구역,상계영업사업소,시민용,성신여대역,2012-09-30,2012,9,2012-09,정기분,수납 완료,1008.0,504.0,1606620.0
001506473,성신여대입구역,상계영업사업소,시민용,성신여대역,2012-10-31,2012,10,2012-10,정기분,수납 완료,1005.0,502.5,1601700.0
001506473,성신여대입구역,상계영업사업소,시민용,성신여대역,2012-11-30,2012,11,2012-11,정기분,수납 완료,897.0,448.5,1424580.0
001506473,성신여대입구역,상계영업사업소,시민용,성신여대역,2012-12-31,2012,12,2012-12,정기분,수납 완료,897.0,448.5,1424580.0
001506473,성신여대입구역,상계영업사업소,시민용,성신여대역,2013-01-31,2013,1,2013-01,정기분,수납 완료,897.0,448.5,1424580.0
001506473,성신여대입구역,상계영업사업소,시민용,성신여대역,2013-02-28,2013,2,2013-02,정기분,수납 완료,0.0,0.0,25000.0
001506473,성신여대입구역,상계영업사업소,시민용,성신여대역,2013-03-31,2013,3,2013-03,정기분,수납 완료,243.0,121.5,0.0
001506473,성신여대입구역,상계영업사업소,시민용,성신여대역,2013-04-30,2013,4,2013-04,정기분,수납 완료,341.0,170.5,50770.0
001506473,성신여대입구역,상계영업사업소,시민용,성신여대역,2013-05-31,2013,5,2013-05,정기분,수납 완료,304.0,152.0,472560.0
001506473,성신여대입구역,상계영업사업소,시민용,성신여대역,2013-06-30,2013,6,2013-06,정기분,수납 완료,249.0,124.5,409370.0
001506473,성신여대입구역,상계영업사업소,시민용,성신여대역,2013-07-31,2013,7,2013-07,정기분,수납 완료,811.0,405.5,1432740.0
001506473,성신여대입구역,상계영업사업소,시민용,성신여대역,2013-08-31,2013,8,2013-08,정기분,수납 완료,902.0,451.0,1600180.0
001506473,성신여대입구역,상계영업사업소,시민용,성신여대역,2013-09-30,2013,9,2013-09,정기분,수납 완료,1100.0,550.0,1964500.0
001506473,성신여대입구역,상계영업사업소,시민용,성신여대역,2013-10-31,2013,10,2013-10,정기분,수납 완료,539.0,269.5,932260.0
001506473,성신여대입구역,상계영업사업소,시민용,성신여대역,2013-11-30,2013,11,2013-11,정기분,수납 완료,432.0,216.0,735380.0
001506473,성신여대입구역,상계영업사업소,시민용,성신여대역,2013-12-31,2013,12,2013-12,정기분,수납 완료,393.0,196.5,663620.0
001506473,성신여대입구역,상계영업사업소,시민용,성신여대역,2014-01-31,2014,1,2014-01,정기분,수납 완료,351.0,175.5,586340.0
001506473,성신여대입구역,상계영업사업소,시민용,성신여대역,2014-02-28,2014,2,2014-02,정기분,수납 완료,312.0,156.0,514580.0
001506473,성신여대입구역,상계영업사업소,시민용,성신여대역,2014-03-31,2014,3,2014-03,정기분,수납 완료,296.0,148.0,527380.0
001506473,성신여대입구역,상계영업사업소,시민용,성신여대역,2014-04-30,2014,4,2014-04,정기분,수납 완료,348.0,174.0,630500.0
001506473,성신여대입구역,상계영업사업소,시민용,성신여대역,2014-05-31,2014,5,2014-05,정기분,수납 완료,436.0,218.0,806500.0
001506473,성신여대입구역,상계영업사업소,시민용,성신여대역,2014-06-30,2014,6,2014-06,정기분,수납 완료,758.0,379.0,1450500.0
001506473,성신여대입구역,상계영업사업소,시민용,성신여대역,2014-07-31,2014,7,2014-07,정기분,수납 완료,800.0,400.0,1534500.0
001506473,성신여대입구역,상계영업사업소,시민용,성신여대역,2014-08-31,2014,8,2014-08,정기분,수납 완료,1204.0,602.0,2342500.0
001506473,성신여대입구역,상계영업사업소,시민용,성신여대역,2014-09-30,2014,9,2014-09,정기분,수납 완료,981.0,490.5,1896500.0
001506473,성신여대입구역,상계영업사업소,시민용,성신여대역,2014-10-31,2014,10,2014-10,정기분,수납 완료,904.0,452.0,1742500.0
001506473,성신여대입구역,상계영업사업소,시민용,성신여대역,2014-11-30,2014,11,2014-11,정기분,수납 완료,998.0,499.0,1930500.0
001506473,성신여대입구역,상계영업사업소,시민용,성신여대역,2014-12-31,2014,12,2014-12,정기분,수납 완료,1061.0,530.5,2056500.0
001506473,성신여대입구역,상계영업사업소,시민용,성신여대역,2015-01-31,2015,1,2015-01,정기분,수납 완료,507.0,253.5,948500.0
001506473,성신여대입구역,상계영업사업소,시민용,성신여대역,2015-02-28,2015,2,2015-02,정기분,수납 완료,418.0,209.0,770500.0
001506473,성신여대입구역,상계영업사업소,시민용,성신여대역,2015-03-31,2015,3,2015-03,정기분,수납 완료,344.0,172.0,622500.0
001506473,성신여대입구역,상계영업사업소,시민용,성신여대역,2015-04-30,2015,4,2015-04,정기분,수납 완료,506.0,253.0,946500.0
001506473,성신여대입구역,상계영업사업소,시민용,성신여대역,2015-05-31,2015,5,2015-05,정기분,수납 완료,491.0,245.5,1111200.0
001506473,성신여대입구역,상계영업사업소,시민용,성신여대역,2015-06-30,2015,6,2015-06,정기분,수납 완료,689.0,344.5,1544400.0
001506473,성신여대입구역,상계영업사업소,시민용,성신여대역,2015-07-31,2015,7,2015-07,정기분,수납 완료,977.0,488.5,2092800.0
001506473,성신여대입구역,상계영업사업소,시민용,성신여대역,2015-09-30,2015,9,2015-09,정기분,수납 완료,2763.0,1381.5,4894810.0
001506473,성신여대입구역,상계영업사업소,시민용,성신여대역,2015-11-30,2015,11,2015-11,정기분,수납 완료,2054.0,1027.0,4142600.0
001506473,성신여대입구역,상계영업사업소,시민용,성신여대역,2016-01-31,2016,1,2016-01,정기분,수납 완료,1186.0,593.0,2500800.0
001506473,성신여대입구역,상계영업사업소,시민용,성신여대역,2016-03-31,2016,3,2016-03,정기분,수납 완료,977.0,488.5,2161700.0
001506473,성신여대입구역,상계영업사업소,시민용,성신여대역,2016-05-31,2016,5,2016-05,정기분,수납 완료,1078.0,539.0,2394000.0
001506473,성신여대입구역,상계영업사업소,시민용,성신여대역,2016-07-31,2016,7,2016-07,정기분,수납 완료,1223.0,611.5,2696600.0
001506473,성신여대입구역,상계영업사업소,시민용,성신여대역,2016-09-30,2016,9,2016-09,정기분,수납 완료,2090.0,1045.0,4406300.0
001506473,성신여대입구역,상계영업사업소,시민용,성신여대역,2016-11-30,2016,11,2016-11,정기분,수납 완료,1043.0,521.5,2676200.0
001506473,성신여대입구역,상계영업사업소,시민용,성신여대역,2017-01-31,2017,1,2017-01,정기분,수납 완료,692.0,346.0,1898340.0
001506473,성신여대입구역,상계영업사업소,시민용,성신여대역,2017-03-31,2017,3,2017-03,정기분,수납 완료,1290.0,645.0,2996020.0
001506473,성신여대입구역,상계영업사업소,시민용,성신여대역,2017-05-31,2017,5,2017-05,정기분,수납 완료,2025.0,1012.5,4900500.0
001506473,성신여대입구역,상계영업사업소,시민용,성신여대역,2017-07-31,2017,7,2017-07,정기분,수납 완료,2415.0,1207.5,4931500.0
001506473,성신여대입구역,상계영업사업소,시민용,성신여대역,2017-09-30,2017,9,2017-09,정기분,수납 완료,3104.0,1552.0,6378400.0
001506473,성신여대입구역,상계영업사업소,시민용,성신여대역,2017-11-30,2017,11,2017-11,정기분,수납 완료,2636.0,1318.0,5831200.0
001506473,성신여대입구역,상계영업사업소,시민용,성신여대역,2018-01-31,2018,1,2018-01,정기분,수납 완료,1775.0,887.5,4014850.0
001506473,성신여대입구역,상계영업사업소,시민용,성신여대역,2018-03-31,2018,3,2018-03,정기분,수납 완료,823.0,411.5,2342270.0
001506473,성신여대입구역,상계영업사업소,시민용,성신여대역,2018-05-31,2018,5,2018-05,정기분,수납 완료,1488.0,744.0,3331840.0
001506473,성신여대입구역,상계영업사업소,시민용,성신여대역,2018-07-31,2018,7,2018-07,정기분,수납 완료,1894.0,947.0,4242780.0
001506473,성신여대입구역,상계영업사업소,시민용,성신여대역,2018-09-30,2018,9,2018-09,정기분,수납 완료,2444.0,1222.0,5380160.0
001506473,성신여대입구역,상계영업사업소,시민용,성신여대역,2018-11-30,2018,11,2018-11,정기분,수납 완료,1877.0,938.5,4127090.0
001506473,성신여대입구역,상계영업사업소,시민용,성신여대역,2019-01-31,2019,1,2019-01,정기분,수납 완료,1326.0,663.0,2909380.0
001506473,성신여대입구역,상계영업사업소,시민용,성신여대역,2019-03-31,2019,3,2019-03,정기분,수납 완료,1234.0,617.0,2850430.0
001506473,성신여대입구역,상계영업사업소,시민용,성신여대역,2019-05-31,2019,5,2019-05,정기분,수납 완료,1392.0,696.0,3226160.0
001506473,성신여대입구역,상계영업사업소,시민용,성신여대역,2019-07-31,2019,7,2019-07,정기분,수납 완료,1947.0,973.5,4519310.0
001506473,성신여대입구역,상계영업사업소,시민용,성신여대역,2019-09-30,2019,9,2019-09,정기분,수납 완료,2614.0,1307.0,6073420.0
001506473,성신여대입구역,상계영업사업소,시민용,성신여대역,2019-11-30,2019,11,2019-11,정기분,수납 완료,2428.0,1214.0,5640040.0
001506473,성신여대입구역,상계영업사업소,시민용,성신여대역,2020-01-31,2020,1,2020-01,정기분,수납 완료,1525.0,762.5,3536050.0
001506473,성신여대입구역,상계영업사업소,시민용,성신여대역,2020-03-31,2020,3,2020-03,정기분,수납 완료,1258.0,629.0,2913940.0
001506473,성신여대입구역,상계영업사업소,시민용,성신여대역,2020-05-31,2020,5,2020-05,정기분,수납 완료,1926.0,963.0,4470380.0
001506473,성신여대입구역,상계영업사업소,시민용,성신여대역,2020-07-31,2020,7,2020-07,정기분,수납 완료,2309.0,1154.5,5362770.0
001506473,성신여대입구역,상계영업사업소,시민용,성신여대역,2020-09-30,2020,9,2020-09,정기분,수납 완료,2617.0,1308.5,6080410.0
001506473,성신여대입구역,상계영업사업소,시민용,성신여대역,2020-11-30,2020,11,2020-11,정기분,수납 완료,1606.0,803.0,3724780.0
001506473,성신여대입구역,상계영업사업소,시민용,성신여대역,2021-01-31,2021,1,2021-01,정기분,수납 완료,1056.0,528.0,2443280.0
001506473,성신여대입구역,상계영업사업소,시민용,성신여대역,2021-03-31,2021,3,2021-03,정기분,수납 완료,1160.0,580.0,2685600.0
001506473,성신여대입구역,상계영업사업소,시민용,성신여대역,2021-05-31,2021,5,2021-05,정기분,수납 완료,1255.0,627.5,2906950.0
001506473,성신여대입구역,상계영업사업소,시민용,성신여대역,2021-07-31,2021,7,2021-07,정기분,수납 완료,1633.0,816.5,3787690.0
001506473,성신여대입구역,상계영업사업소,시민용,성신여대역,2021-09-30,2021,9,2021-09,정기분,수납 완료,3066.0,1533.0,7762470.0
001506473,성신여대입구역,상계영업사업소,시민용,성신여대역,2021-11-30,2021,11,2021-11,정기분,수납 완료,2142.0,1071.0,5427480.0
001506473,성신여대입구역,상계영업사업소,시민용,성신여대역,2022-01-31,2022,1,2022-01,정기분,수납 완료,820.0,410.0,2069600.0
001506473,성신여대입구역,상계영업사업소,시민용,성신여대역,2022-03-31,2022,3,2022-03,정기분,수납 완료,1841.0,920.5,4928380.0
001506473,성신여대입구역,상계영업사업소,시민용,성신여대역,2022-05-31,2022,5,2022-05,정기분,수납 완료,2597.0,1298.5,6933190.0
001506473,성신여대입구역,상계영업사업소,시민용,성신여대역,2022-07-31,2022,7,2022-07,정기분,수납 완료,1880.0,940.0,5040800.0
001506473,성신여대입구역,상계영업사업소,시민용,성신여대역,2022-09-30,2022,9,2022-09,정기분,수납 완료,2510.0,1255.0,6710300.0
001506473,성신여대입구역,상계영업사업소,시민용,성신여대역,2022-11-30,2022,11,2022-11,정기분,수납 완료,1781.0,890.5,4778450.0
001506473,성신여대입구역,상계영업사업소,시민용,성신여대역,2023-01-31,2023,1,2023-01,정기분,수납 완료,2658.0,1329.0,7102500.0
001506473,성신여대입구역,상계영업사업소,시민용,성신여대역,2023-03-31,2023,3,2023-03,정기분,수납 완료,2074.0,1037.0,6941820.0
001506473,성신여대입구역,상계영업사업소,시민용,성신여대역,2023-05-31,2023,5,2023-05,정기분,수납 완료,1600.0,800.0,5394800.0
001506473,성신여대입구역,상계영업사업소,시민용,성신여대역,2023-07-31,2023,7,2023-07,정기분,수납 완료,1779.0,889.5,5996240.0
001506473,성신여대입구역,상계영업사업소,시민용,성신여대역,2023-09-30,2023,9,2023-09,정기분,수납 완료,2300.0,1150.0,7779800.0
001506473,성신여대입구역,상계영업사업소,시민용,성신여대역,2023-11-30,2023,11,2023-11,정기분,수납 완료,2351.0,1175.5,7956770.0
001506473,성신여대입구역,상계영업사업소,시민용,성신여대역,2024-01-31,2024,1,2024-01,정기분,수납 완료,2369.0,1184.5,8019230.0
001506473,성신여대입구역,상계영업사업소,시민용,성신여대역,2024-03-31,2024,3,2024-03,정기분,수납 완료,2498.0,1249.0,8466860.0
001506473,성신여대입구역,상계영업사업소,시민용,성신여대역,2024-05-31,2024,5,2024-05,정기분,수납 완료,2938.0,1469.0,9993660.0
001506473,성신여대입구역,상계영업사업소,시민용,성신여대역,2024-07-31,2024,7,2024-07,정기분,수납 완료,3225.0,1612.5,10989550.0
001506473,성신여대입구역,상계영업사업소,시민용,성신여대역,2024-09-30,2024,9,2024-09,정기분,수납 완료,3954.0,1977.0,13539980.0
001506473,성신여대입구역,상계영업사업소,시민용,성신여대역,2024-11-30,2024,11,2024-11,정기분,수납 완료,4297.0,2148.5,14560590.0
001506473,성신여대입구역,상계영업사업소,시민용,성신여대역,2025-01-31,2025,1,2025-01,정기분,수납 완료,4432.0,2216.0,15029040.0
001506473,성신여대입구역,상계영업사업소,시민용,성신여대역,2025-03-31,2025,3,2025-03,정기분,수납 완료,4012.0,2006.0,2524630.0
001506473,성신여대입구역,상계영업사업소,시민용,성신여대역,2025-05-31,2025,5,2025-05,정기분,수납 완료,4110.0,2055.0,12344450.0
001506473,성신여대입구역,상계영업사업소,시민용,성신여대역,2025-07-31,2025,7,2025-07,정기분,수납 완료,4697.0,2348.5,11205770.0
001506473,성신여대입구역,상계영업사업소,시민용,성신여대역,2025-09-30,2025,9,2025-09,정기분,수납 완료,5005.0,2502.5,17017350.0
001506473,성신여대입구역,상계영업사업소,시민용,성신여대역,2025-11-30,2025,11,2025-11,정기분,수납 완료,3635.0,1817.5,8244790.0
001506473,성신여대입구역,상계영업사업소,시민용,성신여대역,2026-01-31,2026,1,2026-01,정기분,수납 완료,1952.0,976.0,6422040.0
001506473,성신여대입구역,상계영업사업소,시민용,성신여대역,2026-03-31,2026,3,2026-03,정기분,수납 완료,1633.0,816.5,5662620.0
001506473,성신여대입구역,상계영업사업소,시민용,성신여대역,2026-05-31,2026,5,2026-05,정기분,미납,1970.0,985.0,6855600.0
000252579,시청1역,종로영업사업소,시민용,시청1역,2008-06-30,2008,6,2008-06,정기분,수납 완료,2043.0,1021.5,1825490.0
000252579,시청1역,종로영업사업소,시민용,시청1역,2008-07-31,2008,7,2008-07,정기분,수납 완료,1022.0,511.0,1505490.0
000252579,시청1역,종로영업사업소,시민용,시청1역,2008-08-31,2008,8,2008-08,정기분,수납 완료,3836.0,1918.0,3799250.0
000252579,시청1역,종로영업사업소,시민용,시청1역,2008-09-30,2008,9,2008-09,정기분,수납 완료,1918.0,959.0,2652370.0
000252579,시청1역,종로영업사업소,시민용,시청1역,2008-10-31,2008,10,2008-10,정기분,수납 완료,4265.0,2132.5,3201490.0
000252579,시청1역,종로영업사업소,시민용,시청1역,2008-11-30,2008,11,2008-11,정기분,수납 완료,2133.0,1066.5,2927570.0
000252579,시청1역,종로영업사업소,시민용,시청1역,2008-12-31,2008,12,2008-12,정기분,수납 완료,2196.0,1098.0,277970.0
000252579,시청1역,종로영업사업소,시민용,시청1역,2009-01-31,2009,1,2009-01,정기분,수납 완료,1098.0,549.0,1602770.0
000252579,시청1역,종로영업사업소,시민용,시청1역,2009-02-28,2009,2,2009-02,정기분,수납 완료,1529.0,764.5,749010.0
000252579,시청1역,종로영업사업소,시민용,시청1역,2009-03-31,2009,3,2009-03,정기분,수납 완료,765.0,382.5,1176530.0
000252579,시청1역,종로영업사업소,시민용,시청1역,2009-04-30,2009,4,2009-04,정기분,수납 완료,1421.0,710.5,1029700.0
000252579,시청1역,종로영업사업소,시민용,시청1역,2009-05-31,2009,5,2009-05,정기분,수납 완료,711.0,355.5,888280.0
000252579,시청1역,종로영업사업소,시민용,시청1역,2009-06-30,2009,6,2009-06,정기분,수납 완료,1872.0,936.0,1464280.0
000252579,시청1역,종로영업사업소,시민용,시청1역,2009-07-31,2009,7,2009-07,정기분,수납 완료,936.0,468.0,1176280.0
000252579,시청1역,종로영업사업소,시민용,시청1역,2009-08-31,2009,8,2009-08,정기분,수납 완료,3603.0,1801.5,3391960.0
000252579,시청1역,종로영업사업소,시민용,시청1역,2009-09-30,2009,9,2009-09,정기분,수납 완료,1802.0,901.0,2284760.0
000252579,시청1역,종로영업사업소,시민용,시청1역,2009-10-31,2009,10,2009-10,정기분,수납 완료,4243.0,2121.5,3540940.0
000252579,시청1역,종로영업사업소,시민용,시청1역,2009-11-30,2009,11,2009-11,정기분,수납 완료,2122.0,1061.0,4016450.0
000252579,시청1역,종로영업사업소,시민용,시청1역,2009-12-31,2009,12,2009-12,정기분,수납 완료,2641.0,1320.5,1153140.0
000252579,시청1역,종로영업사업소,시민용,시청1역,2010-01-31,2010,1,2010-01,정기분,수납 완료,1135.0,567.5,1650130.0
000252579,시청1역,종로영업사업소,시민용,시청1역,2010-02-28,2010,2,2010-02,정기분,수납 완료,1568.0,784.0,751570.0
000252579,시청1역,종로영업사업소,시민용,시청1역,2010-03-31,2010,3,2010-03,정기분,수납 완료,613.0,306.5,981970.0
000252579,시청1역,종로영업사업소,시민용,시청1역,2010-04-30,2010,4,2010-04,정기분,수납 완료,1441.0,720.5,1257170.0
000252579,시청1역,종로영업사업소,시민용,시청1역,2010-05-31,2010,5,2010-05,정기분,수납 완료,721.0,360.5,1120210.0
000252579,시청1역,종로영업사업소,시민용,시청1역,2010-06-30,2010,6,2010-06,정기분,수납 완료,1967.0,983.5,1792210.0
000252579,시청1역,종로영업사업소,시민용,시청1역,2010-07-31,2010,7,2010-07,정기분,수납 완료,984.0,492.0,1456850.0
000252579,시청1역,종로영업사업소,시민용,시청1역,2010-08-31,2010,8,2010-08,정기분,수납 완료,4066.0,2033.0,4142290.0
000252579,시청1역,종로영업사업소,시민용,시청1역,2010-09-30,2010,9,2010-09,정기분,수납 완료,2033.0,1016.5,2799570.0
000252579,시청1역,종로영업사업소,시민용,시청1역,2010-10-31,2010,10,2010-10,정기분,수납 완료,3698.0,1849.0,2328530.0
000252579,시청1역,종로영업사업소,시민용,시청1역,2010-11-30,2010,11,2010-11,정기분,수납 완료,1849.0,924.5,2564050.0
000252579,시청1역,종로영업사업소,시민용,시청1역,2010-12-31,2010,12,2010-12,정기분,수납 완료,2420.0,1210.0,928210.0
000252579,시청1역,종로영업사업소,시민용,시청1역,2011-01-31,2011,1,2011-01,정기분,수납 완료,1210.0,605.0,1746130.0
000252579,시청1역,종로영업사업소,시민용,시청1역,2011-02-28,2011,2,2011-02,정기분,수납 완료,1505.0,752.5,422540.0
000252579,시청1역,종로영업사업소,시민용,시청1역,2011-03-31,2011,3,2011-03,정기분,수납 완료,753.0,376.5,1088630.0
000252579,시청1역,종로영업사업소,시민용,시청1역,2011-04-30,2011,4,2011-04,정기분,수납 완료,1448.0,724.0,1013810.0
000252579,시청1역,종로영업사업소,시민용,시청1역,2011-05-31,2011,5,2011-05,정기분,수납 완료,724.0,362.0,1045270.0
000252579,시청1역,종로영업사업소,시민용,시청1역,2011-06-30,2011,6,2011-06,정기분,수납 완료,1961.0,980.5,1707040.0
000252579,시청1역,종로영업사업소,시민용,시청1역,2011-07-31,2011,7,2011-07,정기분,수납 완료,981.0,490.5,1385980.0
000252579,시청1역,종로영업사업소,시민용,시청1역,2011-08-31,2011,8,2011-08,정기분,수납 완료,2959.0,1479.5,2706790.0
000252579,시청1역,종로영업사업소,시민용,시청1역,2011-09-30,2011,9,2011-09,정기분,수납 완료,1480.0,740.0,2047030.0
000252579,시청1역,종로영업사업소,시민용,시청1역,2011-10-31,2011,10,2011-10,정기분,수납 완료,3702.0,1851.0,2941990.0
000252579,시청1역,종로영업사업소,시민용,시청1역,2011-11-30,2011,11,2011-11,정기분,수납 완료,1851.0,925.5,2494000.0
000252579,시청1역,종로영업사업소,시민용,시청1역,2011-12-31,2011,12,2011-12,정기분,수납 완료,2323.0,1161.5,715090.0
000252579,시청1역,종로영업사업소,시민용,시청1역,2012-01-31,2012,1,2012-01,정기분,수납 완료,1162.0,581.0,1605190.0
000252579,시청1역,종로영업사업소,시민용,시청1역,2012-02-29,2012,2,2012-02,정기분,수납 완료,1431.0,715.5,436220.0
000252579,시청1역,종로영업사업소,시민용,시청1역,2012-03-31,2012,3,2012-03,정기분,수납 완료,716.0,358.0,1287600.0
000252579,시청1역,종로영업사업소,시민용,시청1역,2012-04-30,2012,4,2012-04,정기분,수납 완료,1249.0,624.5,957560.0
000252579,시청1역,종로영업사업소,시민용,시청1역,2012-05-31,2012,5,2012-05,정기분,수납 완료,625.0,312.5,1135060.0
000252579,시청1역,종로영업사업소,시민용,시청1역,2012-06-30,2012,6,2012-06,정기분,수납 완료,1790.0,895.0,2020660.0
000252579,시청1역,종로영업사업소,시민용,시청1역,2012-07-31,2012,7,2012-07,정기분,수납 완료,895.0,447.5,1611960.0
000252579,시청1역,종로영업사업소,시민용,시청1역,2012-08-31,2012,8,2012-08,정기분,수납 완료,2579.0,1289.5,2876000.0
000252579,시청1역,종로영업사업소,시민용,시청1역,2012-09-30,2012,9,2012-09,정기분,수납 완료,1290.0,645.0,2244800.0
000252579,시청1역,종로영업사업소,시민용,시청1역,2012-10-31,2012,10,2012-10,정기분,수납 완료,2310.0,1155.0,1801640.0
000252579,시청1역,종로영업사업소,시민용,시청1역,2012-11-30,2012,11,2012-11,정기분,수납 완료,1155.0,577.5,2023480.0
000252579,시청1역,종로영업사업소,시민용,시청1역,2012-12-31,2012,12,2012-12,정기분,수납 완료,550.0,275.0,175780.0
000252579,시청1역,종로영업사업소,시민용,시청1역,2013-01-31,2013,1,2013-01,정기분,수납 완료,275.0,137.5,72160.0
000252579,시청1역,종로영업사업소,시민용,시청1역,2013-02-28,2013,2,2013-02,정기분,수납 완료,372.0,186.0,25960.0
000252579,시청1역,종로영업사업소,시민용,시청1역,2013-03-31,2013,3,2013-03,정기분,수납 완료,186.0,93.0,67600.0
000252579,시청1역,종로영업사업소,시민용,시청1역,2013-04-30,2013,4,2013-04,정기분,수납 완료,498.0,249.0,414760.0
000252579,시청1역,종로영업사업소,시민용,시청1역,2013-05-31,2013,5,2013-05,정기분,수납 완료,249.0,124.5,476970.0
000252579,시청1역,종로영업사업소,시민용,시청1역,2013-06-30,2013,6,2013-06,정기분,수납 완료,2769.0,1384.5,4634190.0
000252579,시청1역,종로영업사업소,시민용,시청1역,2013-07-31,2013,7,2013-07,정기분,수납 완료,1385.0,692.5,2556500.0
000252579,시청1역,종로영업사업소,시민용,시청1역,2013-08-31,2013,8,2013-08,정기분,수납 완료,5386.0,2693.0,7369940.0
000252579,시청1역,종로영업사업소,시민용,시청1역,2013-09-30,2013,9,2013-09,정기분,수납 완료,2693.0,1346.5,4963220.0
000252579,시청1역,종로영업사업소,시민용,시청1역,2013-10-31,2013,10,2013-10,정기분,수납 완료,6018.0,3009.0,7272700.0
000252579,시청1역,종로영업사업소,시민용,시청1역,2013-11-30,2013,11,2013-11,정기분,수납 완료,3009.0,1504.5,5642940.0
000252579,시청1역,종로영업사업소,시민용,시청1역,2013-12-31,2013,12,2013-12,정기분,수납 완료,3719.0,1859.5,1246900.0
000252579,시청1역,종로영업사업소,시민용,시청1역,2014-01-31,2014,1,2014-01,정기분,수납 완료,1860.0,930.0,3523840.0
000252579,시청1역,종로영업사업소,시민용,시청1역,2014-02-28,2014,2,2014-02,정기분,수납 완료,2620.0,1310.0,1574460.0
000252579,시청1역,종로영업사업소,시민용,시청1역,2014-03-31,2014,3,2014-03,정기분,수납 완료,1310.0,655.0,2826300.0
000252579,시청1역,종로영업사업소,시민용,시청1역,2014-04-30,2014,4,2014-04,정기분,수납 완료,3006.0,1503.0,3598300.0
000252579,시청1역,종로영업사업소,시민용,시청1역,2014-05-31,2014,5,2014-05,정기분,수납 완료,1503.0,751.5,3212300.0
000252579,시청1역,종로영업사업소,시민용,시청1역,2014-06-30,2014,6,2014-06,정기분,수납 완료,3400.0,1700.0,4000300.0
000252579,시청1역,종로영업사업소,시민용,시청1역,2014-07-31,2014,7,2014-07,정기분,수납 완료,1700.0,850.0,3606300.0
000252579,시청1역,종로영업사업소,시민용,시청1역,2014-08-31,2014,8,2014-08,정기분,수납 완료,5932.0,2966.0,8670300.0
000252579,시청1역,종로영업사업소,시민용,시청1역,2014-09-30,2014,9,2014-09,정기분,수납 완료,2966.0,1483.0,6138300.0
000252579,시청1역,종로영업사업소,시민용,시청1역,2014-10-31,2014,10,2014-10,정기분,수납 완료,6218.0,3109.0,6710300.0
000252579,시청1역,종로영업사업소,시민용,시청1역,2014-11-30,2014,11,2014-11,정기분,수납 완료,3109.0,1554.5,6424300.0
000252579,시청1역,종로영업사업소,시민용,시청1역,2014-12-31,2014,12,2014-12,정기분,수납 완료,4097.0,2048.5,2182300.0
000252579,시청1역,종로영업사업소,시민용,시청1역,2015-01-31,2015,1,2015-01,정기분,수납 완료,2049.0,1024.5,4304300.0
000252579,시청1역,종로영업사업소,시민용,시청1역,2015-02-28,2015,2,2015-02,정기분,수납 완료,2454.0,1227.0,744500.0
000252579,시청1역,종로영업사업소,시민용,시청1역,2015-03-31,2015,3,2015-03,정기분,수납 완료,1227.0,613.5,2388500.0
000252579,시청1역,종로영업사업소,시민용,시청1역,2015-04-30,2015,4,2015-04,정기분,수납 완료,2267.0,1133.5,2014500.0
000252579,시청1역,종로영업사업소,시민용,시청1역,2015-05-31,2015,5,2015-05,정기분,수납 완료,1134.0,567.0,2202500.0
000252579,시청1역,종로영업사업소,시민용,시청1역,2015-06-30,2015,6,2015-06,정기분,수납 완료,4180.0,2090.0,6263800.0
000252579,시청1역,종로영업사업소,시민용,시청1역,2015-07-31,2015,7,2015-07,정기분,수납 완료,2090.0,1045.0,4541100.0
000252579,시청1역,종로영업사업소,시민용,시청1역,2015-08-31,2015,8,2015-08,정기분,수납 완료,5999.0,2999.5,8533700.0
000252579,시청1역,종로영업사업소,시민용,시청1역,2015-09-30,2015,9,2015-09,정기분,수납 완료,3000.0,1500.0,7113500.0
000252579,시청1역,종로영업사업소,시민용,시청1역,2015-10-31,2015,10,2015-10,정기분,수납 완료,8110.0,4055.0,10154500.0
000252579,시청1역,종로영업사업소,시민용,시청1역,2015-11-30,2015,11,2015-11,정기분,수납 완료,4055.0,2027.5,8044500.0
000252579,시청1역,종로영업사업소,시민용,시청1역,2015-12-31,2015,12,2015-12,정기분,수납 완료,4476.0,2238.0,960700.0
000252579,시청1역,종로영업사업소,시민용,시청1역,2016-01-31,2016,1,2016-01,정기분,수납 완료,2238.0,1119.0,4600400.0
000252579,시청1역,종로영업사업소,시민용,시청1역,2016-02-29,2016,2,2016-02,정기분,수납 완료,2698.0,1349.0,1046800.0
000252579,시청1역,종로영업사업소,시민용,시청1역,2016-03-31,2016,3,2016-03,정기분,수납 완료,1349.0,674.5,2922600.0
000252579,시청1역,종로영업사업소,시민용,시청1역,2016-04-30,2016,4,2016-04,정기분,수납 완료,2225.0,1112.5,1858700.0
000252579,시청1역,종로영업사업소,시민용,시청1역,2016-05-31,2016,5,2016-05,정기분,수납 완료,1113.0,556.5,2209700.0
000252579,시청1역,종로영업사업소,시민용,시청1역,2016-06-30,2016,6,2016-06,정기분,수납 완료,4050.0,2025.0,5943500.0
000252579,시청1역,종로영업사업소,시민용,시청1역,2016-07-31,2016,7,2016-07,정기분,수납 완료,2025.0,1012.5,4163000.0
000252579,시청1역,종로영업사업소,시민용,시청1역,2016-08-31,2016,8,2016-08,정기분,수납 완료,6015.0,3007.5,8114300.0
000252579,시청1역,종로영업사업소,시민용,시청1역,2016-09-30,2016,9,2016-09,정기분,수납 완료,499.0,249.5,989500.0
000252579,시청1역,종로영업사업소,시민용,시청1역,2016-10-31,2016,10,2016-10,정기분,수납 완료,4706.0,2353.0,8593600.0
000252579,시청1역,종로영업사업소,시민용,시청1역,2016-11-30,2016,11,2016-11,정기분,수납 완료,2353.0,1176.5,4707100.0
000252579,시청1역,종로영업사업소,시민용,시청1역,2016-12-31,2016,12,2016-12,정기분,수납 완료,3620.0,1810.0,2521300.0
000252579,시청1역,종로영업사업소,시민용,시청1역,2017-01-31,2017,1,2017-01,정기분,수납 완료,1810.0,905.0,3591820.0
000252579,시청1역,종로영업사업소,시민용,시청1역,2017-02-28,2017,2,2017-02,정기분,수납 완료,2624.0,1312.0,1710490.0
000252579,시청1역,종로영업사업소,시민용,시청1역,2017-03-31,2017,3,2017-03,정기분,수납 완료,1312.0,656.0,2685200.0
000252579,시청1역,종로영업사업소,시민용,시청1역,2017-04-30,2017,4,2017-04,정기분,수납 완료,2976.0,1488.0,3472900.0
000252579,시청1역,종로영업사업소,시민용,시청1역,2017-05-31,2017,5,2017-05,정기분,수납 완료,1488.0,744.0,3083180.0
000252579,시청1역,종로영업사업소,시민용,시청1역,2017-06-30,2017,6,2017-06,정기분,수납 완료,3191.0,1595.5,3506300.0
000252579,시청1역,종로영업사업소,시민용,시청1역,2017-07-31,2017,7,2017-07,정기분,수납 완료,1595.0,797.5,3313820.0
000252579,시청1역,종로영업사업소,시민용,시청1역,2017-08-31,2017,8,2017-08,정기분,수납 완료,4127.0,2063.5,5401970.0
000252579,시청1역,종로영업사업소,시민용,시청1역,2017-09-30,2017,9,2017-09,정기분,수납 완료,2064.0,1032.0,4396070.0
000252579,시청1역,종로영업사업소,시민용,시청1역,2017-10-31,2017,10,2017-10,정기분,수납 완료,5581.0,2790.5,7517660.0
000252579,시청1역,종로영업사업소,시민용,시청1역,2017-11-30,2017,11,2017-11,정기분,수납 완료,2791.0,1395.5,6101960.0
000252579,시청1역,종로영업사업소,시민용,시청1역,2017-12-31,2017,12,2017-12,정기분,수납 완료,7371.0,3685.5,3819300.0
000252579,시청1역,종로영업사업소,시민용,시청1역,2018-01-31,2018,1,2018-01,정기분,수납 완료,1810.0,905.0,3949790.0
000252579,시청1역,종로영업사업소,시민용,시청1역,2018-02-28,2018,2,2018-02,정기분,수납 완료,2861.0,1430.5,1923860.0
000252579,시청1역,종로영업사업소,시민용,시청1역,2018-03-31,2018,3,2018-03,정기분,수납 완료,1431.0,715.5,3085010.0
000252579,시청1역,종로영업사업소,시민용,시청1역,2018-04-30,2018,4,2018-04,정기분,수납 완료,2502.0,1251.0,2289410.0
000252579,시청1역,종로영업사업소,시민용,시청1역,2018-05-31,2018,5,2018-05,정기분,수납 완료,1251.0,625.5,2729690.0
000252579,시청1역,종로영업사업소,시민용,시청1역,2018-06-30,2018,6,2018-06,정기분,수납 완료,3044.0,1522.0,3972510.0
000252579,시청1역,종로영업사업소,시민용,시청1역,2018-07-31,2018,7,2018-07,정기분,수납 완료,1522.0,761.0,3439120.0
000252579,시청1역,종로영업사업소,시민용,시청1역,2018-08-31,2018,8,2018-08,정기분,수납 완료,4881.0,2440.5,7428330.0
000252579,시청1역,종로영업사업소,시민용,시청1역,2018-09-30,2018,9,2018-09,정기분,수납 완료,2441.0,1220.5,5503590.0
000252579,시청1역,종로영업사업소,시민용,시청1역,2018-10-31,2018,10,2018-10,정기분,수납 완료,6021.0,3010.5,8070820.0
000252579,시청1역,종로영업사업소,시민용,시청1역,2018-11-30,2018,11,2018-11,정기분,수납 완료,3011.0,1505.5,6690570.0
000252579,시청1역,종로영업사업소,시민용,시청1역,2018-12-31,2018,12,2018-12,정기분,수납 완료,3599.0,1799.5,1307660.0
000252579,시청1역,종로영업사업소,시민용,시청1역,2019-01-31,2019,1,2019-01,정기분,수납 완료,1800.0,900.0,3924980.0
000252579,시청1역,종로영업사업소,시민용,시청1역,2019-02-28,2019,2,2019-02,정기분,수납 완료,2563.0,1281.5,1872220.0
000252579,시청1역,종로영업사업소,시민용,시청1역,2019-03-31,2019,3,2019-03,정기분,수납 완료,1282.0,641.0,2904060.0
000252579,시청1역,종로영업사업소,시민용,시청1역,2019-04-30,2019,4,2019-04,정기분,수납 완료,2545.0,1272.5,3011790.0
000252579,시청1역,종로영업사업소,시민용,시청1역,2019-05-31,2019,5,2019-05,정기분,수납 완료,1273.0,636.5,2959090.0
000252579,시청1역,종로영업사업소,시민용,시청1역,2019-06-30,2019,6,2019-06,정기분,수납 완료,3855.0,1927.5,6009060.0
000252579,시청1역,종로영업사업소,시민용,시청1역,2019-07-31,2019,7,2019-07,정기분,수납 완료,1928.0,964.0,4485240.0
000252579,시청1역,종로영업사업소,시민용,시청1역,2019-08-31,2019,8,2019-08,정기분,수납 완료,4645.0,2322.5,6500810.0
000252579,시청1역,종로영업사업소,시민용,시청1역,2019-09-30,2019,9,2019-09,정기분,수납 완료,2323.0,1161.5,5535190.0
000252579,시청1역,종로영업사업소,시민용,시청1역,2019-10-31,2019,10,2019-10,정기분,수납 완료,4599.0,2299.5,5390480.0
000252579,시청1역,종로영업사업소,시민용,시청1역,2019-11-30,2019,11,2019-11,정기분,수납 완료,2300.0,1150.0,5428400.0
000252579,시청1역,종로영업사업소,시민용,시청1역,2019-12-31,2019,12,2019-12,정기분,수납 완료,4191.0,2095.5,4440630.0
000252579,시청1역,종로영업사업소,시민용,시청1역,2020-01-31,2020,1,2020-01,정기분,수납 완료,2096.0,1048.0,4861080.0
000252579,시청1역,종로영업사업소,시민용,시청1역,2020-02-29,2020,2,2020-02,정기분,수납 완료,2986.0,1493.0,2049900.0
000252579,시청1역,종로영업사업소,시민용,시청1역,2020-03-31,2020,3,2020-03,정기분,수납 완료,1493.0,746.5,3437290.0
000252579,시청1역,종로영업사업소,시민용,시청1역,2020-04-30,2020,4,2020-04,정기분,수납 완료,1593.0,796.5,190800.0
000252579,시청1역,종로영업사업소,시민용,시청1역,2020-05-31,2020,5,2020-05,정기분,수납 완료,797.0,398.5,1804010.0
000252579,시청1역,종로영업사업소,시민용,시청1역,2020-06-30,2020,6,2020-06,정기분,수납 완료,2087.0,1043.5,2955900.0
000252579,시청1역,종로영업사업소,시민용,시청1역,2020-07-31,2020,7,2020-07,정기분,수납 완료,1044.0,522.0,2383120.0
000252579,시청1역,종로영업사업소,시민용,시청1역,2020-08-31,2020,8,2020-08,정기분,수납 완료,3225.0,1612.5,5049530.0
000252579,시청1역,종로영업사업소,시민용,시청1역,2020-09-30,2020,9,2020-09,정기분,수납 완료,1613.0,806.5,3733290.0
000252579,시청1역,종로영업사업소,시민용,시청1역,2020-10-31,2020,10,2020-10,정기분,수납 완료,4482.0,2241.0,6655770.0
000252579,시청1역,종로영업사업소,시민용,시청1역,2020-11-30,2020,11,2020-11,정기분,수납 완료,2241.0,1120.5,5214130.0
000252579,시청1역,종로영업사업소,시민용,시청1역,2020-12-31,2020,12,2020-12,정기분,수납 완료,2897.0,1448.5,1521080.0
000252579,시청1역,종로영업사업소,시민용,시청1역,2021-01-31,2021,1,2021-01,정기분,수납 완료,1449.0,724.5,3364770.0
000252579,시청1역,종로영업사업소,시민용,시청1역,2021-02-28,2021,2,2021-02,정기분,수납 완료,1496.0,748.0,86000.0
000252579,시청1역,종로영업사업소,시민용,시청1역,2021-03-31,2021,3,2021-03,정기분,수납 완료,748.0,374.0,1677950.0
000252579,시청1역,종로영업사업소,시민용,시청1역,2021-04-30,2021,4,2021-04,정기분,수납 완료,1984.0,992.0,2828880.0
000252579,시청1역,종로영업사업소,시민용,시청1역,2021-05-31,2021,5,2021-05,정기분,수납 완료,992.0,496.0,2264360.0
000252579,시청1역,종로영업사업소,시민용,시청1역,2021-06-30,2021,6,2021-06,정기분,수납 완료,2687.0,1343.5,3904750.0
000252579,시청1역,종로영업사업소,시민용,시청1역,2021-07-31,2021,7,2021-07,정기분,수납 완료,1344.0,672.0,3088120.0
000252579,시청1역,종로영업사업소,시민용,시청1역,2021-08-31,2021,8,2021-08,정기분,수납 완료,3308.0,1654.0,4896390.0
000252579,시청1역,종로영업사업소,시민용,시청1역,2021-09-30,2021,9,2021-09,정기분,수납 완료,1654.0,827.0,4222960.0
000252579,시청1역,종로영업사업소,시민용,시청1역,2021-10-31,2021,10,2021-10,정기분,수납 완료,3808.0,1904.0,5532960.0
000252579,시청1역,종로영업사업소,시민용,시청1역,2021-11-30,2021,11,2021-11,정기분,수납 완료,1904.0,952.0,4892760.0
000252579,시청1역,종로영업사업소,시민용,시청1역,2021-12-31,2021,12,2021-12,정기분,수납 완료,2661.0,1330.5,1907780.0
000252579,시청1역,종로영업사업소,시민용,시청1역,2022-01-31,2022,1,2022-01,정기분,수납 완료,1331.0,665.5,3375340.0
000252579,시청1역,종로영업사업소,시민용,시청1역,2022-02-28,2022,2,2022-02,정기분,수납 완료,2129.0,1064.5,2149670.0
000252579,시청1역,종로영업사업소,시민용,시청1역,2022-03-31,2022,3,2022-03,정기분,수납 완료,1065.0,532.5,2863240.0
000252579,시청1역,종로영업사업소,시민용,시청1역,2022-04-30,2022,4,2022-04,정기분,수납 완료,1945.0,972.5,2358600.0
000252579,시청1역,종로영업사업소,시민용,시청1역,2022-05-31,2022,5,2022-05,정기분,수납 완료,973.0,486.5,2542420.0
000252579,시청1역,종로영업사업소,시민용,시청1역,2022-06-30,2022,6,2022-06,정기분,수납 완료,3031.0,1515.5,5463490.0
000252579,시청1역,종로영업사업소,시민용,시청1역,2022-07-31,2022,7,2022-07,정기분,수납 완료,1516.0,758.0,4134400.0
000252579,시청1역,종로영업사업소,시민용,시청1역,2022-08-31,2022,8,2022-08,정기분,수납 완료,5395.0,2697.5,10474350.0
000252579,시청1역,종로영업사업소,시민용,시청1역,2022-09-30,2022,9,2022-09,정기분,수납 완료,2698.0,1349.0,7392300.0
000252579,시청1역,종로영업사업소,시민용,시청1역,2022-10-31,2022,10,2022-10,정기분,수납 완료,6327.0,3163.5,9892250.0
000252579,시청1역,종로영업사업소,시민용,시청1역,2022-11-30,2022,11,2022-11,정기분,수납 완료,3164.0,1582.0,8558800.0
000252579,시청1역,종로영업사업소,시민용,시청1역,2022-12-31,2022,12,2022-12,정기분,수납 완료,3336.0,1668.0,712000.0
000252579,시청1역,종로영업사업소,시민용,시청1역,2023-01-31,2023,1,2023-01,정기분,수납 완료,1668.0,834.0,4734800.0
000252579,시청1역,종로영업사업소,시민용,시청1역,2023-02-28,2023,2,2023-02,정기분,수납 완료,2170.0,1085.0,2036000.0
000252579,시청1역,종로영업사업소,시민용,시청1역,2023-03-31,2023,3,2023-03,정기분,수납 완료,1085.0,542.5,3787150.0
000252579,시청1역,종로영업사업소,시민용,시청1역,2023-04-30,2023,4,2023-04,정기분,수납 완료,2420.0,1210.0,4470650.0
000252579,시청1역,종로영업사업소,시민용,시청1역,2023-05-31,2023,5,2023-05,정기분,수납 완료,1346.0,673.0,4736820.0
000252579,시청1역,종로영업사업소,시민용,시청1역,2023-06-30,2023,6,2023-06,정기분,수납 완료,1508.0,754.0,5133760.0
000252579,시청1역,종로영업사업소,시민용,시청1역,2023-07-31,2023,7,2023-07,정기분,수납 완료,1709.0,854.5,5978430.0
000252579,시청1역,종로영업사업소,시민용,시청1역,2023-08-31,2023,8,2023-08,정기분,수납 완료,1839.0,919.5,6282330.0
000252579,시청1역,종로영업사업소,시민용,시청1역,2023-09-30,2023,9,2023-09,정기분,수납 완료,1937.0,968.5,6730790.0
000252579,시청1역,종로영업사업소,시민용,시청1역,2023-10-31,2023,10,2023-10,정기분,수납 완료,1866.0,933.0,6653620.0
000252579,시청1역,종로영업사업소,시민용,시청1역,2023-11-30,2023,11,2023-11,정기분,수납 완료,1590.0,795.0,5442700.0
000252579,시청1역,종로영업사업소,시민용,시청1역,2023-12-31,2023,12,2023-12,정기분,수납 완료,1292.0,646.0,4387440.0
000252579,시청1역,종로영업사업소,시민용,시청1역,2024-01-31,2024,1,2024-01,정기분,수납 완료,1051.0,525.5,3546110.0
000252579,시청1역,종로영업사업소,시민용,시청1역,2024-02-29,2024,2,2024-02,정기분,수납 완료,1100.0,550.0,3718000.0
000252579,시청1역,종로영업사업소,시민용,시청1역,2024-03-31,2024,3,2024-03,정기분,수납 완료,984.0,492.0,3248840.0
000252579,시청1역,종로영업사업소,시민용,시청1역,2024-04-30,2024,4,2024-04,정기분,수납 완료,1115.0,557.5,3727250.0
000252579,시청1역,종로영업사업소,시민용,시청1역,2024-05-31,2024,5,2024-05,정기분,수납 완료,1529.0,764.5,5167830.0
000252579,시청1역,종로영업사업소,시민용,시청1역,2024-06-30,2024,6,2024-06,정기분,수납 완료,1597.0,798.5,5430990.0
000252579,시청1역,종로영업사업소,시민용,시청1역,2024-07-31,2024,7,2024-07,정기분,수납 완료,1785.0,892.5,6113750.0
000252579,시청1역,종로영업사업소,시민용,시청1역,2024-08-31,2024,8,2024-08,정기분,수납 완료,1505.0,752.5,5210950.0
000252579,시청1역,종로영업사업소,시민용,시청1역,2024-09-30,2024,9,2024-09,정기분,수납 완료,1800.0,900.0,6213400.0
000252579,시청1역,종로영업사업소,시민용,시청1역,2024-10-31,2024,10,2024-10,정기분,수납 완료,1567.0,783.5,5368090.0
000252579,시청1역,종로영업사업소,시민용,시청1역,2024-11-30,2024,11,2024-11,정기분,수납 완료,1909.0,954.5,6512430.0
000252579,시청1역,종로영업사업소,시민용,시청1역,2024-12-31,2024,12,2024-12,정기분,수납 완료,1569.0,784.5,5269430.0
000252579,시청1역,종로영업사업소,시민용,시청1역,2025-01-31,2025,1,2025-01,정기분,수납 완료,1157.0,578.5,3866450.0
000252579,시청1역,종로영업사업소,시민용,시청1역,2025-02-28,2025,2,2025-02,정기분,수납 완료,1231.0,615.5,4096570.0
000252579,시청1역,종로영업사업소,시민용,시청1역,2025-03-31,2025,3,2025-03,정기분,수납 완료,1155.0,577.5,3832850.0
000252579,시청1역,종로영업사업소,시민용,시청1역,2025-04-30,2025,4,2025-04,정기분,수납 완료,1193.0,596.5,3964710.0
000252579,시청1역,종로영업사업소,시민용,시청1역,2025-05-31,2025,5,2025-05,정기분,수납 완료,1449.0,724.5,4896230.0
000252579,시청1역,종로영업사업소,시민용,시청1역,2025-06-30,2025,6,2025-06,정기분,수납 완료,1475.0,737.5,4984050.0
000252579,시청1역,종로영업사업소,시민용,시청1역,2025-07-31,2025,7,2025-07,정기분,수납 완료,1952.0,976.0,6726840.0
000252579,시청1역,종로영업사업소,시민용,시청1역,2025-08-31,2025,8,2025-08,정기분,수납 완료,2002.0,1001.0,6962740.0
000252579,시청1역,종로영업사업소,시민용,시청1역,2025-09-30,2025,9,2025-09,정기분,수납 완료,2257.0,1128.5,7904790.0
000252579,시청1역,종로영업사업소,시민용,시청1역,2025-10-31,2025,10,2025-10,정기분,수납 완료,2174.0,1087.0,7563180.0
000252579,시청1역,종로영업사업소,시민용,시청1역,2025-11-30,2025,11,2025-11,정기분,수납 완료,1854.0,927.0,6414380.0
000252579,시청1역,종로영업사업소,시민용,시청1역,2025-12-31,2025,12,2025-12,정기분,수납 완료,2075.0,1037.5,7134450.0
000252579,시청1역,종로영업사업소,시민용,시청1역,2026-01-31,2026,1,2026-01,정기분,수납 완료,1721.0,860.5,5926870.0
000252579,시청1역,종로영업사업소,시민용,시청1역,2026-02-28,2026,2,2026-02,정기분,수납 완료,1873.0,936.5,6672450.0
000252579,시청1역,종로영업사업소,시민용,시청1역,2026-03-31,2026,3,2026-03,정기분,수납 완료,1367.0,683.5,4953580.0
000252579,시청1역,종로영업사업소,시민용,시청1역,2026-04-30,2026,4,2026-04,정기분,수납 완료,1057.0,528.5,3729660.0
000252579,시청1역,종로영업사업소,시민용,시청1역,2026-05-31,2026,5,2026-05,정기분,미납,1537.0,768.5,5499380.0
000390183,시청2역,종로영업사업소,시민용,시청2역,2008-06-30,2008,6,2008-06,정기분,수납 완료,3553.0,1776.5,5889120.0
000390183,시청2역,종로영업사업소,시민용,시청2역,2008-07-31,2008,7,2008-07,정기분,수납 완료,1777.0,888.5,4408240.0
000390183,시청2역,종로영업사업소,시민용,시청2역,2008-08-31,2008,8,2008-08,정기분,수납 완료,5380.0,2690.0,5600640.0
000390183,시청2역,종로영업사업소,시민용,시청2역,2008-09-30,2008,9,2008-09,정기분,수납 완료,2690.0,1345.0,5004440.0
000390183,시청2역,종로영업사업소,시민용,시청2역,2008-10-31,2008,10,2008-10,정기분,수납 완료,6158.0,3079.0,6949800.0
000390183,시청2역,종로영업사업소,시민용,시청2역,2008-11-30,2008,11,2008-11,정기분,수납 완료,3079.0,1539.5,5977120.0
000390183,시청2역,종로영업사업소,시민용,시청2역,2008-12-31,2008,12,2008-12,정기분,수납 완료,1449.0,724.5,1016340.0
000390183,시청2역,종로영업사업소,시민용,시청2역,2009-01-31,2009,1,2009-01,정기분,수납 완료,725.0,362.5,2206540.0
000390183,시청2역,종로영업사업소,시민용,시청2역,2009-02-28,2009,2,2009-02,정기분,수납 완료,841.0,420.5,2132180.0
000390183,시청2역,종로영업사업소,시민용,시청2역,2009-03-31,2009,3,2009-03,정기분,수납 완료,421.0,210.5,2169580.0
000390183,시청2역,종로영업사업소,시민용,시청2역,2009-04-30,2009,4,2009-04,정기분,수납 완료,1097.0,548.5,2343840.0
000390183,시청2역,종로영업사업소,시민용,시청2역,2009-05-31,2009,5,2009-05,정기분,수납 완료,549.0,274.5,1553480.0
000390183,시청2역,종로영업사업소,시민용,시청2역,2009-06-30,2009,6,2009-06,정기분,수납 완료,3190.0,1595.0,4319680.0
000390183,시청2역,종로영업사업소,시민용,시청2역,2009-07-31,2009,7,2009-07,정기분,수납 완료,1595.0,797.5,2936800.0
000390183,시청2역,종로영업사업소,시민용,시청2역,2009-08-31,2009,8,2009-08,정기분,수납 완료,4925.0,2462.5,4855320.0
000390183,시청2역,종로영업사업소,시민용,시청2역,2009-09-30,2009,9,2009-09,정기분,수납 완료,2463.0,1231.5,3896920.0
000390183,시청2역,종로영업사업소,시민용,시청2역,2009-10-31,2009,10,2009-10,정기분,수납 완료,4650.0,2325.0,4040840.0
000390183,시청2역,종로영업사업소,시민용,시청2역,2009-11-30,2009,11,2009-11,정기분,수납 완료,2325.0,1162.5,5012000.0
000390183,시청2역,종로영업사업소,시민용,시청2역,2009-12-31,2009,12,2009-12,정기분,수납 완료,2038.0,1019.0,651720.0
000390183,시청2역,종로영업사업소,시민용,시청2역,2010-01-31,2010,1,2010-01,정기분,수납 완료,1151.0,575.5,2789320.0
000390183,시청2역,종로영업사업소,시민용,시청2역,2010-02-28,2010,2,2010-02,정기분,수납 완료,1481.0,740.5,2740440.0
000390183,시청2역,종로영업사업소,시민용,시청2역,2010-03-31,2010,3,2010-03,정기분,수납 완료,741.0,370.5,2888120.0
000390183,시청2역,종로영업사업소,시민용,시청2역,2010-04-30,2010,4,2010-04,정기분,수납 완료,1448.0,724.0,2321880.0
000390183,시청2역,종로영업사업소,시민용,시청2역,2010-05-31,2010,5,2010-05,정기분,수납 완료,724.0,362.0,2605000.0
000390183,시청2역,종로영업사업소,시민용,시청2역,2010-06-30,2010,6,2010-06,정기분,수납 완료,1788.0,894.0,3468320.0
000390183,시청2역,종로영업사업소,시민용,시청2역,2010-07-31,2010,7,2010-07,정기분,수납 완료,894.0,447.0,3036880.0
000390183,시청2역,종로영업사업소,시민용,시청2역,2010-08-31,2010,8,2010-08,정기분,수납 완료,5120.0,2560.0,7366960.0
000390183,시청2역,종로영업사업소,시민용,시청2역,2010-09-30,2010,9,2010-09,정기분,수납 완료,2560.0,1280.0,5201920.0
000390183,시청2역,종로영업사업소,시민용,시청2역,2010-10-31,2010,10,2010-10,정기분,수납 완료,7387.0,3693.5,7803600.0
000390183,시청2역,종로영업사업소,시민용,시청2역,2010-11-30,2010,11,2010-11,정기분,수납 완료,3694.0,1847.0,6503400.0
000390183,시청2역,종로영업사업소,시민용,시청2역,2010-12-31,2010,12,2010-12,정기분,수납 완료,2737.0,1368.5,1506940.0
000390183,시청2역,종로영업사업소,시민용,시청2역,2011-01-31,2011,1,2011-01,정기분,수납 완료,1369.0,684.5,2792340.0
000390183,시청2역,종로영업사업소,시민용,시청2역,2011-02-28,2011,2,2011-02,정기분,수납 완료,1354.0,677.0,1824690.0
000390183,시청2역,종로영업사업소,시민용,시청2역,2011-03-31,2011,3,2011-03,정기분,수납 완료,677.0,338.5,1874550.0
000390183,시청2역,종로영업사업소,시민용,시청2역,2011-04-30,2011,4,2011-04,정기분,수납 완료,1845.0,922.5,1759430.0
000390183,시청2역,종로영업사업소,시민용,시청2역,2011-05-31,2011,5,2011-05,정기분,수납 완료,923.0,461.5,1825370.0
000390183,시청2역,종로영업사업소,시민용,시청2역,2011-06-30,2011,6,2011-06,정기분,수납 완료,2323.0,1161.5,2176520.0
000390183,시청2역,종로영업사업소,시민용,시청2역,2011-07-31,2011,7,2011-07,정기분,수납 완료,1162.0,581.0,2214600.0
000390183,시청2역,종로영업사업소,시민용,시청2역,2011-08-31,2011,8,2011-08,정기분,수납 완료,5001.0,2500.5,7917710.0
000390183,시청2역,종로영업사업소,시민용,시청2역,2011-09-30,2011,9,2011-09,정기분,수납 완료,2501.0,1250.5,3924910.0
000390183,시청2역,종로영업사업소,시민용,시청2역,2011-10-31,2011,10,2011-10,정기분,수납 완료,5716.0,2858.0,5224050.0
000390183,시청2역,종로영업사업소,시민용,시청2역,2011-11-30,2011,11,2011-11,정기분,수납 완료,2858.0,1429.0,4385610.0
000390183,시청2역,종로영업사업소,시민용,시청2역,2011-12-31,2011,12,2011-12,정기분,수납 완료,2987.0,1493.5,610540.0
000390183,시청2역,종로영업사업소,시민용,시청2역,2012-01-31,2012,1,2012-01,정기분,수납 완료,1494.0,747.0,2636590.0
000390183,시청2역,종로영업사업소,시민용,시청2역,2012-02-29,2012,2,2012-02,정기분,수납 완료,1235.0,617.5,353260.0
000390183,시청2역,종로영업사업소,시민용,시청2역,2012-03-31,2012,3,2012-03,정기분,수납 완료,618.0,309.0,1551610.0
000390183,시청2역,종로영업사업소,시민용,시청2역,2012-04-30,2012,4,2012-04,정기분,수납 완료,1165.0,582.5,1274260.0
000390183,시청2역,종로영업사업소,시민용,시청2역,2012-05-31,2012,5,2012-05,정기분,수납 완료,583.0,291.5,1857560.0
000390183,시청2역,종로영업사업소,시민용,시청2역,2012-06-30,2012,6,2012-06,정기분,수납 완료,2290.0,1145.0,3281820.0
000390183,시청2역,종로영업사업소,시민용,시청2역,2012-07-31,2012,7,2012-07,정기분,수납 완료,1145.0,572.5,2782100.0
000390183,시청2역,종로영업사업소,시민용,시청2역,2012-08-31,2012,8,2012-08,정기분,수납 완료,5220.0,2610.0,7053360.0
000390183,시청2역,종로영업사업소,시민용,시청2역,2012-09-30,2012,9,2012-09,정기분,수납 완료,2610.0,1305.0,5185580.0
000390183,시청2역,종로영업사업소,시민용,시청2역,2012-10-31,2012,10,2012-10,정기분,수납 완료,6360.0,3180.0,7338760.0
000390183,시청2역,종로영업사업소,시민용,시청2역,2012-11-30,2012,11,2012-11,정기분,수납 완료,3180.0,1590.0,6298360.0
000390183,시청2역,종로영업사업소,시민용,시청2역,2012-12-31,2012,12,2012-12,정기분,수납 완료,3898.0,1949.0,2521380.0
000390183,시청2역,종로영업사업소,시민용,시청2역,2013-01-31,2013,1,2013-01,정기분,수납 완료,1949.0,974.5,4586420.0
000390183,시청2역,종로영업사업소,시민용,시청2역,2013-02-28,2013,2,2013-02,정기분,수납 완료,2111.0,1055.5,1816120.0
000390183,시청2역,종로영업사업소,시민용,시청2역,2013-03-31,2013,3,2013-03,정기분,수납 완료,1056.0,528.0,3533380.0
000390183,시청2역,종로영업사업소,시민용,시청2역,2013-04-30,2013,4,2013-04,정기분,수납 완료,2238.0,1119.0,3663300.0
000390183,시청2역,종로영업사업소,시민용,시청2역,2013-05-31,2013,5,2013-05,정기분,수납 완료,1119.0,559.5,3474840.0
000390183,시청2역,종로영업사업소,시민용,시청2역,2013-06-30,2013,6,2013-06,정기분,수납 완료,3337.0,1668.5,5399240.0
000390183,시청2역,종로영업사업소,시민용,시청2역,2013-07-31,2013,7,2013-07,정기분,수납 완료,1669.0,834.5,4539880.0
000390183,시청2역,종로영업사업소,시민용,시청2역,2013-08-31,2013,8,2013-08,정기분,수납 완료,7287.0,3643.5,12519480.0
000390183,시청2역,종로영업사업소,시민용,시청2역,2013-09-30,2013,9,2013-09,정기분,수납 완료,3644.0,1822.0,8550360.0
000390183,시청2역,종로영업사업소,시민용,시청2역,2013-10-31,2013,10,2013-10,정기분,수납 완료,7978.0,3989.0,9737540.0
000390183,시청2역,종로영업사업소,시민용,시청2역,2013-11-30,2013,11,2013-11,정기분,수납 완료,3989.0,1994.5,9148760.0
000390183,시청2역,종로영업사업소,시민용,시청2역,2013-12-31,2013,12,2013-12,정기분,수납 완료,4246.0,2123.0,1902020.0
000390183,시청2역,종로영업사업소,시민용,시청2역,2014-01-31,2014,1,2014-01,정기분,수납 완료,2123.0,1061.5,5322720.0
000390183,시청2역,종로영업사업소,시민용,시청2역,2014-02-28,2014,2,2014-02,정기분,수납 완료,1352.0,676.0,1540240.0
000390183,시청2역,종로영업사업소,시민용,시청2역,2014-03-31,2014,3,2014-03,정기분,수납 완료,676.0,338.0,1484100.0
000390183,시청2역,종로영업사업소,시민용,시청2역,2014-04-30,2014,4,2014-04,정기분,수납 완료,1603.0,801.5,3005060.0
000390183,시청2역,종로영업사업소,시민용,시청2역,2014-05-31,2014,5,2014-05,정기분,수납 완료,802.0,401.0,2668400.0
000390183,시청2역,종로영업사업소,시민용,시청2역,2014-06-30,2014,6,2014-06,정기분,수납 완료,2636.0,1318.0,4784900.0
000390183,시청2역,종로영업사업소,시민용,시청2역,2014-07-31,2014,7,2014-07,정기분,수납 완료,1318.0,659.0,3707000.0
000390183,시청2역,종로영업사업소,시민용,시청2역,2014-08-31,2014,8,2014-08,정기분,수납 완료,7909.0,3954.5,14857800.0
000390183,시청2역,종로영업사업소,시민용,시청2역,2014-09-30,2014,9,2014-09,정기분,수납 완료,3955.0,1977.5,11204000.0
000390183,시청2역,종로영업사업소,시민용,시청2역,2014-10-31,2014,10,2014-10,정기분,수납 완료,8550.0,4275.0,11697400.0
000390183,시청2역,종로영업사업소,시민용,시청2역,2014-11-30,2014,11,2014-11,정기분,수납 완료,4275.0,2137.5,10233600.0
000390183,시청2역,종로영업사업소,시민용,시청2역,2014-12-31,2014,12,2014-12,정기분,수납 완료,4219.0,2109.5,1447800.0
000390183,시청2역,종로영업사업소,시민용,시청2역,2015-01-31,2015,1,2015-01,정기분,수납 완료,2110.0,1055.0,5377300.0
000390183,시청2역,종로영업사업소,시민용,시청2역,2015-02-28,2015,2,2015-02,정기분,수납 완료,2885.0,1442.5,3102200.0
000390183,시청2역,종로영업사업소,시민용,시청2역,2015-03-31,2015,3,2015-03,정기분,수납 완료,1443.0,721.5,4070700.0
000390183,시청2역,종로영업사업소,시민용,시청2역,2015-04-30,2015,4,2015-04,정기분,수납 완료,2492.0,1246.0,2893300.0
000390183,시청2역,종로영업사업소,시민용,시청2역,2015-05-31,2015,5,2015-05,정기분,수납 완료,1246.0,623.0,3206000.0
000390183,시청2역,종로영업사업소,시민용,시청2역,2015-06-30,2015,6,2015-06,정기분,수납 완료,4053.0,2026.5,6839500.0
000390183,시청2역,종로영업사업소,시민용,시청2역,2015-07-31,2015,7,2015-07,정기분,수납 완료,2027.0,1013.5,5328400.0
000390183,시청2역,종로영업사업소,시민용,시청2역,2015-08-31,2015,8,2015-08,정기분,수납 완료,6348.0,3174.0,10863800.0
000390183,시청2역,종로영업사업소,시민용,시청2역,2015-09-30,2015,9,2015-09,정기분,수납 완료,3174.0,1587.0,8266500.0
000390183,시청2역,종로영업사업소,시민용,시청2역,2015-10-31,2015,10,2015-10,정기분,수납 완료,7316.0,3658.0,9707800.0
000390183,시청2역,종로영업사업소,시민용,시청2역,2015-11-30,2015,11,2015-11,정기분,수납 완료,3658.0,1829.0,8653100.0
000390183,시청2역,종로영업사업소,시민용,시청2역,2015-12-31,2015,12,2015-12,정기분,수납 완료,4600.0,2300.0,3453000.0
000390183,시청2역,종로영업사업소,시민용,시청2역,2016-01-31,2016,1,2016-01,정기분,수납 완료,2300.0,1150.0,6096400.0
000390183,시청2역,종로영업사업소,시민용,시청2역,2016-02-29,2016,2,2016-02,정기분,수납 완료,3258.0,1629.0,3331400.0
000390183,시청2역,종로영업사업소,시민용,시청2역,2016-03-31,2016,3,2016-03,정기분,수납 완료,1629.0,814.5,4823100.0
000390183,시청2역,종로영업사업소,시민용,시청2역,2016-04-30,2016,4,2016-04,정기분,수납 완료,3089.0,1544.5,4792300.0
000390183,시청2역,종로영업사업소,시민용,시청2역,2016-05-31,2016,5,2016-05,정기분,수납 완료,1545.0,772.5,4325100.0
000390183,시청2역,종로영업사업소,시민용,시청2역,2016-06-30,2016,6,2016-06,정기분,수납 완료,3810.0,1905.0,5776200.0
000390183,시청2역,종로영업사업소,시민용,시청2역,2016-07-31,2016,7,2016-07,정기분,수납 완료,1905.0,952.5,5259900.0
000390183,시청2역,종로영업사업소,시민용,시청2역,2016-08-31,2016,8,2016-08,정기분,수납 완료,5666.0,2833.0,9038200.0
000390183,시청2역,종로영업사업소,시민용,시청2역,2016-09-30,2016,9,2016-09,정기분,수납 완료,2833.0,1416.5,6819200.0
000390183,시청2역,종로영업사업소,시민용,시청2역,2016-10-31,2016,10,2016-10,정기분,수납 완료,6986.0,3493.0,9731600.0
000390183,시청2역,종로영업사업소,시민용,시청2역,2016-11-30,2016,11,2016-11,정기분,수납 완료,3493.0,1746.5,8235800.0
000390183,시청2역,종로영업사업소,시민용,시청2역,2016-12-31,2016,12,2016-12,정기분,수납 완료,4534.0,2267.0,3394200.0
000390183,시청2역,종로영업사업소,시민용,시청2역,2017-01-31,2017,1,2017-01,정기분,수납 완료,2267.0,1133.5,5902600.0
000390183,시청2역,종로영업사업소,시민용,시청2역,2017-02-28,2017,2,2017-02,정기분,수납 완료,3494.0,1747.0,4601620.0
000390183,시청2역,종로영업사업소,시민용,시청2역,2017-03-31,2017,3,2017-03,정기분,수납 완료,1747.0,873.5,5723640.0
000390183,시청2역,종로영업사업소,시민용,시청2역,2017-04-30,2017,4,2017-04,정기분,수납 완료,3544.0,1772.0,5563980.0
000390183,시청2역,종로영업사업소,시민용,시청2역,2017-05-31,2017,5,2017-05,정기분,수납 완료,1772.0,886.0,5120760.0
000390183,시청2역,종로영업사업소,시민용,시청2역,2017-06-30,2017,6,2017-06,정기분,수납 완료,3226.0,1613.0,4471110.0
000390183,시청2역,종로영업사업소,시민용,시청2역,2017-07-31,2017,7,2017-07,정기분,수납 완료,1613.0,806.5,4629120.0
000390183,시청2역,종로영업사업소,시민용,시청2역,2017-08-31,2017,8,2017-08,정기분,수납 완료,4434.0,2217.0,7417710.0
000390183,시청2역,종로영업사업소,시민용,시청2역,2017-09-30,2017,9,2017-09,정기분,수납 완료,2217.0,1108.5,5751330.0
000390183,시청2역,종로영업사업소,시민용,시청2역,2017-10-31,2017,10,2017-10,정기분,수납 완료,4535.0,2267.5,8102490.0
000390183,시청2역,종로영업사업소,시민용,시청2역,2017-11-30,2017,11,2017-11,정기분,수납 완료,2268.0,1134.0,5858430.0
000390183,시청2역,종로영업사업소,시민용,시청2역,2017-12-31,2017,12,2017-12,정기분,수납 완료,3058.0,1529.0,4356450.0
000390183,시청2역,종로영업사업소,시민용,시청2역,2018-01-31,2018,1,2018-01,정기분,수납 완료,1529.0,764.5,5151000.0
000390183,시청2역,종로영업사업소,시민용,시청2역,2018-02-28,2018,2,2018-02,정기분,수납 완료,2622.0,1311.0,4250160.0
000390183,시청2역,종로영업사업소,시민용,시청2역,2018-03-31,2018,3,2018-03,정기분,수납 완료,1311.0,655.5,4440210.0
000390183,시청2역,종로영업사업소,시민용,시청2역,2018-04-30,2018,4,2018-04,정기분,수납 완료,3077.0,1538.5,4748080.0
000390183,시청2역,종로영업사업소,시민용,시청2역,2018-05-31,2018,5,2018-05,정기분,수납 완료,1539.0,769.5,5502450.0
000390183,시청2역,종로영업사업소,시민용,시청2역,2018-06-30,2018,6,2018-06,정기분,수납 완료,3046.0,1523.0,5599130.0
000390183,시청2역,종로영업사업소,시민용,시청2역,2018-07-31,2018,7,2018-07,정기분,수납 완료,1523.0,761.5,5747170.0
000390183,시청2역,종로영업사업소,시민용,시청2역,2018-08-31,2018,8,2018-08,정기분,수납 완료,4740.0,2370.0,9560390.0
000390183,시청2역,종로영업사업소,시민용,시청2역,2018-09-30,2018,9,2018-09,정기분,수납 완료,2370.0,1185.0,7813440.0
000390183,시청2역,종로영업사업소,시민용,시청2역,2018-10-31,2018,10,2018-10,정기분,수납 완료,6918.0,3459.0,12595500.0
000390183,시청2역,종로영업사업소,시민용,시청2역,2018-11-30,2018,11,2018-11,정기분,수납 완료,3459.0,1729.5,9938610.0
000390183,시청2역,종로영업사업소,시민용,시청2역,2018-12-31,2018,12,2018-12,정기분,수납 완료,4481.0,2240.5,4839400.0
000390183,시청2역,종로영업사업소,시민용,시청2역,2019-01-31,2019,1,2019-01,정기분,수납 완료,2241.0,1120.5,7747230.0
000390183,시청2역,종로영업사업소,시민용,시청2역,2019-02-28,2019,2,2019-02,정기분,수납 완료,2603.0,1301.5,3821440.0
000390183,시청2역,종로영업사업소,시민용,시청2역,2019-03-31,2019,3,2019-03,정기분,수납 완료,1302.0,651.0,5147460.0
000390183,시청2역,종로영업사업소,시민용,시청2역,2019-04-30,2019,4,2019-04,정기분,수납 완료,2747.0,1373.5,5237850.0
000390183,시청2역,종로영업사업소,시민용,시청2역,2019-05-31,2019,5,2019-05,정기분,수납 완료,1374.0,687.0,5143220.0
000390183,시청2역,종로영업사업소,시민용,시청2역,2019-06-30,2019,6,2019-06,정기분,수납 완료,3558.0,1779.0,7605320.0
000390183,시청2역,종로영업사업소,시민용,시청2역,2019-07-31,2019,7,2019-07,정기분,수납 완료,1779.0,889.5,7103270.0
000390183,시청2역,종로영업사업소,시민용,시청2역,2019-08-31,2019,8,2019-08,정기분,수납 완료,5704.0,2852.0,12131050.0
000390183,시청2역,종로영업사업소,시민용,시청2역,2019-09-30,2019,9,2019-09,정기분,수납 완료,2852.0,1426.0,9875360.0
000390183,시청2역,종로영업사업소,시민용,시청2역,2019-10-31,2019,10,2019-10,정기분,수납 완료,6219.0,3109.5,10762510.0
000390183,시청2역,종로영업사업소,시민용,시청2역,2019-11-30,2019,11,2019-11,정기분,수납 완료,3110.0,1555.0,10501300.0
000390183,시청2역,종로영업사업소,시민용,시청2역,2019-12-31,2019,12,2019-12,정기분,수납 완료,5248.0,2624.0,7517340.0
000390183,시청2역,종로영업사업소,시민용,시청2역,2020-01-31,2020,1,2020-01,정기분,수납 완료,2624.0,1312.0,8722920.0
000390183,시청2역,종로영업사업소,시민용,시청2역,2020-02-29,2020,2,2020-02,정기분,수납 완료,2785.0,1392.5,2874930.0
000390183,시청2역,종로영업사업소,시민용,시청2역,2020-03-31,2020,3,2020-03,정기분,수납 완료,1393.0,696.5,5834290.0
000390183,시청2역,종로영업사업소,시민용,시청2역,2020-04-30,2020,4,2020-04,정기분,수납 완료,2352.0,1176.0,5013470.0
000390183,시청2역,종로영업사업소,시민용,시청2역,2020-05-31,2020,5,2020-05,정기분,수납 완료,1176.0,588.0,5765480.0
000390183,시청2역,종로영업사업소,시민용,시청2역,2020-06-30,2020,6,2020-06,정기분,수납 완료,3375.0,1687.5,8227470.0
000390183,시청2역,종로영업사업소,시민용,시청2역,2020-07-31,2020,7,2020-07,정기분,수납 완료,1688.0,844.0,6708840.0
000390183,시청2역,종로영업사업소,시민용,시청2역,2020-08-31,2020,8,2020-08,정기분,수납 완료,4005.0,2002.5,8393210.0
000390183,시청2역,종로영업사업소,시민용,시청2역,2020-09-30,2020,9,2020-09,정기분,수납 완료,2003.0,1001.5,8961190.0
000390183,시청2역,종로영업사업소,시민용,시청2역,2020-10-31,2020,10,2020-10,정기분,수납 완료,3784.0,1892.0,7847130.0
000390183,시청2역,종로영업사업소,시민용,시청2역,2020-11-30,2020,11,2020-11,정기분,수납 완료,1892.0,946.0,7990560.0
000390183,시청2역,종로영업사업소,시민용,시청2역,2020-12-31,2020,12,2020-12,정기분,수납 완료,2737.0,1368.5,4393050.0
000390183,시청2역,종로영업사업소,시민용,시청2역,2021-01-31,2021,1,2021-01,정기분,수납 완료,1369.0,684.5,5992370.0
000390183,시청2역,종로영업사업소,시민용,시청2역,2021-02-28,2021,2,2021-02,정기분,수납 완료,1379.0,689.5,2806100.0
000390183,시청2역,종로영업사업소,시민용,시청2역,2021-03-31,2021,3,2021-03,정기분,수납 완료,690.0,345.0,3906500.0
000390183,시청2역,종로영업사업소,시민용,시청2역,2021-04-30,2021,4,2021-04,정기분,수납 완료,1604.0,802.0,4768620.0
000390183,시청2역,종로영업사업소,시민용,시청2역,2021-05-31,2021,5,2021-05,정기분,수납 완료,802.0,401.0,3814060.0
000390183,시청2역,종로영업사업소,시민용,시청2역,2021-06-30,2021,6,2021-06,정기분,수납 완료,2092.0,1046.0,5093900.0
000390183,시청2역,종로영업사업소,시민용,시청2역,2021-07-31,2021,7,2021-07,정기분,수납 완료,1046.0,523.0,4404180.0
000390183,시청2역,종로영업사업소,시민용,시청2역,2021-08-31,2021,8,2021-08,정기분,수납 완료,2751.0,1375.5,6402530.0
000390183,시청2역,종로영업사업소,시민용,시청2역,2021-09-30,2021,9,2021-09,정기분,수납 완료,1376.0,688.0,5736840.0
000390183,시청2역,종로영업사업소,시민용,시청2역,2021-10-31,2021,10,2021-10,정기분,수납 완료,3424.0,1712.0,7401320.0
000390183,시청2역,종로영업사업소,시민용,시청2역,2021-11-30,2021,11,2021-11,정기분,수납 완료,1712.0,856.0,6650680.0
000390183,시청2역,종로영업사업소,시민용,시청2역,2021-12-31,2021,12,2021-12,정기분,수납 완료,2217.0,1108.5,3389700.0
000390183,시청2역,종로영업사업소,시민용,시청2역,2022-01-31,2022,1,2022-01,정기분,수납 완료,1109.0,554.5,5017860.0
000390183,시청2역,종로영업사업소,시민용,시청2역,2022-02-28,2022,2,2022-02,정기분,수납 완료,1540.0,770.0,3368520.0
000390183,시청2역,종로영업사업소,시민용,시청2역,2022-03-31,2022,3,2022-03,정기분,수납 완료,770.0,385.0,4038450.0
000390183,시청2역,종로영업사업소,시민용,시청2역,2022-04-30,2022,4,2022-04,정기분,수납 완료,1485.0,742.5,4432950.0
000390183,시청2역,종로영업사업소,시민용,시청2역,2022-05-31,2022,5,2022-05,정기분,수납 완료,743.0,371.5,3607950.0
000390183,시청2역,종로영업사업소,시민용,시청2역,2022-06-30,2022,6,2022-06,정기분,수납 완료,2034.0,1017.0,5324550.0
000390183,시청2역,종로영업사업소,시민용,시청2역,2022-07-31,2022,7,2022-07,정기분,수납 완료,1017.0,508.5,4606450.0
000390183,시청2역,종로영업사업소,시민용,시청2역,2022-08-31,2022,8,2022-08,정기분,수납 완료,3074.0,1537.0,7556850.0
000390183,시청2역,종로영업사업소,시민용,시청2역,2022-09-30,2022,9,2022-09,정기분,수납 완료,1537.0,768.5,6434450.0
000390183,시청2역,종로영업사업소,시민용,시청2역,2022-10-31,2022,10,2022-10,정기분,수납 완료,2783.0,1391.5,5791700.0
000390183,시청2역,종로영업사업소,시민용,시청2역,2022-11-30,2022,11,2022-11,정기분,수납 완료,1392.0,696.0,6082200.0
000390183,시청2역,종로영업사업소,시민용,시청2역,2022-12-31,2022,12,2022-12,정기분,수납 완료,1892.0,946.0,3744000.0
000390183,시청2역,종로영업사업소,시민용,시청2역,2023-01-31,2023,1,2023-01,정기분,수납 완료,946.0,473.0,4888700.0
000390183,시청2역,종로영업사업소,시민용,시청2역,2023-02-28,2023,2,2023-02,정기분,수납 완료,1403.0,701.5,2001080.0
000390183,시청2역,종로영업사업소,시민용,시청2역,2023-03-31,2023,3,2023-03,정기분,수납 완료,702.0,351.0,3706520.0
000390183,시청2역,종로영업사업소,시민용,시청2역,2023-04-30,2023,4,2023-04,정기분,수납 완료,1379.0,689.5,3622520.0
000390183,시청2역,종로영업사업소,시민용,시청2역,2023-05-31,2023,5,2023-05,정기분,수납 완료,690.0,345.0,3666200.0
000390183,시청2역,종로영업사업소,시민용,시청2역,2023-06-30,2023,6,2023-06,정기분,수납 완료,1973.0,986.5,5658680.0
000390183,시청2역,종로영업사업소,시민용,시청2역,2023-07-31,2023,7,2023-07,정기분,수납 완료,987.0,493.5,4664120.0
000390183,시청2역,종로영업사업소,시민용,시청2역,2023-08-31,2023,8,2023-08,정기분,수납 완료,2125.0,1062.5,5185230.0
000390183,시청2역,종로영업사업소,시민용,시청2역,2023-09-30,2023,9,2023-09,정기분,수납 완료,1063.0,531.5,4926410.0
000390183,시청2역,종로영업사업소,시민용,시청2역,2023-10-31,2023,10,2023-10,정기분,수납 완료,2227.0,1113.5,5276880.0
000390183,시청2역,종로영업사업소,시민용,시청2역,2023-11-30,2023,11,2023-11,정기분,수납 완료,1114.0,557.0,5103380.0
000390183,시청2역,종로영업사업소,시민용,시청2역,2023-12-31,2023,12,2023-12,정기분,수납 완료,1672.0,836.0,3210140.0
000390183,시청2역,종로영업사업소,시민용,시청2역,2024-01-31,2024,1,2024-01,정기분,수납 완료,836.0,418.0,4156760.0
000390183,시청2역,종로영업사업소,시민용,시청2역,2024-02-29,2024,2,2024-02,정기분,수납 완료,1132.0,566.0,2350740.0
000390183,시청2역,종로영업사업소,시민용,시청2역,2024-03-31,2024,3,2024-03,정기분,수납 완료,566.0,283.0,3249560.0
000390183,시청2역,종로영업사업소,시민용,시청2역,2024-04-30,2024,4,2024-04,정기분,수납 완료,906.0,453.0,2490200.0
000390183,시청2역,종로영업사업소,시민용,시청2역,2024-05-31,2024,5,2024-05,정기분,수납 완료,453.0,226.5,2869880.0
000390183,시청2역,종로영업사업소,시민용,시청2역,2024-06-30,2024,6,2024-06,정기분,수납 완료,1241.0,620.5,3995480.0
000390183,시청2역,종로영업사업소,시민용,시청2역,2024-07-31,2024,7,2024-07,정기분,수납 완료,621.0,310.5,3434360.0
000390183,시청2역,종로영업사업소,시민용,시청2역,2024-08-31,2024,8,2024-08,정기분,수납 완료,1743.0,871.5,5117720.0
000390183,시청2역,종로영업사업소,시민용,시청2역,2024-09-30,2024,9,2024-09,정기분,수납 완료,872.0,436.0,4277720.0
000390183,시청2역,종로영업사업소,시민용,시청2역,2024-10-31,2024,10,2024-10,정기분,수납 완료,1972.0,986.0,9160200.0
000390183,시청2역,종로영업사업소,시민용,시청2역,2024-11-30,2024,11,2024-11,정기분,수납 완료,986.0,493.0,4660760.0
000390183,시청2역,종로영업사업소,시민용,시청2역,2024-12-31,2024,12,2024-12,정기분,수납 완료,1329.0,664.5,5988680.0
000390183,시청2역,종로영업사업소,시민용,시청2역,2025-01-31,2025,1,2025-01,정기분,수납 완료,665.0,332.5,3588190.0
000390183,시청2역,종로영업사업소,시민용,시청2역,2025-02-28,2025,2,2025-02,정기분,수납 완료,1132.0,566.0,5757280.0
000390183,시청2역,종로영업사업소,시민용,시청2역,2025-03-31,2025,3,2025-03,정기분,수납 완료,566.0,283.0,3968360.0
000390183,시청2역,종로영업사업소,시민용,시청2역,2025-04-30,2025,4,2025-04,정기분,수납 완료,906.0,453.0,3373000.0
000390183,시청2역,종로영업사업소,시민용,시청2역,2025-05-31,2025,5,2025-05,정기분,수납 완료,453.0,226.5,2869880.0
000390183,시청2역,종로영업사업소,시민용,시청2역,2025-06-30,2025,6,2025-06,정기분,수납 완료,1050.0,525.0,4721320.0
000390183,시청2역,종로영업사업소,시민용,시청2역,2025-07-31,2025,7,2025-07,정기분,수납 완료,525.0,262.5,3111800.0
000390183,시청2역,종로영업사업소,시민용,시청2역,2025-08-31,2025,8,2025-08,정기분,수납 완료,3794.0,1897.0,12528980.0
000390183,시청2역,종로영업사업소,시민용,시청2역,2025-09-30,2025,9,2025-09,정기분,수납 완료,1897.0,948.5,7820390.0
000390183,시청2역,종로영업사업소,시민용,시청2역,2025-10-31,2025,10,2025-10,정기분,수납 완료,4961.0,2480.5,14527480.0
000390183,시청2역,종로영업사업소,시민용,시청2역,2025-11-30,2025,11,2025-11,정기분,수납 완료,2481.0,1240.5,11416470.0
000390183,시청2역,종로영업사업소,시민용,시청2역,2025-12-31,2025,12,2025-12,정기분,수납 완료,3007.0,1503.5,1650620.0
000390183,시청2역,종로영업사업소,시민용,시청2역,2026-01-31,2026,1,2026-01,정기분,수납 완료,1504.0,752.0,6299480.0
000390183,시청2역,종로영업사업소,시민용,시청2역,2026-02-28,2026,2,2026-02,정기분,수납 완료,2376.0,1188.0,5251800.0
000390183,시청2역,종로영업사업소,시민용,시청2역,2026-03-31,2026,3,2026-03,정기분,수납 완료,1188.0,594.0,8121780.0
000390183,시청2역,종로영업사업소,시민용,시청2역,2026-04-30,2026,4,2026-04,정기분,수납 완료,2088.0,1044.0,3572820.0
000390183,시청2역,종로영업사업소,시민용,시청2역,2026-05-31,2026,5,2026-05,정기분,미납,1044.0,522.0,7541420.0
000262188,신당역(2호선),동대문영업사업소,시민용,신당지하철역(2호선),2008-06-30,2008,6,2008-06,정기분,수납 완료,934.0,467.0,1887300.0
000262188,신당역(2호선),동대문영업사업소,시민용,신당지하철역(2호선),2008-08-31,2008,8,2008-08,정기분,수납 완료,1933.0,966.5,2935020.0
000262188,신당역(2호선),동대문영업사업소,시민용,신당지하철역(2호선),2008-10-31,2008,10,2008-10,정기분,수납 완료,2375.0,1187.5,3102140.0
000262188,신당역(2호선),동대문영업사업소,시민용,신당지하철역(2호선),2008-12-31,2008,12,2008-12,정기분,수납 완료,764.0,382.0,1040060.0
000262188,신당역(2호선),동대문영업사업소,시민용,신당지하철역(2호선),2009-02-28,2009,2,2009-02,정기분,수납 완료,662.0,331.0,909500.0
000262188,신당역(2호선),동대문영업사업소,시민용,신당지하철역(2호선),2009-04-30,2009,4,2009-04,정기분,수납 완료,1250.0,625.0,1663020.0
000262188,신당역(2호선),동대문영업사업소,시민용,신당지하철역(2호선),2009-06-30,2009,6,2009-06,정기분,수납 완료,1632.0,816.0,1990960.0
000262188,신당역(2호선),동대문영업사업소,시민용,신당지하철역(2호선),2009-08-31,2009,8,2009-08,정기분,수납 완료,2384.0,1192.0,2953520.0
000262188,신당역(2호선),동대문영업사업소,시민용,신당지하철역(2호선),2009-10-31,2009,10,2009-10,정기분,수납 완료,2889.0,1444.5,3599920.0
000262188,신당역(2호선),동대문영업사업소,시민용,신당지하철역(2호선),2009-12-31,2009,12,2009-12,정기분,수납 완료,1796.0,898.0,2358830.0
000262188,신당역(2호선),동대문영업사업소,시민용,신당지하철역(2호선),2010-02-28,2010,2,2010-02,정기분,수납 완료,662.0,331.0,661220.0
000262188,신당역(2호선),동대문영업사업소,시민용,신당지하철역(2호선),2010-04-30,2010,4,2010-04,정기분,수납 완료,2178.0,1089.0,2849980.0
000262188,신당역(2호선),동대문영업사업소,시민용,신당지하철역(2호선),2010-06-30,2010,6,2010-06,정기분,수납 완료,1855.0,927.5,1663340.0
000262188,신당역(2호선),동대문영업사업소,시민용,신당지하철역(2호선),2010-08-31,2010,8,2010-08,정기분,수납 완료,1948.0,974.0,2555580.0
000262188,신당역(2호선),동대문영업사업소,시민용,신당지하철역(2호선),2010-10-31,2010,10,2010-10,정기분,수납 완료,2932.0,1466.0,3815100.0
000262188,신당역(2호선),동대문영업사업소,시민용,신당지하철역(2호선),2010-12-31,2010,12,2010-12,정기분,수납 완료,1305.0,652.5,1744100.0
000262188,신당역(2호선),동대문영업사업소,시민용,신당지하철역(2호선),2011-02-28,2011,2,2011-02,정기분,수납 완료,704.0,352.0,1183720.0
000262188,신당역(2호선),동대문영업사업소,시민용,신당지하철역(2호선),2011-04-30,2011,4,2011-04,정기분,수납 완료,305.0,152.5,711880.0
000262188,신당역(2호선),동대문영업사업소,시민용,신당지하철역(2호선),2011-06-30,2011,6,2011-06,정기분,수납 완료,382.0,191.0,787600.0
000262188,신당역(2호선),동대문영업사업소,시민용,신당지하철역(2호선),2011-08-31,2011,8,2011-08,정기분,수납 완료,1744.0,872.0,2516240.0
000262188,신당역(2호선),동대문영업사업소,시민용,신당지하철역(2호선),2011-10-31,2011,10,2011-10,정기분,수납 완료,3189.0,1594.5,4414970.0
000262188,신당역(2호선),동대문영업사업소,시민용,신당지하철역(2호선),2011-12-31,2011,12,2011-12,정기분,수납 완료,1662.0,831.0,2357080.0
000262188,신당역(2호선),동대문영업사업소,시민용,신당지하철역(2호선),2012-02-29,2012,2,2012-02,정기분,수납 완료,1391.0,695.5,1994570.0
000262188,신당역(2호선),동대문영업사업소,시민용,신당지하철역(2호선),2012-04-30,2012,4,2012-04,정기분,수납 완료,1283.0,641.5,2353000.0
000262188,신당역(2호선),동대문영업사업소,시민용,신당지하철역(2호선),2012-06-30,2012,6,2012-06,정기분,수납 완료,1663.0,831.5,2976200.0
000262188,신당역(2호선),동대문영업사업소,시민용,신당지하철역(2호선),2012-08-31,2012,8,2012-08,정기분,수납 완료,2198.0,1099.0,3884180.0
000262188,신당역(2호선),동대문영업사업소,시민용,신당지하철역(2호선),2012-10-31,2012,10,2012-10,정기분,수납 완료,3100.0,1550.0,5456300.0
000262188,신당역(2호선),동대문영업사업소,시민용,신당지하철역(2호선),2012-12-31,2012,12,2012-12,정기분,수납 완료,1662.0,831.0,3033080.0
000262188,신당역(2호선),동대문영업사업소,시민용,신당지하철역(2호선),2013-02-28,2013,2,2013-02,정기분,수납 완료,1664.0,832.0,2879720.0
000262188,신당역(2호선),동대문영업사업소,시민용,신당지하철역(2호선),2013-04-30,2013,4,2013-04,정기분,수납 완료,1705.0,852.5,3306480.0
000262188,신당역(2호선),동대문영업사업소,시민용,신당지하철역(2호선),2013-06-30,2013,6,2013-06,정기분,수납 완료,1488.0,744.0,2899920.0
000262188,신당역(2호선),동대문영업사업소,시민용,신당지하철역(2호선),2013-08-31,2013,8,2013-08,정기분,수납 완료,2708.0,1354.0,5261980.0
000262188,신당역(2호선),동대문영업사업소,시민용,신당지하철역(2호선),2013-10-31,2013,10,2013-10,정기분,수납 완료,4143.0,2071.5,7829320.0
000262188,신당역(2호선),동대문영업사업소,시민용,신당지하철역(2호선),2013-12-31,2013,12,2013-12,정기분,수납 완료,3214.0,1607.0,6118400.0
000262188,신당역(2호선),동대문영업사업소,시민용,신당지하철역(2호선),2014-02-28,2014,2,2014-02,정기분,수납 완료,1315.0,657.5,2624240.0
000262188,신당역(2호선),동대문영업사업소,시민용,신당지하철역(2호선),2014-04-30,2014,4,2014-04,정기분,수납 완료,1742.0,871.0,3733200.0
000262188,신당역(2호선),동대문영업사업소,시민용,신당지하철역(2호선),2014-06-30,2014,6,2014-06,정기분,수납 완료,2586.0,1293.0,5421200.0
000262188,신당역(2호선),동대문영업사업소,시민용,신당지하철역(2호선),2014-08-31,2014,8,2014-08,정기분,수납 완료,2239.0,1119.5,4727200.0
000262188,신당역(2호선),동대문영업사업소,시민용,신당지하철역(2호선),2014-10-31,2014,10,2014-10,정기분,수납 완료,3102.0,1551.0,6453200.0
000262188,신당역(2호선),동대문영업사업소,시민용,신당지하철역(2호선),2014-12-31,2014,12,2014-12,정기분,수납 완료,2249.0,1124.5,4747200.0
000262188,신당역(2호선),동대문영업사업소,시민용,신당지하철역(2호선),2015-02-28,2015,2,2015-02,정기분,수납 완료,1314.0,657.0,2723600.0
000262188,신당역(2호선),동대문영업사업소,시민용,신당지하철역(2호선),2015-04-30,2015,4,2015-04,정기분,수납 완료,1446.0,723.0,2996300.0
000262188,신당역(2호선),동대문영업사업소,시민용,신당지하철역(2호선),2015-06-30,2015,6,2015-06,정기분,수납 완료,1593.0,796.5,3422600.0
000262188,신당역(2호선),동대문영업사업소,시민용,신당지하철역(2호선),2015-08-31,2015,8,2015-08,정기분,수납 완료,3649.0,1824.5,8505400.0
000262188,신당역(2호선),동대문영업사업소,시민용,신당지하철역(2호선),2015-10-31,2015,10,2015-10,정기분,수납 완료,3851.0,1925.5,9894300.0
000262188,신당역(2호선),동대문영업사업소,시민용,신당지하철역(2호선),2015-12-31,2015,12,2015-12,정기분,수납 완료,2249.0,1124.5,4323000.0
000262188,신당역(2호선),동대문영업사업소,시민용,신당지하철역(2호선),2016-02-29,2016,2,2016-02,정기분,수납 완료,1485.0,742.5,2795000.0
000262188,신당역(2호선),동대문영업사업소,시민용,신당지하철역(2호선),2016-04-30,2016,4,2016-04,정기분,수납 완료,1485.0,742.5,2795000.0
000262188,신당역(2호선),동대문영업사업소,시민용,신당지하철역(2호선),2016-06-30,2016,6,2016-06,정기분,수납 완료,1991.0,995.5,3807000.0
000262188,신당역(2호선),동대문영업사업소,시민용,신당지하철역(2호선),2016-08-31,2016,8,2016-08,정기분,수납 완료,2828.0,1414.0,5481000.0
000262188,신당역(2호선),동대문영업사업소,시민용,신당지하철역(2호선),2016-10-31,2016,10,2016-10,정기분,수납 완료,3376.0,1688.0,6577000.0
000262188,신당역(2호선),동대문영업사업소,시민용,신당지하철역(2호선),2016-12-31,2016,12,2016-12,정기분,수납 완료,2015.0,1007.5,3855000.0
000262188,신당역(2호선),동대문영업사업소,시민용,신당지하철역(2호선),2017-02-28,2017,2,2017-02,정기분,수납 완료,1453.0,726.5,2778160.0
000262188,신당역(2호선),동대문영업사업소,시민용,신당지하철역(2호선),2017-04-30,2017,4,2017-04,정기분,수납 완료,1421.0,710.5,2800100.0
000262188,신당역(2호선),동대문영업사업소,시민용,신당지하철역(2호선),2017-06-30,2017,6,2017-06,정기분,수납 완료,2056.0,1028.0,4133600.0
000262188,신당역(2호선),동대문영업사업소,시민용,신당지하철역(2호선),2017-08-31,2017,8,2017-08,정기분,수납 완료,2851.0,1425.5,5803100.0
000262188,신당역(2호선),동대문영업사업소,시민용,신당지하철역(2호선),2017-10-31,2017,10,2017-10,정기분,수납 완료,2925.0,1462.5,5958500.0
000262188,신당역(2호선),동대문영업사업소,시민용,신당지하철역(2호선),2017-12-31,2017,12,2017-12,정기분,수납 완료,1436.0,718.0,2831600.0
000262188,신당역(2호선),동대문영업사업소,시민용,신당지하철역(2호선),2018-02-28,2018,2,2018-02,정기분,수납 완료,1415.0,707.5,2836230.0
000262188,신당역(2호선),동대문영업사업소,시민용,신당지하철역(2호선),2018-04-30,2018,4,2018-04,정기분,수납 완료,1473.0,736.5,3056330.0
000262188,신당역(2호선),동대문영업사업소,시민용,신당지하철역(2호선),2018-06-30,2018,6,2018-06,정기분,수납 완료,1447.0,723.5,2998870.0
000262188,신당역(2호선),동대문영업사업소,시민용,신당지하철역(2호선),2018-08-31,2018,8,2018-08,정기분,수납 완료,2487.0,1243.5,5297270.0
000262188,신당역(2호선),동대문영업사업소,시민용,신당지하철역(2호선),2018-10-31,2018,10,2018-10,정기분,수납 완료,2928.0,1464.0,6271880.0
000262188,신당역(2호선),동대문영업사업소,시민용,신당지하철역(2호선),2018-12-31,2018,12,2018-12,정기분,수납 완료,1311.0,655.5,2698310.0
000262188,신당역(2호선),동대문영업사업소,시민용,신당지하철역(2호선),2019-02-28,2019,2,2019-02,정기분,수납 완료,1273.0,636.5,2663070.0
000262188,신당역(2호선),동대문영업사업소,시민용,신당지하철역(2호선),2019-04-30,2019,4,2019-04,정기분,수납 완료,1077.0,538.5,2299410.0
000262188,신당역(2호선),동대문영업사업소,시민용,신당지하철역(2호선),2019-06-30,2019,6,2019-06,정기분,수납 완료,1410.0,705.0,3075300.0
000262188,신당역(2호선),동대문영업사업소,시민용,신당지하철역(2호선),2019-08-31,2019,8,2019-08,정기분,수납 완료,2051.0,1025.5,4568830.0
000262188,신당역(2호선),동대문영업사업소,시민용,신당지하철역(2호선),2019-10-31,2019,10,2019-10,정기분,수납 완료,2707.0,1353.5,6097310.0
000262188,신당역(2호선),동대문영업사업소,시민용,신당지하철역(2호선),2019-12-31,2019,12,2019-12,정기분,수납 완료,1288.0,644.0,2791040.0
000262188,신당역(2호선),동대문영업사업소,시민용,신당지하철역(2호선),2020-02-29,2020,2,2020-02,정기분,수납 완료,994.0,497.0,2106020.0
000262188,신당역(2호선),동대문영업사업소,시민용,신당지하철역(2호선),2020-04-30,2020,4,2020-04,정기분,수납 완료,1010.0,505.0,2143300.0
000262188,신당역(2호선),동대문영업사업소,시민용,신당지하철역(2호선),2020-06-30,2020,6,2020-06,정기분,수납 완료,850.0,425.0,1770500.0
000262188,신당역(2호선),동대문영업사업소,시민용,신당지하철역(2호선),2020-08-31,2020,8,2020-08,정기분,수납 완료,815.0,407.5,1688950.0
000262188,신당역(2호선),동대문영업사업소,시민용,신당지하철역(2호선),2020-10-31,2020,10,2020-10,정기분,수납 완료,3028.0,1514.0,6845240.0
000262188,신당역(2호선),동대문영업사업소,시민용,신당지하철역(2호선),2020-12-31,2020,12,2020-12,정기분,수납 완료,937.0,468.5,1973210.0
000262188,신당역(2호선),동대문영업사업소,시민용,신당지하철역(2호선),2021-02-28,2021,2,2021-02,정기분,수납 완료,683.0,341.5,1381390.0
000262188,신당역(2호선),동대문영업사업소,시민용,신당지하철역(2호선),2021-04-30,2021,4,2021-04,정기분,수납 완료,827.0,413.5,1716910.0
000262188,신당역(2호선),동대문영업사업소,시민용,신당지하철역(2호선),2021-06-30,2021,6,2021-06,정기분,수납 완료,943.0,471.5,1987190.0
000262188,신당역(2호선),동대문영업사업소,시민용,신당지하철역(2호선),2021-08-31,2021,8,2021-08,정기분,수납 완료,2351.0,1175.5,5446030.0
000262188,신당역(2호선),동대문영업사업소,시민용,신당지하철역(2호선),2021-10-31,2021,10,2021-10,정기분,수납 완료,3928.0,1964.0,9771120.0
000262188,신당역(2호선),동대문영업사업소,시민용,신당지하철역(2호선),2021-12-31,2021,12,2021-12,정기분,수납 완료,1066.0,533.0,2501640.0
000262188,신당역(2호선),동대문영업사업소,시민용,신당지하철역(2호선),2022-02-28,2022,2,2022-02,정기분,수납 완료,812.0,406.0,1913790.0
000262188,신당역(2호선),동대문영업사업소,시민용,신당지하철역(2호선),2022-04-30,2022,4,2022-04,정기분,수납 완료,851.0,425.5,2121150.0
000262188,신당역(2호선),동대문영업사업소,시민용,신당지하철역(2호선),2022-06-30,2022,6,2022-06,정기분,수납 완료,924.0,462.0,2272560.0
000262188,신당역(2호선),동대문영업사업소,시민용,신당지하철역(2호선),2022-08-31,2022,8,2022-08,정기분,수납 완료,1572.0,786.0,4031800.0
000262188,신당역(2호선),동대문영업사업소,시민용,신당지하철역(2호선),2022-10-31,2022,10,2022-10,정기분,수납 완료,1702.0,851.0,4376300.0
000262188,신당역(2호선),동대문영업사업소,시민용,신당지하철역(2호선),2022-12-31,2022,12,2022-12,정기분,수납 완료,734.0,367.0,1811100.0
000262188,신당역(2호선),동대문영업사업소,시민용,신당지하철역(2호선),2023-02-28,2023,2,2023-02,정기분,수납 완료,661.0,330.5,1769440.0
000262188,신당역(2호선),동대문영업사업소,시민용,신당지하철역(2호선),2023-04-30,2023,4,2023-04,정기분,수납 완료,680.0,340.0,2110800.0
000262188,신당역(2호선),동대문영업사업소,시민용,신당지하철역(2호선),2023-06-30,2023,6,2023-06,정기분,수납 완료,872.0,436.0,2755920.0
000262188,신당역(2호선),동대문영업사업소,시민용,신당지하철역(2호선),2023-08-31,2023,8,2023-08,정기분,수납 완료,1526.0,763.0,4953360.0
000262188,신당역(2호선),동대문영업사업소,시민용,신당지하철역(2호선),2023-10-31,2023,10,2023-10,정기분,수납 완료,1801.0,900.5,5877360.0
000262188,신당역(2호선),동대문영업사업소,시민용,신당지하철역(2호선),2023-12-31,2023,12,2023-12,정기분,수납 완료,849.0,424.5,2678640.0
000262188,신당역(2호선),동대문영업사업소,시민용,신당지하철역(2호선),2024-02-29,2024,2,2024-02,정기분,수납 완료,853.0,426.5,2685970.0
000262188,신당역(2호선),동대문영업사업소,시민용,신당지하철역(2호선),2024-04-30,2024,4,2024-04,정기분,수납 완료,1018.0,509.0,3246480.0
000262188,신당역(2호선),동대문영업사업소,시민용,신당지하철역(2호선),2024-06-30,2024,6,2024-06,정기분,수납 완료,1404.0,702.0,4543440.0
000262188,신당역(2호선),동대문영업사업소,시민용,신당지하철역(2호선),2024-08-31,2024,8,2024-08,정기분,수납 완료,2106.0,1053.0,6913820.0
000262188,신당역(2호선),동대문영업사업소,시민용,신당지하철역(2호선),2024-10-31,2024,10,2024-10,정기분,수납 완료,2257.0,1128.5,7437790.0
000262188,신당역(2호선),동대문영업사업소,시민용,신당지하철역(2호선),2024-12-31,2024,12,2024-12,정기분,수납 완료,1502.0,751.0,4872720.0
000262188,신당역(2호선),동대문영업사업소,시민용,신당지하철역(2호선),2025-02-28,2025,2,2025-02,정기분,수납 완료,1399.0,699.5,4528560.0
000262188,신당역(2호선),동대문영업사업소,시민용,신당지하철역(2호선),2025-04-30,2025,4,2025-04,정기분,수납 완료,1378.0,689.0,4456080.0
000262188,신당역(2호선),동대문영업사업소,시민용,신당지하철역(2호선),2025-06-30,2025,6,2025-06,정기분,수납 완료,1585.0,792.5,5151600.0
000262188,신당역(2호선),동대문영업사업소,시민용,신당지하철역(2호선),2025-08-31,2025,8,2025-08,정기분,수납 완료,2239.0,1119.5,7374330.0
000262188,신당역(2호선),동대문영업사업소,시민용,신당지하철역(2호선),2025-10-31,2025,10,2025-10,정기분,수납 완료,2999.0,1499.5,10011530.0
000262188,신당역(2호선),동대문영업사업소,시민용,신당지하철역(2호선),2025-12-31,2025,12,2025-12,정기분,수납 완료,1588.0,794.0,5160680.0
000262188,신당역(2호선),동대문영업사업소,시민용,신당지하철역(2호선),2026-02-28,2026,2,2026-02,정기분,수납 완료,1354.0,677.0,4467850.0
000262188,신당역(2호선),동대문영업사업소,시민용,신당지하철역(2호선),2026-04-30,2026,4,2026-04,정기분,수납 완료,1362.0,681.0,4658280.0
023011906,신도림역,당산영업사업소,시민용,신도림역,2008-06-30,2008,6,2008-06,정기분,수납 완료,4681.0,2340.5,4935720.0
023011906,신도림역,당산영업사업소,시민용,신도림역,2008-08-31,2008,8,2008-08,정기분,수납 완료,6599.0,3299.5,7412520.0
023011906,신도림역,당산영업사업소,시민용,신도림역,2008-10-31,2008,10,2008-10,정기분,수납 완료,8336.0,4168.0,9556520.0
023011906,신도림역,당산영업사업소,시민용,신도림역,2008-12-31,2008,12,2008-12,정기분,수납 완료,5037.0,2518.5,6245360.0
023011906,신도림역,당산영업사업소,시민용,신도림역,2009-02-28,2009,2,2009-02,정기분,수납 완료,4102.0,2051.0,5464320.0
023011906,신도림역,당산영업사업소,시민용,신도림역,2009-04-30,2009,4,2009-04,정기분,수납 완료,3876.0,1938.0,5056160.0
023011906,신도림역,당산영업사업소,시민용,신도림역,2009-06-30,2009,6,2009-06,정기분,수납 완료,4749.0,2374.5,5742240.0
023011906,신도림역,당산영업사업소,시민용,신도림역,2009-08-31,2009,8,2009-08,정기분,수납 완료,6891.0,3445.5,8545440.0
023011906,신도림역,당산영업사업소,시민용,신도림역,2009-10-31,2009,10,2009-10,정기분,수납 완료,8879.0,4439.5,10083660.0
023011906,신도림역,당산영업사업소,시민용,신도림역,2009-12-31,2009,12,2009-12,정기분,수납 완료,5613.0,2806.5,6026060.0
023011906,신도림역,당산영업사업소,시민용,신도림역,2010-02-28,2010,2,2010-02,정기분,수납 완료,4431.0,2215.5,4397540.0
023011906,신도림역,당산영업사업소,시민용,신도림역,2010-04-30,2010,4,2010-04,정기분,수납 완료,4793.0,2396.5,4735460.0
023011906,신도림역,당산영업사업소,시민용,신도림역,2010-06-30,2010,6,2010-06,정기분,수납 완료,5183.0,2591.5,4962440.0
023011906,신도림역,당산영업사업소,시민용,신도림역,2010-08-31,2010,8,2010-08,정기분,수납 완료,7876.0,3938.0,9208200.0
023011906,신도림역,당산영업사업소,시민용,신도림역,2010-10-31,2010,10,2010-10,정기분,수납 완료,8582.0,4291.0,10191440.0
023011906,신도림역,당산영업사업소,시민용,신도림역,2010-12-31,2010,12,2010-12,정기분,수납 완료,4606.0,2303.0,6021200.0
023011906,신도림역,당산영업사업소,시민용,신도림역,2011-02-28,2011,2,2011-02,정기분,수납 완료,3953.0,1976.5,5224890.0
023011906,신도림역,당산영업사업소,시민용,신도림역,2011-04-30,2011,4,2011-04,정기분,수납 완료,4117.0,2058.5,5436450.0
023011906,신도림역,당산영업사업소,시민용,신도림역,2011-06-30,2011,6,2011-06,정기분,수납 완료,4113.0,2056.5,5459420.0
023011906,신도림역,당산영업사업소,시민용,신도림역,2011-08-31,2011,8,2011-08,정기분,수납 완료,3452.0,1726.0,4633200.0
023011906,신도림역,당산영업사업소,시민용,신도림역,2011-10-31,2011,10,2011-10,정기분,수납 완료,6166.0,3083.0,9209340.0
023011906,신도림역,당산영업사업소,시민용,신도림역,2011-12-31,2011,12,2011-12,정기분,수납 완료,4662.0,2331.0,6836020.0
023011906,신도림역,당산영업사업소,시민용,신도림역,2012-02-29,2012,2,2012-02,정기분,수납 완료,2984.0,1492.0,4210020.0
023011906,신도림역,당산영업사업소,시민용,신도림역,2012-04-30,2012,4,2012-04,정기분,수납 완료,3566.0,1783.0,6057560.0
023011906,신도림역,당산영업사업소,시민용,신도림역,2012-06-30,2012,6,2012-06,정기분,수납 완료,5086.0,2543.0,8409120.0
023011906,신도림역,당산영업사업소,시민용,신도림역,2012-08-31,2012,8,2012-08,정기분,수납 완료,6604.0,3302.0,11173200.0
023011906,신도림역,당산영업사업소,시민용,신도림역,2012-10-31,2012,10,2012-10,정기분,수납 완료,16802.0,8401.0,28159280.0
023011906,신도림역,당산영업사업소,시민용,신도림역,2012-12-31,2012,12,2012-12,정기분,수납 완료,7411.0,3705.5,12812600.0
023011906,신도림역,당산영업사업소,시민용,신도림역,2013-02-28,2013,2,2013-02,정기분,수납 완료,4398.0,2199.0,7536440.0
023011906,신도림역,당산영업사업소,시민용,신도림역,2013-04-30,2013,4,2013-04,정기분,수납 완료,4491.0,2245.5,8707600.0
023011906,신도림역,당산영업사업소,시민용,신도림역,2013-06-30,2013,6,2013-06,정기분,수납 완료,5373.0,2686.5,10081400.0
023011906,신도림역,당산영업사업소,시민용,신도림역,2013-08-31,2013,8,2013-08,정기분,수납 완료,6764.0,3382.0,12612240.0
023011906,신도림역,당산영업사업소,시민용,신도림역,2013-10-31,2013,10,2013-10,정기분,수납 완료,8737.0,4368.5,16239440.0
023011906,신도림역,당산영업사업소,시민용,신도림역,2013-12-31,2013,12,2013-12,정기분,수납 완료,5819.0,2909.5,10826120.0
023011906,신도림역,당산영업사업소,시민용,신도림역,2014-02-28,2014,2,2014-02,정기분,수납 완료,5192.0,2596.0,9672440.0
023011906,신도림역,당산영업사업소,시민용,신도림역,2014-04-30,2014,4,2014-04,정기분,수납 완료,4973.0,2486.5,10081400.0
023011906,신도림역,당산영업사업소,시민용,신도림역,2014-06-30,2014,6,2014-06,정기분,수납 완료,6749.0,3374.5,13633400.0
023011906,신도림역,당산영업사업소,시민용,신도림역,2014-08-31,2014,8,2014-08,정기분,수납 완료,8255.0,4127.5,16645400.0
023011906,신도림역,당산영업사업소,시민용,신도림역,2014-10-31,2014,10,2014-10,정기분,수납 완료,8453.0,4226.5,17041400.0
023011906,신도림역,당산영업사업소,시민용,신도림역,2014-12-31,2014,12,2014-12,정기분,수납 완료,5512.0,2756.0,11159400.0
023011906,신도림역,당산영업사업소,시민용,신도림역,2015-02-28,2015,2,2015-02,정기분,수납 완료,5006.0,2503.0,10147400.0
023011906,신도림역,당산영업사업소,시민용,신도림역,2015-04-30,2015,4,2015-04,정기분,수납 완료,4539.0,2269.5,9109000.0
023011906,신도림역,당산영업사업소,시민용,신도림역,2015-06-30,2015,6,2015-06,정기분,수납 완료,5465.0,2732.5,10992500.0
023011906,신도림역,당산영업사업소,시민용,신도림역,2015-08-31,2015,8,2015-08,정기분,수납 완료,8072.0,4036.0,16556300.0
023011906,신도림역,당산영업사업소,시민용,신도림역,2015-10-31,2015,10,2015-10,정기분,수납 완료,10107.0,5053.5,22702000.0
023011906,신도림역,당산영업사업소,시민용,신도림역,2015-12-31,2015,12,2015-12,정기분,수납 완료,5792.0,2896.0,11577800.0
023011906,신도림역,당산영업사업소,시민용,신도림역,2016-02-29,2016,2,2016-02,정기분,수납 완료,4494.0,2247.0,8981800.0
023011906,신도림역,당산영업사업소,시민용,신도림역,2016-04-30,2016,4,2016-04,정기분,수납 완료,4237.0,2118.5,8397600.0
023011906,신도림역,당산영업사업소,시민용,신도림역,2016-06-30,2016,6,2016-06,정기분,수납 완료,5241.0,2620.5,10405600.0
023011906,신도림역,당산영업사업소,시민용,신도림역,2016-08-31,2016,8,2016-08,정기분,수납 완료,6277.0,3138.5,12477600.0
023011906,신도림역,당산영업사업소,시민용,신도림역,2016-10-31,2016,10,2016-10,정기분,수납 완료,7576.0,3788.0,15075600.0
023011906,신도림역,당산영업사업소,시민용,신도림역,2016-12-31,2016,12,2016-12,정기분,수납 완료,5528.0,2764.0,10979600.0
023011906,신도림역,당산영업사업소,시민용,신도림역,2017-02-28,2017,2,2017-02,정기분,수납 완료,4568.0,2284.0,9211830.0
023011906,신도림역,당산영업사업소,시민용,신도림역,2017-04-30,2017,4,2017-04,정기분,수납 완료,4479.0,2239.5,9323230.0
023011906,신도림역,당산영업사업소,시민용,신도림역,2017-06-30,2017,6,2017-06,정기분,수납 완료,5337.0,2668.5,11122300.0
023011906,신도림역,당산영업사업소,시민용,신도림역,2017-08-31,2017,8,2017-08,정기분,수납 완료,6024.0,3012.0,12565000.0
023011906,신도림역,당산영업사업소,시민용,신도림역,2017-10-31,2017,10,2017-10,정기분,수납 완료,7720.0,3860.0,16167520.0
023011906,신도림역,당산영업사업소,시민용,신도림역,2017-12-31,2017,12,2017-12,정기분,수납 완료,5691.0,2845.5,11906620.0
023011906,신도림역,당산영업사업소,시민용,신도림역,2018-02-28,2018,2,2018-02,정기분,수납 완료,5202.0,2601.0,11061450.0
023011906,신도림역,당산영업사업소,시민용,신도림역,2018-04-30,2018,4,2018-04,정기분,수납 완료,4676.0,2338.0,10278200.0
023011906,신도림역,당산영업사업소,시민용,신도림역,2018-06-30,2018,6,2018-06,정기분,수납 완료,5443.0,2721.5,11973270.0
023011906,신도림역,당산영업사업소,시민용,신도림역,2018-08-31,2018,8,2018-08,정기분,수납 완료,6263.0,3131.5,13785470.0
023011906,신도림역,당산영업사업소,시민용,신도림역,2018-10-31,2018,10,2018-10,정기분,수납 완료,7185.0,3592.5,15823090.0
023011906,신도림역,당산영업사업소,시민용,신도림역,2018-12-31,2018,12,2018-12,정기분,수납 완료,5618.0,2809.0,12360020.0
023011906,신도림역,당산영업사업소,시민용,신도림역,2019-02-28,2019,2,2019-02,정기분,수납 완료,4946.0,2473.0,11018890.0
023011906,신도림역,당산영업사업소,시민용,신도림역,2019-04-30,2019,4,2019-04,정기분,수납 완료,4736.0,2368.0,10923480.0
023011906,신도림역,당산영업사업소,시민용,신도림역,2019-06-30,2019,6,2019-06,정기분,수납 완료,5402.0,2701.0,12475260.0
023011906,신도림역,당산영업사업소,시민용,신도림역,2019-08-31,2019,8,2019-08,정기분,수납 완료,6800.0,3400.0,15732600.0
023011906,신도림역,당산영업사업소,시민용,신도림역,2019-10-31,2019,10,2019-10,정기분,수납 완료,7199.0,3599.5,16662270.0
023011906,신도림역,당산영업사업소,시민용,신도림역,2019-12-31,2019,12,2019-12,정기분,수납 완료,5522.0,2761.0,12754860.0
023011906,신도림역,당산영업사업소,시민용,신도림역,2020-02-29,2020,2,2020-02,정기분,수납 완료,4606.0,2303.0,10620580.0
023011906,신도림역,당산영업사업소,시민용,신도림역,2020-04-30,2020,4,2020-04,정기분,수납 완료,3729.0,1864.5,8577170.0
023011906,신도림역,당산영업사업소,시민용,신도림역,2020-06-30,2020,6,2020-06,정기분,수납 완료,3760.0,1880.0,8649400.0
023011906,신도림역,당산영업사업소,시민용,신도림역,2020-08-31,2020,8,2020-08,정기분,수납 완료,5353.0,2676.5,12361090.0
023011906,신도림역,당산영업사업소,시민용,신도림역,2020-10-31,2020,10,2020-10,정기분,수납 완료,6126.0,3063.0,14320580.0
023011906,신도림역,당산영업사업소,시민용,신도림역,2020-12-31,2020,12,2020-12,정기분,수납 완료,4195.0,2097.5,9662950.0
023011906,신도림역,당산영업사업소,시민용,신도림역,2021-02-28,2021,2,2021-02,정기분,수납 완료,3384.0,1692.0,7773320.0
023011906,신도림역,당산영업사업소,시민용,신도림역,2021-04-30,2021,4,2021-04,정기분,수납 완료,3392.0,1696.0,7791960.0
023011906,신도림역,당산영업사업소,시민용,신도림역,2021-06-30,2021,6,2021-06,정기분,수납 완료,4188.0,2094.0,9646640.0
023011906,신도림역,당산영업사업소,시민용,신도림역,2021-08-31,2021,8,2021-08,정기분,수납 완료,4831.0,2415.5,11477510.0
023011906,신도림역,당산영업사업소,시민용,신도림역,2021-10-31,2021,10,2021-10,정기분,수납 완료,6241.0,3120.5,15744740.0
023011906,신도림역,당산영업사업소,시민용,신도림역,2021-12-31,2021,12,2021-12,정기분,수납 완료,4749.0,2374.5,11955060.0
023011906,신도림역,당산영업사업소,시민용,신도림역,2022-02-28,2022,2,2022-02,정기분,수납 완료,3826.0,1913.0,9771340.0
023011906,신도림역,당산영업사업소,시민용,신도림역,2022-04-30,2022,4,2022-04,정기분,수납 완료,3722.0,1861.0,9827900.0
023011906,신도림역,당산영업사업소,시민용,신도림역,2022-06-30,2022,6,2022-06,정기분,수납 완료,4593.0,2296.5,12064850.0
023011906,신도림역,당산영업사업소,시민용,신도림역,2022-08-31,2022,8,2022-08,정기분,수납 완료,5973.0,2986.5,15793050.0
023011906,신도림역,당산영업사업소,시민용,신도림역,2022-10-31,2022,10,2022-10,정기분,수납 완료,6497.0,3248.5,17181650.0
023011906,신도림역,당산영업사업소,시민용,신도림역,2022-12-31,2022,12,2022-12,정기분,수납 완료,5673.0,2836.5,14998050.0
023011906,신도림역,당산영업사업소,시민용,신도림역,2023-02-28,2023,2,2023-02,정기분,수납 완료,4540.0,2270.0,13126700.0
023011906,신도림역,당산영업사업소,시민용,신도림역,2023-04-30,2023,4,2023-04,정기분,수납 완료,4081.0,2040.5,13865670.0
023011906,신도림역,당산영업사업소,시민용,신도림역,2023-06-30,2023,6,2023-06,정기분,수납 완료,5744.0,2872.0,19636280.0
023011906,신도림역,당산영업사업소,시민용,신도림역,2023-08-31,2023,8,2023-08,정기분,수납 완료,5694.0,2847.0,19462780.0
023011906,신도림역,당산영업사업소,시민용,신도림역,2023-10-31,2023,10,2023-10,정기분,수납 완료,6357.0,3178.5,21763390.0
023011906,신도림역,당산영업사업소,시민용,신도림역,2023-12-31,2023,12,2023-12,정기분,수납 완료,5397.0,2698.5,18432190.0
023011906,신도림역,당산영업사업소,시민용,신도림역,2024-02-29,2024,2,2024-02,정기분,수납 완료,4368.0,2184.0,14861560.0
023011906,신도림역,당산영업사업소,시민용,신도림역,2024-04-30,2024,4,2024-04,정기분,수납 완료,4353.0,2176.5,14809510.0
023011906,신도림역,당산영업사업소,시민용,신도림역,2024-06-30,2024,6,2024-06,정기분,수납 완료,5508.0,2754.0,18817360.0
023011906,신도림역,당산영업사업소,시민용,신도림역,2024-08-31,2024,8,2024-08,정기분,수납 완료,6230.0,3115.0,21322700.0
023011906,신도림역,당산영업사업소,시민용,신도림역,2024-10-31,2024,10,2024-10,정기분,수납 완료,6975.0,3487.5,23907850.0
023011906,신도림역,당산영업사업소,시민용,신도림역,2024-12-31,2024,12,2024-12,정기분,수납 완료,5601.0,2800.5,19140070.0
023011906,신도림역,당산영업사업소,시민용,신도림역,2025-02-28,2025,2,2025-02,정기분,수납 완료,4891.0,2445.5,16821970.0
023011906,신도림역,당산영업사업소,시민용,신도림역,2025-04-30,2025,4,2025-04,정기분,수납 완료,4192.0,2096.0,14306440.0
023011906,신도림역,당산영업사업소,시민용,신도림역,2025-06-30,2025,6,2025-06,정기분,수납 완료,5337.0,2668.5,18306990.0
023011906,신도림역,당산영업사업소,시민용,신도림역,2025-08-31,2025,8,2025-08,정기분,수납 완료,6257.0,3128.5,21671790.0
023011906,신도림역,당산영업사업소,시민용,신도림역,2025-10-31,2025,10,2025-10,정기분,수납 완료,7623.0,3811.5,26653810.0
023011906,신도림역,당산영업사업소,시민용,신도림역,2025-12-31,2025,12,2025-12,정기분,수납 완료,5247.0,2623.5,18281090.0
023011906,신도림역,당산영업사업소,시민용,신도림역,2026-02-28,2026,2,2026-02,정기분,수납 완료,4121.0,2060.5,14631680.0
023011906,신도림역,당산영업사업소,시민용,신도림역,2026-04-30,2026,4,2026-04,정기분,수납 완료,3681.0,1840.5,13259040.0
021205524,신용산역,동작영업사업소,시민용,신용산역,2008-06-30,2008,6,2008-06,정기분,수납 완료,1632.0,816.0,1183930.0
021205524,신용산역,동작영업사업소,시민용,신용산역,2008-07-31,2008,7,2008-07,정기분,수납 완료,816.0,408.0,1017480.0
021205524,신용산역,동작영업사업소,시민용,신용산역,2008-08-31,2008,8,2008-08,정기분,수납 완료,1672.0,836.0,1068680.0
021205524,신용산역,동작영업사업소,시민용,신용산역,2008-09-30,2008,9,2008-09,정기분,수납 완료,836.0,418.0,1043080.0
021205524,신용산역,동작영업사업소,시민용,신용산역,2008-10-31,2008,10,2008-10,정기분,수납 완료,1722.0,861.0,1107080.0
021205524,신용산역,동작영업사업소,시민용,신용산역,2008-11-30,2008,11,2008-11,정기분,수납 완료,861.0,430.5,1075080.0
021205524,신용산역,동작영업사업소,시민용,신용산역,2008-12-31,2008,12,2008-12,정기분,수납 완료,1831.0,915.5,1214600.0
021205524,신용산역,동작영업사업소,시민용,신용산역,2009-01-31,2009,1,2009-01,정기분,수납 완료,916.0,458.0,1145480.0
021205524,신용산역,동작영업사업소,시민용,신용산역,2009-02-28,2009,2,2009-02,정기분,수납 완료,1454.0,727.0,661640.0
021205524,신용산역,동작영업사업소,시민용,신용산역,2009-03-31,2009,3,2009-03,정기분,수납 완료,727.0,363.5,903560.0
021205524,신용산역,동작영업사업소,시민용,신용산역,2009-04-30,2009,4,2009-04,정기분,수납 완료,1398.0,699.0,831880.0
021205524,신용산역,동작영업사업소,시민용,신용산역,2009-05-31,2009,5,2009-05,정기분,수납 완료,699.0,349.5,867720.0
021205524,신용산역,동작영업사업소,시민용,신용산역,2009-06-30,2009,6,2009-06,정기분,수납 완료,1549.0,774.5,1061000.0
021205524,신용산역,동작영업사업소,시민용,신용산역,2009-07-31,2009,7,2009-07,정기분,수납 완료,775.0,387.5,965000.0
021205524,신용산역,동작영업사업소,시민용,신용산역,2009-08-31,2009,8,2009-08,정기분,수납 완료,1581.0,790.5,1004680.0
021205524,신용산역,동작영업사업소,시민용,신용산역,2009-09-30,2009,9,2009-09,정기분,수납 완료,791.0,395.5,985480.0
021205524,신용산역,동작영업사업소,시민용,신용산역,2009-10-31,2009,10,2009-10,정기분,수납 완료,1626.0,813.0,1041800.0
021205524,신용산역,동작영업사업소,시민용,신용산역,2009-11-30,2009,11,2009-11,정기분,수납 완료,813.0,406.5,1013640.0
021205524,신용산역,동작영업사업소,시민용,신용산역,2009-12-31,2009,12,2009-12,정기분,수납 완료,1735.0,867.5,1146650.0
021205524,신용산역,동작영업사업소,시민용,신용산역,2010-01-31,2010,1,2010-01,정기분,수납 완료,790.0,395.0,984200.0
021205524,신용산역,동작영업사업소,시민용,신용산역,2010-02-28,2010,2,2010-02,정기분,수납 완료,1453.0,726.5,821640.0
021205524,신용산역,동작영업사업소,시민용,신용산역,2010-03-31,2010,3,2010-03,정기분,수납 완료,727.0,363.5,903560.0
021205524,신용산역,동작영업사업소,시민용,신용산역,2010-04-30,2010,4,2010-04,정기분,수납 완료,1288.0,644.0,691080.0
021205524,신용산역,동작영업사업소,시민용,신용산역,2010-05-31,2010,5,2010-05,정기분,수납 완료,644.0,322.0,797320.0
021205524,신용산역,동작영업사업소,시민용,신용산역,2010-06-30,2010,6,2010-06,정기분,수납 완료,1378.0,689.0,912520.0
021205524,신용산역,동작영업사업소,시민용,신용산역,2010-07-31,2010,7,2010-07,정기분,수납 완료,689.0,344.5,854920.0
021205524,신용산역,동작영업사업소,시민용,신용산역,2010-08-31,2010,8,2010-08,정기분,수납 완료,1515.0,757.5,1030280.0
021205524,신용산역,동작영업사업소,시민용,신용산역,2010-09-30,2010,9,2010-09,정기분,수납 완료,758.0,379.0,943240.0
021205524,신용산역,동작영업사업소,시민용,신용산역,2010-10-31,2010,10,2010-10,정기분,수납 완료,1462.0,731.0,874120.0
021205524,신용산역,동작영업사업소,시민용,신용산역,2010-11-30,2010,11,2010-11,정기분,수납 완료,731.0,365.5,908680.0
021205524,신용산역,동작영업사업소,시민용,신용산역,2010-12-31,2010,12,2010-12,정기분,수납 완료,1481.0,740.5,933000.0
021205524,신용산역,동작영업사업소,시민용,신용산역,2011-01-31,2011,1,2011-01,정기분,수납 완료,741.0,370.5,921480.0
021205524,신용산역,동작영업사업소,시민용,신용산역,2011-02-28,2011,2,2011-02,정기분,수납 완료,1317.0,658.5,717050.0
021205524,신용산역,동작영업사업소,시민용,신용산역,2011-03-31,2011,3,2011-03,정기분,수납 완료,659.0,329.5,823110.0
021205524,신용산역,동작영업사업소,시민용,신용산역,2011-04-30,2011,4,2011-04,정기분,수납 완료,1270.0,635.0,761190.0
021205524,신용산역,동작영업사업소,시민용,신용산역,2011-05-31,2011,5,2011-05,정기분,수납 완료,635.0,317.5,792150.0
021205524,신용산역,동작영업사업소,시민용,신용산역,2011-06-30,2011,6,2011-06,정기분,수납 완료,1310.0,655.0,843750.0
021205524,신용산역,동작영업사업소,시민용,신용산역,2011-07-31,2011,7,2011-07,정기분,수납 완료,655.0,327.5,817950.0
021205524,신용산역,동작영업사업소,시민용,신용산역,2011-08-31,2011,8,2011-08,정기분,수납 완료,1336.0,668.0,851490.0
021205524,신용산역,동작영업사업소,시민용,신용산역,2011-09-30,2011,9,2011-09,정기분,수납 완료,668.0,334.0,834720.0
021205524,신용산역,동작영업사업소,시민용,신용산역,2011-10-31,2011,10,2011-10,정기분,수납 완료,1322.0,661.0,816660.0
021205524,신용산역,동작영업사업소,시민용,신용산역,2011-11-30,2011,11,2011-11,정기분,수납 완료,661.0,330.5,825690.0
021205524,신용산역,동작영업사업소,시민용,신용산역,2011-12-31,2011,12,2011-12,정기분,수납 완료,1327.0,663.5,832140.0
021205524,신용산역,동작영업사업소,시민용,신용산역,2012-01-31,2012,1,2012-01,정기분,수납 완료,664.0,332.0,829560.0
021205524,신용산역,동작영업사업소,시민용,신용산역,2012-02-29,2012,2,2012-02,정기분,수납 완료,1154.0,577.0,605100.0
021205524,신용산역,동작영업사업소,시민용,신용산역,2012-03-31,2012,3,2012-03,정기분,수납 완료,577.0,288.5,899780.0
021205524,신용산역,동작영업사업소,시민용,신용산역,2012-04-30,2012,4,2012-04,정기분,수납 완료,1264.0,632.0,1080180.0
021205524,신용산역,동작영업사업소,시민용,신용산역,2012-05-31,2012,5,2012-05,정기분,수납 완료,632.0,316.0,989980.0
021205524,신용산역,동작영업사업소,시민용,신용산역,2012-06-30,2012,6,2012-06,정기분,수납 완료,1426.0,713.0,1255660.0
021205524,신용산역,동작영업사업소,시민용,신용산역,2012-07-31,2012,7,2012-07,정기분,수납 완료,713.0,356.5,1122820.0
021205524,신용산역,동작영업사업소,시민용,신용산역,2012-08-31,2012,8,2012-08,정기분,수납 완료,1414.0,707.0,1103140.0
021205524,신용산역,동작영업사업소,시민용,신용산역,2012-09-30,2012,9,2012-09,정기분,수납 완료,707.0,353.5,1112980.0
021205524,신용산역,동작영업사업소,시민용,신용산역,2012-10-31,2012,10,2012-10,정기분,수납 완료,1316.0,658.0,952260.0
021205524,신용산역,동작영업사업소,시민용,신용산역,2012-11-30,2012,11,2012-11,정기분,수납 완료,658.0,329.0,1032620.0
021205524,신용산역,동작영업사업소,시민용,신용산역,2012-12-31,2012,12,2012-12,정기분,수납 완료,1297.0,648.5,1001460.0
021205524,신용산역,동작영업사업소,시민용,신용산역,2013-01-31,2013,1,2013-01,정기분,수납 완료,649.0,324.5,1017860.0
021205524,신용산역,동작영업사업소,시민용,신용산역,2013-02-28,2013,2,2013-02,정기분,수납 완료,1193.0,596.5,845660.0
021205524,신용산역,동작영업사업소,시민용,신용산역,2013-03-31,2013,3,2013-03,정기분,수납 완료,597.0,298.5,1038980.0
021205524,신용산역,동작영업사업소,시민용,신용산역,2013-04-30,2013,4,2013-04,정기분,수납 완료,1294.0,647.0,1222980.0
021205524,신용산역,동작영업사업소,시민용,신용산역,2013-05-31,2013,5,2013-05,정기분,수납 완료,647.0,323.5,1130980.0
021205524,신용산역,동작영업사업소,시민용,신용산역,2013-06-30,2013,6,2013-06,정기분,수납 완료,1309.0,654.5,1158580.0
021205524,신용산역,동작영업사업소,시민용,신용산역,2013-07-31,2013,7,2013-07,정기분,수납 완료,655.0,327.5,1145700.0
021205524,신용산역,동작영업사업소,시민용,신용산역,2013-08-31,2013,8,2013-08,정기분,수납 완료,1417.0,708.5,1342580.0
021205524,신용산역,동작영업사업소,시민용,신용산역,2013-09-30,2013,9,2013-09,정기분,수납 완료,709.0,354.5,1245060.0
021205524,신용산역,동작영업사업소,시민용,신용산역,2013-10-31,2013,10,2013-10,정기분,수납 완료,1266.0,633.0,965380.0
021205524,신용산역,동작영업사업소,시민용,신용산역,2013-11-30,2013,11,2013-11,정기분,수납 완료,633.0,316.5,1105220.0
021205524,신용산역,동작영업사업소,시민용,신용산역,2013-12-31,2013,12,2013-12,정기분,수납 완료,1307.0,653.5,1180660.0
021205524,신용산역,동작영업사업소,시민용,신용산역,2014-01-31,2014,1,2014-01,정기분,수납 완료,654.0,327.0,1143860.0
021205524,신용산역,동작영업사업소,시민용,신용산역,2014-02-28,2014,2,2014-02,정기분,수납 완료,1477.0,738.5,1454820.0
021205524,신용산역,동작영업사업소,시민용,신용산역,2014-03-31,2014,3,2014-03,정기분,수납 완료,739.0,369.5,1412500.0
021205524,신용산역,동작영업사업소,시민용,신용산역,2014-04-30,2014,4,2014-04,정기분,수납 완료,1327.0,663.5,1110500.0
021205524,신용산역,동작영업사업소,시민용,신용산역,2014-05-31,2014,5,2014-05,정기분,수납 완료,664.0,332.0,1262500.0
021205524,신용산역,동작영업사업소,시민용,신용산역,2014-06-30,2014,6,2014-06,정기분,수납 완료,1337.0,668.5,1280500.0
021205524,신용산역,동작영업사업소,시민용,신용산역,2014-07-31,2014,7,2014-07,정기분,수납 완료,669.0,334.5,1272500.0
021205524,신용산역,동작영업사업소,시민용,신용산역,2014-08-31,2014,8,2014-08,정기분,수납 완료,1512.0,756.0,1620500.0
021205524,신용산역,동작영업사업소,시민용,신용산역,2014-09-30,2014,9,2014-09,정기분,수납 완료,756.0,378.0,1446500.0
021205524,신용산역,동작영업사업소,시민용,신용산역,2014-10-31,2014,10,2014-10,정기분,수납 완료,1477.0,738.5,1376500.0
021205524,신용산역,동작영업사업소,시민용,신용산역,2014-11-30,2014,11,2014-11,정기분,수납 완료,739.0,369.5,1412500.0
021205524,신용산역,동작영업사업소,시민용,신용산역,2014-12-31,2014,12,2014-12,정기분,수납 완료,1357.0,678.5,1170500.0
021205524,신용산역,동작영업사업소,시민용,신용산역,2015-01-31,2015,1,2015-01,정기분,수납 완료,679.0,339.5,1292500.0
021205524,신용산역,동작영업사업소,시민용,신용산역,2015-02-28,2015,2,2015-02,정기분,수납 완료,1462.0,731.0,1500500.0
021205524,신용산역,동작영업사업소,시민용,신용산역,2015-03-31,2015,3,2015-03,정기분,수납 완료,731.0,365.5,1396500.0
021205524,신용산역,동작영업사업소,시민용,신용산역,2015-04-30,2015,4,2015-04,정기분,수납 완료,1174.0,587.0,820500.0
021205524,신용산역,동작영업사업소,시민용,신용산역,2015-05-31,2015,5,2015-05,정기분,수납 완료,587.0,293.5,1108500.0
021205524,신용산역,동작영업사업소,시민용,신용산역,2015-06-30,2015,6,2015-06,정기분,수납 완료,1346.0,673.0,1452500.0
021205524,신용산역,동작영업사업소,시민용,신용산역,2015-07-31,2015,7,2015-07,정기분,수납 완료,673.0,336.5,1280500.0
021205524,신용산역,동작영업사업소,시민용,신용산역,2015-08-31,2015,8,2015-08,정기분,수납 완료,1338.0,669.0,1264500.0
021205524,신용산역,동작영업사업소,시민용,신용산역,2015-09-30,2015,9,2015-09,정기분,수납 완료,669.0,334.5,1272500.0
021205524,신용산역,동작영업사업소,시민용,신용산역,2015-10-31,2015,10,2015-10,정기분,수납 완료,1311.0,655.5,1218500.0
021205524,신용산역,동작영업사업소,시민용,신용산역,2015-11-30,2015,11,2015-11,정기분,수납 완료,656.0,328.0,1246500.0
021205524,신용산역,동작영업사업소,시민용,신용산역,2015-12-31,2015,12,2015-12,정기분,수납 완료,1229.0,614.5,1080500.0
021205524,신용산역,동작영업사업소,시민용,신용산역,2016-01-31,2016,1,2016-01,정기분,수납 완료,615.0,307.5,1164500.0
021205524,신용산역,동작영업사업소,시민용,신용산역,2016-02-29,2016,2,2016-02,정기분,수납 완료,1269.0,634.5,1242500.0
021205524,신용산역,동작영업사업소,시민용,신용산역,2016-03-31,2016,3,2016-03,정기분,수납 완료,635.0,317.5,1204500.0
021205524,신용산역,동작영업사업소,시민용,신용산역,2016-04-30,2016,4,2016-04,정기분,수납 완료,1125.0,562.5,914500.0
021205524,신용산역,동작영업사업소,시민용,신용산역,2016-05-31,2016,5,2016-05,정기분,수납 완료,563.0,281.5,1060500.0
021205524,신용산역,동작영업사업소,시민용,신용산역,2016-06-30,2016,6,2016-06,정기분,수납 완료,326.0,163.0,0.0
021205524,신용산역,동작영업사업소,시민용,신용산역,2016-07-31,2016,7,2016-07,정기분,수납 완료,163.0,81.5,126940.0
021205524,신용산역,동작영업사업소,시민용,신용산역,2016-08-31,2016,8,2016-08,정기분,수납 완료,863.0,431.5,1245460.0
021205524,신용산역,동작영업사업소,시민용,신용산역,2016-09-30,2016,9,2016-09,정기분,수납 완료,432.0,216.0,817100.0
021205524,신용산역,동작영업사업소,시민용,신용산역,2016-10-31,2016,10,2016-10,정기분,수납 완료,1374.0,687.0,1799900.0
021205524,신용산역,동작영업사업소,시민용,신용산역,2016-11-30,2016,11,2016-11,정기분,수납 완료,687.0,343.5,1308500.0
021205524,신용산역,동작영업사업소,시민용,신용산역,2016-12-31,2016,12,2016-12,정기분,수납 완료,1458.0,729.0,1476500.0
021205524,신용산역,동작영업사업소,시민용,신용산역,2017-01-31,2017,1,2017-01,정기분,수납 완료,729.0,364.5,1392860.0
021205524,신용산역,동작영업사업소,시민용,신용산역,2017-02-28,2017,2,2017-02,정기분,수납 완료,1207.0,603.5,944060.0
021205524,신용산역,동작영업사업소,시민용,신용산역,2017-03-31,2017,3,2017-03,정기분,수납 완료,604.0,302.0,1198400.0
021205524,신용산역,동작영업사업소,시민용,신용산역,2017-04-30,2017,4,2017-04,정기분,수납 완료,1023.0,511.5,805220.0
021205524,신용산역,동작영업사업소,시민용,신용산역,2017-05-31,2017,5,2017-05,정기분,수납 완료,512.0,256.0,1005200.0
021205524,신용산역,동작영업사업소,시민용,신용산역,2017-06-30,2017,6,2017-06,정기분,수납 완료,1306.0,653.0,1597400.0
021205524,신용산역,동작영업사업소,시민용,신용산역,2017-07-31,2017,7,2017-07,정기분,수납 완료,653.0,326.5,1301300.0
021205524,신용산역,동작영업사업소,시민용,신용산역,2017-08-31,2017,8,2017-08,정기분,수납 완료,1548.0,774.0,1809500.0
021205524,신용산역,동작영업사업소,시민용,신용산역,2017-09-30,2017,9,2017-09,정기분,수납 완료,774.0,387.0,1555400.0
021205524,신용산역,동작영업사업소,시민용,신용산역,2017-10-31,2017,10,2017-10,정기분,수납 완료,1383.0,691.5,1208900.0
021205524,신용산역,동작영업사업소,시민용,신용산역,2017-11-30,2017,11,2017-11,정기분,수납 완료,692.0,346.0,1383200.0
021205524,신용산역,동작영업사업소,시민용,신용산역,2017-12-31,2017,12,2017-12,정기분,수납 완료,1695.0,847.5,2036300.0
021205524,신용산역,동작영업사업소,시민용,신용산역,2018-01-31,2018,1,2018-01,정기분,수납 완료,848.0,424.0,1719880.0
021205524,신용산역,동작영업사업소,시민용,신용산역,2018-02-28,2018,2,2018-02,정기분,수납 완료,1444.0,722.0,1249610.0
021205524,신용산역,동작영업사업소,시민용,신용산역,2018-03-31,2018,3,2018-03,정기분,수납 완료,722.0,361.0,1518120.0
021205524,신용산역,동작영업사업소,시민용,신용산역,2018-04-30,2018,4,2018-04,정기분,수납 완료,1394.0,697.0,1407620.0
021205524,신용산역,동작영업사업소,시민용,신용산역,2018-05-31,2018,5,2018-05,정기분,수납 완료,697.0,348.5,1490230.0
021205524,신용산역,동작영업사업소,시민용,신용산역,2018-06-30,2018,6,2018-06,정기분,수납 완료,1409.0,704.5,1468660.0
021205524,신용산역,동작영업사업소,시민용,신용산역,2018-07-31,2018,7,2018-07,정기분,수납 완료,705.0,352.5,1480550.0
021205524,신용산역,동작영업사업소,시민용,신용산역,2018-08-31,2018,8,2018-08,정기분,수납 완료,1485.0,742.5,1646300.0
021205524,신용산역,동작영업사업소,시민용,신용산역,2018-09-30,2018,9,2018-09,정기분,수납 완료,743.0,371.5,1559190.0
021205524,신용산역,동작영업사업소,시민용,신용산역,2018-10-31,2018,10,2018-10,정기분,수납 완료,1795.0,897.5,2247350.0
021205524,신용산역,동작영업사업소,시민용,신용산역,2018-11-30,2018,11,2018-11,정기분,수납 완료,898.0,449.0,1907080.0
021205524,신용산역,동작영업사업소,시민용,신용산역,2018-12-31,2018,12,2018-12,정기분,수납 완료,1309.0,654.5,830810.0
021205524,신용산역,동작영업사업소,시민용,신용산역,2019-01-31,2019,1,2019-01,정기분,수납 완료,655.0,327.5,1379570.0
021205524,신용산역,동작영업사업소,시민용,신용산역,2019-02-28,2019,2,2019-02,정기분,수납 완료,1394.0,697.0,1632350.0
021205524,신용산역,동작영업사업소,시민용,신용산역,2019-03-31,2019,3,2019-03,정기분,수납 완료,697.0,348.5,1541010.0
021205524,신용산역,동작영업사업소,시민용,신용산역,2019-04-30,2019,4,2019-04,정기분,수납 완료,1159.0,579.5,993460.0
021205524,신용산역,동작영업사업소,시민용,신용산역,2019-05-31,2019,5,2019-05,정기분,수납 완료,580.0,290.0,1268400.0
021205524,신용산역,동작영업사업소,시민용,신용산역,2019-06-30,2019,6,2019-06,정기분,수납 완료,1304.0,652.0,1603920.0
021205524,신용산역,동작영업사업소,시민용,신용산역,2019-07-31,2019,7,2019-07,정기분,수납 완료,652.0,326.0,1436160.0
021205524,신용산역,동작영업사업소,시민용,신용산역,2019-08-31,2019,8,2019-08,정기분,수납 완료,1647.0,823.5,2235350.0
021205524,신용산역,동작영업사업소,시민용,신용산역,2019-09-30,2019,9,2019-09,정기분,수납 완료,824.0,412.0,1836920.0
021205524,신용산역,동작영업사업소,시민용,신용산역,2019-10-31,2019,10,2019-10,정기분,수납 완료,1718.0,859.0,2000020.0
021205524,신용산역,동작영업사업소,시민용,신용산역,2019-11-30,2019,11,2019-11,정기분,수납 완료,859.0,429.5,1918470.0
021205524,신용산역,동작영업사업소,시민용,신용산역,2019-12-31,2019,12,2019-12,정기분,수납 완료,1383.0,691.5,1137920.0
021205524,신용산역,동작영업사업소,시민용,신용산역,2020-01-31,2020,1,2020-01,정기분,수납 완료,692.0,346.0,1529360.0
021205524,신용산역,동작영업사업소,시민용,신용산역,2020-02-29,2020,2,2020-02,정기분,수납 완료,1288.0,644.0,1305680.0
021205524,신용산역,동작영업사업소,시민용,신용산역,2020-03-31,2020,3,2020-03,정기분,수납 완료,644.0,322.0,1417520.0
021205524,신용산역,동작영업사업소,시민용,신용산역,2020-04-30,2020,4,2020-04,정기분,수납 완료,1107.0,553.5,995790.0
021205524,신용산역,동작영업사업소,시민용,신용산역,2020-05-31,2020,5,2020-05,정기분,수납 완료,554.0,277.0,1207820.0
021205524,신용산역,동작영업사업소,시민용,신용산역,2020-06-30,2020,6,2020-06,정기분,수납 완료,1164.0,582.0,1338300.0
021205524,신용산역,동작영업사업소,시민용,신용산역,2020-07-31,2020,7,2020-07,정기분,수납 완료,582.0,291.0,1273060.0
021205524,신용산역,동작영업사업소,시민용,신용산역,2020-08-31,2020,8,2020-08,정기분,수납 완료,1472.0,736.0,1990700.0
021205524,신용산역,동작영업사업소,시민용,신용산역,2020-09-30,2020,9,2020-09,정기분,수납 완료,736.0,368.0,1663880.0
021205524,신용산역,동작영업사업소,시민용,신용산역,2020-10-31,2020,10,2020-10,정기분,수납 완료,1374.0,687.0,1371540.0
021205524,신용산역,동작영업사업소,시민용,신용산역,2020-11-30,2020,11,2020-11,정기분,수납 완료,687.0,343.5,1517710.0
021205524,신용산역,동작영업사업소,시민용,신용산역,2020-12-31,2020,12,2020-12,정기분,수납 완료,1252.0,626.0,1233450.0
021205524,신용산역,동작영업사업소,시민용,신용산역,2021-01-31,2021,1,2021-01,정기분,수납 완료,626.0,313.0,1375580.0
021205524,신용산역,동작영업사업소,시민용,신용산역,2021-02-28,2021,2,2021-02,정기분,수납 완료,1302.0,651.0,1492080.0
021205524,신용산역,동작영업사업소,시민용,신용산역,2021-03-31,2021,3,2021-03,정기분,수납 완료,651.0,325.5,1433830.0
021205524,신용산역,동작영업사업소,시민용,신용산역,2021-04-30,2021,4,2021-04,정기분,수납 완료,1044.0,522.0,832690.0
021205524,신용산역,동작영업사업소,시민용,신용산역,2021-05-31,2021,5,2021-05,정기분,수납 완료,522.0,261.0,1133260.0
021205524,신용산역,동작영업사업소,시민용,신용산역,2021-06-30,2021,6,2021-06,정기분,수납 완료,1082.0,541.0,1221800.0
021205524,신용산역,동작영업사업소,시민용,신용산역,2021-07-31,2021,7,2021-07,정기분,수납 완료,541.0,270.5,1196790.0
021205524,신용산역,동작영업사업소,시민용,신용산역,2021-08-31,2021,8,2021-08,정기분,수납 완료,1173.0,586.5,1516640.0
021205524,신용산역,동작영업사업소,시민용,신용산역,2021-09-30,2021,9,2021-09,정기분,수납 완료,587.0,293.5,1409980.0
021205524,신용산역,동작영업사업소,시민용,신용산역,2021-10-31,2021,10,2021-10,정기분,수납 완료,1188.0,594.0,1445540.0
021205524,신용산역,동작영업사업소,시민용,신용산역,2021-11-30,2021,11,2021-11,정기분,수납 완료,594.0,297.0,1427760.0
021205524,신용산역,동작영업사업소,시민용,신용산역,2021-12-31,2021,12,2021-12,정기분,수납 완료,976.0,488.0,889280.0
021205524,신용산역,동작영업사업소,시민용,신용산역,2022-01-31,2022,1,2022-01,정기분,수납 완료,488.0,244.0,1171910.0
021205524,신용산역,동작영업사업소,시민용,신용산역,2022-02-28,2022,2,2022-02,정기분,수납 완료,937.0,468.5,1146510.0
021205524,신용산역,동작영업사업소,시민용,신용산역,2022-03-31,2022,3,2022-03,정기분,수납 완료,469.0,234.5,1197850.0
021205524,신용산역,동작영업사업소,시민용,신용산역,2022-04-30,2022,4,2022-04,정기분,수납 완료,702.0,351.0,572450.0
021205524,신용산역,동작영업사업소,시민용,신용산역,2022-05-31,2022,5,2022-05,정기분,수납 완료,351.0,175.5,849110.0
021205524,신용산역,동작영업사업소,시민용,신용산역,2022-06-30,2022,6,2022-06,정기분,수납 완료,845.0,422.5,1255000.0
021205524,신용산역,동작영업사업소,시민용,신용산역,2022-07-31,2022,7,2022-07,정기분,수납 완료,423.0,211.5,1075950.0
021205524,신용산역,동작영업사업소,시민용,신용산역,2022-08-31,2022,8,2022-08,정기분,수납 완료,654.0,327.0,567150.0
021205524,신용산역,동작영업사업소,시민용,신용산역,2022-09-30,2022,9,2022-09,정기분,수납 완료,327.0,163.5,849950.0
021205524,신용산역,동작영업사업소,시민용,신용산역,2022-10-31,2022,10,2022-10,정기분,수납 완료,414.0,207.0,186910.0
021205524,신용산역,동작영업사업소,시민용,신용산역,2022-11-30,2022,11,2022-11,정기분,수납 완료,207.0,103.5,572030.0
021205524,신용산역,동작영업사업소,시민용,신용산역,2022-12-31,2022,12,2022-12,정기분,수납 완료,283.0,141.5,138640.0
021205524,신용산역,동작영업사업소,시민용,신용산역,2023-01-31,2023,1,2023-01,정기분,수납 완료,142.0,71.0,365320.0
021205524,신용산역,동작영업사업소,시민용,신용산역,2023-02-28,2023,2,2023-02,정기분,수납 완료,208.0,104.0,191060.0
021205524,신용산역,동작영업사업소,시민용,신용산역,2023-03-31,2023,3,2023-03,정기분,수납 완료,104.0,52.0,293080.0
021205524,신용산역,동작영업사업소,시민용,신용산역,2023-04-30,2023,4,2023-04,정기분,수납 완료,130.0,65.0,62440.0
021205524,신용산역,동작영업사업소,시민용,신용산역,2023-05-31,2023,5,2023-05,정기분,수납 완료,65.0,32.5,173680.0
021205524,신용산역,동작영업사업소,시민용,신용산역,2023-06-30,2023,6,2023-06,정기분,수납 완료,125.0,62.5,161600.0
021205524,신용산역,동작영업사업소,시민용,신용산역,2023-07-31,2023,7,2023-07,정기분,수납 완료,63.0,31.5,170480.0
021205524,신용산역,동작영업사업소,시민용,신용산역,2023-08-31,2023,8,2023-08,정기분,수납 완료,199.0,99.5,386560.0
021205524,신용산역,동작영업사업소,시민용,신용산역,2023-09-30,2023,9,2023-09,정기분,수납 완료,100.0,50.0,280000.0
021205524,신용산역,동작영업사업소,시민용,신용산역,2023-10-31,2023,10,2023-10,정기분,수납 완료,237.0,118.5,466990.0
021205524,신용산역,동작영업사업소,시민용,신용산역,2023-11-30,2023,11,2023-11,정기분,수납 완료,119.0,59.5,385330.0
021205524,신용산역,동작영업사업소,시민용,신용산역,2023-12-31,2023,12,2023-12,정기분,수납 완료,71.0,35.5,0.0
021205524,신용산역,동작영업사업소,시민용,신용산역,2024-01-31,2024,1,2024-01,정기분,수납 완료,36.0,18.0,34760.0
021205524,신용산역,동작영업사업소,시민용,신용산역,2024-02-29,2024,2,2024-02,정기분,수납 완료,62.0,31.0,60400.0
021205524,신용산역,동작영업사업소,시민용,신용산역,2024-03-31,2024,3,2024-03,정기분,수납 완료,31.0,15.5,69640.0
021205524,신용산역,동작영업사업소,시민용,신용산역,2024-04-30,2024,4,2024-04,정기분,수납 완료,78.0,39.0,99110.0
021205524,신용산역,동작영업사업소,시민용,신용산역,2024-05-31,2024,5,2024-05,정기분,수납 완료,39.0,19.5,105160.0
021205524,신용산역,동작영업사업소,시민용,신용산역,2024-06-30,2024,6,2024-06,정기분,수납 완료,218.0,109.0,513700.0
021205524,신용산역,동작영업사업소,시민용,신용산역,2024-07-31,2024,7,2024-07,정기분,수납 완료,109.0,54.5,309430.0
021205524,신용산역,동작영업사업소,시민용,신용산역,2024-08-31,2024,8,2024-08,정기분,수납 완료,1309.0,654.5,3958810.0
021205524,신용산역,동작영업사업소,시민용,신용산역,2024-09-30,2024,9,2024-09,정기분,수납 완료,655.0,327.5,2175400.0
021205524,신용산역,동작영업사업소,시민용,신용산역,2024-10-31,2024,10,2024-10,정기분,수납 완료,2180.0,1090.0,5039200.0
021205524,신용산역,동작영업사업소,시민용,신용산역,2024-11-30,2024,11,2024-11,정기분,수납 완료,1090.0,545.0,3607300.0
021205524,신용산역,동작영업사업소,시민용,신용산역,2024-12-31,2024,12,2024-12,정기분,수납 완료,1599.0,799.5,1635340.0
021205524,신용산역,동작영업사업소,시민용,신용산역,2025-01-31,2025,1,2025-01,정기분,수납 완료,800.0,400.0,2623000.0
021205524,신용산역,동작영업사업소,시민용,신용산역,2025-02-28,2025,2,2025-02,정기분,수납 완료,1248.0,624.0,1440280.0
021205524,신용산역,동작영업사업소,시민용,신용산역,2025-03-31,2025,3,2025-03,정기분,수납 완료,624.0,312.0,2031640.0
021205524,신용산역,동작영업사업소,시민용,신용산역,2025-04-30,2025,4,2025-04,정기분,수납 완료,1248.0,624.0,2031640.0
021205524,신용산역,동작영업사업소,시민용,신용산역,2025-05-31,2025,5,2025-05,정기분,수납 완료,624.0,312.0,2031640.0
021205524,신용산역,동작영업사업소,시민용,신용산역,2025-06-30,2025,6,2025-06,정기분,수납 완료,1640.0,820.0,3348760.0
021205524,신용산역,동작영업사업소,시민용,신용산역,2025-07-31,2025,7,2025-07,정기분,수납 완료,820.0,410.0,2725200.0
021205524,신용산역,동작영업사업소,시민용,신용산역,2025-08-31,2025,8,2025-08,정기분,수납 완료,1902.0,951.0,3594320.0
021205524,신용산역,동작영업사업소,시민용,신용산역,2025-09-30,2025,9,2025-09,정기분,수납 완료,951.0,475.5,3177360.0
021205524,신용산역,동작영업사업소,시민용,신용산역,2025-10-31,2025,10,2025-10,정기분,수납 완료,1924.0,962.0,3233280.0
021205524,신용산역,동작영업사업소,시민용,신용산역,2025-11-30,2025,11,2025-11,정기분,수납 완료,962.0,481.0,3166320.0
021205524,신용산역,동작영업사업소,시민용,신용산역,2025-12-31,2025,12,2025-12,정기분,수납 완료,1479.0,739.5,1671120.0
021205524,신용산역,동작영업사업소,시민용,신용산역,2026-01-31,2026,1,2026-01,정기분,수납 완료,740.0,370.0,2439800.0
021205524,신용산역,동작영업사업소,시민용,신용산역,2026-02-28,2026,2,2026-02,정기분,수납 완료,1427.0,713.5,2372790.0
021205524,신용산역,동작영업사업소,시민용,신용산역,2026-03-31,2026,3,2026-03,정기분,수납 완료,714.0,357.0,2467460.0
021205524,신용산역,동작영업사업소,시민용,신용산역,2026-04-30,2026,4,2026-04,정기분,수납 완료,1452.0,726.0,2552420.0
021205524,신용산역,동작영업사업소,시민용,신용산역,2026-05-31,2026,5,2026-05,정기분,미납,814.0,407.0,2821460.0
020681438,신정네거리역,당산영업사업소,시민용,신정네거리역 역무실,2008-06-30,2008,6,2008-06,정기분,수납 완료,633.0,316.5,829640.0
020681438,신정네거리역,당산영업사업소,시민용,신정네거리역 역무실,2008-08-31,2008,8,2008-08,정기분,수납 완료,609.0,304.5,798920.0
020681438,신정네거리역,당산영업사업소,시민용,신정네거리역 역무실,2008-10-31,2008,10,2008-10,정기분,수납 완료,698.0,349.0,914120.0
020681438,신정네거리역,당산영업사업소,시민용,신정네거리역 역무실,2008-12-31,2008,12,2008-12,정기분,수납 완료,544.0,272.0,723000.0
020681438,신정네거리역,당산영업사업소,시민용,신정네거리역 역무실,2009-02-28,2009,2,2009-02,정기분,수납 완료,516.0,258.0,691950.0
020681438,신정네거리역,당산영업사업소,시민용,신정네거리역 역무실,2009-04-30,2009,4,2009-04,정기분,수납 완료,470.0,235.0,637900.0
020681438,신정네거리역,당산영업사업소,시민용,신정네거리역 역무실,2009-06-30,2009,6,2009-06,정기분,수납 완료,454.0,227.0,619500.0
020681438,신정네거리역,당산영업사업소,시민용,신정네거리역 역무실,2009-08-31,2009,8,2009-08,정기분,수납 완료,456.0,228.0,622950.0
020681438,신정네거리역,당산영업사업소,시민용,신정네거리역 역무실,2009-10-31,2009,10,2009-10,정기분,수납 완료,456.0,228.0,621800.0
020681438,신정네거리역,당산영업사업소,시민용,신정네거리역 역무실,2009-12-31,2009,12,2009-12,정기분,수납 완료,636.0,318.0,832400.0
020681438,신정네거리역,당산영업사업소,시민용,신정네거리역 역무실,2010-02-28,2010,2,2010-02,정기분,수납 완료,676.0,338.0,884680.0
020681438,신정네거리역,당산영업사업소,시민용,신정네거리역 역무실,2010-04-30,2010,4,2010-04,정기분,수납 완료,611.0,305.5,801480.0
020681438,신정네거리역,당산영업사업소,시민용,신정네거리역 역무실,2010-06-30,2010,6,2010-06,정기분,수납 완료,661.0,330.5,865480.0
020681438,신정네거리역,당산영업사업소,시민용,신정네거리역 역무실,2010-08-31,2010,8,2010-08,정기분,수납 완료,544.0,272.0,723000.0
020681438,신정네거리역,당산영업사업소,시민용,신정네거리역 역무실,2010-10-31,2010,10,2010-10,정기분,수납 완료,784.0,392.0,1022920.0
020681438,신정네거리역,당산영업사업소,시민용,신정네거리역 역무실,2010-12-31,2010,12,2010-12,정기분,수납 완료,766.0,383.0,999880.0
020681438,신정네거리역,당산영업사업소,시민용,신정네거리역 역무실,2011-02-28,2011,2,2011-02,정기분,수납 완료,956.0,478.0,1247830.0
020681438,신정네거리역,당산영업사업소,시민용,신정네거리역 역무실,2011-04-30,2011,4,2011-04,정기분,수납 완료,924.0,462.0,1211360.0
020681438,신정네거리역,당산영업사업소,시민용,신정네거리역 역무실,2011-06-30,2011,6,2011-06,정기분,수납 완료,759.0,379.5,998510.0
020681438,신정네거리역,당산영업사업소,시민용,신정네거리역 역무실,2011-08-31,2011,8,2011-08,정기분,수납 완료,2145.0,1072.5,2786450.0
020681438,신정네거리역,당산영업사업소,시민용,신정네거리역 역무실,2011-10-31,2011,10,2011-10,정기분,수납 완료,1741.0,870.5,2265290.0
020681438,신정네거리역,당산영업사업소,시민용,신정네거리역 역무실,2011-12-31,2011,12,2011-12,정기분,수납 완료,1370.0,685.0,1786700.0
020681438,신정네거리역,당산영업사업소,시민용,신정네거리역 역무실,2012-02-29,2012,2,2012-02,정기분,수납 완료,1144.0,572.0,1495160.0
020681438,신정네거리역,당산영업사업소,시민용,신정네거리역 역무실,2012-04-30,2012,4,2012-04,정기분,수납 완료,1231.0,615.5,1999240.0
020681438,신정네거리역,당산영업사업소,시민용,신정네거리역 역무실,2012-06-30,2012,6,2012-06,정기분,수납 완료,1122.0,561.0,1820480.0
020681438,신정네거리역,당산영업사업소,시민용,신정네거리역 역무실,2012-08-31,2012,8,2012-08,정기분,수납 완료,1373.0,686.5,2232120.0
020681438,신정네거리역,당산영업사업소,시민용,신정네거리역 역무실,2012-10-31,2012,10,2012-10,정기분,수납 완료,1663.0,831.5,2707720.0
020681438,신정네거리역,당산영업사업소,시민용,신정네거리역 역무실,2012-12-31,2012,12,2012-12,정기분,수납 완료,1054.0,527.0,1708960.0
020681438,신정네거리역,당산영업사업소,시민용,신정네거리역 역무실,2013-02-28,2013,2,2013-02,정기분,수납 완료,977.0,488.5,1582680.0
020681438,신정네거리역,당산영업사업소,시민용,신정네거리역 역무실,2013-04-30,2013,4,2013-04,정기분,수납 완료,944.0,472.0,1691360.0
020681438,신정네거리역,당산영업사업소,시민용,신정네거리역 역무실,2013-06-30,2013,6,2013-06,정기분,수납 완료,1053.0,526.5,1891920.0
020681438,신정네거리역,당산영업사업소,시민용,신정네거리역 역무실,2013-08-31,2013,8,2013-08,정기분,수납 완료,1146.0,573.0,2063040.0
020681438,신정네거리역,당산영업사업소,시민용,신정네거리역 역무실,2013-10-31,2013,10,2013-10,정기분,수납 완료,2146.0,1073.0,3903040.0
020681438,신정네거리역,당산영업사업소,시민용,신정네거리역 역무실,2013-12-31,2013,12,2013-12,정기분,수납 완료,1161.0,580.5,2090640.0
020681438,신정네거리역,당산영업사업소,시민용,신정네거리역 역무실,2014-02-28,2014,2,2014-02,정기분,수납 완료,1011.0,505.5,1814640.0
020681438,신정네거리역,당산영업사업소,시민용,신정네거리역 역무실,2014-04-30,2014,4,2014-04,정기분,수납 완료,1077.0,538.5,2096400.0
020681438,신정네거리역,당산영업사업소,시민용,신정네거리역 역무실,2014-06-30,2014,6,2014-06,정기분,수납 완료,1117.0,558.5,2176400.0
020681438,신정네거리역,당산영업사업소,시민용,신정네거리역 역무실,2014-08-31,2014,8,2014-08,정기분,수납 완료,1714.0,857.0,3370400.0
020681438,신정네거리역,당산영업사업소,시민용,신정네거리역 역무실,2014-10-31,2014,10,2014-10,정기분,수납 완료,1861.0,930.5,3664400.0
020681438,신정네거리역,당산영업사업소,시민용,신정네거리역 역무실,2014-12-31,2014,12,2014-12,정기분,수납 완료,1189.0,594.5,2320400.0
020681438,신정네거리역,당산영업사업소,시민용,신정네거리역 역무실,2015-02-28,2015,2,2015-02,정기분,수납 완료,954.0,477.0,1850400.0
020681438,신정네거리역,당산영업사업소,시민용,신정네거리역 역무실,2015-04-30,2015,4,2015-04,정기분,수납 완료,920.0,460.0,1782400.0
020681438,신정네거리역,당산영업사업소,시민용,신정네거리역 역무실,2015-06-30,2015,6,2015-06,정기분,수납 완료,1060.0,530.0,2062400.0
020681438,신정네거리역,당산영업사업소,시민용,신정네거리역 역무실,2015-08-31,2015,8,2015-08,정기분,수납 완료,1461.0,730.5,2864400.0
020681438,신정네거리역,당산영업사업소,시민용,신정네거리역 역무실,2015-10-31,2015,10,2015-10,정기분,수납 완료,1601.0,800.5,3144400.0
020681438,신정네거리역,당산영업사업소,시민용,신정네거리역 역무실,2015-12-31,2015,12,2015-12,정기분,수납 완료,1032.0,516.0,2006400.0
020681438,신정네거리역,당산영업사업소,시민용,신정네거리역 역무실,2016-02-29,2016,2,2016-02,정기분,수납 완료,846.0,423.0,1634400.0
020681438,신정네거리역,당산영업사업소,시민용,신정네거리역 역무실,2016-04-30,2016,4,2016-04,정기분,수납 완료,893.0,446.5,1728400.0
020681438,신정네거리역,당산영업사업소,시민용,신정네거리역 역무실,2016-06-30,2016,6,2016-06,정기분,수납 완료,1068.0,534.0,2078400.0
020681438,신정네거리역,당산영업사업소,시민용,신정네거리역 역무실,2016-08-31,2016,8,2016-08,정기분,수납 완료,1534.0,767.0,3010400.0
020681438,신정네거리역,당산영업사업소,시민용,신정네거리역 역무실,2016-10-31,2016,10,2016-10,정기분,수납 완료,2037.0,1018.5,4018400.0
020681438,신정네거리역,당산영업사업소,시민용,신정네거리역 역무실,2016-12-31,2016,12,2016-12,정기분,수납 완료,1197.0,598.5,2336400.0
020681438,신정네거리역,당산영업사업소,시민용,신정네거리역 역무실,2017-02-28,2017,2,2017-02,정기분,수납 완료,1011.0,505.5,2006590.0
020681438,신정네거리역,당산영업사업소,시민용,신정네거리역 역무실,2017-04-30,2017,4,2017-04,정기분,수납 완료,970.0,485.0,1974650.0
020681438,신정네거리역,당산영업사업소,시민용,신정네거리역 역무실,2017-06-30,2017,6,2017-06,정기분,수납 완료,1180.0,590.0,2411400.0
020681438,신정네거리역,당산영업사업소,시민용,신정네거리역 역무실,2017-08-31,2017,8,2017-08,정기분,수납 완료,1472.0,736.0,3024600.0
020681438,신정네거리역,당산영업사업소,시민용,신정네거리역 역무실,2017-10-31,2017,10,2017-10,정기분,수납 완료,1937.0,968.5,4001100.0
020681438,신정네거리역,당산영업사업소,시민용,신정네거리역 역무실,2017-12-31,2017,12,2017-12,정기분,수납 완료,1173.0,586.5,2396700.0
020681438,신정네거리역,당산영업사업소,시민용,신정네거리역 역무실,2018-02-28,2018,2,2018-02,정기분,수납 완료,815.0,407.5,1677100.0
020681438,신정네거리역,당산영업사업소,시민용,신정네거리역 역무실,2018-04-30,2018,4,2018-04,정기분,수납 완료,782.0,391.0,1646620.0
020681438,신정네거리역,당산영업사업소,시민용,신정네거리역 역무실,2018-06-30,2018,6,2018-06,정기분,수납 완료,1097.0,548.5,2342770.0
020681438,신정네거리역,당산영업사업소,시민용,신정네거리역 역무실,2018-08-31,2018,8,2018-08,정기분,수납 완료,1530.0,765.0,3299700.0
020681438,신정네거리역,당산영업사업소,시민용,신정네거리역 역무실,2018-10-31,2018,10,2018-10,정기분,수납 완료,1838.0,919.0,3980380.0
020681438,신정네거리역,당산영업사업소,시민용,신정네거리역 역무실,2018-12-31,2018,12,2018-12,정기분,수납 완료,968.0,484.0,2059890.0
020681438,신정네거리역,당산영업사업소,시민용,신정네거리역 역무실,2019-02-28,2019,2,2019-02,정기분,수납 완료,792.0,396.0,1705040.0
020681438,신정네거리역,당산영업사업소,시민용,신정네거리역 역무실,2019-04-30,2019,4,2019-04,정기분,수납 완료,858.0,429.0,1906540.0
020681438,신정네거리역,당산영업사업소,시민용,신정네거리역 역무실,2019-06-30,2019,6,2019-06,정기분,수납 완료,1131.0,565.5,2542630.0
020681438,신정네거리역,당산영업사업소,시민용,신정네거리역 역무실,2019-08-31,2019,8,2019-08,정기분,수납 완료,1469.0,734.5,3330170.0
020681438,신정네거리역,당산영업사업소,시민용,신정네거리역 역무실,2019-10-31,2019,10,2019-10,정기분,수납 완료,1726.0,863.0,3928980.0
020681438,신정네거리역,당산영업사업소,시민용,신정네거리역 역무실,2019-12-31,2019,12,2019-12,정기분,수납 완료,1219.0,609.5,2747670.0
020681438,신정네거리역,당산영업사업소,시민용,신정네거리역 역무실,2020-02-29,2020,2,2020-02,정기분,수납 완료,940.0,470.0,2097600.0
020681438,신정네거리역,당산영업사업소,시민용,신정네거리역 역무실,2020-04-30,2020,4,2020-04,정기분,수납 완료,752.0,376.0,1659560.0
020681438,신정네거리역,당산영업사업소,시민용,신정네거리역 역무실,2020-06-30,2020,6,2020-06,정기분,수납 완료,838.0,419.0,1859940.0
020681438,신정네거리역,당산영업사업소,시민용,신정네거리역 역무실,2020-08-31,2020,8,2020-08,정기분,수납 완료,1369.0,684.5,3097170.0
020681438,신정네거리역,당산영업사업소,시민용,신정네거리역 역무실,2020-10-31,2020,10,2020-10,정기분,수납 완료,1224.0,612.0,2740520.0
020681438,신정네거리역,당산영업사업소,시민용,신정네거리역 역무실,2020-12-31,2020,12,2020-12,정기분,수납 완료,849.0,424.5,1866770.0
020681438,신정네거리역,당산영업사업소,시민용,신정네거리역 역무실,2021-02-28,2021,2,2021-02,정기분,수납 완료,593.0,296.5,1272110.0
020681438,신정네거리역,당산영업사업소,시민용,신정네거리역 역무실,2021-04-30,2021,4,2021-04,정기분,수납 완료,667.0,333.5,1442710.0
020681438,신정네거리역,당산영업사업소,시민용,신정네거리역 역무실,2021-06-30,2021,6,2021-06,정기분,수납 완료,754.0,377.0,1645420.0
020681438,신정네거리역,당산영업사업소,시민용,신정네거리역 역무실,2021-08-31,2021,8,2021-08,정기분,수납 완료,1128.0,564.0,2626060.0
020681438,신정네거리역,당산영업사업소,시민용,신정네거리역 역무실,2021-10-31,2021,10,2021-10,정기분,수납 완료,1531.0,765.5,3781340.0
020681438,신정네거리역,당산영업사업소,시민용,신정네거리역 역무실,2021-12-31,2021,12,2021-12,정기분,수납 완료,769.0,384.5,1845860.0
020681438,신정네거리역,당산영업사업소,시민용,신정네거리역 역무실,2022-02-28,2022,2,2022-02,정기분,수납 완료,661.0,330.5,1637130.0
020681438,신정네거리역,당산영업사업소,시민용,신정네거리역 역무실,2022-04-30,2022,4,2022-04,정기분,수납 완료,713.0,356.5,1854050.0
020681438,신정네거리역,당산영업사업소,시민용,신정네거리역 역무실,2022-06-30,2022,6,2022-06,정기분,수납 완료,797.0,398.5,2076650.0
020681438,신정네거리역,당산영업사업소,시민용,신정네거리역 역무실,2022-08-31,2022,8,2022-08,정기분,수납 완료,1181.0,590.5,3094250.0
020681438,신정네거리역,당산영업사업소,시민용,신정네거리역 역무실,2022-10-31,2022,10,2022-10,정기분,수납 완료,1082.0,541.0,2831900.0
020681438,신정네거리역,당산영업사업소,시민용,신정네거리역 역무실,2022-12-31,2022,12,2022-12,정기분,수납 완료,826.0,413.0,2153500.0
020681438,신정네거리역,당산영업사업소,시민용,신정네거리역 역무실,2023-02-28,2023,2,2023-02,정기분,수납 완료,747.0,373.5,2166150.0
020681438,신정네거리역,당산영업사업소,시민용,신정네거리역 역무실,2023-04-30,2023,4,2023-04,정기분,수납 완료,766.0,383.0,2498360.0
020681438,신정네거리역,당산영업사업소,시민용,신정네거리역 역무실,2023-06-30,2023,6,2023-06,정기분,수납 완료,889.0,444.5,2911640.0
020681438,신정네거리역,당산영업사업소,시민용,신정네거리역 역무실,2023-08-31,2023,8,2023-08,정기분,수납 완료,1253.0,626.5,4134680.0
020681438,신정네거리역,당산영업사업소,시민용,신정네거리역 역무실,2023-10-31,2023,10,2023-10,정기분,수납 완료,1224.0,612.0,4037240.0
020681438,신정네거리역,당산영업사업소,시민용,신정네거리역 역무실,2023-12-31,2023,12,2023-12,정기분,수납 완료,962.0,481.0,3156920.0
020681438,신정네거리역,당산영업사업소,시민용,신정네거리역 역무실,2024-02-29,2024,2,2024-02,정기분,수납 완료,883.0,441.5,2891480.0
020681438,신정네거리역,당산영업사업소,시민용,신정네거리역 역무실,2024-04-30,2024,4,2024-04,정기분,수납 완료,830.0,415.0,2713400.0
020681438,신정네거리역,당산영업사업소,시민용,신정네거리역 역무실,2024-06-30,2024,6,2024-06,정기분,수납 완료,1048.0,524.0,3445880.0
020681438,신정네거리역,당산영업사업소,시민용,신정네거리역 역무실,2024-08-31,2024,8,2024-08,정기분,수납 완료,1495.0,747.5,4947800.0
020681438,신정네거리역,당산영업사업소,시민용,신정네거리역 역무실,2024-10-31,2024,10,2024-10,정기분,수납 완료,1402.0,701.0,4635320.0
020681438,신정네거리역,당산영업사업소,시민용,신정네거리역 역무실,2024-12-31,2024,12,2024-12,정기분,수납 완료,1225.0,612.5,4040600.0
020681438,신정네거리역,당산영업사업소,시민용,신정네거리역 역무실,2025-02-28,2025,2,2025-02,정기분,수납 완료,1068.0,534.0,3513080.0
020681438,신정네거리역,당산영업사업소,시민용,신정네거리역 역무실,2025-04-30,2025,4,2025-04,정기분,수납 완료,1080.0,540.0,3553400.0
020681438,신정네거리역,당산영업사업소,시민용,신정네거리역 역무실,2025-06-30,2025,6,2025-06,정기분,수납 완료,841.0,420.5,2749360.0
020681438,신정네거리역,당산영업사업소,시민용,신정네거리역 역무실,2025-08-31,2025,8,2025-08,정기분,수납 완료,1217.0,608.5,4012720.0
020681438,신정네거리역,당산영업사업소,시민용,신정네거리역 역무실,2025-10-31,2025,10,2025-10,정기분,수납 완료,1458.0,729.0,4822480.0
020681438,신정네거리역,당산영업사업소,시민용,신정네거리역 역무실,2025-12-31,2025,12,2025-12,정기분,수납 완료,1194.0,597.0,3935440.0
020681438,신정네거리역,당산영업사업소,시민용,신정네거리역 역무실,2026-02-28,2026,2,2026-02,정기분,수납 완료,741.0,370.5,2476980.0
020681438,신정네거리역,당산영업사업소,시민용,신정네거리역 역무실,2026-04-30,2026,4,2026-04,정기분,수납 완료,774.0,387.0,2675360.0
031834359,신풍역,보라매영업사업소,시민용,신풍역,2008-06-30,2008,6,2008-06,정기분,수납 완료,751.0,375.5,1151360.0
031834359,신풍역,보라매영업사업소,시민용,신풍역,2008-08-31,2008,8,2008-08,정기분,수납 완료,755.0,377.5,1624960.0
031834359,신풍역,보라매영업사업소,시민용,신풍역,2008-10-31,2008,10,2008-10,정기분,수납 완료,738.0,369.0,1146240.0
031834359,신풍역,보라매영업사업소,시민용,신풍역,2008-12-31,2008,12,2008-12,정기분,수납 완료,775.0,387.5,1166720.0
031834359,신풍역,보라매영업사업소,시민용,신풍역,2009-02-28,2009,2,2009-02,정기분,수납 완료,724.0,362.0,1080960.0
031834359,신풍역,보라매영업사업소,시민용,신풍역,2009-04-30,2009,4,2009-04,정기분,수납 완료,717.0,358.5,1055360.0
031834359,신풍역,보라매영업사업소,시민용,신풍역,2009-06-30,2009,6,2009-06,정기분,수납 완료,828.0,414.0,1225600.0
031834359,신풍역,보라매영업사업소,시민용,신풍역,2009-08-31,2009,8,2009-08,정기분,수납 완료,911.0,455.5,1347200.0
031834359,신풍역,보라매영업사업소,시민용,신풍역,2009-10-31,2009,10,2009-10,정기분,수납 완료,806.0,403.0,1238400.0
031834359,신풍역,보라매영업사업소,시민용,신풍역,2009-12-31,2009,12,2009-12,정기분,수납 완료,815.0,407.5,1249760.0
031834359,신풍역,보라매영업사업소,시민용,신풍역,2010-02-28,2010,2,2010-02,정기분,수납 완료,705.0,352.5,1086080.0
031834359,신풍역,보라매영업사업소,시민용,신풍역,2010-04-30,2010,4,2010-04,정기분,수납 완료,728.0,364.0,1136000.0
031834359,신풍역,보라매영업사업소,시민용,신풍역,2010-06-30,2010,6,2010-06,정기분,수납 완료,840.0,420.0,1292160.0
031834359,신풍역,보라매영업사업소,시민용,신풍역,2010-08-31,2010,8,2010-08,정기분,수납 완료,902.0,451.0,1377920.0
031834359,신풍역,보라매영업사업소,시민용,신풍역,2010-10-31,2010,10,2010-10,정기분,수납 완료,893.0,446.5,1354880.0
031834359,신풍역,보라매영업사업소,시민용,신풍역,2010-12-31,2010,12,2010-12,정기분,수납 완료,924.0,462.0,1383040.0
031834359,신풍역,보라매영업사업소,시민용,신풍역,2011-02-28,2011,2,2011-02,정기분,수납 완료,863.0,431.5,1300730.0
031834359,신풍역,보라매영업사업소,시민용,신풍역,2011-04-30,2011,4,2011-04,정기분,수납 완료,880.0,440.0,1383800.0
031834359,신풍역,보라매영업사업소,시민용,신풍역,2011-06-30,2011,6,2011-06,정기분,수납 완료,932.0,466.0,1452170.0
031834359,신풍역,보라매영업사업소,시민용,신풍역,2011-08-31,2011,8,2011-08,정기분,수납 완료,974.0,487.0,1526990.0
031834359,신풍역,보라매영업사업소,시민용,신풍역,2011-10-31,2011,10,2011-10,정기분,수납 완료,994.0,497.0,1498610.0
031834359,신풍역,보라매영업사업소,시민용,신풍역,2011-12-31,2011,12,2011-12,정기분,수납 완료,960.0,480.0,1655990.0
031834359,신풍역,보라매영업사업소,시민용,신풍역,2012-02-29,2012,2,2012-02,정기분,수납 완료,849.0,424.5,1323170.0
031834359,신풍역,보라매영업사업소,시민용,신풍역,2012-04-30,2012,4,2012-04,정기분,수납 완료,880.0,440.0,1715040.0
031834359,신풍역,보라매영업사업소,시민용,신풍역,2012-06-30,2012,6,2012-06,정기분,수납 완료,963.0,481.5,1829840.0
031834359,신풍역,보라매영업사업소,시민용,신풍역,2012-08-31,2012,8,2012-08,정기분,수납 완료,973.0,486.5,1915120.0
031834359,신풍역,보라매영업사업소,시민용,신풍역,2012-10-31,2012,10,2012-10,정기분,수납 완료,965.0,482.5,1880680.0
031834359,신풍역,보라매영업사업소,시민용,신풍역,2012-12-31,2012,12,2012-12,정기분,수납 완료,974.0,487.0,1806880.0
031834359,신풍역,보라매영업사업소,시민용,신풍역,2013-02-28,2013,2,2013-02,정기분,수납 완료,918.0,459.0,1662560.0
031834359,신풍역,보라매영업사업소,시민용,신풍역,2013-04-30,2013,4,2013-04,정기분,수납 완료,827.0,413.5,1675400.0
031834359,신풍역,보라매영업사업소,시민용,신풍역,2013-06-30,2013,6,2013-06,정기분,수납 완료,979.0,489.5,2015660.0
031834359,신풍역,보라매영업사업소,시민용,신풍역,2013-08-31,2013,8,2013-08,정기분,수납 완료,977.0,488.5,2030520.0
031834359,신풍역,보라매영업사업소,시민용,신풍역,2013-10-31,2013,10,2013-10,정기분,수납 완료,882.0,441.0,1822600.0
031834359,신풍역,보라매영업사업소,시민용,신풍역,2013-12-31,2013,12,2013-12,정기분,수납 완료,962.0,481.0,1977160.0
031834359,신풍역,보라매영업사업소,시민용,신풍역,2014-02-28,2014,2,2014-02,정기분,수납 완료,869.0,434.5,1772920.0
031834359,신풍역,보라매영업사업소,시민용,신풍역,2014-04-30,2014,4,2014-04,정기분,수납 완료,898.0,449.0,1997800.0
031834359,신풍역,보라매영업사업소,시민용,신풍역,2014-06-30,2014,6,2014-06,정기분,수납 완료,956.0,478.0,2119800.0
031834359,신풍역,보라매영업사업소,시민용,신풍역,2014-08-31,2014,8,2014-08,정기분,수납 완료,936.0,468.0,2059800.0
031834359,신풍역,보라매영업사업소,시민용,신풍역,2014-10-31,2014,10,2014-10,정기분,수납 완료,963.0,481.5,2173800.0
031834359,신풍역,보라매영업사업소,시민용,신풍역,2014-12-31,2014,12,2014-12,정기분,수납 완료,878.0,439.0,2017800.0
031834359,신풍역,보라매영업사업소,시민용,신풍역,2015-02-28,2015,2,2015-02,정기분,수납 완료,820.0,410.0,1865800.0
031834359,신풍역,보라매영업사업소,시민용,신풍역,2015-04-30,2015,4,2015-04,정기분,수납 완료,808.0,404.0,1837800.0
031834359,신풍역,보라매영업사업소,시민용,신풍역,2015-06-30,2015,6,2015-06,정기분,수납 완료,945.0,472.5,2117800.0
031834359,신풍역,보라매영업사업소,시민용,신풍역,2015-08-31,2015,8,2015-08,정기분,수납 완료,946.0,473.0,2199800.0
031834359,신풍역,보라매영업사업소,시민용,신풍역,2015-10-31,2015,10,2015-10,정기분,수납 완료,965.0,482.5,2607800.0
031834359,신풍역,보라매영업사업소,시민용,신풍역,2015-12-31,2015,12,2015-12,정기분,수납 완료,886.0,443.0,2009800.0
031834359,신풍역,보라매영업사업소,시민용,신풍역,2016-02-29,2016,2,2016-02,정기분,수납 완료,884.0,442.0,2049800.0
031834359,신풍역,보라매영업사업소,시민용,신풍역,2016-04-30,2016,4,2016-04,정기분,수납 완료,848.0,424.0,1919800.0
031834359,신풍역,보라매영업사업소,시민용,신풍역,2016-06-30,2016,6,2016-06,정기분,수납 완료,924.0,462.0,2103800.0
031834359,신풍역,보라매영업사업소,시민용,신풍역,2016-08-31,2016,8,2016-08,정기분,수납 완료,936.0,468.0,2519800.0
031834359,신풍역,보라매영업사업소,시민용,신풍역,2016-10-31,2016,10,2016-10,정기분,수납 완료,873.0,436.5,2419800.0
031834359,신풍역,보라매영업사업소,시민용,신풍역,2016-12-31,2016,12,2016-12,정기분,수납 완료,932.0,466.0,2137800.0
031834359,신풍역,보라매영업사업소,시민용,신풍역,2017-02-28,2017,2,2017-02,정기분,수납 완료,791.0,395.5,1811300.0
031834359,신풍역,보라매영업사업소,시민용,신풍역,2017-04-30,2017,4,2017-04,정기분,수납 완료,764.0,382.0,1774480.0
031834359,신풍역,보라매영업사업소,시민용,신풍역,2017-06-30,2017,6,2017-06,정기분,수납 완료,956.0,478.0,2260200.0
031834359,신풍역,보라매영업사업소,시민용,신풍역,2017-08-31,2017,8,2017-08,정기분,수납 완료,919.0,459.5,2869200.0
031834359,신풍역,보라매영업사업소,시민용,신풍역,2017-10-31,2017,10,2017-10,정기분,수납 완료,889.0,444.5,2529000.0
031834359,신풍역,보라매영업사업소,시민용,신풍역,2017-12-31,2017,12,2017-12,정기분,수납 완료,874.0,437.0,2018700.0
031834359,신풍역,보라매영업사업소,시민용,신풍역,2018-02-28,2018,2,2018-02,정기분,수납 완료,826.0,413.0,1968190.0
031834359,신풍역,보라매영업사업소,시민용,신풍역,2018-04-30,2018,4,2018-04,정기분,수납 완료,814.0,407.0,1945620.0
031834359,신풍역,보라매영업사업소,시민용,신풍역,2018-06-30,2018,6,2018-06,정기분,수납 완료,923.0,461.5,2250600.0
031834359,신풍역,보라매영업사업소,시민용,신풍역,2018-08-31,2018,8,2018-08,정기분,수납 완료,924.0,462.0,2579890.0
031834359,신풍역,보라매영업사업소,시민용,신풍역,2018-10-31,2018,10,2018-10,정기분,수납 완료,979.0,489.5,3163330.0
031834359,신풍역,보라매영업사업소,시민용,신풍역,2018-12-31,2018,12,2018-12,정기분,수납 완료,768.0,384.0,1815230.0
031834359,신풍역,보라매영업사업소,시민용,신풍역,2019-02-28,2019,2,2019-02,정기분,수납 완료,779.0,389.5,1921760.0
031834359,신풍역,보라매영업사업소,시민용,신풍역,2019-04-30,2019,4,2019-04,정기분,수납 완료,837.0,418.5,2199110.0
031834359,신풍역,보라매영업사업소,시민용,신풍역,2019-06-30,2019,6,2019-06,정기분,수납 완료,900.0,450.0,2378520.0
031834359,신풍역,보라매영업사업소,시민용,신풍역,2019-08-31,2019,8,2019-08,정기분,수납 완료,1057.0,528.5,3177710.0
031834359,신풍역,보라매영업사업소,시민용,신풍역,2019-10-31,2019,10,2019-10,정기분,수납 완료,1004.0,502.0,2942380.0
031834359,신풍역,보라매영업사업소,시민용,신풍역,2019-12-31,2019,12,2019-12,정기분,수납 완료,1047.0,523.5,2613850.0
031834359,신풍역,보라매영업사업소,시민용,신풍역,2020-02-29,2020,2,2020-02,정기분,수납 완료,970.0,485.0,2359880.0
031834359,신풍역,보라매영업사업소,시민용,신풍역,2020-04-30,2020,4,2020-04,정기분,수납 완료,628.0,314.0,1597970.0
031834359,신풍역,보라매영업사업소,시민용,신풍역,2020-06-30,2020,6,2020-06,정기분,수납 완료,711.0,355.5,1747090.0
031834359,신풍역,보라매영업사업소,시민용,신풍역,2020-08-31,2020,8,2020-08,정기분,수납 완료,797.0,398.5,2285320.0
031834359,신풍역,보라매영업사업소,시민용,신풍역,2020-10-31,2020,10,2020-10,정기분,수납 완료,713.0,356.5,2292310.0
031834359,신풍역,보라매영업사업소,시민용,신풍역,2020-12-31,2020,12,2020-12,정기분,수납 완료,701.0,350.5,1693500.0
031834359,신풍역,보라매영업사업소,시민용,신풍역,2021-02-28,2021,2,2021-02,정기분,수납 완료,599.0,299.5,2192120.0
031834359,신풍역,보라매영업사업소,시민용,신풍역,2021-04-30,2021,4,2021-04,정기분,수납 완료,645.0,322.5,1863590.0
031834359,신풍역,보라매영업사업소,시민용,신풍역,2021-06-30,2021,6,2021-06,정기분,수납 완료,761.0,380.5,2005720.0
031834359,신풍역,보라매영업사업소,시민용,신풍역,2021-08-31,2021,8,2021-08,정기분,수납 완료,709.0,354.5,2482710.0
031834359,신풍역,보라매영업사업소,시민용,신풍역,2021-10-31,2021,10,2021-10,정기분,수납 완료,758.0,379.0,2363780.0
031834359,신풍역,보라매영업사업소,시민용,신풍역,2021-12-31,2021,12,2021-12,정기분,수납 완료,803.0,401.5,2183440.0
031834359,신풍역,보라매영업사업소,시민용,신풍역,2022-02-28,2022,2,2022-02,정기분,수납 완료,653.0,326.5,1853400.0
031834359,신풍역,보라매영업사업소,시민용,신풍역,2022-04-30,2022,4,2022-04,정기분,수납 완료,667.0,333.5,1889800.0
031834359,신풍역,보라매영업사업소,시민용,신풍역,2022-06-30,2022,6,2022-06,정기분,수납 완료,895.0,447.5,2605300.0
031834359,신풍역,보라매영업사업소,시민용,신풍역,2022-08-31,2022,8,2022-08,정기분,수납 완료,954.0,477.0,3834900.0
031834359,신풍역,보라매영업사업소,시민용,신풍역,2022-10-31,2022,10,2022-10,정기분,수납 완료,905.0,452.5,3872000.0
031834359,신풍역,보라매영업사업소,시민용,신풍역,2022-12-31,2022,12,2022-12,정기분,수납 완료,808.0,404.0,2313800.0
031834359,신풍역,보라매영업사업소,시민용,신풍역,2023-02-28,2023,2,2023-02,정기분,수납 완료,906.0,453.0,3217910.0
031834359,신풍역,보라매영업사업소,시민용,신풍역,2023-04-30,2023,4,2023-04,정기분,수납 완료,945.0,472.5,3379840.0
031834359,신풍역,보라매영업사업소,시민용,신풍역,2023-06-30,2023,6,2023-06,정기분,수납 완료,1064.0,532.0,3870400.0
031834359,신풍역,보라매영업사업소,시민용,신풍역,2023-08-31,2023,8,2023-08,정기분,수납 완료,1055.0,527.5,4969120.0
031834359,신풍역,보라매영업사업소,시민용,신풍역,2023-10-31,2023,10,2023-10,정기분,수납 완료,1023.0,511.5,5741920.0
031834359,신풍역,보라매영업사업소,시민용,신풍역,2023-12-31,2023,12,2023-12,정기분,수납 완료,1083.0,541.5,3840160.0
031834359,신풍역,보라매영업사업소,시민용,신풍역,2024-02-29,2024,2,2024-02,정기분,수납 완료,890.0,445.0,3124480.0
031834359,신풍역,보라매영업사업소,시민용,신풍역,2024-04-30,2024,4,2024-04,정기분,수납 완료,680.0,340.0,2378560.0
031834359,신풍역,보라매영업사업소,시민용,신풍역,2024-06-30,2024,6,2024-06,정기분,수납 완료,648.0,324.0,2331520.0
031834359,신풍역,보라매영업사업소,시민용,신풍역,2024-08-31,2024,8,2024-08,정기분,수납 완료,474.0,237.0,2351680.0
031834359,신풍역,보라매영업사업소,시민용,신풍역,2024-10-31,2024,10,2024-10,정기분,수납 완료,395.0,197.5,2086240.0
031834359,신풍역,보라매영업사업소,시민용,신풍역,2024-12-31,2024,12,2024-12,정기분,수납 완료,405.0,202.5,1562080.0
031834359,신풍역,보라매영업사업소,시민용,신풍역,2025-02-28,2025,2,2025-02,정기분,수납 완료,336.0,168.0,1263040.0
031834359,신풍역,보라매영업사업소,시민용,신풍역,2025-04-30,2025,4,2025-04,정기분,수납 완료,296.0,148.0,1092190.0
031834359,신풍역,보라매영업사업소,시민용,신풍역,2025-06-30,2025,6,2025-06,정기분,수납 완료,79.0,39.5,401200.0
031834359,신풍역,보라매영업사업소,시민용,신풍역,2025-08-31,2025,8,2025-08,정기분,수납 완료,627.0,313.5,2424600.0
031834359,신풍역,보라매영업사업소,시민용,신풍역,2025-10-31,2025,10,2025-10,정기분,수납 완료,201.0,100.5,4766520.0
031834359,신풍역,보라매영업사업소,시민용,신풍역,2025-12-31,2025,12,2025-12,정기분,수납 완료,665.0,332.5,2575800.0
031834359,신풍역,보라매영업사업소,시민용,신풍역,2026-02-28,2026,2,2026-02,정기분,수납 완료,631.0,315.5,2606120.0
031834359,신풍역,보라매영업사업소,시민용,신풍역,2026-04-30,2026,4,2026-04,정기분,수납 완료,641.0,320.5,2487340.0
001895650,쌍문역,상계영업사업소,시민용,쌍문역,2008-06-30,2008,6,2008-06,정기분,수납 완료,1395.0,697.5,2473220.0
001895650,쌍문역,상계영업사업소,시민용,쌍문역,2008-07-31,2008,7,2008-07,정기분,수납 완료,698.0,349.0,2246500.0
001895650,쌍문역,상계영업사업소,시민용,쌍문역,2008-08-31,2008,8,2008-08,정기분,수납 완료,1332.0,666.0,2164580.0
001895650,쌍문역,상계영업사업소,시민용,쌍문역,2008-09-30,2008,9,2008-09,정기분,수납 완료,666.0,333.0,2205540.0
001895650,쌍문역,상계영업사업소,시민용,쌍문역,2008-10-31,2008,10,2008-10,정기분,수납 완료,1263.0,631.5,2117220.0
001895650,쌍문역,상계영업사업소,시민용,쌍문역,2008-11-30,2008,11,2008-11,정기분,수납 완료,632.0,316.0,2162020.0
001895650,쌍문역,상계영업사업소,시민용,쌍문역,2008-12-31,2008,12,2008-12,정기분,수납 완료,1593.0,796.5,2776940.0
001895650,쌍문역,상계영업사업소,시민용,쌍문역,2009-01-31,2009,1,2009-01,정기분,수납 완료,797.0,398.5,2470120.0
001895650,쌍문역,상계영업사업소,시민용,쌍문역,2009-02-28,2009,2,2009-02,정기분,수납 완료,1294.0,647.0,2086120.0
001895650,쌍문역,상계영업사업소,시민용,쌍문역,2009-03-31,2009,3,2009-03,정기분,수납 완료,647.0,323.5,2278120.0
001895650,쌍문역,상계영업사업소,시민용,쌍문역,2009-04-30,2009,4,2009-04,정기분,수납 완료,1205.0,602.5,2164200.0
001895650,쌍문역,상계영업사업소,시민용,쌍문역,2009-05-31,2009,5,2009-05,정기분,수납 완료,603.0,301.5,2221800.0
001895650,쌍문역,상계영업사업소,시민용,쌍문역,2009-06-30,2009,6,2009-06,정기분,수납 완료,1465.0,732.5,2594120.0
001895650,쌍문역,상계영업사업소,시민용,쌍문역,2009-07-31,2009,7,2009-07,정기분,수납 완료,733.0,366.5,2408600.0
001895650,쌍문역,상계영업사업소,시민용,쌍문역,2009-08-31,2009,8,2009-08,정기분,수납 완료,1628.0,814.0,2615960.0
001895650,쌍문역,상계영업사업소,시민용,쌍문역,2009-09-30,2009,9,2009-09,정기분,수납 완료,814.0,407.0,2512280.0
001895650,쌍문역,상계영업사업소,시민용,쌍문역,2009-10-31,2009,10,2009-10,정기분,수납 완료,1462.0,731.0,2299800.0
001895650,쌍문역,상계영업사업소,시민용,쌍문역,2009-11-30,2009,11,2009-11,정기분,수납 완료,731.0,365.5,2406040.0
001895650,쌍문역,상계영업사업소,시민용,쌍문역,2009-12-31,2009,12,2009-12,정기분,수납 완료,1768.0,884.0,3155150.0
001895650,쌍문역,상계영업사업소,시민용,쌍문역,2010-01-31,2010,1,2010-01,정기분,수납 완료,793.0,396.5,2470100.0
001895650,쌍문역,상계영업사업소,시민용,쌍문역,2010-02-28,2010,2,2010-02,정기분,수납 완료,1514.0,757.0,2377940.0
001895650,쌍문역,상계영업사업소,시민용,쌍문역,2010-03-31,2010,3,2010-03,정기분,수납 완료,757.0,378.5,2424020.0
001895650,쌍문역,상계영업사업소,시민용,쌍문역,2010-04-30,2010,4,2010-04,정기분,수납 완료,1476.0,738.0,2375380.0
001895650,쌍문역,상계영업사업소,시민용,쌍문역,2010-05-31,2010,5,2010-05,정기분,수납 완료,738.0,369.0,2399700.0
001895650,쌍문역,상계영업사업소,시민용,쌍문역,2010-06-30,2010,6,2010-06,정기분,수납 완료,1631.0,815.5,2598100.0
001895650,쌍문역,상계영업사업소,시민용,쌍문역,2010-07-31,2010,7,2010-07,정기분,수납 완료,816.0,408.0,2499540.0
001895650,쌍문역,상계영업사업소,시민용,쌍문역,2010-08-31,2010,8,2010-08,정기분,수납 완료,1607.0,803.5,2467540.0
001895650,쌍문역,상계영업사업소,시민용,쌍문역,2010-09-30,2010,9,2010-09,정기분,수납 완료,804.0,402.0,2484180.0
001895650,쌍문역,상계영업사업소,시민용,쌍문역,2010-10-31,2010,10,2010-10,정기분,수납 완료,1492.0,746.0,2335700.0
001895650,쌍문역,상계영업사업소,시민용,쌍문역,2010-11-30,2010,11,2010-11,정기분,수납 완료,746.0,373.0,2409940.0
001895650,쌍문역,상계영업사업소,시민용,쌍문역,2010-12-31,2010,12,2010-12,정기분,수납 완료,1343.0,671.5,2219220.0
001895650,쌍문역,상계영업사업소,시민용,쌍문역,2011-01-31,2011,1,2011-01,정기분,수납 완료,672.0,336.0,2315220.0
001895650,쌍문역,상계영업사업소,시민용,쌍문역,2011-02-28,2011,2,2011-02,정기분,수납 완료,1871.0,935.5,3000630.0
001895650,쌍문역,상계영업사업소,시민용,쌍문역,2011-03-31,2011,3,2011-03,정기분,수납 완료,936.0,468.0,2662500.0
001895650,쌍문역,상계영업사업소,시민용,쌍문역,2011-04-30,2011,4,2011-04,정기분,수납 완료,1470.0,735.0,2143920.0
001895650,쌍문역,상계영업사업소,시민용,쌍문역,2011-05-31,2011,5,2011-05,정기분,수납 완료,735.0,367.5,2403210.0
001895650,쌍문역,상계영업사업소,시민용,쌍문역,2011-06-30,2011,6,2011-06,정기분,수납 완료,1942.0,971.0,3012090.0
001895650,쌍문역,상계영업사업소,시민용,쌍문역,2011-07-31,2011,7,2011-07,정기분,수납 완료,971.0,485.5,2707650.0
001895650,쌍문역,상계영업사업소,시민용,쌍문역,2011-08-31,2011,8,2011-08,정기분,수납 완료,1640.0,820.0,2318070.0
001895650,쌍문역,상계영업사업소,시민용,쌍문역,2011-09-30,2011,9,2011-09,정기분,수납 완료,820.0,410.0,2512860.0
001895650,쌍문역,상계영업사업소,시민용,쌍문역,2011-10-31,2011,10,2011-10,정기분,수납 완료,1956.0,978.0,2920500.0
001895650,쌍문역,상계영업사업소,시민용,쌍문역,2011-11-30,2011,11,2011-11,정기분,수납 완료,978.0,489.0,2716680.0
001895650,쌍문역,상계영업사업소,시민용,쌍문역,2011-12-31,2011,12,2011-12,정기분,수납 완료,1878.0,939.0,2616060.0
001895650,쌍문역,상계영업사업소,시민용,쌍문역,2012-01-31,2012,1,2012-01,정기분,수납 완료,939.0,469.5,2666370.0
001895650,쌍문역,상계영업사업소,시민용,쌍문역,2012-02-29,2012,2,2012-02,정기분,수납 완료,1637.0,818.5,2355480.0
001895650,쌍문역,상계영업사업소,시민용,쌍문역,2012-03-31,2012,3,2012-03,정기분,수납 완료,819.0,409.5,2699380.0
001895650,쌍문역,상계영업사업소,시민용,쌍문역,2012-04-30,2012,4,2012-04,정기분,수납 완료,1637.0,818.5,2697740.0
001895650,쌍문역,상계영업사업소,시민용,쌍문역,2012-05-31,2012,5,2012-05,정기분,수납 완료,819.0,409.5,2699380.0
001895650,쌍문역,상계영업사업소,시민용,쌍문역,2012-06-30,2012,6,2012-06,정기분,수납 완료,1875.0,937.5,2514740.0
001895650,쌍문역,상계영업사업소,시민용,쌍문역,2012-07-31,2012,7,2012-07,정기분,수납 완료,938.0,469.0,2607880.0
001895650,쌍문역,상계영업사업소,시민용,쌍문역,2012-08-31,2012,8,2012-08,정기분,수납 완료,1909.0,954.5,2662000.0
001895650,쌍문역,상계영업사업소,시민용,쌍문역,2012-09-30,2012,9,2012-09,정기분,수납 완료,955.0,477.5,2635760.0
001895650,쌍문역,상계영업사업소,시민용,쌍문역,2012-10-31,2012,10,2012-10,정기분,수납 완료,2175.0,1087.5,3070360.0
001895650,쌍문역,상계영업사업소,시민용,쌍문역,2012-11-30,2012,11,2012-11,정기분,수납 완료,1088.0,544.0,2853880.0
001895650,쌍문역,상계영업사업소,시민용,쌍문역,2012-12-31,2012,12,2012-12,정기분,수납 완료,1775.0,887.5,2196240.0
001895650,쌍문역,상계영업사업소,시민용,쌍문역,2013-01-31,2013,1,2013-01,정기분,수납 완료,888.0,444.0,2525880.0
001895650,쌍문역,상계영업사업소,시민용,쌍문역,2013-02-28,2013,2,2013-02,정기분,수납 완료,1705.0,852.5,2409440.0
001895650,쌍문역,상계영업사업소,시민용,쌍문역,2013-03-31,2013,3,2013-03,정기분,수납 완료,853.0,426.5,2829000.0
001895650,쌍문역,상계영업사업소,시민용,쌍문역,2013-04-30,2013,4,2013-04,정기분,수납 완료,1487.0,743.5,2426040.0
001895650,쌍문역,상계영업사업소,시민용,쌍문역,2013-05-31,2013,5,2013-05,정기분,수납 완료,744.0,372.0,2628440.0
001895650,쌍문역,상계영업사업소,시민용,쌍문역,2013-06-30,2013,6,2013-06,정기분,수납 완료,2005.0,1002.5,3579720.0
001895650,쌍문역,상계영업사업소,시민용,쌍문역,2013-07-31,2013,7,2013-07,정기분,수납 완료,1003.0,501.5,3524380.0
001895650,쌍문역,상계영업사업소,시민용,쌍문역,2013-08-31,2013,8,2013-08,정기분,수납 완료,2301.0,1150.5,4067180.0
001895650,쌍문역,상계영업사업소,시민용,쌍문역,2013-09-30,2013,9,2013-09,정기분,수납 완료,1151.0,575.5,3796700.0
001895650,쌍문역,상계영업사업소,시민용,쌍문역,2013-10-31,2013,10,2013-10,정기분,수납 완료,1883.0,941.5,3025740.0
001895650,쌍문역,상계영업사업소,시민용,쌍문역,2013-11-30,2013,11,2013-11,정기분,수납 완료,941.0,470.5,3410300.0
001895650,쌍문역,상계영업사업소,시민용,쌍문역,2013-12-31,2013,12,2013-12,정기분,수납 완료,1886.0,943.0,3417660.0
001895650,쌍문역,상계영업사업소,시민용,쌍문역,2014-01-31,2014,1,2014-01,정기분,수납 완료,943.0,471.5,2822740.0
001895650,쌍문역,상계영업사업소,시민용,쌍문역,2014-02-28,2014,2,2014-02,정기분,수납 완료,1868.0,934.0,2789620.0
001895650,쌍문역,상계영업사업소,시민용,쌍문역,2014-03-31,2014,3,2014-03,정기분,수납 완료,934.0,467.0,3126100.0
001895650,쌍문역,상계영업사업소,시민용,쌍문역,2014-04-30,2014,4,2014-04,정기분,수납 완료,1793.0,896.5,2976100.0
001895650,쌍문역,상계영업사업소,시민용,쌍문역,2014-05-31,2014,5,2014-05,정기분,수납 완료,897.0,448.5,3052100.0
001895650,쌍문역,상계영업사업소,시민용,쌍문역,2014-06-30,2014,6,2014-06,정기분,수납 완료,2112.0,1056.0,3688100.0
001895650,쌍문역,상계영업사업소,시민용,쌍문역,2014-07-31,2014,7,2014-07,정기분,수납 완료,1056.0,528.0,3370100.0
001895650,쌍문역,상계영업사업소,시민용,쌍문역,2014-08-31,2014,8,2014-08,정기분,수납 완료,2351.0,1175.5,3848100.0
001895650,쌍문역,상계영업사업소,시민용,쌍문역,2014-09-30,2014,9,2014-09,정기분,수납 완료,1176.0,588.0,3610100.0
001895650,쌍문역,상계영업사업소,시민용,쌍문역,2014-10-31,2014,10,2014-10,정기분,수납 완료,2087.0,1043.5,3080100.0
001895650,쌍문역,상계영업사업소,시민용,쌍문역,2014-11-30,2014,11,2014-11,정기분,수납 완료,1044.0,522.0,3346100.0
001895650,쌍문역,상계영업사업소,시민용,쌍문역,2014-12-31,2014,12,2014-12,정기분,수납 완료,1833.0,916.5,2252300.0
001895650,쌍문역,상계영업사업소,시민용,쌍문역,2015-01-31,2015,1,2015-01,정기분,수납 완료,917.0,458.5,2800200.0
001895650,쌍문역,상계영업사업소,시민용,쌍문역,2015-02-28,2015,2,2015-02,정기분,수납 완료,1534.0,767.0,2200200.0
001895650,쌍문역,상계영업사업소,시민용,쌍문역,2015-03-31,2015,3,2015-03,정기분,수납 완료,767.0,383.5,2500200.0
001895650,쌍문역,상계영업사업소,시민용,쌍문역,2015-04-30,2015,4,2015-04,정기분,수납 완료,1509.0,754.5,2450200.0
001895650,쌍문역,상계영업사업소,시민용,쌍문역,2015-05-31,2015,5,2015-05,정기분,수납 완료,755.0,377.5,2476200.0
001895650,쌍문역,상계영업사업소,시민용,쌍문역,2015-06-30,2015,6,2015-06,정기분,수납 완료,1697.0,848.5,2850200.0
001895650,쌍문역,상계영업사업소,시민용,쌍문역,2015-07-31,2015,7,2015-07,정기분,수납 완료,849.0,424.5,2917400.0
001895650,쌍문역,상계영업사업소,시민용,쌍문역,2015-08-31,2015,8,2015-08,정기분,수납 완료,1908.0,954.0,3337400.0
001895650,쌍문역,상계영업사업소,시민용,쌍문역,2015-09-30,2015,9,2015-09,정기분,수납 완료,954.0,477.0,3127400.0
001895650,쌍문역,상계영업사업소,시민용,쌍문역,2015-10-31,2015,10,2015-10,정기분,수납 완료,1523.0,761.5,2357400.0
001895650,쌍문역,상계영업사업소,시민용,쌍문역,2015-11-30,2015,11,2015-11,정기분,수납 완료,762.0,381.0,2743400.0
001895650,쌍문역,상계영업사업소,시민용,쌍문역,2015-12-31,2015,12,2015-12,정기분,수납 완료,484.0,242.0,470100.0
001895650,쌍문역,상계영업사업소,시민용,쌍문역,2016-01-31,2016,1,2016-01,정기분,수납 완료,242.0,121.0,877500.0
001895650,쌍문역,상계영업사업소,시민용,쌍문역,2016-02-29,2016,2,2016-02,정기분,수납 완료,1175.0,587.5,2500820.0
001895650,쌍문역,상계영업사업소,시민용,쌍문역,2016-03-31,2016,3,2016-03,정기분,수납 완료,588.0,294.0,1988000.0
001895650,쌍문역,상계영업사업소,시민용,쌍문역,2016-04-30,2016,4,2016-04,정기분,수납 완료,1383.0,691.5,2402300.0
001895650,쌍문역,상계영업사업소,시민용,쌍문역,2016-05-31,2016,5,2016-05,정기분,수납 완료,692.0,346.0,2196000.0
001895650,쌍문역,상계영업사업소,시민용,쌍문역,2016-06-30,2016,6,2016-06,정기분,수납 완료,1767.0,883.5,2991100.0
001895650,쌍문역,상계영업사업소,시민용,쌍문역,2016-07-31,2016,7,2016-07,정기분,수납 완료,884.0,442.0,2594400.0
001895650,쌍문역,상계영업사업소,시민용,쌍문역,2016-08-31,2016,8,2016-08,정기분,수납 완료,2589.0,1294.5,4236700.0
001895650,쌍문역,상계영업사업소,시민용,쌍문역,2016-09-30,2016,9,2016-09,정기분,수납 완료,1295.0,647.5,3416400.0
001895650,쌍문역,상계영업사업소,시민용,쌍문역,2016-10-31,2016,10,2016-10,정기분,수납 완료,2769.0,1384.5,3774700.0
001895650,쌍문역,상계영업사업소,시민용,쌍문역,2016-11-30,2016,11,2016-11,정기분,수납 완료,1385.0,692.5,3596400.0
001895650,쌍문역,상계영업사업소,시민용,쌍문역,2016-12-31,2016,12,2016-12,정기분,수납 완료,2097.0,1048.5,2403400.0
001895650,쌍문역,상계영업사업소,시민용,쌍문역,2017-01-31,2017,1,2017-01,정기분,수납 완료,1049.0,524.5,3030840.0
001895650,쌍문역,상계영업사업소,시민용,쌍문역,2017-02-28,2017,2,2017-02,정기분,수납 완료,1680.0,840.0,2336010.0
001895650,쌍문역,상계영업사업소,시민용,쌍문역,2017-03-31,2017,3,2017-03,정기분,수납 완료,840.0,420.0,2759240.0
001895650,쌍문역,상계영업사업소,시민용,쌍문역,2017-04-30,2017,4,2017-04,정기분,수납 완료,1660.0,830.0,2717240.0
001895650,쌍문역,상계영업사업소,시민용,쌍문역,2017-05-31,2017,5,2017-05,정기분,수납 완료,830.0,415.0,2738240.0
001895650,쌍문역,상계영업사업소,시민용,쌍문역,2017-06-30,2017,6,2017-06,정기분,수납 완료,1999.0,999.5,3453440.0
001895650,쌍문역,상계영업사업소,시민용,쌍문역,2017-07-31,2017,7,2017-07,정기분,수납 완료,1000.0,500.0,3096890.0
001895650,쌍문역,상계영업사업소,시민용,쌍문역,2017-08-31,2017,8,2017-08,정기분,수납 완료,2618.0,1309.0,4394690.0
001895650,쌍문역,상계영업사업소,시민용,쌍문역,2017-09-30,2017,9,2017-09,정기분,수납 완료,1309.0,654.5,3745790.0
001895650,쌍문역,상계영업사업소,시민용,쌍문역,2017-10-31,2017,10,2017-10,정기분,수납 완료,2874.0,1437.0,4283390.0
001895650,쌍문역,상계영업사업소,시민용,쌍문역,2017-11-30,2017,11,2017-11,정기분,수납 완료,1437.0,718.5,4014590.0
001895650,쌍문역,상계영업사업소,시민용,쌍문역,2017-12-31,2017,12,2017-12,정기분,수납 완료,2071.0,1035.5,2404190.0
001895650,쌍문역,상계영업사업소,시민용,쌍문역,2018-01-31,2018,1,2018-01,정기분,수납 완료,1036.0,518.0,3248440.0
001895650,쌍문역,상계영업사업소,시민용,쌍문역,2018-02-28,2018,2,2018-02,정기분,수납 완료,1884.0,942.0,3008110.0
001895650,쌍문역,상계영업사업소,시민용,쌍문역,2018-03-31,2018,3,2018-03,정기분,수납 완료,942.0,471.0,3209600.0
001895650,쌍문역,상계영업사업소,시민용,쌍문역,2018-04-30,2018,4,2018-04,정기분,수납 완료,1812.0,906.0,3050480.0
001895650,쌍문역,상계영업사업소,시민용,쌍문역,2018-05-31,2018,5,2018-05,정기분,수납 완료,906.0,453.0,3130040.0
001895650,쌍문역,상계영업사업소,시민용,쌍문역,2018-06-30,2018,6,2018-06,정기분,수납 완료,2289.0,1144.5,4184210.0
001895650,쌍문역,상계영업사업소,시민용,쌍문역,2018-07-31,2018,7,2018-07,정기분,수납 완료,1145.0,572.5,3658230.0
001895650,쌍문역,상계영업사업소,시민용,쌍문역,2018-08-31,2018,8,2018-08,정기분,수납 완료,3122.0,1561.0,5692070.0
001895650,쌍문역,상계영업사업소,시민용,쌍문역,2018-09-30,2018,9,2018-09,정기분,수납 완료,1561.0,780.5,4675150.0
001895650,쌍문역,상계영업사업소,시민용,쌍문역,2018-10-31,2018,10,2018-10,정기분,수납 완료,3113.0,1556.5,4655260.0
001895650,쌍문역,상계영업사업소,시민용,쌍문역,2018-11-30,2018,11,2018-11,정기분,수납 완료,1557.0,778.5,4666310.0
001895650,쌍문역,상계영업사업소,시민용,쌍문역,2018-12-31,2018,12,2018-12,정기분,수납 완료,1986.0,993.0,2173430.0
001895650,쌍문역,상계영업사업소,시민용,쌍문역,2019-01-31,2019,1,2019-01,정기분,수납 완료,993.0,496.5,3467580.0
001895650,쌍문역,상계영업사업소,시민용,쌍문역,2019-02-28,2019,2,2019-02,정기분,수납 완료,1857.0,928.5,3267170.0
001895650,쌍문역,상계영업사업소,시민용,쌍문역,2019-03-31,2019,3,2019-03,정기분,수납 완료,929.0,464.5,3469570.0
001895650,쌍문역,상계영업사업소,시민용,쌍문역,2019-04-30,2019,4,2019-04,정기분,수납 완료,1833.0,916.5,3411320.0
001895650,쌍문역,상계영업사업소,시민용,쌍문역,2019-05-31,2019,5,2019-05,정기분,수납 완료,917.0,458.5,3441610.0
001895650,쌍문역,상계영업사업소,시민용,쌍문역,2019-06-30,2019,6,2019-06,정기분,수납 완료,2425.0,1212.5,4818640.0
001895650,쌍문역,상계영업사업소,시민용,쌍문역,2019-07-31,2019,7,2019-07,정기분,수납 완료,1213.0,606.5,4131290.0
001895650,쌍문역,상계영업사업소,시민용,쌍문역,2019-08-31,2019,8,2019-08,정기분,수납 완료,3269.0,1634.5,5904280.0
001895650,쌍문역,상계영업사업소,시민용,쌍문역,2019-09-30,2019,9,2019-09,정기분,수납 완료,1635.0,817.5,5018950.0
001895650,쌍문역,상계영업사업소,시민용,쌍문역,2019-10-31,2019,10,2019-10,정기분,수납 완료,3134.0,1567.0,4702070.0
001895650,쌍문역,상계영업사업소,시민용,쌍문역,2019-11-30,2019,11,2019-11,정기분,수납 완료,1567.0,783.5,4860510.0
001895650,쌍문역,상계영업사업소,시민용,쌍문역,2019-12-31,2019,12,2019-12,정기분,수납 완료,2149.0,1074.5,2565460.0
001895650,쌍문역,상계영업사업소,시민용,쌍문역,2020-01-31,2020,1,2020-01,정기분,수납 완료,1075.0,537.5,3714150.0
001895650,쌍문역,상계영업사업소,시민용,쌍문역,2020-02-29,2020,2,2020-02,정기분,수납 완료,1835.0,917.5,2980200.0
001895650,쌍문역,상계영업사업소,시민용,쌍문역,2020-03-31,2020,3,2020-03,정기분,수납 완료,918.0,459.0,3348340.0
001895650,쌍문역,상계영업사업소,시민용,쌍문역,2020-04-30,2020,4,2020-04,정기분,수납 완료,1419.0,709.5,2376730.0
001895650,쌍문역,상계영업사업소,시민용,쌍문역,2020-05-31,2020,5,2020-05,정기분,수납 완료,710.0,355.0,2863700.0
001895650,쌍문역,상계영업사업소,시민용,쌍문역,2020-06-30,2020,6,2020-06,정기분,수납 완료,1807.0,903.5,3765410.0
001895650,쌍문역,상계영업사업소,시민용,쌍문역,2020-07-31,2020,7,2020-07,정기분,수납 완료,904.0,452.0,3315720.0
001895650,쌍문역,상계영업사업소,시민용,쌍문역,2020-08-31,2020,8,2020-08,정기분,수납 완료,2145.0,1072.5,4100930.0
001895650,쌍문역,상계영업사업소,시민용,쌍문역,2020-09-30,2020,9,2020-09,정기분,수납 완료,1073.0,536.5,3709490.0
001895650,쌍문역,상계영업사업소,시민용,쌍문역,2020-10-31,2020,10,2020-10,정기분,수납 완료,1947.0,973.5,3245820.0
001895650,쌍문역,상계영업사업소,시민용,쌍문역,2020-11-30,2020,11,2020-11,정기분,수납 완료,974.0,487.0,3478820.0
001895650,쌍문역,상계영업사업소,시민용,쌍문역,2020-12-31,2020,12,2020-12,정기분,수납 완료,1703.0,851.5,2907970.0
001895650,쌍문역,상계영업사업소,시민용,쌍문역,2021-01-31,2021,1,2021-01,정기분,수납 완료,852.0,426.0,3194560.0
001895650,쌍문역,상계영업사업소,시민용,쌍문역,2021-02-28,2021,2,2021-02,정기분,수납 완료,1186.0,593.0,1987620.0
001895650,쌍문역,상계영업사업소,시민용,쌍문역,2021-03-31,2021,3,2021-03,정기분,수납 완료,593.0,296.5,2591090.0
001895650,쌍문역,상계영업사업소,시민용,쌍문역,2021-04-30,2021,4,2021-04,정기분,수납 완료,1331.0,665.5,2523340.0
001895650,쌍문역,상계영업사업소,시민용,쌍문역,2021-05-31,2021,5,2021-05,정기분,수납 완료,666.0,333.0,2558380.0
001895650,쌍문역,상계영업사업소,시민용,쌍문역,2021-06-30,2021,6,2021-06,정기분,수납 완료,1391.0,695.5,2695850.0
001895650,쌍문역,상계영업사업소,시민용,쌍문역,2021-07-31,2021,7,2021-07,정기분,수납 완료,696.0,348.0,2657910.0
001895650,쌍문역,상계영업사업소,시민용,쌍문역,2021-08-31,2021,8,2021-08,정기분,수납 완료,1544.0,772.0,3150590.0
001895650,쌍문역,상계영업사업소,시민용,쌍문역,2021-09-30,2021,9,2021-09,정기분,수납 완료,772.0,386.0,2969480.0
001895650,쌍문역,상계영업사업소,시민용,쌍문역,2021-10-31,2021,10,2021-10,정기분,수납 완료,1871.0,935.5,3800060.0
001895650,쌍문역,상계영업사업소,시민용,쌍문역,2021-11-30,2021,11,2021-11,정기분,수납 완료,936.0,468.0,3386040.0
001895650,쌍문역,상계영업사업소,시민용,쌍문역,2021-12-31,2021,12,2021-12,정기분,수납 완료,1427.0,713.5,2255740.0
001895650,쌍문역,상계영업사업소,시민용,쌍문역,2022-01-31,2022,1,2022-01,정기분,수납 완료,714.0,357.0,2843280.0
001895650,쌍문역,상계영업사업소,시민용,쌍문역,2022-02-28,2022,2,2022-02,정기분,수납 완료,850.0,425.0,1457810.0
001895650,쌍문역,상계영업사업소,시민용,쌍문역,2022-03-31,2022,3,2022-03,정기분,수납 완료,425.0,212.5,2198150.0
001895650,쌍문역,상계영업사업소,시민용,쌍문역,2022-04-30,2022,4,2022-04,정기분,수납 완료,1523.0,761.5,3981600.0
001895650,쌍문역,상계영업사업소,시민용,쌍문역,2022-05-31,2022,5,2022-05,정기분,수납 완료,762.0,381.0,3091200.0
001895650,쌍문역,상계영업사업소,시민용,쌍문역,2022-06-30,2022,6,2022-06,정기분,수납 완료,1407.0,703.5,2781150.0
001895650,쌍문역,상계영업사업소,시민용,쌍문역,2022-07-31,2022,7,2022-07,정기분,수납 완료,704.0,352.0,2937500.0
001895650,쌍문역,상계영업사업소,시민용,쌍문역,2022-08-31,2022,8,2022-08,정기분,수납 완료,1801.0,900.5,3978950.0
001895650,쌍문역,상계영업사업소,시민용,쌍문역,2022-09-30,2022,9,2022-09,정기분,수납 완료,901.0,450.5,3459550.0
001895650,쌍문역,상계영업사업소,시민용,쌍문역,2022-10-31,2022,10,2022-10,정기분,수납 완료,1801.0,900.5,3456900.0
001895650,쌍문역,상계영업사업소,시민용,쌍문역,2022-11-30,2022,11,2022-11,정기분,수납 완료,901.0,450.5,2803150.0
001895650,쌍문역,상계영업사업소,시민용,쌍문역,2022-12-31,2022,12,2022-12,정기분,수납 완료,1477.0,738.5,3254700.0
001895650,쌍문역,상계영업사업소,시민용,쌍문역,2023-01-31,2023,1,2023-01,정기분,수납 완료,717.0,358.5,2361140.0
001895650,쌍문역,상계영업사업소,시민용,쌍문역,2023-02-28,2023,2,2023-02,정기분,수납 완료,675.0,337.5,2616300.0
001895650,쌍문역,상계영업사업소,시민용,쌍문역,2023-03-31,2023,3,2023-03,정기분,수납 완료,729.0,364.5,2797740.0
001895650,쌍문역,상계영업사업소,시민용,쌍문역,2023-04-30,2023,4,2023-04,정기분,수납 완료,819.0,409.5,3100140.0
001895650,쌍문역,상계영업사업소,시민용,쌍문역,2023-05-31,2023,5,2023-05,정기분,수납 완료,787.0,393.5,2967820.0
001895650,쌍문역,상계영업사업소,시민용,쌍문역,2023-06-30,2023,6,2023-06,정기분,수납 완료,853.0,426.5,3113580.0
001895650,쌍문역,상계영업사업소,시민용,쌍문역,2023-07-31,2023,7,2023-07,정기분,수납 완료,941.0,470.5,3572860.0
001895650,쌍문역,상계영업사업소,시민용,쌍문역,2023-08-31,2023,8,2023-08,정기분,수납 완료,1031.0,515.5,3765870.0
001895650,쌍문역,상계영업사업소,시민용,쌍문역,2023-09-30,2023,9,2023-09,정기분,수납 완료,1065.0,532.5,3883850.0
001895650,쌍문역,상계영업사업소,시민용,쌍문역,2023-10-31,2023,10,2023-10,정기분,수납 완료,910.0,455.0,3355900.0
001895650,쌍문역,상계영업사업소,시민용,쌍문역,2023-11-30,2023,11,2023-11,정기분,수납 완료,878.0,439.0,3176380.0
001895650,쌍문역,상계영업사업소,시민용,쌍문역,2023-12-31,2023,12,2023-12,정기분,수납 완료,533.0,266.5,2033980.0
001895650,쌍문역,상계영업사업소,시민용,쌍문역,2024-01-31,2024,1,2024-01,정기분,수납 완료,468.0,234.0,1819980.0
001895650,쌍문역,상계영업사업소,시민용,쌍문역,2024-02-29,2024,2,2024-02,정기분,수납 완료,468.0,234.0,1819980.0
001895650,쌍문역,상계영업사업소,시민용,쌍문역,2024-03-31,2024,3,2024-03,정기분,수납 완료,751.0,375.5,2712860.0
001895650,쌍문역,상계영업사업소,시민용,쌍문역,2024-04-30,2024,4,2024-04,정기분,수납 완료,853.0,426.5,3055580.0
001895650,쌍문역,상계영업사업소,시민용,쌍문역,2024-05-31,2024,5,2024-05,정기분,수납 완료,830.0,415.0,3021100.0
001895650,쌍문역,상계영업사업소,시민용,쌍문역,2024-06-30,2024,6,2024-06,정기분,수납 완료,880.0,440.0,3139500.0
001895650,쌍문역,상계영업사업소,시민용,쌍문역,2024-07-31,2024,7,2024-07,정기분,수납 완료,1005.0,502.5,3601250.0
001895650,쌍문역,상계영업사업소,시민용,쌍문역,2024-08-31,2024,8,2024-08,정기분,수납 완료,961.0,480.5,3408060.0
001895650,쌍문역,상계영업사업소,시민용,쌍문역,2024-09-30,2024,9,2024-09,정기분,수납 완료,994.0,497.0,3622940.0
001895650,쌍문역,상계영업사업소,시민용,쌍문역,2024-10-31,2024,10,2024-10,정기분,수납 완료,923.0,461.5,3399580.0
001895650,쌍문역,상계영업사업소,시민용,쌍문역,2024-11-30,2024,11,2024-11,정기분,수납 완료,906.0,453.0,3152460.0
001895650,쌍문역,상계영업사업소,시민용,쌍문역,2024-12-31,2024,12,2024-12,정기분,수납 완료,852.0,426.0,2917420.0
001895650,쌍문역,상계영업사업소,시민용,쌍문역,2025-01-31,2025,1,2025-01,정기분,수납 완료,833.0,416.5,2990380.0
001895650,쌍문역,상계영업사업소,시민용,쌍문역,2025-02-28,2025,2,2025-02,정기분,수납 완료,758.0,379.0,3090380.0
001895650,쌍문역,상계영업사업소,시민용,쌍문역,2025-03-31,2025,3,2025-03,정기분,수납 완료,740.0,370.0,3029900.0
001895650,쌍문역,상계영업사업소,시민용,쌍문역,2025-04-30,2025,4,2025-04,정기분,수납 완료,907.0,453.5,3534220.0
001895650,쌍문역,상계영업사업소,시민용,쌍문역,2025-05-31,2025,5,2025-05,정기분,수납 완료,891.0,445.5,3538060.0
001895650,쌍문역,상계영업사업소,시민용,쌍문역,2025-06-30,2025,6,2025-06,정기분,수납 완료,939.0,469.5,3701340.0
001895650,쌍문역,상계영업사업소,시민용,쌍문역,2025-07-31,2025,7,2025-07,정기분,수납 완료,1057.0,528.5,4192090.0
001895650,쌍문역,상계영업사업소,시민용,쌍문역,2025-08-31,2025,8,2025-08,정기분,수납 완료,1261.0,630.5,4899970.0
001895650,쌍문역,상계영업사업소,시민용,쌍문역,2025-09-30,2025,9,2025-09,정기분,수납 완료,1188.0,594.0,4646660.0
001895650,쌍문역,상계영업사업소,시민용,쌍문역,2025-10-31,2025,10,2025-10,정기분,수납 완료,1042.0,521.0,3730840.0
001895650,쌍문역,상계영업사업소,시민용,쌍문역,2025-11-30,2025,11,2025-11,정기분,수납 완료,934.0,467.0,3458540.0
001895650,쌍문역,상계영업사업소,시민용,쌍문역,2025-12-31,2025,12,2025-12,정기분,수납 완료,923.0,461.5,3421580.0
001895650,쌍문역,상계영업사업소,시민용,쌍문역,2026-01-31,2026,1,2026-01,정기분,수납 완료,862.0,431.0,3053650.0
001895650,쌍문역,상계영업사업소,시민용,쌍문역,2026-02-28,2026,2,2026-02,정기분,수납 완료,803.0,401.5,3003780.0
001895650,쌍문역,상계영업사업소,시민용,쌍문역,2026-03-31,2026,3,2026-03,정기분,수납 완료,727.0,363.5,2734740.0
001895650,쌍문역,상계영업사업소,시민용,쌍문역,2026-04-30,2026,4,2026-04,정기분,수납 완료,940.0,470.0,3488760.0
001895650,쌍문역,상계영업사업소,시민용,쌍문역,2026-05-31,2026,5,2026-05,정기분,미납,978.0,489.0,3623280.0
000978203,아차산(어린이대공원후문)역,광화문영업사업소,시민용,아차산역,2010-03-31,2010,3,2010-03,정기분,수납 완료,1216.0,608.0,1557080.0
000978203,아차산(어린이대공원후문)역,광화문영업사업소,시민용,아차산역,2010-05-31,2010,5,2010-05,정기분,수납 완료,1390.0,695.0,1779800.0
000978203,아차산(어린이대공원후문)역,광화문영업사업소,시민용,아차산역,2010-07-31,2010,7,2010-07,정기분,수납 완료,1410.0,705.0,1805400.0
000978203,아차산(어린이대공원후문)역,광화문영업사업소,시민용,아차산역,2010-09-30,2010,9,2010-09,정기분,수납 완료,1341.0,670.5,1717080.0
000978203,아차산(어린이대공원후문)역,광화문영업사업소,시민용,아차산역,2010-11-30,2010,11,2010-11,정기분,수납 완료,1344.0,672.0,1720920.0
000978203,아차산(어린이대공원후문)역,광화문영업사업소,시민용,아차산역,2011-01-31,2011,1,2011-01,정기분,수납 완료,1347.0,673.5,1724760.0
000978203,아차산(어린이대공원후문)역,광화문영업사업소,시민용,아차산역,2011-03-31,2011,3,2011-03,정기분,수납 완료,1255.0,627.5,1617500.0
000978203,아차산(어린이대공원후문)역,광화문영업사업소,시민용,아차산역,2011-05-31,2011,5,2011-05,정기분,수납 완료,1694.0,847.0,2185860.0
000978203,아차산(어린이대공원후문)역,광화문영업사업소,시민용,아차산역,2011-07-31,2011,7,2011-07,정기분,수납 완료,1358.0,679.0,1752420.0
000978203,아차산(어린이대공원후문)역,광화문영업사업소,시민용,아차산역,2011-09-30,2011,9,2011-09,정기분,수납 완료,1807.0,903.5,2331630.0
000978203,아차산(어린이대공원후문)역,광화문영업사업소,시민용,아차산역,2011-11-30,2011,11,2011-11,정기분,수납 완료,2882.0,1441.0,3718380.0
000978203,아차산(어린이대공원후문)역,광화문영업사업소,시민용,아차산역,2012-01-31,2012,1,2012-01,정기분,수납 완료,3577.0,1788.5,4614930.0
000978203,아차산(어린이대공원후문)역,광화문영업사업소,시민용,아차산역,2012-03-31,2012,3,2012-03,정기분,수납 완료,2100.0,1050.0,3243870.0
000978203,아차산(어린이대공원후문)역,광화문영업사업소,시민용,아차산역,2012-05-31,2012,5,2012-05,정기분,수납 완료,1716.0,858.0,2775840.0
000978203,아차산(어린이대공원후문)역,광화문영업사업소,시민용,아차산역,2012-07-31,2012,7,2012-07,정기분,수납 완료,1228.0,614.0,1975520.0
000978203,아차산(어린이대공원후문)역,광화문영업사업소,시민용,아차산역,2012-09-30,2012,9,2012-09,정기분,수납 완료,1302.0,651.0,2096880.0
000978203,아차산(어린이대공원후문)역,광화문영업사업소,시민용,아차산역,2012-11-30,2012,11,2012-11,정기분,수납 완료,1290.0,645.0,2077200.0
000978203,아차산(어린이대공원후문)역,광화문영업사업소,시민용,아차산역,2013-01-31,2013,1,2013-01,정기분,수납 완료,1251.0,625.5,2013240.0
000978203,아차산(어린이대공원후문)역,광화문영업사업소,시민용,아차산역,2013-03-31,2013,3,2013-03,정기분,수납 완료,1181.0,590.5,2105450.0
000978203,아차산(어린이대공원후문)역,광화문영업사업소,시민용,아차산역,2013-05-31,2013,5,2013-05,정기분,수납 완료,1220.0,610.0,2180400.0
000978203,아차산(어린이대공원후문)역,광화문영업사업소,시민용,아차산역,2013-07-31,2013,7,2013-07,정기분,수납 완료,1510.0,755.0,2714000.0
000978203,아차산(어린이대공원후문)역,광화문영업사업소,시민용,아차산역,2013-09-30,2013,9,2013-09,정기분,수납 완료,1236.0,618.0,2209840.0
000978203,아차산(어린이대공원후문)역,광화문영업사업소,시민용,아차산역,2013-11-30,2013,11,2013-11,정기분,수납 완료,1276.0,638.0,2283440.0
000978203,아차산(어린이대공원후문)역,광화문영업사업소,시민용,아차산역,2014-01-31,2014,1,2014-01,정기분,수납 완료,1365.0,682.5,2447200.0
000978203,아차산(어린이대공원후문)역,광화문영업사업소,시민용,아차산역,2014-03-31,2014,3,2014-03,정기분,수납 완료,866.0,433.0,1655600.0
000978203,아차산(어린이대공원후문)역,광화문영업사업소,시민용,아차산역,2014-05-31,2014,5,2014-05,정기분,수납 완료,1203.0,601.5,2329600.0
000978203,아차산(어린이대공원후문)역,광화문영업사업소,시민용,아차산역,2014-07-31,2014,7,2014-07,정기분,수납 완료,1241.0,620.5,2405600.0
000978203,아차산(어린이대공원후문)역,광화문영업사업소,시민용,아차산역,2014-09-30,2014,9,2014-09,정기분,수납 완료,1545.0,772.5,3013600.0
000978203,아차산(어린이대공원후문)역,광화문영업사업소,시민용,아차산역,2014-11-30,2014,11,2014-11,정기분,수납 완료,1335.0,667.5,2593600.0
000978203,아차산(어린이대공원후문)역,광화문영업사업소,시민용,아차산역,2015-01-31,2015,1,2015-01,정기분,수납 완료,1430.0,715.0,2783600.0
000978203,아차산(어린이대공원후문)역,광화문영업사업소,시민용,아차산역,2015-03-31,2015,3,2015-03,정기분,수납 완료,1173.0,586.5,2269600.0
000978203,아차산(어린이대공원후문)역,광화문영업사업소,시민용,아차산역,2015-05-31,2015,5,2015-05,정기분,수납 완료,1173.0,586.5,2269600.0
000978203,아차산(어린이대공원후문)역,광화문영업사업소,시민용,아차산역,2015-07-31,2015,7,2015-07,정기분,수납 완료,1749.0,874.5,3421600.0
000978203,아차산(어린이대공원후문)역,광화문영업사업소,시민용,아차산역,2015-09-30,2015,9,2015-09,정기분,수납 완료,1704.0,852.0,3331600.0
000978203,아차산(어린이대공원후문)역,광화문영업사업소,시민용,아차산역,2015-11-30,2015,11,2015-11,정기분,수납 완료,1252.0,626.0,2427600.0
000978203,아차산(어린이대공원후문)역,광화문영업사업소,시민용,아차산역,2016-01-31,2016,1,2016-01,정기분,수납 완료,211.0,105.5,431180.0
000978203,아차산(어린이대공원후문)역,광화문영업사업소,시민용,아차산역,2016-03-31,2016,3,2016-03,정기분,수납 완료,1390.0,695.0,2703600.0
000978203,아차산(어린이대공원후문)역,광화문영업사업소,시민용,아차산역,2016-05-31,2016,5,2016-05,정기분,수납 완료,1497.0,748.5,2917600.0
000978203,아차산(어린이대공원후문)역,광화문영업사업소,시민용,아차산역,2016-07-31,2016,7,2016-07,정기분,수납 완료,1697.0,848.5,3317600.0
000978203,아차산(어린이대공원후문)역,광화문영업사업소,시민용,아차산역,2016-09-30,2016,9,2016-09,정기분,수납 완료,1665.0,832.5,3253600.0
000978203,아차산(어린이대공원후문)역,광화문영업사업소,시민용,아차산역,2016-11-30,2016,11,2016-11,정기분,수납 완료,1685.0,842.5,3293600.0
000978203,아차산(어린이대공원후문)역,광화문영업사업소,시민용,아차산역,2017-01-31,2017,1,2017-01,정기분,수납 완료,1594.0,797.0,3111600.0
000978203,아차산(어린이대공원후문)역,광화문영업사업소,시민용,아차산역,2017-03-31,2017,3,2017-03,정기분,수납 완료,1276.0,638.0,2571270.0
000978203,아차산(어린이대공원후문)역,광화문영업사업소,시민용,아차산역,2017-05-31,2017,5,2017-05,정기분,수납 완료,1531.0,765.5,3132130.0
000978203,아차산(어린이대공원후문)역,광화문영업사업소,시민용,아차산역,2017-07-31,2017,7,2017-07,정기분,수납 완료,1648.0,824.0,3375400.0
000978203,아차산(어린이대공원후문)역,광화문영업사업소,시민용,아차산역,2017-09-30,2017,9,2017-09,정기분,수납 완료,1771.0,885.5,3633700.0
000978203,아차산(어린이대공원후문)역,광화문영업사업소,시민용,아차산역,2017-11-30,2017,11,2017-11,정기분,수납 완료,1681.0,840.5,3444700.0
000978203,아차산(어린이대공원후문)역,광화문영업사업소,시민용,아차산역,2018-01-31,2018,1,2018-01,정기분,수납 완료,1463.0,731.5,2986900.0
000978203,아차산(어린이대공원후문)역,광화문영업사업소,시민용,아차산역,2018-03-31,2018,3,2018-03,정기분,수납 완료,1460.0,730.0,3096020.0
000978203,아차산(어린이대공원후문)역,광화문영업사업소,시민용,아차산역,2018-05-31,2018,5,2018-05,정기분,수납 완료,1717.0,858.5,3694170.0
000978203,아차산(어린이대공원후문)역,광화문영업사업소,시민용,아차산역,2018-07-31,2018,7,2018-07,정기분,수납 완료,2234.0,1117.0,4836740.0
000978203,아차산(어린이대공원후문)역,광화문영업사업소,시민용,아차산역,2018-09-30,2018,9,2018-09,정기분,수납 완료,1983.0,991.5,4282030.0
000978203,아차산(어린이대공원후문)역,광화문영업사업소,시민용,아차산역,2018-11-30,2018,11,2018-11,정기분,수납 완료,1853.0,926.5,3994730.0
000978203,아차산(어린이대공원후문)역,광화문영업사업소,시민용,아차산역,2019-01-31,2019,1,2019-01,정기분,수납 완료,1853.0,926.5,3994730.0
000978203,아차산(어린이대공원후문)역,광화문영업사업소,시민용,아차산역,2019-03-31,2019,3,2019-03,정기분,수납 완료,1084.0,542.0,2427740.0
000978203,아차산(어린이대공원후문)역,광화문영업사업소,시민용,아차산역,2019-05-31,2019,5,2019-05,정기분,수납 완료,1516.0,758.0,3420880.0
000978203,아차산(어린이대공원후문)역,광화문영업사업소,시민용,아차산역,2019-07-31,2019,7,2019-07,정기분,수납 완료,1866.0,933.0,4236380.0
000978203,아차산(어린이대공원후문)역,광화문영업사업소,시민용,아차산역,2019-09-30,2019,9,2019-09,정기분,수납 완료,1950.0,975.0,4432100.0
000978203,아차산(어린이대공원후문)역,광화문영업사업소,시민용,아차산역,2019-11-30,2019,11,2019-11,정기분,수납 완료,1824.0,912.0,4138520.0
000978203,아차산(어린이대공원후문)역,광화문영업사업소,시민용,아차산역,2020-01-31,2020,1,2020-01,정기분,수납 완료,1824.0,912.0,4138520.0
000978203,아차산(어린이대공원후문)역,광화문영업사업소,시민용,아차산역,2020-03-31,2020,3,2020-03,정기분,수납 완료,1438.0,719.0,3239140.0
000978203,아차산(어린이대공원후문)역,광화문영업사업소,시민용,아차산역,2020-05-31,2020,5,2020-05,정기분,수납 완료,1564.0,782.0,3532720.0
000978203,아차산(어린이대공원후문)역,광화문영업사업소,시민용,아차산역,2020-07-31,2020,7,2020-07,정기분,수납 완료,1933.0,966.5,4392490.0
000978203,아차산(어린이대공원후문)역,광화문영업사업소,시민용,아차산역,2020-09-30,2020,9,2020-09,정기분,수납 완료,2300.0,1150.0,5247600.0
000978203,아차산(어린이대공원후문)역,광화문영업사업소,시민용,아차산역,2020-11-30,2020,11,2020-11,정기분,수납 완료,1766.0,883.0,4003380.0
000978203,아차산(어린이대공원후문)역,광화문영업사업소,시민용,아차산역,2021-01-31,2021,1,2021-01,정기분,수납 완료,1766.0,883.0,4003380.0
000978203,아차산(어린이대공원후문)역,광화문영업사업소,시민용,아차산역,2021-03-31,2021,3,2021-03,정기분,수납 완료,1568.0,784.0,3542040.0
000978203,아차산(어린이대공원후문)역,광화문영업사업소,시민용,아차산역,2021-05-31,2021,5,2021-05,정기분,수납 완료,1735.0,867.5,3931150.0
000978203,아차산(어린이대공원후문)역,광화문영업사업소,시민용,아차산역,2021-07-31,2021,7,2021-07,정기분,수납 완료,1924.0,962.0,4371520.0
000978203,아차산(어린이대공원후문)역,광화문영업사업소,시민용,아차산역,2021-09-30,2021,9,2021-09,정기분,수납 완료,1977.0,988.5,4844050.0
000978203,아차산(어린이대공원후문)역,광화문영업사업소,시민용,아차산역,2021-11-30,2021,11,2021-11,정기분,수납 완료,1835.0,917.5,4553500.0
000978203,아차산(어린이대공원후문)역,광화문영업사업소,시민용,아차산역,2022-01-31,2022,1,2022-01,정기분,수납 완료,1912.0,956.0,4749080.0
000978203,아차산(어린이대공원후문)역,광화문영업사업소,시민용,아차산역,2022-03-31,2022,3,2022-03,정기분,수납 완료,1767.0,883.5,4599460.0
000978203,아차산(어린이대공원후문)역,광화문영업사업소,시민용,아차산역,2022-05-31,2022,5,2022-05,정기분,수납 완료,1836.0,918.0,4739480.0
000978203,아차산(어린이대공원후문)역,광화문영업사업소,시민용,아차산역,2022-07-31,2022,7,2022-07,정기분,수납 완료,1995.0,997.5,5251350.0
000978203,아차산(어린이대공원후문)역,광화문영업사업소,시민용,아차산역,2022-09-30,2022,9,2022-09,정기분,수납 완료,2314.0,1157.0,5303340.0
000978203,아차산(어린이대공원후문)역,광화문영업사업소,시민용,아차산역,2022-11-30,2022,11,2022-11,정기분,수납 완료,1942.0,971.0,5110900.0
000978203,아차산(어린이대공원후문)역,광화문영업사업소,시민용,아차산역,2023-01-31,2023,1,2023-01,정기분,수납 완료,1992.0,996.0,5243400.0
000978203,아차산(어린이대공원후문)역,광화문영업사업소,시민용,아차산역,2023-03-31,2023,3,2023-03,정기분,수납 완료,1834.0,917.0,5857020.0
000978203,아차산(어린이대공원후문)역,광화문영업사업소,시민용,아차산역,2023-05-31,2023,5,2023-05,정기분,수납 완료,2015.0,1007.5,6696650.0
000978203,아차산(어린이대공원후문)역,광화문영업사업소,시민용,아차산역,2023-07-31,2023,7,2023-07,정기분,수납 완료,2139.0,1069.5,7126930.0
000978203,아차산(어린이대공원후문)역,광화문영업사업소,시민용,아차산역,2023-09-30,2023,9,2023-09,정기분,수납 완료,2082.0,1041.0,6929140.0
000978203,아차산(어린이대공원후문)역,광화문영업사업소,시민용,아차산역,2023-11-30,2023,11,2023-11,정기분,수납 완료,2087.0,1043.5,6946490.0
000978203,아차산(어린이대공원후문)역,광화문영업사업소,시민용,아차산역,2024-01-31,2024,1,2024-01,정기분,수납 완료,1963.0,981.5,6520280.0
000978203,아차산(어린이대공원후문)역,광화문영업사업소,시민용,아차산역,2024-03-31,2024,3,2024-03,정기분,수납 완료,1890.0,945.0,6275000.0
000978203,아차산(어린이대공원후문)역,광화문영업사업소,시민용,아차산역,2024-05-31,2024,5,2024-05,정기분,수납 완료,2184.0,1092.0,7283080.0
000978203,아차산(어린이대공원후문)역,광화문영업사업소,시민용,아차산역,2024-07-31,2024,7,2024-07,정기분,수납 완료,2224.0,1112.0,7421880.0
000978203,아차산(어린이대공원후문)역,광화문영업사업소,시민용,아차산역,2024-09-30,2024,9,2024-09,정기분,수납 완료,2162.0,1081.0,7206740.0
000978203,아차산(어린이대공원후문)역,광화문영업사업소,시민용,아차산역,2024-11-30,2024,11,2024-11,정기분,수납 완료,2511.0,1255.5,8417770.0
000978203,아차산(어린이대공원후문)역,광화문영업사업소,시민용,아차산역,2025-01-31,2025,1,2025-01,정기분,수납 완료,1988.0,994.0,6604280.0
000978203,아차산(어린이대공원후문)역,광화문영업사업소,시민용,아차산역,2025-03-31,2025,3,2025-03,정기분,수납 완료,1735.0,867.5,5754200.0
000978203,아차산(어린이대공원후문)역,광화문영업사업소,시민용,아차산역,2025-05-31,2025,5,2025-05,정기분,수납 완료,1948.0,974.0,6469880.0
000978203,아차산(어린이대공원후문)역,광화문영업사업소,시민용,아차산역,2025-07-31,2025,7,2025-07,정기분,수납 완료,2296.0,1148.0,7671720.0
000978203,아차산(어린이대공원후문)역,광화문영업사업소,시민용,아차산역,2025-09-30,2025,9,2025-09,정기분,수납 완료,2126.0,1063.0,7081820.0
000978203,아차산(어린이대공원후문)역,광화문영업사업소,시민용,아차산역,2025-11-30,2025,11,2025-11,정기분,수납 완료,2080.0,1040.0,6922200.0
000978203,아차산(어린이대공원후문)역,광화문영업사업소,시민용,아차산역,2026-01-31,2026,1,2026-01,정기분,수납 완료,2140.0,1070.0,7130400.0
000978203,아차산(어린이대공원후문)역,광화문영업사업소,시민용,아차산역,2026-03-31,2026,3,2026-03,정기분,수납 완료,2557.0,1278.5,8948390.0
000978203,아차산(어린이대공원후문)역,광화문영업사업소,시민용,아차산역,2026-05-31,2026,5,2026-05,정기분,미납,2106.0,1053.0,7402240.0
000214696,안국역,경복궁영업사업소,시민용,안국지하철역,2008-07-31,2008,7,2008-07,정기분,수납 완료,2073.0,1036.5,2574320.0
000214696,안국역,경복궁영업사업소,시민용,안국지하철역,2008-09-30,2008,9,2008-09,정기분,수납 완료,2782.0,1391.0,3477760.0
000214696,안국역,경복궁영업사업소,시민용,안국지하철역,2008-11-30,2008,11,2008-11,정기분,수납 완료,2187.0,1093.5,2766300.0
000214696,안국역,경복궁영업사업소,시민용,안국지하철역,2009-01-31,2009,1,2009-01,정기분,수납 완료,1941.0,970.5,2451420.0
000214696,안국역,경복궁영업사업소,시민용,안국지하철역,2009-03-31,2009,3,2009-03,정기분,수납 완료,1897.0,948.5,2395100.0
000214696,안국역,경복궁영업사업소,시민용,안국지하철역,2009-05-31,2009,5,2009-05,정기분,수납 완료,2158.0,1079.0,2729180.0
000214696,안국역,경복궁영업사업소,시민용,안국지하철역,2009-07-31,2009,7,2009-07,정기분,수납 완료,2533.0,1266.5,3209180.0
000214696,안국역,경복궁영업사업소,시민용,안국지하철역,2009-09-30,2009,9,2009-09,정기분,수납 완료,2828.0,1414.0,3536640.0
000214696,안국역,경복궁영업사업소,시민용,안국지하철역,2009-11-30,2009,11,2009-11,정기분,수납 완료,1269.0,634.5,1560490.0
000214696,안국역,경복궁영업사업소,시민용,안국지하철역,2010-01-31,2010,1,2010-01,정기분,수납 완료,404.0,202.0,1202900.0
000214696,안국역,경복궁영업사업소,시민용,안국지하철역,2010-03-31,2010,3,2010-03,정기분,수납 완료,1445.0,722.5,2143280.0
000214696,안국역,경복궁영업사업소,시민용,안국지하철역,2010-05-31,2010,5,2010-05,정기분,수납 완료,2042.0,1021.0,2607220.0
000214696,안국역,경복궁영업사업소,시민용,안국지하철역,2010-07-31,2010,7,2010-07,정기분,수납 완료,2391.0,1195.5,3091000.0
000214696,안국역,경복궁영업사업소,시민용,안국지하철역,2010-09-30,2010,9,2010-09,정기분,수납 완료,3090.0,1545.0,3985720.0
000214696,안국역,경복궁영업사업소,시민용,안국지하철역,2010-11-30,2010,11,2010-11,정기분,수납 완료,2693.0,1346.5,3453240.0
000214696,안국역,경복궁영업사업소,시민용,안국지하철역,2011-01-31,2011,1,2011-01,정기분,수납 완료,894.0,447.0,1362690.0
000214696,안국역,경복궁영업사업소,시민용,안국지하철역,2011-03-31,2011,3,2011-03,정기분,수납 완료,766.0,383.0,2345120.0
000214696,안국역,경복궁영업사업소,시민용,안국지하철역,2011-05-31,2011,5,2011-05,정기분,수납 완료,898.0,449.0,1445810.0
000214696,안국역,경복궁영업사업소,시민용,안국지하철역,2011-07-31,2011,7,2011-07,정기분,수납 완료,953.0,476.5,1541920.0
000214696,안국역,경복궁영업사업소,시민용,안국지하철역,2011-09-30,2011,9,2011-09,정기분,수납 완료,1370.0,685.0,2108920.0
000214696,안국역,경복궁영업사업소,시민용,안국지하철역,2011-11-30,2011,11,2011-11,정기분,수납 완료,1441.0,720.5,2200510.0
000214696,안국역,경복궁영업사업소,시민용,안국지하철역,2012-01-31,2012,1,2012-01,정기분,수납 완료,850.0,425.0,1438120.0
000214696,안국역,경복궁영업사업소,시민용,안국지하철역,2012-03-31,2012,3,2012-03,정기분,수납 완료,737.0,368.5,1550370.0
000214696,안국역,경복궁영업사업소,시민용,안국지하철역,2012-05-31,2012,5,2012-05,정기분,수납 완료,841.0,420.5,1795160.0
000214696,안국역,경복궁영업사업소,시민용,안국지하철역,2012-07-31,2012,7,2012-07,정기분,수납 완료,2219.0,1109.5,4055080.0
000214696,안국역,경복궁영업사업소,시민용,안국지하철역,2012-09-30,2012,9,2012-09,정기분,수납 완료,4562.0,2281.0,7897600.0
000214696,안국역,경복궁영업사업소,시민용,안국지하철역,2012-11-30,2012,11,2012-11,정기분,수납 완료,1141.0,570.5,2287160.0
000214696,안국역,경복궁영업사업소,시민용,안국지하철역,2013-01-31,2013,1,2013-01,정기분,수납 완료,1901.0,950.5,3533560.0
000214696,안국역,경복궁영업사업소,시민용,안국지하철역,2013-03-31,2013,3,2013-03,정기분,수납 완료,1751.0,875.5,3702400.0
000214696,안국역,경복궁영업사업소,시민용,안국지하철역,2013-05-31,2013,5,2013-05,정기분,수납 완료,1864.0,932.0,3910320.0
000214696,안국역,경복궁영업사업소,시민용,안국지하철역,2013-07-31,2013,7,2013-07,정기분,수납 완료,1661.0,830.5,3536800.0
000214696,안국역,경복궁영업사업소,시민용,안국지하철역,2013-09-30,2013,9,2013-09,정기분,수납 완료,2627.0,1313.5,5179560.0
000214696,안국역,경복궁영업사업소,시민용,안국지하철역,2013-11-30,2013,11,2013-11,정기분,수납 완료,1823.0,911.5,3772480.0
000214696,안국역,경복궁영업사업소,시민용,안국지하철역,2014-01-31,2014,1,2014-01,정기분,수납 완료,817.0,408.5,2017120.0
000214696,안국역,경복궁영업사업소,시민용,안국지하철역,2014-03-31,2014,3,2014-03,정기분,수납 완료,1131.0,565.5,2859600.0
000214696,안국역,경복궁영업사업소,시민용,안국지하철역,2014-05-31,2014,5,2014-05,정기분,수납 완료,2215.0,1107.5,5027600.0
000214696,안국역,경복궁영업사업소,시민용,안국지하철역,2014-07-31,2014,7,2014-07,정기분,수납 완료,2319.0,1159.5,5235600.0
000214696,안국역,경복궁영업사업소,시민용,안국지하철역,2014-09-30,2014,9,2014-09,정기분,수납 완료,3654.0,1827.0,7905600.0
000214696,안국역,경복궁영업사업소,시민용,안국지하철역,2014-11-30,2014,11,2014-11,정기분,수납 완료,2696.0,1348.0,5989600.0
000214696,안국역,경복궁영업사업소,시민용,안국지하철역,2015-01-31,2015,1,2015-01,정기분,수납 완료,1809.0,904.5,4215600.0
000214696,안국역,경복궁영업사업소,시민용,안국지하철역,2015-03-31,2015,3,2015-03,정기분,수납 완료,1070.0,535.0,2737600.0
000214696,안국역,경복궁영업사업소,시민용,안국지하철역,2015-05-31,2015,5,2015-05,정기분,수납 완료,727.0,363.5,1830500.0
000214696,안국역,경복궁영업사업소,시민용,안국지하철역,2015-07-31,2015,7,2015-07,정기분,수납 완료,1698.0,849.0,3582000.0
000214696,안국역,경복궁영업사업소,시민용,안국지하철역,2015-09-30,2015,9,2015-09,정기분,수납 완료,3417.0,1708.5,7247700.0
000214696,안국역,경복궁영업사업소,시민용,안국지하철역,2015-11-30,2015,11,2015-11,정기분,수납 완료,1682.0,841.0,3591700.0
000214696,안국역,경복궁영업사업소,시민용,안국지하철역,2016-01-31,2016,1,2016-01,정기분,수납 완료,1478.0,739.0,3127600.0
000214696,안국역,경복궁영업사업소,시민용,안국지하철역,2016-03-31,2016,3,2016-03,정기분,수납 완료,1456.0,728.0,3116600.0
000214696,안국역,경복궁영업사업소,시민용,안국지하철역,2016-05-31,2016,5,2016-05,정기분,수납 완료,1451.0,725.5,3088000.0
000214696,안국역,경복궁영업사업소,시민용,안국지하철역,2016-07-31,2016,7,2016-07,정기분,수납 완료,1960.0,980.0,4106000.0
000214696,안국역,경복궁영업사업소,시민용,안국지하철역,2016-09-30,2016,9,2016-09,정기분,수납 완료,2461.0,1230.5,4863500.0
000214696,안국역,경복궁영업사업소,시민용,안국지하철역,2016-11-30,2016,11,2016-11,정기분,수납 완료,1910.0,955.0,4006000.0
000214696,안국역,경복궁영업사업소,시민용,안국지하철역,2017-01-31,2017,1,2017-01,정기분,수납 완료,2226.0,1113.0,4398300.0
000214696,안국역,경복궁영업사업소,시민용,안국지하철역,2017-03-31,2017,3,2017-03,정기분,수납 완료,1101.0,550.5,2558950.0
000214696,안국역,경복궁영업사업소,시민용,안국지하철역,2017-05-31,2017,5,2017-05,정기분,수납 완료,1824.0,912.0,3904670.0
000214696,안국역,경복궁영업사업소,시민용,안국지하철역,2017-07-31,2017,7,2017-07,정기분,수납 완료,2052.0,1026.0,4348230.0
000214696,안국역,경복궁영업사업소,시민용,안국지하철역,2017-09-30,2017,9,2017-09,정기분,수납 완료,2596.0,1298.0,5322000.0
000214696,안국역,경복궁영업사업소,시민용,안국지하철역,2017-11-30,2017,11,2017-11,정기분,수납 완료,2755.0,1377.5,5655900.0
000214696,안국역,경복궁영업사업소,시민용,안국지하철역,2018-01-31,2018,1,2018-01,정기분,수납 완료,1966.0,983.0,3999000.0
000214696,안국역,경복궁영업사업소,시민용,안국지하철역,2018-03-31,2018,3,2018-03,정기분,수납 완료,1193.0,596.5,2801340.0
000214696,안국역,경복궁영업사업소,시민용,안국지하철역,2018-05-31,2018,5,2018-05,정기분,수납 완료,1768.0,884.0,4151840.0
000214696,안국역,경복궁영업사업소,시민용,안국지하철역,2018-07-31,2018,7,2018-07,정기분,수납 완료,2115.0,1057.5,4610550.0
000214696,안국역,경복궁영업사업소,시민용,안국지하철역,2018-09-30,2018,9,2018-09,정기분,수납 완료,2320.0,1160.0,5043440.0
000214696,안국역,경복궁영업사업소,시민용,안국지하철역,2018-11-30,2018,11,2018-11,정기분,수납 완료,2367.0,1183.5,5173590.0
000214696,안국역,경복궁영업사업소,시민용,안국지하철역,2019-01-31,2019,1,2019-01,정기분,수납 완료,1706.0,853.0,3703420.0
000214696,안국역,경복궁영업사업소,시민용,안국지하철역,2019-03-31,2019,3,2019-03,정기분,수납 완료,14915.0,7457.5,10282970.0
000214696,안국역,경복궁영업사업소,시민용,안국지하철역,2019-05-31,2019,5,2019-05,정기분,수납 완료,2608.0,1304.0,6271840.0
000214696,안국역,경복궁영업사업소,시민용,안국지하철역,2019-07-31,2019,7,2019-07,정기분,수납 완료,2313.0,1156.5,3826090.0
000214696,안국역,경복궁영업사업소,시민용,안국지하철역,2019-09-30,2019,9,2019-09,정기분,수납 완료,2127.0,1063.5,4929910.0
000214696,안국역,경복궁영업사업소,시민용,안국지하철역,2019-11-30,2019,11,2019-11,정기분,수납 완료,2771.0,1385.5,6430430.0
000214696,안국역,경복궁영업사업소,시민용,안국지하철역,2020-01-31,2020,1,2020-01,정기분,수납 완료,2259.0,1129.5,5237470.0
000214696,안국역,경복궁영업사업소,시민용,안국지하철역,2020-03-31,2020,3,2020-03,정기분,수납 완료,1618.0,809.0,3743940.0
000214696,안국역,경복궁영업사업소,시민용,안국지하철역,2020-05-31,2020,5,2020-05,정기분,수납 완료,1271.0,635.5,2925030.0
000214696,안국역,경복궁영업사업소,시민용,안국지하철역,2020-07-31,2020,7,2020-07,정기분,수납 완료,1767.0,883.5,4080710.0
000214696,안국역,경복궁영업사업소,시민용,안국지하철역,2020-09-30,2020,9,2020-09,정기분,수납 완료,1990.0,995.0,4600300.0
000214696,안국역,경복궁영업사업소,시민용,안국지하철역,2020-11-30,2020,11,2020-11,정기분,수납 완료,1662.0,831.0,3836060.0
000214696,안국역,경복궁영업사업소,시민용,안국지하철역,2021-01-31,2021,1,2021-01,정기분,수납 완료,1411.0,705.5,3251230.0
000214696,안국역,경복궁영업사업소,시민용,안국지하철역,2021-03-31,2021,3,2021-03,정기분,수납 완료,1143.0,571.5,2626790.0
000214696,안국역,경복궁영업사업소,시민용,안국지하철역,2021-05-31,2021,5,2021-05,정기분,수납 완료,1431.0,715.5,3297830.0
000214696,안국역,경복궁영업사업소,시민용,안국지하철역,2021-07-31,2021,7,2021-07,정기분,수납 완료,1963.0,981.5,4537390.0
000214696,안국역,경복궁영업사업소,시민용,안국지하철역,2021-09-30,2021,9,2021-09,정기분,수납 완료,1800.0,900.0,4475670.0
000214696,안국역,경복궁영업사업소,시민용,안국지하철역,2021-11-30,2021,11,2021-11,정기분,수납 완료,3703.0,1851.5,9373220.0
000214696,안국역,경복궁영업사업소,시민용,안국지하철역,2022-01-31,2022,1,2022-01,정기분,수납 완료,2504.0,1252.0,1090210.0
000214696,안국역,경복궁영업사업소,시민용,안국지하철역,2022-03-31,2022,3,2022-03,정기분,수납 완료,1508.0,754.0,2683110.0
000214696,안국역,경복궁영업사업소,시민용,안국지하철역,2022-05-31,2022,5,2022-05,정기분,수납 완료,1778.0,889.0,4751300.0
000214696,안국역,경복궁영업사업소,시민용,안국지하철역,2022-07-31,2022,7,2022-07,정기분,수납 완료,2832.0,1416.0,7544400.0
000214696,안국역,경복궁영업사업소,시민용,안국지하철역,2022-09-30,2022,9,2022-09,정기분,수납 완료,3061.0,1530.5,8151250.0
000214696,안국역,경복궁영업사업소,시민용,안국지하철역,2022-11-30,2022,11,2022-11,정기분,수납 완료,4670.0,2335.0,6204300.0
000214696,안국역,경복궁영업사업소,시민용,안국지하철역,2023-01-31,2023,1,2023-01,정기분,수납 완료,3023.0,1511.5,8050550.0
000214696,안국역,경복궁영업사업소,시민용,안국지하철역,2023-03-31,2023,3,2023-03,정기분,수납 완료,2475.0,1237.5,8041570.0
000214696,안국역,경복궁영업사업소,시민용,안국지하철역,2023-05-31,2023,5,2023-05,정기분,수납 완료,2894.0,1447.0,9821780.0
000214696,안국역,경복궁영업사업소,시민용,안국지하철역,2023-07-31,2023,7,2023-07,정기분,수납 완료,3152.0,1576.0,10717040.0
000214696,안국역,경복궁영업사업소,시민용,안국지하철역,2023-09-30,2023,9,2023-09,정기분,수납 완료,2971.0,1485.5,10088970.0
000214696,안국역,경복궁영업사업소,시민용,안국지하철역,2023-11-30,2023,11,2023-11,정기분,수납 완료,3036.0,1518.0,10314520.0
000214696,안국역,경복궁영업사업소,시민용,안국지하철역,2024-01-31,2024,1,2024-01,정기분,수납 완료,3036.0,1518.0,10314520.0
000214696,안국역,경복궁영업사업소,시민용,안국지하철역,2024-03-31,2024,3,2024-03,정기분,수납 완료,6395.0,3197.5,21970250.0
000214696,안국역,경복궁영업사업소,시민용,안국지하철역,2024-05-31,2024,5,2024-05,정기분,수납 완료,2691.0,1345.5,129600.0
000214696,안국역,경복궁영업사업소,시민용,안국지하철역,2024-07-31,2024,7,2024-07,정기분,수납 완료,2915.0,1457.5,7112180.0
000214696,안국역,경복궁영업사업소,시민용,안국지하철역,2024-09-30,2024,9,2024-09,정기분,수납 완료,2863.0,1431.5,9714210.0
000214696,안국역,경복궁영업사업소,시민용,안국지하철역,2024-11-30,2024,11,2024-11,정기분,수납 완료,3101.0,1550.5,10540070.0
000214696,안국역,경복궁영업사업소,시민용,안국지하철역,2025-01-31,2025,1,2025-01,정기분,수납 완료,2673.0,1336.5,9054910.0
000214696,안국역,경복궁영업사업소,시민용,안국지하철역,2025-03-31,2025,3,2025-03,정기분,수납 완료,2288.0,1144.0,7718960.0
000214696,안국역,경복궁영업사업소,시민용,안국지하철역,2025-05-31,2025,5,2025-05,정기분,수납 완료,2877.0,1438.5,9762790.0
000214696,안국역,경복궁영업사업소,시민용,안국지하철역,2025-07-31,2025,7,2025-07,정기분,수납 완료,3013.0,1506.5,10234710.0
000214696,안국역,경복궁영업사업소,시민용,안국지하철역,2025-09-30,2025,9,2025-09,정기분,수납 완료,3198.0,1599.0,10876660.0
000214696,안국역,경복궁영업사업소,시민용,안국지하철역,2025-11-30,2025,11,2025-11,정기분,수납 완료,2857.0,1428.5,9693390.0
000214696,안국역,경복궁영업사업소,시민용,안국지하철역,2026-01-31,2026,1,2026-01,정기분,수납 완료,2564.0,1282.0,8658710.0
000214696,안국역,경복궁영업사업소,시민용,안국지하철역,2026-03-31,2026,3,2026-03,정기분,수납 완료,1992.0,996.0,7025430.0
000214696,안국역,경복궁영업사업소,시민용,안국지하철역,2026-05-31,2026,5,2026-05,정기분,미납,2457.0,1228.5,8780800.0
031750442,암사역,모란영업사업소,시민용,암사역,2008-07-31,2008,7,2008-07,정기분,수납 완료,1183.0,591.5,1201550.0
031750442,암사역,모란영업사업소,시민용,암사역,2008-09-30,2008,9,2008-09,정기분,수납 완료,1206.0,603.0,1590380.0
031750442,암사역,모란영업사업소,시민용,암사역,2008-11-30,2008,11,2008-11,정기분,수납 완료,1120.0,560.0,1444600.0
031750442,암사역,모란영업사업소,시민용,암사역,2009-01-31,2009,1,2009-01,정기분,수납 완료,991.0,495.5,1279480.0
031750442,암사역,모란영업사업소,시민용,암사역,2009-03-31,2009,3,2009-03,정기분,수납 완료,845.0,422.5,1092600.0
031750442,암사역,모란영업사업소,시민용,암사역,2009-05-31,2009,5,2009-05,정기분,수납 완료,1064.0,532.0,1372920.0
031750442,암사역,모란영업사업소,시민용,암사역,2009-07-31,2009,7,2009-07,정기분,수납 완료,1064.0,532.0,1372920.0
031750442,암사역,모란영업사업소,시민용,암사역,2009-09-30,2009,9,2009-09,정기분,수납 완료,1367.0,683.5,1760760.0
031750442,암사역,모란영업사업소,시민용,암사역,2009-11-30,2009,11,2009-11,정기분,수납 완료,1491.0,745.5,1920170.0
031750442,암사역,모란영업사업소,시민용,암사역,2010-01-31,2010,1,2010-01,정기분,수납 완료,1248.0,624.0,1608440.0
031750442,암사역,모란영업사업소,시민용,암사역,2010-03-31,2010,3,2010-03,정기분,수납 완료,947.0,473.5,1212760.0
031750442,암사역,모란영업사업소,시민용,암사역,2010-05-31,2010,5,2010-05,정기분,수납 완료,1243.0,621.5,1591640.0
031750442,암사역,모란영업사업소,시민용,암사역,2010-07-31,2010,7,2010-07,정기분,수납 완료,1465.0,732.5,1875800.0
031750442,암사역,모란영업사업소,시민용,암사역,2010-09-30,2010,9,2010-09,정기분,수납 완료,1295.0,647.5,1658200.0
031750442,암사역,모란영업사업소,시민용,암사역,2010-11-30,2010,11,2010-11,정기분,수납 완료,1248.0,624.0,1598040.0
031750442,암사역,모란영업사업소,시민용,암사역,2011-01-31,2011,1,2011-01,정기분,수납 완료,1188.0,594.0,1521240.0
031750442,암사역,모란영업사업소,시민용,암사역,2011-03-31,2011,3,2011-03,정기분,수납 완료,1182.0,591.0,1525380.0
031750442,암사역,모란영업사업소,시민용,암사역,2011-05-31,2011,5,2011-05,정기분,수납 완료,1246.0,623.0,1607940.0
031750442,암사역,모란영업사업소,시민용,암사역,2011-07-31,2011,7,2011-07,정기분,수납 완료,1364.0,682.0,1760160.0
031750442,암사역,모란영업사업소,시민용,암사역,2011-09-30,2011,9,2011-09,정기분,수납 완료,1429.0,714.5,1844010.0
031750442,암사역,모란영업사업소,시민용,암사역,2011-11-30,2011,11,2011-11,정기분,수납 완료,1348.0,674.0,1739520.0
031750442,암사역,모란영업사업소,시민용,암사역,2012-01-31,2012,1,2012-01,정기분,수납 완료,1302.0,651.0,1680180.0
031750442,암사역,모란영업사업소,시민용,암사역,2012-03-31,2012,3,2012-03,정기분,수납 완료,1236.0,618.0,1988640.0
031750442,암사역,모란영업사업소,시민용,암사역,2012-05-31,2012,5,2012-05,정기분,수납 완료,1267.0,633.5,2039480.0
031750442,암사역,모란영업사업소,시민용,암사역,2012-07-31,2012,7,2012-07,정기분,수납 완료,1366.0,683.0,2201840.0
031750442,암사역,모란영업사업소,시민용,암사역,2012-09-30,2012,9,2012-09,정기분,수납 완료,1427.0,713.5,2301880.0
031750442,암사역,모란영업사업소,시민용,암사역,2012-11-30,2012,11,2012-11,정기분,수납 완료,1345.0,672.5,2167400.0
031750442,암사역,모란영업사업소,시민용,암사역,2013-01-31,2013,1,2013-01,정기분,수납 완료,1102.0,551.0,1768880.0
031750442,암사역,모란영업사업소,시민용,암사역,2013-03-31,2013,3,2013-03,정기분,수납 완료,1118.0,559.0,1992720.0
031750442,암사역,모란영업사업소,시민용,암사역,2013-05-31,2013,5,2013-05,정기분,수납 완료,1338.0,669.0,2397520.0
031750442,암사역,모란영업사업소,시민용,암사역,2013-07-31,2013,7,2013-07,정기분,수납 완료,1518.0,759.0,2728720.0
031750442,암사역,모란영업사업소,시민용,암사역,2013-09-30,2013,9,2013-09,정기분,수납 완료,1704.0,852.0,3070960.0
031750442,암사역,모란영업사업소,시민용,암사역,2013-11-30,2013,11,2013-11,정기분,수납 완료,1511.0,755.5,2715840.0
031750442,암사역,모란영업사업소,시민용,암사역,2014-01-31,2014,1,2014-01,정기분,수납 완료,1298.0,649.0,2359280.0
031750442,암사역,모란영업사업소,시민용,암사역,2014-03-31,2014,3,2014-03,정기분,수납 완료,1271.0,635.5,2513600.0
031750442,암사역,모란영업사업소,시민용,암사역,2014-05-31,2014,5,2014-05,정기분,수납 완료,1482.0,741.0,2935600.0
031750442,암사역,모란영업사업소,시민용,암사역,2014-07-31,2014,7,2014-07,정기분,수납 완료,1491.0,745.5,2953600.0
031750442,암사역,모란영업사업소,시민용,암사역,2014-09-30,2014,9,2014-09,정기분,수납 완료,1786.0,893.0,3543600.0
031750442,암사역,모란영업사업소,시민용,암사역,2014-11-30,2014,11,2014-11,정기분,수납 완료,1562.0,781.0,3047600.0
031750442,암사역,모란영업사업소,시민용,암사역,2015-01-31,2015,1,2015-01,정기분,수납 완료,1355.0,677.5,2633600.0
031750442,암사역,모란영업사업소,시민용,암사역,2015-03-31,2015,3,2015-03,정기분,수납 완료,1241.0,620.5,2509700.0
031750442,암사역,모란영업사업소,시민용,암사역,2015-05-31,2015,5,2015-05,정기분,수납 완료,1455.0,727.5,2875300.0
031750442,암사역,모란영업사업소,시민용,암사역,2015-07-31,2015,7,2015-07,정기분,수납 완료,1425.0,712.5,2821000.0
031750442,암사역,모란영업사업소,시민용,암사역,2015-09-30,2015,9,2015-09,정기분,수납 완료,1583.0,791.5,3089600.0
031750442,암사역,모란영업사업소,시민용,암사역,2015-11-30,2015,11,2015-11,정기분,수납 완료,1544.0,772.0,3011600.0
031750442,암사역,모란영업사업소,시민용,암사역,2016-01-31,2016,1,2016-01,정기분,수납 완료,1500.0,750.0,3079000.0
031750442,암사역,모란영업사업소,시민용,암사역,2016-03-31,2016,3,2016-03,정기분,수납 완료,1550.0,775.0,3085400.0
031750442,암사역,모란영업사업소,시민용,암사역,2016-05-31,2016,5,2016-05,정기분,수납 완료,1528.0,764.0,3023400.0
031750442,암사역,모란영업사업소,시민용,암사역,2016-07-31,2016,7,2016-07,정기분,수납 완료,1590.0,795.0,3148000.0
031750442,암사역,모란영업사업소,시민용,암사역,2016-09-30,2016,9,2016-09,정기분,수납 완료,1608.0,804.0,3199600.0
031750442,암사역,모란영업사업소,시민용,암사역,2016-11-30,2016,11,2016-11,정기분,수납 완료,1501.0,750.5,2975400.0
031750442,암사역,모란영업사업소,시민용,암사역,2017-01-31,2017,1,2017-01,정기분,수납 완료,1507.0,753.5,2985410.0
031750442,암사역,모란영업사업소,시민용,암사역,2017-03-31,2017,3,2017-03,정기분,수납 완료,1487.0,743.5,3078880.0
031750442,암사역,모란영업사업소,시민용,암사역,2017-05-31,2017,5,2017-05,정기분,수납 완료,1448.0,724.0,2993860.0
031750442,암사역,모란영업사업소,시민용,암사역,2017-07-31,2017,7,2017-07,정기분,수납 완료,1673.0,836.5,3469480.0
031750442,암사역,모란영업사업소,시민용,암사역,2017-09-30,2017,9,2017-09,정기분,수납 완료,1783.0,891.5,3700480.0
031750442,암사역,모란영업사업소,시민용,암사역,2017-11-30,2017,11,2017-11,정기분,수납 완료,1649.0,824.5,3420400.0
031750442,암사역,모란영업사업소,시민용,암사역,2018-01-31,2018,1,2018-01,정기분,수납 완료,1535.0,767.5,3194520.0
031750442,암사역,모란영업사업소,시민용,암사역,2018-03-31,2018,3,2018-03,정기분,수납 완료,1669.0,834.5,3642090.0
031750442,암사역,모란영업사업소,시민용,암사역,2018-05-31,2018,5,2018-05,정기분,수납 완료,1619.0,809.5,3543830.0
031750442,암사역,모란영업사업소,시민용,암사역,2018-07-31,2018,7,2018-07,정기분,수납 완료,1924.0,962.0,4217880.0
031750442,암사역,모란영업사업소,시민용,암사역,2018-09-30,2018,9,2018-09,정기분,수납 완료,2578.0,1289.0,5663220.0
031750442,암사역,모란영업사업소,시민용,암사역,2018-11-30,2018,11,2018-11,정기분,수납 완료,1749.0,874.5,3831130.0
031750442,암사역,모란영업사업소,시민용,암사역,2019-01-31,2019,1,2019-01,정기분,수납 완료,1787.0,893.5,3933470.0
031750442,암사역,모란영업사업소,시민용,암사역,2019-03-31,2019,3,2019-03,정기분,수납 완료,2074.0,1037.0,4794620.0
031750442,암사역,모란영업사업소,시민용,암사역,2019-05-31,2019,5,2019-05,정기분,수납 완료,1579.0,789.5,3641270.0
031750442,암사역,모란영업사업소,시민용,암사역,2019-07-31,2019,7,2019-07,정기분,수납 완료,2004.0,1002.0,4631520.0
031750442,암사역,모란영업사업소,시민용,암사역,2019-09-30,2019,9,2019-09,정기분,수납 완료,3147.0,1573.5,7305110.0
031750442,암사역,모란영업사업소,시민용,암사역,2019-11-30,2019,11,2019-11,정기분,수납 완료,2653.0,1326.5,6143690.0
031750442,암사역,모란영업사업소,시민용,암사역,2020-01-31,2020,1,2020-01,정기분,수납 완료,2090.0,1045.0,4758300.0
031750442,암사역,모란영업사업소,시민용,암사역,2020-03-31,2020,3,2020-03,정기분,수납 완료,1499.0,749.5,3454870.0
031750442,암사역,모란영업사업소,시민용,암사역,2020-05-31,2020,5,2020-05,정기분,수납 완료,2067.0,1033.5,4778310.0
031750442,암사역,모란영업사업소,시민용,암사역,2020-07-31,2020,7,2020-07,정기분,수납 완료,1168.0,584.0,2683640.0
031750442,암사역,모란영업사업소,시민용,암사역,2020-09-30,2020,9,2020-09,정기분,수납 완료,1754.0,877.0,4049020.0
031750442,암사역,모란영업사업소,시민용,암사역,2020-11-30,2020,11,2020-11,정기분,수납 완료,2100.0,1050.0,4855200.0
031750442,암사역,모란영업사업소,시민용,암사역,2021-01-31,2021,1,2021-01,정기분,수납 완료,2090.0,1045.0,4831900.0
031750442,암사역,모란영업사업소,시민용,암사역,2021-03-31,2021,3,2021-03,정기분,수납 완료,1420.0,710.0,3270800.0
031750442,암사역,모란영업사업소,시민용,암사역,2021-05-31,2021,5,2021-05,정기분,수납 완료,1543.0,771.5,3557390.0
031750442,암사역,모란영업사업소,시민용,암사역,2021-07-31,2021,7,2021-07,정기분,수납 완료,1673.0,836.5,3893830.0
031750442,암사역,모란영업사업소,시민용,암사역,2021-09-30,2021,9,2021-09,정기분,수납 완료,2019.0,1009.5,5094460.0
031750442,암사역,모란영업사업소,시민용,암사역,2021-11-30,2021,11,2021-11,정기분,수납 완료,1683.0,841.5,4241020.0
031750442,암사역,모란영업사업소,시민용,암사역,2022-01-31,2022,1,2022-01,정기분,수납 완료,1489.0,744.5,3766280.0
031750442,암사역,모란영업사업소,시민용,암사역,2022-03-31,2022,3,2022-03,정기분,수납 완료,1280.0,640.0,3430200.0
031750442,암사역,모란영업사업소,시민용,암사역,2022-05-31,2022,5,2022-05,정기분,수납 완료,1358.0,679.0,3636900.0
031750442,암사역,모란영업사업소,시민용,암사역,2022-07-31,2022,7,2022-07,정기분,수납 완료,252.0,126.0,688080.0
031750442,암사역,모란영업사업소,시민용,암사역,2022-09-30,2022,9,2022-09,정기분,수납 완료,1538.0,769.0,4040300.0
031750442,암사역,모란영업사업소,시민용,암사역,2022-11-30,2022,11,2022-11,정기분,수납 완료,1542.0,771.0,4050900.0
031750442,암사역,모란영업사업소,시민용,암사역,2023-01-31,2023,1,2023-01,정기분,수납 완료,1226.0,613.0,3278910.0
031750442,암사역,모란영업사업소,시민용,암사역,2023-03-31,2023,3,2023-03,정기분,수납 완료,1168.0,584.0,3849080.0
031750442,암사역,모란영업사업소,시민용,암사역,2023-05-31,2023,5,2023-05,정기분,수납 완료,1263.0,631.5,4168280.0
031750442,암사역,모란영업사업소,시민용,암사역,2023-07-31,2023,7,2023-07,정기분,수납 완료,1714.0,857.0,5683640.0
031750442,암사역,모란영업사업소,시민용,암사역,2023-09-30,2023,9,2023-09,정기분,수납 완료,1914.0,957.0,6355640.0
031750442,암사역,모란영업사업소,시민용,암사역,2023-11-30,2023,11,2023-11,정기분,수납 완료,1600.0,800.0,5299600.0
031750442,암사역,모란영업사업소,시민용,암사역,2024-01-31,2024,1,2024-01,정기분,수납 완료,1483.0,741.5,4906480.0
031750442,암사역,모란영업사업소,시민용,암사역,2024-03-31,2024,3,2024-03,정기분,수납 완료,1718.0,859.0,5767680.0
031750442,암사역,모란영업사업소,시민용,암사역,2024-05-31,2024,5,2024-05,정기분,수납 완료,1674.0,837.0,5548240.0
031750442,암사역,모란영업사업소,시민용,암사역,2024-07-31,2024,7,2024-07,정기분,수납 완료,1652.0,826.0,5474320.0
031750442,암사역,모란영업사업소,시민용,암사역,2024-09-30,2024,9,2024-09,정기분,수납 완료,1882.0,941.0,6247120.0
031750442,암사역,모란영업사업소,시민용,암사역,2024-11-30,2024,11,2024-11,정기분,수납 완료,1460.0,730.0,4829200.0
031750442,암사역,모란영업사업소,시민용,암사역,2025-01-31,2025,1,2025-01,정기분,수납 완료,1313.0,656.5,4335280.0
031750442,암사역,모란영업사업소,시민용,암사역,2025-03-31,2025,3,2025-03,정기분,수납 완료,1102.0,551.0,3626320.0
031750442,암사역,모란영업사업소,시민용,암사역,2025-05-31,2025,5,2025-05,정기분,수납 완료,1290.0,645.0,4258000.0
031750442,암사역,모란영업사업소,시민용,암사역,2025-07-31,2025,7,2025-07,정기분,수납 완료,1484.0,742.0,4909840.0
031750442,암사역,모란영업사업소,시민용,암사역,2025-09-30,2025,9,2025-09,정기분,수납 완료,2246.0,1123.0,7497220.0
031750442,암사역,모란영업사업소,시민용,암사역,2025-11-30,2025,11,2025-11,정기분,수납 완료,1698.0,849.0,5628880.0
031750442,암사역,모란영업사업소,시민용,암사역,2026-01-31,2026,1,2026-01,정기분,수납 완료,1483.0,741.5,4926160.0
031750442,암사역,모란영업사업소,시민용,암사역,2026-03-31,2026,3,2026-03,정기분,수납 완료,1366.0,683.0,4771040.0
031750442,암사역,모란영업사업소,시민용,암사역,2026-05-31,2026,5,2026-05,정기분,수납 완료,1550.0,775.0,5422400.0
042547672,암사역사공원,모란영업사업소,시민용,암사역사공원역,2023-12-31,2023,12,2023-12,정기분,수납 완료,324.0,162.0,1013060.0
042547672,암사역사공원,모란영업사업소,시민용,암사역사공원역,2024-02-29,2024,2,2024-02,정기분,수납 완료,0.0,0.0,104600.0
042547672,암사역사공원,모란영업사업소,시민용,암사역사공원역,2024-04-30,2024,4,2024-04,정기분,수납 완료,64.0,32.0,230760.0
042547672,암사역사공원,모란영업사업소,시민용,암사역사공원역,2024-06-30,2024,6,2024-06,정기분,수납 완료,120.0,60.0,377800.0
042547672,암사역사공원,모란영업사업소,시민용,암사역사공원역,2024-08-31,2024,8,2024-08,정기분,수납 완료,276.0,138.0,863120.0
042547672,암사역사공원,모란영업사업소,시민용,암사역사공원역,2024-10-31,2024,10,2024-10,정기분,수납 완료,734.0,367.0,2389840.0
042547672,암사역사공원,모란영업사업소,시민용,암사역사공원역,2024-12-31,2024,12,2024-12,정기분,수납 완료,1020.0,510.0,3350800.0
042547672,암사역사공원,모란영업사업소,시민용,암사역사공원역,2025-02-28,2025,2,2025-02,정기분,수납 완료,398.0,199.0,1261060.0
042547672,암사역사공원,모란영업사업소,시민용,암사역사공원역,2025-04-30,2025,4,2025-04,정기분,수납 완료,404.0,202.0,1281040.0
042547672,암사역사공원,모란영업사업소,시민용,암사역사공원역,2025-06-30,2025,6,2025-06,정기분,수납 완료,506.0,253.0,1623760.0
042547672,암사역사공원,모란영업사업소,시민용,암사역사공원역,2025-08-31,2025,8,2025-08,정기분,수납 완료,610.0,305.0,1973200.0
042547672,암사역사공원,모란영업사업소,시민용,암사역사공원역,2025-10-31,2025,10,2025-10,정기분,수납 완료,724.0,362.0,2356240.0
042547672,암사역사공원,모란영업사업소,시민용,암사역사공원역,2025-12-31,2025,12,2025-12,정기분,수납 완료,600.0,300.0,1939600.0
042547672,암사역사공원,모란영업사업소,시민용,암사역사공원역,2026-02-28,2026,2,2026-02,정기분,수납 완료,580.0,290.0,1924500.0
042547672,암사역사공원,모란영업사업소,시민용,암사역사공원역,2026-04-30,2026,4,2026-04,정기분,수납 완료,505.0,252.5,1723100.0
000362246,약수역(3호선),경복궁영업사업소,시민용,지하철공사약수역(3호선),2008-06-30,2008,6,2008-06,정기분,수납 완료,1140.0,570.0,2424220.0
000362246,약수역(3호선),경복궁영업사업소,시민용,지하철공사약수역(3호선),2008-07-31,2008,7,2008-07,정기분,수납 완료,570.0,285.0,1961220.0
000362246,약수역(3호선),경복궁영업사업소,시민용,지하철공사약수역(3호선),2008-08-31,2008,8,2008-08,정기분,수납 완료,3007.0,1503.5,4032420.0
000362246,약수역(3호선),경복궁영업사업소,시민용,지하철공사약수역(3호선),2008-09-30,2008,9,2008-09,정기분,수납 완료,1504.0,752.0,2997460.0
000362246,약수역(3호선),경복궁영업사업소,시민용,지하철공사약수역(3호선),2008-10-31,2008,10,2008-10,정기분,수납 완료,3008.0,1504.0,2997460.0
000362246,약수역(3호선),경복궁영업사업소,시민용,지하철공사약수역(3호선),2008-11-30,2008,11,2008-11,정기분,수납 완료,1504.0,752.0,2997460.0
000362246,약수역(3호선),경복궁영업사업소,시민용,지하철공사약수역(3호선),2008-12-31,2008,12,2008-12,정기분,수납 완료,1276.0,638.0,1092800.0
000362246,약수역(3호선),경복궁영업사업소,시민용,지하철공사약수역(3호선),2009-01-31,2009,1,2009-01,정기분,수납 완료,638.0,319.0,1749600.0
000362246,약수역(3호선),경복궁영업사업소,시민용,지하철공사약수역(3호선),2009-02-28,2009,2,2009-02,정기분,수납 완료,1737.0,868.5,2443860.0
000362246,약수역(3호선),경복궁영업사업소,시민용,지하철공사약수역(3호선),2009-03-31,2009,3,2009-03,정기분,수납 완료,869.0,434.5,2196100.0
000362246,약수역(3호선),경복궁영업사업소,시민용,지하철공사약수역(3호선),2009-04-30,2009,4,2009-04,정기분,수납 완료,1141.0,570.5,1849940.0
000362246,약수역(3호선),경복궁영업사업소,시민용,지하철공사약수역(3호선),2009-05-31,2009,5,2009-05,정기분,수납 완료,571.0,285.5,2023660.0
000362246,약수역(3호선),경복궁영업사업소,시민용,지하철공사약수역(3호선),2009-06-30,2009,6,2009-06,정기분,수납 완료,1236.0,618.0,2070500.0
000362246,약수역(3호선),경복궁영업사업소,시민용,지하철공사약수역(3호선),2009-07-31,2009,7,2009-07,정기분,수납 완료,618.0,309.0,2047300.0
000362246,약수역(3호선),경복궁영업사업소,시민용,지하철공사약수역(3호선),2009-08-31,2009,8,2009-08,정기분,수납 완료,3386.0,1693.0,4669060.0
000362246,약수역(3호선),경복궁영업사업소,시민용,지하철공사약수역(3호선),2009-09-30,2009,9,2009-09,정기분,수납 완료,1693.0,846.5,3358180.0
000362246,약수역(3호선),경복궁영업사업소,시민용,지하철공사약수역(3호선),2009-10-31,2009,10,2009-10,정기분,수납 완료,3330.0,1665.0,3528060.0
000362246,약수역(3호선),경복궁영업사업소,시민용,지하철공사약수역(3호선),2009-11-30,2009,11,2009-11,정기분,수납 완료,1665.0,832.5,3443340.0
000362246,약수역(3호선),경복궁영업사업소,시민용,지하철공사약수역(3호선),2009-12-31,2009,12,2009-12,정기분,수납 완료,1107.0,553.5,1250360.0
000362246,약수역(3호선),경복궁영업사업소,시민용,지하철공사약수역(3호선),2010-01-31,2010,1,2010-01,정기분,수납 완료,519.0,259.5,1532800.0
000362246,약수역(3호선),경복궁영업사업소,시민용,지하철공사약수역(3호선),2010-02-28,2010,2,2010-02,정기분,수납 완료,689.0,344.5,1359170.0
000362246,약수역(3호선),경복궁영업사업소,시민용,지하철공사약수역(3호선),2010-03-31,2010,3,2010-03,정기분,수납 완료,345.0,172.5,1684220.0
000362246,약수역(3호선),경복궁영업사업소,시민용,지하철공사약수역(3호선),2010-04-30,2010,4,2010-04,정기분,수납 완료,582.0,291.0,1598460.0
000362246,약수역(3호선),경복궁영업사업소,시민용,지하철공사약수역(3호선),2010-05-31,2010,5,2010-05,정기분,수납 완료,291.0,145.5,1641340.0
000362246,약수역(3호선),경복궁영업사업소,시민용,지하철공사약수역(3호선),2010-06-30,2010,6,2010-06,정기분,수납 완료,617.0,308.5,1788100.0
000362246,약수역(3호선),경복궁영업사업소,시민용,지하철공사약수역(3호선),2010-07-31,2010,7,2010-07,정기분,수납 완료,309.0,154.5,1715580.0
000362246,약수역(3호선),경복궁영업사업소,시민용,지하철공사약수역(3호선),2010-08-31,2010,8,2010-08,정기분,수납 완료,3124.0,1562.0,4774540.0
000362246,약수역(3호선),경복궁영업사업소,시민용,지하철공사약수역(3호선),2010-09-30,2010,9,2010-09,정기분,수납 완료,1562.0,781.0,2020920.0
000362246,약수역(3호선),경복궁영업사업소,시민용,지하철공사약수역(3호선),2010-10-31,2010,10,2010-10,정기분,수납 완료,2388.0,1194.0,1851820.0
000362246,약수역(3호선),경복궁영업사업소,시민용,지하철공사약수역(3호선),2010-11-30,2010,11,2010-11,정기분,수납 완료,1194.0,597.0,1934670.0
000362246,약수역(3호선),경복궁영업사업소,시민용,지하철공사약수역(3호선),2010-12-31,2010,12,2010-12,정기분,수납 완료,1229.0,614.5,974030.0
000362246,약수역(3호선),경복궁영업사업소,시민용,지하철공사약수역(3호선),2011-01-31,2011,1,2011-01,정기분,수납 완료,615.0,307.5,1454770.0
000362246,약수역(3호선),경복궁영업사업소,시민용,지하철공사약수역(3호선),2011-02-28,2011,2,2011-02,정기분,수납 완료,579.0,289.5,948600.0
000362246,약수역(3호선),경복궁영업사업소,시민용,지하철공사약수역(3호선),2011-03-31,2011,3,2011-03,정기분,수납 완료,290.0,145.0,1722360.0
000362246,약수역(3호선),경복궁영업사업소,시민용,지하철공사약수역(3호선),2011-04-30,2011,4,2011-04,정기분,수납 완료,532.0,266.0,4353480.0
000362246,약수역(3호선),경복궁영업사업소,시민용,지하철공사약수역(3호선),2011-05-31,2011,5,2011-05,정기분,수납 완료,266.0,133.0,3613610.0
000362246,약수역(3호선),경복궁영업사업소,시민용,지하철공사약수역(3호선),2011-06-30,2011,6,2011-06,정기분,수납 완료,883.0,441.5,2590820.0
000362246,약수역(3호선),경복궁영업사업소,시민용,지하철공사약수역(3호선),2011-07-31,2011,7,2011-07,정기분,수납 완료,442.0,221.0,2057030.0
000362246,약수역(3호선),경복궁영업사업소,시민용,지하철공사약수역(3호선),2011-08-31,2011,8,2011-08,정기분,수납 완료,1881.0,940.5,4642130.0
000362246,약수역(3호선),경복궁영업사업소,시민용,지하철공사약수역(3호선),2011-09-30,2011,9,2011-09,정기분,수납 완료,941.0,470.5,2691560.0
000362246,약수역(3호선),경복궁영업사업소,시민용,지하철공사약수역(3호선),2011-10-31,2011,10,2011-10,정기분,수납 완료,2288.0,1144.0,4115450.0
000362246,약수역(3호선),경복궁영업사업소,시민용,지하철공사약수역(3호선),2011-11-30,2011,11,2011-11,정기분,수납 완료,1144.0,572.0,2953260.0
000362246,약수역(3호선),경복궁영업사업소,시민용,지하철공사약수역(3호선),2011-12-31,2011,12,2011-12,정기분,수납 완료,994.0,497.0,1576750.0
000362246,약수역(3호선),경복궁영업사업소,시민용,지하철공사약수역(3호선),2012-01-31,2012,1,2012-01,정기분,수납 완료,497.0,248.5,1909350.0
000362246,약수역(3호선),경복궁영업사업소,시민용,지하철공사약수역(3호선),2012-02-29,2012,2,2012-02,정기분,수납 완료,567.0,283.5,806240.0
000362246,약수역(3호선),경복궁영업사업소,시민용,지하철공사약수역(3호선),2012-03-31,2012,3,2012-03,정기분,수납 완료,284.0,142.0,2354400.0
000362246,약수역(3호선),경복궁영업사업소,시민용,지하철공사약수역(3호선),2012-04-30,2012,4,2012-04,정기분,수납 완료,506.0,253.0,1335260.0
000362246,약수역(3호선),경복궁영업사업소,시민용,지하철공사약수역(3호선),2012-05-31,2012,5,2012-05,정기분,수납 완료,253.0,126.5,2332680.0
000362246,약수역(3호선),경복궁영업사업소,시민용,지하철공사약수역(3호선),2012-06-30,2012,6,2012-06,정기분,수납 완료,927.0,463.5,1864620.0
000362246,약수역(3호선),경복궁영업사업소,시민용,지하철공사약수역(3호선),2012-07-31,2012,7,2012-07,정기분,수납 완료,464.0,232.0,2679060.0
000362246,약수역(3호선),경복궁영업사업소,시민용,지하철공사약수역(3호선),2012-08-31,2012,8,2012-08,정기분,수납 완료,1832.0,916.0,4484360.0
000362246,약수역(3호선),경복궁영업사업소,시민용,지하철공사약수역(3호선),2012-09-30,2012,9,2012-09,정기분,수납 완료,916.0,458.0,3885640.0
000362246,약수역(3호선),경복궁영업사업소,시민용,지하철공사약수역(3호선),2012-10-31,2012,10,2012-10,정기분,수납 완료,1733.0,866.5,3433100.0
000362246,약수역(3호선),경복궁영업사업소,시민용,지하철공사약수역(3호선),2012-11-30,2012,11,2012-11,정기분,수납 완료,867.0,433.5,3198960.0
000362246,약수역(3호선),경복궁영업사업소,시민용,지하철공사약수역(3호선),2012-12-31,2012,12,2012-12,정기분,수납 완료,845.0,422.5,1484340.0
000362246,약수역(3호선),경복궁영업사업소,시민용,지하철공사약수역(3호선),2013-01-31,2013,1,2013-01,정기분,수납 완료,423.0,211.5,879020.0
000362246,약수역(3호선),경복궁영업사업소,시민용,지하철공사약수역(3호선),2013-02-28,2013,2,2013-02,정기분,수납 완료,584.0,292.0,1562420.0
000362246,약수역(3호선),경복궁영업사업소,시민용,지하철공사약수역(3호선),2013-03-31,2013,3,2013-03,정기분,수납 완료,292.0,146.0,1639840.0
000362246,약수역(3호선),경복궁영업사업소,시민용,지하철공사약수역(3호선),2013-04-30,2013,4,2013-04,정기분,수납 완료,1035.0,517.5,2955900.0
000362246,약수역(3호선),경복궁영업사업소,시민용,지하철공사약수역(3호선),2013-05-31,2013,5,2013-05,정기분,수납 완료,518.0,259.0,2438020.0
000362246,약수역(3호선),경복궁영업사업소,시민용,지하철공사약수역(3호선),2013-06-30,2013,6,2013-06,정기분,수납 완료,766.0,383.0,2418580.0
000362246,약수역(3호선),경복궁영업사업소,시민용,지하철공사약수역(3호선),2013-07-31,2013,7,2013-07,정기분,수납 완료,383.0,191.5,2245000.0
000362246,약수역(3호선),경복궁영업사업소,시민용,지하철공사약수역(3호선),2013-08-31,2013,8,2013-08,정기분,수납 완료,3020.0,1510.0,7785180.0
000362246,약수역(3호선),경복궁영업사업소,시민용,지하철공사약수역(3호선),2013-09-30,2013,9,2013-09,정기분,수납 완료,1510.0,755.0,5227900.0
000362246,약수역(3호선),경복궁영업사업소,시민용,지하철공사약수역(3호선),2013-10-31,2013,10,2013-10,정기분,수납 완료,3114.0,1557.0,4996040.0
000362246,약수역(3호선),경복궁영업사업소,시민용,지하철공사약수역(3호선),2013-11-30,2013,11,2013-11,정기분,수납 완료,1557.0,778.5,4508380.0
000362246,약수역(3호선),경복궁영업사업소,시민용,지하철공사약수역(3호선),2013-12-31,2013,12,2013-12,정기분,수납 완료,1175.0,587.5,1259960.0
000362246,약수역(3호선),경복궁영업사업소,시민용,지하철공사약수역(3호선),2014-01-31,2014,1,2014-01,정기분,수납 완료,588.0,294.0,1348140.0
000362246,약수역(3호선),경복궁영업사업소,시민용,지하철공사약수역(3호선),2014-02-28,2014,2,2014-02,정기분,수납 완료,716.0,358.0,1456520.0
000362246,약수역(3호선),경복궁영업사업소,시민용,지하철공사약수역(3호선),2014-03-31,2014,3,2014-03,정기분,수납 완료,358.0,179.0,1905400.0
000362246,약수역(3호선),경복궁영업사업소,시민용,지하철공사약수역(3호선),2014-04-30,2014,4,2014-04,정기분,수납 완료,978.0,489.0,2499000.0
000362246,약수역(3호선),경복궁영업사업소,시민용,지하철공사약수역(3호선),2014-05-31,2014,5,2014-05,정기분,수납 완료,489.0,244.5,2185100.0
000362246,약수역(3호선),경복궁영업사업소,시민용,지하철공사약수역(3호선),2014-06-30,2014,6,2014-06,정기분,수납 완료,1692.0,846.0,4195700.0
000362246,약수역(3호선),경복궁영업사업소,시민용,지하철공사약수역(3호선),2014-07-31,2014,7,2014-07,정기분,수납 완료,846.0,423.0,3267500.0
000362246,약수역(3호선),경복궁영업사업소,시민용,지하철공사약수역(3호선),2014-08-31,2014,8,2014-08,정기분,수납 완료,2850.0,1425.0,5938100.0
000362246,약수역(3호선),경복궁영업사업소,시민용,지하철공사약수역(3호선),2014-09-30,2014,9,2014-09,정기분,수납 완료,1425.0,712.5,5741900.0
000362246,약수역(3호선),경복궁영업사업소,시민용,지하철공사약수역(3호선),2014-10-31,2014,10,2014-10,정기분,수납 완료,4378.0,2189.0,8415100.0
000362246,약수역(3호선),경복궁영업사업소,시민용,지하철공사약수역(3호선),2014-11-30,2014,11,2014-11,정기분,수납 완료,2189.0,1094.5,6985500.0
000362246,약수역(3호선),경복궁영업사업소,시민용,지하철공사약수역(3호선),2014-12-31,2014,12,2014-12,정기분,수납 완료,1407.0,703.5,1590000.0
000362246,약수역(3호선),경복궁영업사업소,시민용,지하철공사약수역(3호선),2015-01-31,2015,1,2015-01,정기분,수납 완료,704.0,352.0,1566000.0
000362246,약수역(3호선),경복궁영업사업소,시민용,지하철공사약수역(3호선),2015-02-28,2015,2,2015-02,정기분,수납 완료,608.0,304.0,1554000.0
000362246,약수역(3호선),경복궁영업사업소,시민용,지하철공사약수역(3호선),2015-03-31,2015,3,2015-03,정기분,수납 완료,304.0,152.0,1333500.0
000362246,약수역(3호선),경복궁영업사업소,시민용,지하철공사약수역(3호선),2015-04-30,2015,4,2015-04,정기분,수납 완료,507.0,253.5,1781260.0
000362246,약수역(3호선),경복궁영업사업소,시민용,지하철공사약수역(3호선),2015-05-31,2015,5,2015-05,정기분,수납 완료,254.0,127.0,2015020.0
000362246,약수역(3호선),경복궁영업사업소,시민용,지하철공사약수역(3호선),2015-06-30,2015,6,2015-06,정기분,수납 완료,1367.0,683.5,3539980.0
000362246,약수역(3호선),경복궁영업사업소,시민용,지하철공사약수역(3호선),2015-07-31,2015,7,2015-07,정기분,수납 완료,684.0,342.0,3050900.0
000362246,약수역(3호선),경복궁영업사업소,시민용,지하철공사약수역(3호선),2015-08-31,2015,8,2015-08,정기분,수납 완료,2908.0,1454.0,6146500.0
000362246,약수역(3호선),경복궁영업사업소,시민용,지하철공사약수역(3호선),2015-09-30,2015,9,2015-09,정기분,수납 완료,1454.0,727.0,6041700.0
000362246,약수역(3호선),경복궁영업사업소,시민용,지하철공사약수역(3호선),2015-10-31,2015,10,2015-10,정기분,수납 완료,3194.0,1597.0,5259200.0
000362246,약수역(3호선),경복궁영업사업소,시민용,지하철공사약수역(3호선),2015-11-30,2015,11,2015-11,정기분,수납 완료,1597.0,798.5,4712500.0
000362246,약수역(3호선),경복궁영업사업소,시민용,지하철공사약수역(3호선),2015-12-31,2015,12,2015-12,정기분,수납 완료,1823.0,911.5,2487700.0
000362246,약수역(3호선),경복궁영업사업소,시민용,지하철공사약수역(3호선),2016-01-31,2016,1,2016-01,정기분,수납 완료,912.0,456.0,3360500.0
000362246,약수역(3호선),경복궁영업사업소,시민용,지하철공사약수역(3호선),2016-02-29,2016,2,2016-02,정기분,수납 완료,1207.0,603.5,2312200.0
000362246,약수역(3호선),경복궁영업사업소,시민용,지하철공사약수역(3호선),2016-03-31,2016,3,2016-03,정기분,수납 완료,604.0,302.0,2593300.0
000362246,약수역(3호선),경복궁영업사업소,시민용,지하철공사약수역(3호선),2016-04-30,2016,4,2016-04,정기분,수납 완료,580.0,290.0,1717200.0
000362246,약수역(3호선),경복궁영업사업소,시민용,지하철공사약수역(3호선),2016-05-31,2016,5,2016-05,정기분,수납 완료,290.0,145.0,1691000.0
000362246,약수역(3호선),경복궁영업사업소,시민용,지하철공사약수역(3호선),2016-06-30,2016,6,2016-06,정기분,수납 완료,1075.0,537.5,3207500.0
000362246,약수역(3호선),경복궁영업사업소,시민용,지하철공사약수역(3호선),2016-07-31,2016,7,2016-07,정기분,수납 완료,538.0,269.0,2274400.0
000362246,약수역(3호선),경복궁영업사업소,시민용,지하철공사약수역(3호선),2016-08-31,2016,8,2016-08,정기분,수납 완료,2368.0,1184.0,5305400.0
000362246,약수역(3호선),경복궁영업사업소,시민용,지하철공사약수역(3호선),2016-09-30,2016,9,2016-09,정기분,수납 완료,1184.0,592.0,3995100.0
000362246,약수역(3호선),경복궁영업사업소,시민용,지하철공사약수역(3호선),2016-10-31,2016,10,2016-10,정기분,수납 완료,2353.0,1176.5,4017000.0
000362246,약수역(3호선),경복궁영업사업소,시민용,지하철공사약수역(3호선),2016-11-30,2016,11,2016-11,정기분,수납 완료,1177.0,588.5,3604300.0
000362246,약수역(3호선),경복궁영업사업소,시민용,지하철공사약수역(3호선),2016-12-31,2016,12,2016-12,정기분,수납 완료,1481.0,740.5,2050300.0
000362246,약수역(3호선),경복궁영업사업소,시민용,지하철공사약수역(3호선),2017-01-31,2017,1,2017-01,정기분,수납 완료,741.0,370.5,2566940.0
000362246,약수역(3호선),경복궁영업사업소,시민용,지하철공사약수역(3호선),2017-02-28,2017,2,2017-02,정기분,수납 완료,634.0,317.0,1609400.0
000362246,약수역(3호선),경복궁영업사업소,시민용,지하철공사약수역(3호선),2017-03-31,2017,3,2017-03,정기분,수납 완료,317.0,158.5,1585390.0
000362246,약수역(3호선),경복궁영업사업소,시민용,지하철공사약수역(3호선),2017-04-30,2017,4,2017-04,정기분,수납 완료,1158.0,579.0,3503650.0
000362246,약수역(3호선),경복궁영업사업소,시민용,지하철공사약수역(3호선),2017-05-31,2017,5,2017-05,정기분,수납 완료,579.0,289.5,2578100.0
000362246,약수역(3호선),경복궁영업사업소,시민용,지하철공사약수역(3호선),2017-06-30,2017,6,2017-06,정기분,수납 완료,1409.0,704.5,3831200.0
000362246,약수역(3호선),경복궁영업사업소,시민용,지하철공사약수역(3호선),2017-07-31,2017,7,2017-07,정기분,수납 완료,705.0,352.5,3446270.0
000362246,약수역(3호선),경복궁영업사업소,시민용,지하철공사약수역(3호선),2017-08-31,2017,8,2017-08,정기분,수납 완료,1740.0,870.0,4847450.0
000362246,약수역(3호선),경복궁영업사업소,시민용,지하철공사약수역(3호선),2017-09-30,2017,9,2017-09,정기분,수납 완료,870.0,435.0,4614140.0
000362246,약수역(3호선),경복궁영업사업소,시민용,지하철공사약수역(3호선),2017-10-31,2017,10,2017-10,정기분,수납 완료,2337.0,1168.5,5248760.0
000362246,약수역(3호선),경복궁영업사업소,시민용,지하철공사약수역(3호선),2017-11-30,2017,11,2017-11,정기분,수납 완료,1169.0,584.5,5172410.0
000362246,약수역(3호선),경복궁영업사업소,시민용,지하철공사약수역(3호선),2017-12-31,2017,12,2017-12,정기분,수납 완료,1338.0,669.0,878900.0
000362246,약수역(3호선),경복궁영업사업소,시민용,지하철공사약수역(3호선),2018-01-31,2018,1,2018-01,정기분,수납 완료,669.0,334.5,2675490.0
000362246,약수역(3호선),경복궁영업사업소,시민용,지하철공사약수역(3호선),2018-02-28,2018,2,2018-02,정기분,수납 완료,880.0,440.0,1862110.0
000362246,약수역(3호선),경복궁영업사업소,시민용,지하철공사약수역(3호선),2018-03-31,2018,3,2018-03,정기분,수납 완료,440.0,220.0,2594460.0
000362246,약수역(3호선),경복궁영업사업소,시민용,지하철공사약수역(3호선),2018-04-30,2018,4,2018-04,정기분,수납 완료,825.0,412.5,2715550.0
000362246,약수역(3호선),경복궁영업사업소,시민용,지하철공사약수역(3호선),2018-05-31,2018,5,2018-05,정기분,수납 완료,413.0,206.5,2573310.0
000362246,약수역(3호선),경복궁영업사업소,시민용,지하철공사약수역(3호선),2018-06-30,2018,6,2018-06,정기분,수납 완료,1585.0,792.5,4345380.0
000362246,약수역(3호선),경복궁영업사업소,시민용,지하철공사약수역(3호선),2018-07-31,2018,7,2018-07,정기분,수납 완료,793.0,396.5,3845830.0
000362246,약수역(3호선),경복궁영업사업소,시민용,지하철공사약수역(3호선),2018-08-31,2018,8,2018-08,정기분,수납 완료,3384.0,1692.0,8181210.0
000362246,약수역(3호선),경복궁영업사업소,시민용,지하철공사약수역(3호선),2018-09-30,2018,9,2018-09,정기분,수납 완료,1692.0,846.0,6766820.0
000362246,약수역(3호선),경복궁영업사업소,시민용,지하철공사약수역(3호선),2018-10-31,2018,10,2018-10,정기분,수납 완료,2313.0,1156.5,3827870.0
000362246,약수역(3호선),경복궁영업사업소,시민용,지하철공사약수역(3호선),2018-11-30,2018,11,2018-11,정기분,수납 완료,1157.0,578.5,4762950.0
000362246,약수역(3호선),경복궁영업사업소,시민용,지하철공사약수역(3호선),2018-12-31,2018,12,2018-12,정기분,수납 완료,746.0,373.0,1909800.0
000362246,약수역(3호선),경복궁영업사업소,시민용,지하철공사약수역(3호선),2019-01-31,2019,1,2019-01,정기분,수납 완료,373.0,186.5,2786350.0
000362246,약수역(3호선),경복궁영업사업소,시민용,지하철공사약수역(3호선),2019-02-28,2019,2,2019-02,정기분,수납 완료,786.0,393.0,3095950.0
000362246,약수역(3호선),경복궁영업사업소,시민용,지하철공사약수역(3호선),2019-03-31,2019,3,2019-03,정기분,수납 완료,393.0,196.5,3403090.0
000362246,약수역(3호선),경복궁영업사업소,시민용,지하철공사약수역(3호선),2019-04-30,2019,4,2019-04,정기분,수납 완료,680.0,340.0,3031310.0
000362246,약수역(3호선),경복궁영업사업소,시민용,지하철공사약수역(3호선),2019-05-31,2019,5,2019-05,정기분,수납 완료,340.0,170.0,2572000.0
000362246,약수역(3호선),경복궁영업사업소,시민용,지하철공사약수역(3호선),2019-06-30,2019,6,2019-06,정기분,수납 완료,915.0,457.5,2954350.0
000362246,약수역(3호선),경복궁영업사업소,시민용,지하철공사약수역(3호선),2019-07-31,2019,7,2019-07,정기분,수납 완료,458.0,229.0,2585340.0
000362246,약수역(3호선),경복궁영업사업소,시민용,지하철공사약수역(3호선),2019-08-31,2019,8,2019-08,정기분,수납 완료,2240.0,1120.0,5851460.0
000362246,약수역(3호선),경복궁영업사업소,시민용,지하철공사약수역(3호선),2019-09-30,2019,9,2019-09,정기분,수납 완료,1120.0,560.0,5340600.0
000362246,약수역(3호선),경복궁영업사업소,시민용,지하철공사약수역(3호선),2019-10-31,2019,10,2019-10,정기분,수납 완료,2403.0,1201.5,5461990.0
000362246,약수역(3호선),경복궁영업사업소,시민용,지하철공사약수역(3호선),2019-11-30,2019,11,2019-11,정기분,수납 완료,1202.0,601.0,6029260.0
000362246,약수역(3호선),경복궁영업사업소,시민용,지하철공사약수역(3호선),2019-12-31,2019,12,2019-12,정기분,수납 완료,1110.0,555.0,3982400.0
000362246,약수역(3호선),경복궁영업사업소,시민용,지하철공사약수역(3호선),2020-01-31,2020,1,2020-01,정기분,수납 완료,555.0,277.5,1832390.0
000362246,약수역(3호선),경복궁영업사업소,시민용,지하철공사약수역(3호선),2020-02-29,2020,2,2020-02,정기분,수납 완료,823.0,411.5,1989840.0
000362246,약수역(3호선),경복궁영업사업소,시민용,지하철공사약수역(3호선),2020-03-31,2020,3,2020-03,정기분,수납 완료,412.0,206.0,2422160.0
000362246,약수역(3호선),경복궁영업사업소,시민용,지하철공사약수역(3호선),2020-04-30,2020,4,2020-04,정기분,수납 완료,1427.0,713.5,3065550.0
000362246,약수역(3호선),경복궁영업사업소,시민용,지하철공사약수역(3호선),2020-05-31,2020,5,2020-05,정기분,수납 완료,714.0,357.0,2972620.0
000362246,약수역(3호선),경복궁영업사업소,시민용,지하철공사약수역(3호선),2020-06-30,2020,6,2020-06,정기분,수납 완료,1616.0,808.0,3717460.0
000362246,약수역(3호선),경복궁영업사업소,시민용,지하철공사약수역(3호선),2020-07-31,2020,7,2020-07,정기분,수납 완료,808.0,404.0,3395640.0
000362246,약수역(3호선),경복궁영업사업소,시민용,지하철공사약수역(3호선),2020-08-31,2020,8,2020-08,정기분,수납 완료,2881.0,1440.5,7010290.0
000362246,약수역(3호선),경복궁영업사업소,시민용,지하철공사약수역(3호선),2020-09-30,2020,9,2020-09,정기분,수납 완료,1441.0,720.5,8569330.0
000362246,약수역(3호선),경복궁영업사업소,시민용,지하철공사약수역(3호선),2020-10-31,2020,10,2020-10,정기분,수납 완료,2906.0,1453.0,7110450.0
000362246,약수역(3호선),경복궁영업사업소,시민용,지하철공사약수역(3호선),2020-11-30,2020,11,2020-11,정기분,수납 완료,1453.0,726.5,5759290.0
000362246,약수역(3호선),경복궁영업사업소,시민용,지하철공사약수역(3호선),2020-12-31,2020,12,2020-12,정기분,수납 완료,1850.0,925.0,2651210.0
000362246,약수역(3호선),경복궁영업사업소,시민용,지하철공사약수역(3호선),2021-01-31,2021,1,2021-01,정기분,수납 완료,925.0,462.5,4008250.0
000362246,약수역(3호선),경복궁영업사업소,시민용,지하철공사약수역(3호선),2021-02-28,2021,2,2021-02,정기분,수납 완료,2732.0,1366.0,5427890.0
000362246,약수역(3호선),경복궁영업사업소,시민용,지하철공사약수역(3호선),2021-03-31,2021,3,2021-03,정기분,수납 완료,1366.0,683.0,4535380.0
000362246,약수역(3호선),경복궁영업사업소,시민용,지하철공사약수역(3호선),2021-04-30,2021,4,2021-04,정기분,수납 완료,1583.0,791.5,2036210.0
000362246,약수역(3호선),경복궁영업사업소,시민용,지하철공사약수역(3호선),2021-05-31,2021,5,2021-05,정기분,수납 완료,792.0,396.0,3475560.0
000362246,약수역(3호선),경복궁영업사업소,시민용,지하철공사약수역(3호선),2021-06-30,2021,6,2021-06,정기분,수납 완료,1700.0,850.0,4439840.0
000362246,약수역(3호선),경복궁영업사업소,시민용,지하철공사약수역(3호선),2021-07-31,2021,7,2021-07,정기분,수납 완료,850.0,425.0,4114800.0
000362246,약수역(3호선),경복궁영업사업소,시민용,지하철공사약수역(3호선),2021-08-31,2021,8,2021-08,정기분,수납 완료,2478.0,1239.0,6422800.0
000362246,약수역(3호선),경복궁영업사업소,시민용,지하철공사약수역(3호선),2021-09-30,2021,9,2021-09,정기분,수납 완료,1239.0,619.5,5225260.0
000362246,약수역(3호선),경복궁영업사업소,시민용,지하철공사약수역(3호선),2021-10-31,2021,10,2021-10,정기분,수납 완료,2638.0,1319.0,6241660.0
000362246,약수역(3호선),경복궁영업사업소,시민용,지하철공사약수역(3호선),2021-11-30,2021,11,2021-11,정기분,수납 완료,1319.0,659.5,4833260.0
000362246,약수역(3호선),경복궁영업사업소,시민용,지하철공사약수역(3호선),2021-12-31,2021,12,2021-12,정기분,수납 완료,1964.0,982.0,3882500.0
000362246,약수역(3호선),경복궁영업사업소,시민용,지하철공사약수역(3호선),2022-01-31,2022,1,2022-01,정기분,수납 완료,982.0,491.0,4078560.0
000362246,약수역(3호선),경복궁영업사업소,시민용,지하철공사약수역(3호선),2022-02-28,2022,2,2022-02,정기분,수납 완료,1714.0,857.0,3618590.0
000362246,약수역(3호선),경복궁영업사업소,시민용,지하철공사약수역(3호선),2022-03-31,2022,3,2022-03,정기분,수납 완료,857.0,428.5,3504850.0
000362246,약수역(3호선),경복궁영업사업소,시민용,지하철공사약수역(3호선),2022-04-30,2022,4,2022-04,정기분,수납 완료,1536.0,768.0,3231550.0
000362246,약수역(3호선),경복궁영업사업소,시민용,지하철공사약수역(3호선),2022-05-31,2022,5,2022-05,정기분,수납 완료,768.0,384.0,3777620.0
000362246,약수역(3호선),경복궁영업사업소,시민용,지하철공사약수역(3호선),2022-06-30,2022,6,2022-06,정기분,수납 완료,2572.0,1286.0,5760280.0
000362246,약수역(3호선),경복궁영업사업소,시민용,지하철공사약수역(3호선),2022-07-31,2022,7,2022-07,정기분,수납 완료,1286.0,643.0,5342900.0
000362246,약수역(3호선),경복궁영업사업소,시민용,지하철공사약수역(3호선),2022-08-31,2022,8,2022-08,정기분,수납 완료,5641.0,2820.5,6738410.0
000362246,약수역(3호선),경복궁영업사업소,시민용,지하철공사약수역(3호선),2022-09-30,2022,9,2022-09,정기분,수납 완료,1239.0,619.5,9016750.0
000362246,약수역(3호선),경복궁영업사업소,시민용,지하철공사약수역(3호선),2022-10-31,2022,10,2022-10,정기분,수납 완료,3253.0,1626.5,5942080.0
000362246,약수역(3호선),경복궁영업사업소,시민용,지하철공사약수역(3호선),2022-11-30,2022,11,2022-11,정기분,수납 완료,1627.0,813.5,6709350.0
000362246,약수역(3호선),경복궁영업사업소,시민용,지하철공사약수역(3호선),2022-12-31,2022,12,2022-12,정기분,수납 완료,2159.0,1079.5,2828800.0
000362246,약수역(3호선),경복궁영업사업소,시민용,지하철공사약수역(3호선),2023-01-31,2023,1,2023-01,정기분,수납 완료,1080.0,540.0,4708290.0
000362246,약수역(3호선),경복궁영업사업소,시민용,지하철공사약수역(3호선),2023-02-28,2023,2,2023-02,정기분,수납 완료,2035.0,1017.5,4700500.0
000362246,약수역(3호선),경복궁영업사업소,시민용,지하철공사약수역(3호선),2023-03-31,2023,3,2023-03,정기분,수납 완료,1018.0,509.0,4477460.0
000362246,약수역(3호선),경복궁영업사업소,시민용,지하철공사약수역(3호선),2023-04-30,2023,4,2023-04,정기분,수납 완료,1965.0,982.5,4255740.0
000362246,약수역(3호선),경복궁영업사업소,시민용,지하철공사약수역(3호선),2023-05-31,2023,5,2023-05,정기분,수납 완료,983.0,491.5,4701880.0
000362246,약수역(3호선),경복궁영업사업소,시민용,지하철공사약수역(3호선),2023-06-30,2023,6,2023-06,정기분,수납 완료,2588.0,1294.0,7153280.0
000362246,약수역(3호선),경복궁영업사업소,시민용,지하철공사약수역(3호선),2023-07-31,2023,7,2023-07,정기분,수납 완료,1294.0,647.0,6019180.0
000362246,약수역(3호선),경복궁영업사업소,시민용,지하철공사약수역(3호선),2023-08-31,2023,8,2023-08,정기분,수납 완료,2868.0,1434.0,8895180.0
000362246,약수역(3호선),경복궁영업사업소,시민용,지하철공사약수역(3호선),2023-09-30,2023,9,2023-09,정기분,수납 완료,1434.0,717.0,7640580.0
000362246,약수역(3호선),경복궁영업사업소,시민용,지하철공사약수역(3호선),2023-10-31,2023,10,2023-10,정기분,수납 완료,3266.0,1633.0,8066040.0
000362246,약수역(3호선),경복궁영업사업소,시민용,지하철공사약수역(3호선),2023-11-30,2023,11,2023-11,정기분,수납 완료,1633.0,816.5,7749910.0
000362246,약수역(3호선),경복궁영업사업소,시민용,지하철공사약수역(3호선),2023-12-31,2023,12,2023-12,정기분,수납 완료,1978.0,989.0,2587370.0
000362246,약수역(3호선),경복궁영업사업소,시민용,지하철공사약수역(3호선),2024-01-31,2024,1,2024-01,정기분,수납 완료,984.0,492.0,5036900.0
000362246,약수역(3호선),경복궁영업사업소,시민용,지하철공사약수역(3호선),2024-02-29,2024,2,2024-02,정기분,수납 완료,930.0,465.0,4622200.0
000362246,약수역(3호선),경복궁영업사업소,시민용,지하철공사약수역(3호선),2024-03-31,2024,3,2024-03,정기분,수납 완료,899.0,449.5,4127240.0
000362246,약수역(3호선),경복궁영업사업소,시민용,지하철공사약수역(3호선),2024-04-30,2024,4,2024-04,정기분,수납 완료,1077.0,538.5,5273390.0
000362246,약수역(3호선),경복궁영업사업소,시민용,지하철공사약수역(3호선),2024-05-31,2024,5,2024-05,정기분,수납 완료,1165.0,582.5,5367550.0
000362246,약수역(3호선),경복궁영업사업소,시민용,지하철공사약수역(3호선),2024-06-30,2024,6,2024-06,정기분,수납 완료,1122.0,561.0,5330340.0
000362246,약수역(3호선),경복궁영업사업소,시민용,지하철공사약수역(3호선),2024-07-31,2024,7,2024-07,정기분,수납 완료,1348.0,674.0,6146560.0
000362246,약수역(3호선),경복궁영업사업소,시민용,지하철공사약수역(3호선),2024-08-31,2024,8,2024-08,정기분,수납 완료,1666.0,833.0,8978820.0
000362246,약수역(3호선),경복궁영업사업소,시민용,지하철공사약수역(3호선),2024-09-30,2024,9,2024-09,정기분,수납 완료,1406.0,703.0,7059820.0
000362246,약수역(3호선),경복궁영업사업소,시민용,지하철공사약수역(3호선),2024-10-31,2024,10,2024-10,정기분,수납 완료,1326.0,663.0,6562220.0
000362246,약수역(3호선),경복궁영업사업소,시민용,지하철공사약수역(3호선),2024-11-30,2024,11,2024-11,정기분,수납 완료,1073.0,536.5,5346310.0
000362246,약수역(3호선),경복궁영업사업소,시민용,지하철공사약수역(3호선),2024-12-31,2024,12,2024-12,정기분,수납 완료,1000.0,500.0,4891000.0
000362246,약수역(3호선),경복궁영업사업소,시민용,지하철공사약수역(3호선),2025-01-31,2025,1,2025-01,정기분,수납 완료,802.0,401.0,4289750.0
000362246,약수역(3호선),경복궁영업사업소,시민용,지하철공사약수역(3호선),2025-02-28,2025,2,2025-02,정기분,수납 완료,943.0,471.5,4331080.0
000362246,약수역(3호선),경복궁영업사업소,시민용,지하철공사약수역(3호선),2025-03-31,2025,3,2025-03,정기분,수납 완료,843.0,421.5,6015480.0
000362246,약수역(3호선),경복궁영업사업소,시민용,지하철공사약수역(3호선),2025-04-30,2025,4,2025-04,정기분,수납 완료,1056.0,528.0,4827720.0
000362246,약수역(3호선),경복궁영업사업소,시민용,지하철공사약수역(3호선),2025-05-31,2025,5,2025-05,정기분,수납 완료,732.0,366.0,3654520.0
000362246,약수역(3호선),경복궁영업사업소,시민용,지하철공사약수역(3호선),2025-06-30,2025,6,2025-06,정기분,수납 완료,732.0,366.0,4316520.0
000362246,약수역(3호선),경복궁영업사업소,시민용,지하철공사약수역(3호선),2025-07-31,2025,7,2025-07,정기분,수납 완료,0.0,0.0,2396400.0
000362246,약수역(3호선),경복궁영업사업소,시민용,지하철공사약수역(3호선),2025-08-31,2025,8,2025-08,정기분,수납 완료,1141.0,570.5,5600150.0
000362246,약수역(3호선),경복궁영업사업소,시민용,지하철공사약수역(3호선),2025-09-30,2025,9,2025-09,정기분,수납 완료,1029.0,514.5,6160830.0
000362246,약수역(3호선),경복궁영업사업소,시민용,지하철공사약수역(3호선),2025-10-31,2025,10,2025-10,정기분,수납 완료,978.0,489.0,6265480.0
000362246,약수역(3호선),경복궁영업사업소,시민용,지하철공사약수역(3호선),2025-11-30,2025,11,2025-11,정기분,수납 완료,619.0,309.5,5174040.0
000362246,약수역(3호선),경복궁영업사업소,시민용,지하철공사약수역(3호선),2025-12-31,2025,12,2025-12,정기분,수납 완료,618.0,309.0,3924280.0
000362246,약수역(3호선),경복궁영업사업소,시민용,지하철공사약수역(3호선),2026-01-31,2026,1,2026-01,정기분,수납 완료,628.0,314.0,3442750.0
000362246,약수역(3호선),경복궁영업사업소,시민용,지하철공사약수역(3호선),2026-02-28,2026,2,2026-02,정기분,수납 완료,613.0,306.5,3939720.0
000362246,약수역(3호선),경복궁영업사업소,시민용,지하철공사약수역(3호선),2026-03-31,2026,3,2026-03,정기분,수납 완료,572.0,286.0,3736980.0
000362246,약수역(3호선),경복궁영업사업소,시민용,지하철공사약수역(3호선),2026-04-30,2026,4,2026-04,정기분,수납 완료,711.0,355.5,4320720.0
000362246,약수역(3호선),경복궁영업사업소,시민용,지하철공사약수역(3호선),2026-05-31,2026,5,2026-05,정기분,미납,727.0,363.5,4114320.0
032144824,약수역(6호선),경복궁영업사업소,시민용,약수역,2010-03-31,2010,3,2010-03,정기분,수납 완료,707.0,353.5,582880.0
032144824,약수역(6호선),경복궁영업사업소,시민용,약수역,2010-05-31,2010,5,2010-05,정기분,수납 완료,824.0,412.0,1000720.0
032144824,약수역(6호선),경복궁영업사업소,시민용,약수역,2010-07-31,2010,7,2010-07,정기분,수납 완료,1159.0,579.5,1429520.0
032144824,약수역(6호선),경복궁영업사업소,시민용,약수역,2010-09-30,2010,9,2010-09,정기분,수납 완료,973.0,486.5,1191440.0
032144824,약수역(6호선),경복궁영업사업소,시민용,약수역,2010-11-30,2010,11,2010-11,정기분,수납 완료,912.0,456.0,1113360.0
032144824,약수역(6호선),경복궁영업사업소,시민용,약수역,2011-01-31,2011,1,2011-01,정기분,수납 완료,784.0,392.0,949520.0
032144824,약수역(6호선),경복궁영업사업소,시민용,약수역,2011-03-31,2011,3,2011-03,정기분,수납 완료,725.0,362.5,881250.0
032144824,약수역(6호선),경복궁영업사업소,시민용,약수역,2011-05-31,2011,5,2011-05,정기분,수납 완료,969.0,484.5,1196010.0
032144824,약수역(6호선),경복궁영업사업소,시민용,약수역,2011-07-31,2011,7,2011-07,정기분,수납 완료,1089.0,544.5,1350810.0
032144824,약수역(6호선),경복궁영업사업소,시민용,약수역,2011-09-30,2011,9,2011-09,정기분,수납 완료,1035.0,517.5,1281150.0
032144824,약수역(6호선),경복궁영업사업소,시민용,약수역,2011-11-30,2011,11,2011-11,정기분,수납 완료,1072.0,536.0,1328880.0
032144824,약수역(6호선),경복궁영업사업소,시민용,약수역,2012-01-31,2012,1,2012-01,정기분,수납 완료,969.0,484.5,1196010.0
032144824,약수역(6호선),경복궁영업사업소,시민용,약수역,2012-03-31,2012,3,2012-03,정기분,수납 완료,828.0,414.0,1264920.0
032144824,약수역(6호선),경복궁영업사업소,시민용,약수역,2012-05-31,2012,5,2012-05,정기분,수납 완료,978.0,489.0,1510920.0
032144824,약수역(6호선),경복궁영업사업소,시민용,약수역,2012-07-31,2012,7,2012-07,정기분,수납 완료,1243.0,621.5,1945520.0
032144824,약수역(6호선),경복궁영업사업소,시민용,약수역,2012-09-30,2012,9,2012-09,정기분,수납 완료,1284.0,642.0,2012760.0
032144824,약수역(6호선),경복궁영업사업소,시민용,약수역,2012-11-30,2012,11,2012-11,정기분,수납 완료,1288.0,644.0,2019320.0
032144824,약수역(6호선),경복궁영업사업소,시민용,약수역,2013-01-31,2013,1,2013-01,정기분,수납 완료,978.0,489.0,1510920.0
032144824,약수역(6호선),경복궁영업사업소,시민용,약수역,2013-03-31,2013,3,2013-03,정기분,수납 완료,830.0,415.0,1408200.0
032144824,약수역(6호선),경복궁영업사업소,시민용,약수역,2013-05-31,2013,5,2013-05,정기분,수납 완료,979.0,489.5,1682360.0
032144824,약수역(6호선),경복궁영업사업소,시민용,약수역,2013-07-31,2013,7,2013-07,정기분,수납 완료,933.0,466.5,1597720.0
032144824,약수역(6호선),경복궁영업사업소,시민용,약수역,2013-09-30,2013,9,2013-09,정기분,수납 완료,1172.0,586.0,2037480.0
032144824,약수역(6호선),경복궁영업사업소,시민용,약수역,2013-11-30,2013,11,2013-11,정기분,수납 완료,923.0,461.5,1579320.0
032144824,약수역(6호선),경복궁영업사업소,시민용,약수역,2014-01-31,2014,1,2014-01,정기분,수납 완료,866.0,433.0,1474440.0
032144824,약수역(6호선),경복궁영업사업소,시민용,약수역,2014-03-31,2014,3,2014-03,정기분,수납 완료,832.0,416.0,1533000.0
032144824,약수역(6호선),경복궁영업사업소,시민용,약수역,2014-05-31,2014,5,2014-05,정기분,수납 완료,968.0,484.0,1805000.0
032144824,약수역(6호선),경복궁영업사업소,시민용,약수역,2014-07-31,2014,7,2014-07,정기분,수납 완료,1027.0,513.5,1923000.0
032144824,약수역(6호선),경복궁영업사업소,시민용,약수역,2014-09-30,2014,9,2014-09,정기분,수납 완료,1214.0,607.0,2297000.0
032144824,약수역(6호선),경복궁영업사업소,시민용,약수역,2014-11-30,2014,11,2014-11,정기분,수납 완료,947.0,473.5,1763000.0
032144824,약수역(6호선),경복궁영업사업소,시민용,약수역,2015-01-31,2015,1,2015-01,정기분,수납 완료,846.0,423.0,1561000.0
032144824,약수역(6호선),경복궁영업사업소,시민용,약수역,2015-03-31,2015,3,2015-03,정기분,수납 완료,719.0,359.5,1307000.0
032144824,약수역(6호선),경복궁영업사업소,시민용,약수역,2015-05-31,2015,5,2015-05,정기분,수납 완료,894.0,447.0,1657000.0
032144824,약수역(6호선),경복궁영업사업소,시민용,약수역,2015-07-31,2015,7,2015-07,정기분,수납 완료,928.0,464.0,1725000.0
032144824,약수역(6호선),경복궁영업사업소,시민용,약수역,2015-09-30,2015,9,2015-09,정기분,수납 완료,1041.0,520.5,1951000.0
032144824,약수역(6호선),경복궁영업사업소,시민용,약수역,2015-11-30,2015,11,2015-11,정기분,수납 완료,931.0,465.5,1731000.0
032144824,약수역(6호선),경복궁영업사업소,시민용,약수역,2016-01-31,2016,1,2016-01,정기분,수납 완료,906.0,453.0,1681000.0
032144824,약수역(6호선),경복궁영업사업소,시민용,약수역,2016-03-31,2016,3,2016-03,정기분,수납 완료,791.0,395.5,1451000.0
032144824,약수역(6호선),경복궁영업사업소,시민용,약수역,2016-05-31,2016,5,2016-05,정기분,수납 완료,990.0,495.0,1849000.0
032144824,약수역(6호선),경복궁영업사업소,시민용,약수역,2016-07-31,2016,7,2016-07,정기분,수납 완료,1021.0,510.5,1911000.0
032144824,약수역(6호선),경복궁영업사업소,시민용,약수역,2016-09-30,2016,9,2016-09,정기분,수납 완료,1331.0,665.5,2531000.0
032144824,약수역(6호선),경복궁영업사업소,시민용,약수역,2016-11-30,2016,11,2016-11,정기분,수납 완료,958.0,479.0,1785000.0
032144824,약수역(6호선),경복궁영업사업소,시민용,약수역,2017-01-31,2017,1,2017-01,정기분,수납 완료,895.0,447.5,1663700.0
032144824,약수역(6호선),경복궁영업사업소,시민용,약수역,2017-03-31,2017,3,2017-03,정기분,수납 완료,840.0,420.0,1624000.0
032144824,약수역(6호선),경복궁영업사업소,시민용,약수역,2017-05-31,2017,5,2017-05,정기분,수납 완료,1020.0,510.0,1997110.0
032144824,약수역(6호선),경복궁영업사업소,시민용,약수역,2017-07-31,2017,7,2017-07,정기분,수납 완료,1036.0,518.0,2035600.0
032144824,약수역(6호선),경복궁영업사업소,시민용,약수역,2017-09-30,2017,9,2017-09,정기분,수납 완료,1719.0,859.5,3469900.0
032144824,약수역(6호선),경복궁영업사업소,시민용,약수역,2017-11-30,2017,11,2017-11,정기분,수납 완료,1018.0,509.0,1997800.0
032144824,약수역(6호선),경복궁영업사업소,시민용,약수역,2018-01-31,2018,1,2018-01,정기분,수납 완료,838.0,419.0,1625390.0
032144824,약수역(6호선),경복궁영업사업소,시민용,약수역,2018-03-31,2018,3,2018-03,정기분,수납 완료,759.0,379.5,1522390.0
032144824,약수역(6호선),경복궁영업사업소,시민용,약수역,2018-05-31,2018,5,2018-05,정기분,수납 완료,808.0,404.0,1630680.0
032144824,약수역(6호선),경복궁영업사업소,시민용,약수역,2018-07-31,2018,7,2018-07,정기분,수납 완료,1036.0,518.0,2134560.0
032144824,약수역(6호선),경복궁영업사업소,시민용,약수역,2018-09-30,2018,9,2018-09,정기분,수납 완료,1378.0,689.0,2890380.0
032144824,약수역(6호선),경복궁영업사업소,시민용,약수역,2018-11-30,2018,11,2018-11,정기분,수납 완료,758.0,379.0,1520180.0
032144824,약수역(6호선),경복궁영업사업소,시민용,약수역,2019-01-31,2019,1,2019-01,정기분,수납 완료,713.0,356.5,1425750.0
032144824,약수역(6호선),경복궁영업사업소,시민용,약수역,2019-03-31,2019,3,2019-03,정기분,수납 완료,664.0,332.0,1381120.0
032144824,약수역(6호선),경복궁영업사업소,시민용,약수역,2019-05-31,2019,5,2019-05,정기분,수납 완료,898.0,449.0,1926340.0
032144824,약수역(6호선),경복궁영업사업소,시민용,약수역,2019-07-31,2019,7,2019-07,정기분,수납 완료,880.0,440.0,1884400.0
032144824,약수역(6호선),경복궁영업사업소,시민용,약수역,2019-09-30,2019,9,2019-09,정기분,수납 완료,1084.0,542.0,2359720.0
032144824,약수역(6호선),경복궁영업사업소,시민용,약수역,2019-11-30,2019,11,2019-11,정기분,수납 완료,871.0,435.5,1863430.0
032144824,약수역(6호선),경복궁영업사업소,시민용,약수역,2020-01-31,2020,1,2020-01,정기분,수납 완료,774.0,387.0,1637420.0
032144824,약수역(6호선),경복궁영업사업소,시민용,약수역,2020-03-31,2020,3,2020-03,정기분,수납 완료,682.0,341.0,1423060.0
032144824,약수역(6호선),경복궁영업사업소,시민용,약수역,2020-05-31,2020,5,2020-05,정기분,수납 완료,619.0,309.5,1276270.0
032144824,약수역(6호선),경복궁영업사업소,시민용,약수역,2020-07-31,2020,7,2020-07,정기분,수납 완료,663.0,331.5,1378790.0
032144824,약수역(6호선),경복궁영업사업소,시민용,약수역,2020-09-30,2020,9,2020-09,정기분,수납 완료,914.0,457.0,1963620.0
032144824,약수역(6호선),경복궁영업사업소,시민용,약수역,2020-11-30,2020,11,2020-11,정기분,수납 완료,685.0,342.5,1430050.0
032144824,약수역(6호선),경복궁영업사업소,시민용,약수역,2021-01-31,2021,1,2021-01,정기분,수납 완료,1022.0,511.0,2215260.0
032144824,약수역(6호선),경복궁영업사업소,시민용,약수역,2021-03-31,2021,3,2021-03,정기분,수납 완료,1895.0,947.5,4249350.0
032144824,약수역(6호선),경복궁영업사업소,시민용,약수역,2021-05-31,2021,5,2021-05,정기분,수납 완료,752.0,376.0,1586160.0
032144824,약수역(6호선),경복궁영업사업소,시민용,약수역,2021-07-31,2021,7,2021-07,정기분,수납 완료,765.0,382.5,1631330.0
032144824,약수역(6호선),경복궁영업사업소,시민용,약수역,2021-09-30,2021,9,2021-09,정기분,수납 완료,1263.0,631.5,3046020.0
032144824,약수역(6호선),경복궁영업사업소,시민용,약수역,2021-11-30,2021,11,2021-11,정기분,수납 완료,762.0,381.0,1773480.0
032144824,약수역(6호선),경복궁영업사업소,시민용,약수역,2022-01-31,2022,1,2022-01,정기분,수납 완료,755.0,377.5,1769840.0
032144824,약수역(6호선),경복궁영업사업소,시민용,약수역,2022-03-31,2022,3,2022-03,정기분,수납 완료,707.0,353.5,1783550.0
032144824,약수역(6호선),경복궁영업사업소,시민용,약수역,2022-05-31,2022,5,2022-05,정기분,수납 완료,1811.0,905.5,4709150.0
032144824,약수역(6호선),경복궁영업사업소,시민용,약수역,2022-07-31,2022,7,2022-07,정기분,수납 완료,6938.0,3469.0,5943760.0
032144824,약수역(6호선),경복궁영업사업소,시민용,약수역,2022-09-30,2022,9,2022-09,정기분,수납 완료,2495.0,1247.5,4062110.0
032144824,약수역(6호선),경복궁영업사업소,시민용,약수역,2022-11-30,2022,11,2022-11,정기분,수납 완료,716.0,358.0,1807400.0
032144824,약수역(6호선),경복궁영업사업소,시민용,약수역,2023-01-31,2023,1,2023-01,정기분,수납 완료,673.0,336.5,1733670.0
032144824,약수역(6호선),경복궁영업사업소,시민용,약수역,2023-03-31,2023,3,2023-03,정기분,수납 완료,1219.0,609.5,3965840.0
032144824,약수역(6호선),경복궁영업사업소,시민용,약수역,2023-05-31,2023,5,2023-05,정기분,수납 완료,707.0,353.5,2245520.0
032144824,약수역(6호선),경복궁영업사업소,시민용,약수역,2023-07-31,2023,7,2023-07,정기분,수납 완료,825.0,412.5,2642000.0
032144824,약수역(6호선),경복궁영업사업소,시민용,약수역,2023-09-30,2023,9,2023-09,정기분,수납 완료,1470.0,735.0,4809200.0
032144824,약수역(6호선),경복궁영업사업소,시민용,약수역,2023-11-30,2023,11,2023-11,정기분,수납 완료,850.0,425.0,2726000.0
032144824,약수역(6호선),경복궁영업사업소,시민용,약수역,2024-01-31,2024,1,2024-01,정기분,수납 완료,622.0,311.0,1970290.0
032144824,약수역(6호선),경복궁영업사업소,시민용,약수역,2024-03-31,2024,3,2024-03,정기분,수납 완료,627.0,313.5,1976720.0
032144824,약수역(6호선),경복궁영업사업소,시민용,약수역,2024-05-31,2024,5,2024-05,정기분,수납 완료,663.0,331.5,2097680.0
032144824,약수역(6호선),경복궁영업사업소,시민용,약수역,2024-07-31,2024,7,2024-07,정기분,수납 완료,719.0,359.5,2285840.0
032144824,약수역(6호선),경복궁영업사업소,시민용,약수역,2024-09-30,2024,9,2024-09,정기분,수납 완료,1526.0,763.0,4997360.0
032144824,약수역(6호선),경복궁영업사업소,시민용,약수역,2024-11-30,2024,11,2024-11,정기분,수납 완료,1156.0,578.0,3754160.0
032144824,약수역(6호선),경복궁영업사업소,시민용,약수역,2025-01-31,2025,1,2025-01,정기분,수납 완료,781.0,390.5,2482860.0
032144824,약수역(6호선),경복궁영업사업소,시민용,약수역,2025-03-31,2025,3,2025-03,정기분,수납 완료,657.0,328.5,2077520.0
032144824,약수역(6호선),경복궁영업사업소,시민용,약수역,2025-05-31,2025,5,2025-05,정기분,수납 완료,1046.0,523.0,3384560.0
032144824,약수역(6호선),경복궁영업사업소,시민용,약수역,2025-07-31,2025,7,2025-07,정기분,수납 완료,1350.0,675.0,4406000.0
032144824,약수역(6호선),경복궁영업사업소,시민용,약수역,2025-09-30,2025,9,2025-09,정기분,수납 완료,1637.0,818.5,5370320.0
032144824,약수역(6호선),경복궁영업사업소,시민용,약수역,2025-11-30,2025,11,2025-11,정기분,수납 완료,1144.0,572.0,3713840.0
032144824,약수역(6호선),경복궁영업사업소,시민용,약수역,2026-01-31,2026,1,2026-01,정기분,수납 완료,1058.0,529.0,3435040.0
032144824,약수역(6호선),경복궁영업사업소,시민용,약수역,2026-03-31,2026,3,2026-03,정기분,수납 완료,621.0,310.5,2080140.0
032144824,약수역(6호선),경복궁영업사업소,시민용,약수역,2026-05-31,2026,5,2026-05,정기분,미납,793.0,396.5,2689020.0
029874620,양평역,화곡영업사업소,시민용,양평역,2008-07-31,2008,7,2008-07,정기분,수납 완료,343.0,171.5,649400.0
029874620,양평역,화곡영업사업소,시민용,양평역,2008-09-30,2008,9,2008-09,정기분,수납 완료,377.0,188.5,667650.0
029874620,양평역,화곡영업사업소,시민용,양평역,2008-11-30,2008,11,2008-11,정기분,수납 완료,276.0,138.0,748150.0
029874620,양평역,화곡영업사업소,시민용,양평역,2009-01-31,2009,1,2009-01,정기분,수납 완료,169.0,84.5,666500.0
029874620,양평역,화곡영업사업소,시민용,양평역,2009-03-31,2009,3,2009-03,정기분,수납 완료,123.0,61.5,540000.0
029874620,양평역,화곡영업사업소,시민용,양평역,2009-05-31,2009,5,2009-05,정기분,수납 완료,139.0,69.5,599800.0
029874620,양평역,화곡영업사업소,시민용,양평역,2009-07-31,2009,7,2009-07,정기분,수납 완료,188.0,94.0,694100.0
029874620,양평역,화곡영업사업소,시민용,양평역,2009-09-30,2009,9,2009-09,정기분,수납 완료,304.0,152.0,558400.0
029874620,양평역,화곡영업사업소,시민용,양평역,2009-11-30,2009,11,2009-11,정기분,수납 완료,213.0,106.5,537700.0
029874620,양평역,화곡영업사업소,시민용,양평역,2010-01-31,2010,1,2010-01,정기분,수납 완료,213.0,106.5,537700.0
029874620,양평역,화곡영업사업소,시민용,양평역,2010-03-31,2010,3,2010-03,정기분,수납 완료,277.0,138.5,909000.0
029874620,양평역,화곡영업사업소,시민용,양평역,2010-05-31,2010,5,2010-05,정기분,수납 완료,149.0,74.5,649250.0
029874620,양평역,화곡영업사업소,시민용,양평역,2010-07-31,2010,7,2010-07,정기분,수납 완료,167.0,83.5,674550.0
029874620,양평역,화곡영업사업소,시민용,양평역,2010-09-30,2010,9,2010-09,정기분,수납 완료,205.0,102.5,703300.0
029874620,양평역,화곡영업사업소,시민용,양평역,2010-11-30,2010,11,2010-11,정기분,수납 완료,153.0,76.5,961480.0
029874620,양평역,화곡영업사업소,시민용,양평역,2011-01-31,2011,1,2011-01,정기분,수납 완료,137.0,68.5,809160.0
029874620,양평역,화곡영업사업소,시민용,양평역,2011-03-31,2011,3,2011-03,정기분,수납 완료,121.0,60.5,753920.0
029874620,양평역,화곡영업사업소,시민용,양평역,2011-05-31,2011,5,2011-05,정기분,수납 완료,152.0,76.0,792210.0
029874620,양평역,화곡영업사업소,시민용,양평역,2011-07-31,2011,7,2011-07,정기분,수납 완료,165.0,82.5,741160.0
029874620,양평역,화곡영업사업소,시민용,양평역,2011-09-30,2011,9,2011-09,정기분,수납 완료,116.0,58.0,740000.0
029874620,양평역,화곡영업사업소,시민용,양평역,2011-11-30,2011,11,2011-11,정기분,수납 완료,141.0,70.5,625160.0
029874620,양평역,화곡영업사업소,시민용,양평역,2012-01-31,2012,1,2012-01,정기분,수납 완료,99.0,49.5,508000.0
029874620,양평역,화곡영업사업소,시민용,양평역,2012-03-31,2012,3,2012-03,정기분,수납 완료,98.0,49.0,607040.0
029874620,양평역,화곡영업사업소,시민용,양평역,2012-05-31,2012,5,2012-05,정기분,수납 완료,101.0,50.5,624560.0
029874620,양평역,화곡영업사업소,시민용,양평역,2012-07-31,2012,7,2012-07,정기분,수납 완료,104.0,52.0,715080.0
029874620,양평역,화곡영업사업소,시민용,양평역,2012-09-30,2012,9,2012-09,정기분,수납 완료,132.0,66.0,691720.0
029874620,양평역,화곡영업사업소,시민용,양평역,2012-11-30,2012,11,2012-11,정기분,수납 완료,121.0,60.5,677120.0
029874620,양평역,화곡영업사업소,시민용,양평역,2013-01-31,2013,1,2013-01,정기분,수납 완료,114.0,57.0,661060.0
029874620,양평역,화곡영업사업소,시민용,양평역,2013-03-31,2013,3,2013-03,정기분,수납 완료,102.0,51.0,721230.0
029874620,양평역,화곡영업사업소,시민용,양평역,2013-05-31,2013,5,2013-05,정기분,수납 완료,88.0,44.0,740790.0
029874620,양평역,화곡영업사업소,시민용,양평역,2013-07-31,2013,7,2013-07,정기분,수납 완료,95.0,47.5,807620.0
029874620,양평역,화곡영업사업소,시민용,양평역,2013-09-30,2013,9,2013-09,정기분,수납 완료,108.0,54.0,763610.0
029874620,양평역,화곡영업사업소,시민용,양평역,2013-11-30,2013,11,2013-11,정기분,수납 완료,107.0,53.5,744050.0
029874620,양평역,화곡영업사업소,시민용,양평역,2014-01-31,2014,1,2014-01,정기분,수납 완료,92.0,46.0,701670.0
029874620,양평역,화곡영업사업소,시민용,양평역,2014-03-31,2014,3,2014-03,정기분,수납 완료,107.0,53.5,782500.0
029874620,양평역,화곡영업사업소,시민용,양평역,2014-05-31,2014,5,2014-05,정기분,수납 완료,112.0,56.0,835900.0
029874620,양평역,화곡영업사업소,시민용,양평역,2014-07-31,2014,7,2014-07,정기분,수납 완료,110.0,55.0,796740.0
029874620,양평역,화곡영업사업소,시민용,양평역,2014-09-30,2014,9,2014-09,정기분,수납 완료,132.0,66.0,859040.0
029874620,양평역,화곡영업사업소,시민용,양평역,2014-11-30,2014,11,2014-11,정기분,수납 완료,146.0,73.0,903540.0
029874620,양평역,화곡영업사업소,시민용,양평역,2015-01-31,2015,1,2015-01,정기분,수납 완료,123.0,61.5,873280.0
029874620,양평역,화곡영업사업소,시민용,양평역,2015-03-31,2015,3,2015-03,정기분,수납 완료,109.0,54.5,784280.0
029874620,양평역,화곡영업사업소,시민용,양평역,2015-05-31,2015,5,2015-05,정기분,수납 완료,118.0,59.0,887520.0
029874620,양평역,화곡영업사업소,시민용,양평역,2015-07-31,2015,7,2015-07,정기분,수납 완료,240.0,120.0,1115360.0
029874620,양평역,화곡영업사업소,시민용,양평역,2015-09-30,2015,9,2015-09,정기분,수납 완료,153.0,76.5,930240.0
029874620,양평역,화곡영업사업소,시민용,양평역,2015-11-30,2015,11,2015-11,정기분,수납 완료,156.0,78.0,935580.0
029874620,양평역,화곡영업사업소,시민용,양평역,2016-01-31,2016,1,2016-01,정기분,수납 완료,129.0,64.5,846580.0
029874620,양평역,화곡영업사업소,시민용,양평역,2016-03-31,2016,3,2016-03,정기분,수납 완료,115.0,57.5,759360.0
029874620,양평역,화곡영업사업소,시민용,양평역,2016-05-31,2016,5,2016-05,정기분,수납 완료,127.0,63.5,875060.0
029874620,양평역,화곡영업사업소,시민용,양평역,2016-07-31,2016,7,2016-07,정기분,수납 완료,136.0,68.0,892860.0
029874620,양평역,화곡영업사업소,시민용,양평역,2016-09-30,2016,9,2016-09,정기분,수납 완료,412.0,206.0,1373600.0
029874620,양평역,화곡영업사업소,시민용,양평역,2016-11-30,2016,11,2016-11,정기분,수납 완료,180.0,90.0,891080.0
029874620,양평역,화곡영업사업소,시민용,양평역,2017-01-31,2017,1,2017-01,정기분,수납 완료,133.0,66.5,868520.0
029874620,양평역,화곡영업사업소,시민용,양평역,2017-03-31,2017,3,2017-03,정기분,수납 완료,106.0,53.0,746760.0
029874620,양평역,화곡영업사업소,시민용,양평역,2017-05-31,2017,5,2017-05,정기분,수납 완료,104.0,52.0,887760.0
029874620,양평역,화곡영업사업소,시민용,양평역,2017-07-31,2017,7,2017-07,정기분,수납 완료,511.0,255.5,1596400.0
029874620,양평역,화곡영업사업소,시민용,양평역,2017-09-30,2017,9,2017-09,정기분,수납 완료,354.0,177.0,1300300.0
029874620,양평역,화곡영업사업소,시민용,양평역,2017-11-30,2017,11,2017-11,정기분,수납 완료,125.0,62.5,855220.0
029874620,양평역,화곡영업사업소,시민용,양평역,2018-01-31,2018,1,2018-01,정기분,수납 완료,92.0,46.0,740150.0
029874620,양평역,화곡영업사업소,시민용,양평역,2018-03-31,2018,3,2018-03,정기분,수납 완료,144.0,72.0,933680.0
029874620,양평역,화곡영업사업소,시민용,양평역,2018-05-31,2018,5,2018-05,정기분,수납 완료,78.0,39.0,688680.0
029874620,양평역,화곡영업사업소,시민용,양평역,2018-07-31,2018,7,2018-07,정기분,수납 완료,106.0,53.0,749440.0
029874620,양평역,화곡영업사업소,시민용,양평역,2018-09-30,2018,9,2018-09,정기분,수납 완료,594.0,297.0,1737690.0
029874620,양평역,화곡영업사업소,시민용,양평역,2018-11-30,2018,11,2018-11,정기분,수납 완료,88.0,44.0,651440.0
029874620,양평역,화곡영업사업소,시민용,양평역,2019-01-31,2019,1,2019-01,정기분,수납 완료,88.0,44.0,610450.0
029874620,양평역,화곡영업사업소,시민용,양평역,2019-03-31,2019,3,2019-03,정기분,수납 완료,62.0,31.0,599150.0
029874620,양평역,화곡영업사업소,시민용,양평역,2019-05-31,2019,5,2019-05,정기분,수납 완료,95.0,47.5,733700.0
029874620,양평역,화곡영업사업소,시민용,양평역,2019-07-31,2019,7,2019-07,정기분,수납 완료,148.0,74.0,826850.0
029874620,양평역,화곡영업사업소,시민용,양평역,2019-09-30,2019,9,2019-09,정기분,수납 완료,207.0,103.5,992450.0
029874620,양평역,화곡영업사업소,시민용,양평역,2019-11-30,2019,11,2019-11,정기분,수납 완료,126.0,63.0,845480.0
029874620,양평역,화곡영업사업소,시민용,양평역,2020-01-31,2020,1,2020-01,정기분,수납 완료,125.0,62.5,911720.0
029874620,양평역,화곡영업사업소,시민용,양평역,2020-03-31,2020,3,2020-03,정기분,수납 완료,135.0,67.5,835130.0
029874620,양평역,화곡영업사업소,시민용,양평역,2020-05-31,2020,5,2020-05,정기분,수납 완료,142.0,71.0,810290.0
029874620,양평역,화곡영업사업소,시민용,양평역,2020-07-31,2020,7,2020-07,정기분,수납 완료,139.0,69.5,888950.0
029874620,양평역,화곡영업사업소,시민용,양평역,2020-09-30,2020,9,2020-09,정기분,수납 완료,175.0,87.5,1052480.0
029874620,양평역,화곡영업사업소,시민용,양평역,2020-11-30,2020,11,2020-11,정기분,수납 완료,154.0,77.0,826850.0
029874620,양평역,화곡영업사업소,시민용,양평역,2021-01-31,2021,1,2021-01,정기분,수납 완료,110.0,55.0,642620.0
029874620,양평역,화곡영업사업소,시민용,양평역,2021-03-31,2021,3,2021-03,정기분,수납 완료,112.0,56.0,727490.0
029874620,양평역,화곡영업사업소,시민용,양평역,2021-05-31,2021,5,2021-05,정기분,수납 완료,130.0,65.0,721280.0
029874620,양평역,화곡영업사업소,시민용,양평역,2021-07-31,2021,7,2021-07,정기분,수납 완료,134.0,67.0,771650.0
029874620,양평역,화곡영업사업소,시민용,양평역,2021-09-30,2021,9,2021-09,정기분,수납 완료,382.0,191.0,1338980.0
029874620,양평역,화곡영업사업소,시민용,양평역,2021-11-30,2021,11,2021-11,정기분,수납 완료,141.0,70.5,862120.0
029874620,양평역,화곡영업사업소,시민용,양평역,2022-01-31,2022,1,2022-01,정기분,수납 완료,113.0,56.5,738620.0
029874620,양평역,화곡영업사업소,시민용,양평역,2022-03-31,2022,3,2022-03,정기분,수납 완료,104.0,52.0,728940.0
029874620,양평역,화곡영업사업소,시민용,양평역,2022-05-31,2022,5,2022-05,정기분,수납 완료,116.0,58.0,865890.0
029874620,양평역,화곡영업사업소,시민용,양평역,2022-07-31,2022,7,2022-07,정기분,수납 완료,178.0,89.0,1042680.0
029874620,양평역,화곡영업사업소,시민용,양평역,2022-09-30,2022,9,2022-09,정기분,수납 완료,321.0,160.5,1428630.0
029874620,양평역,화곡영업사업소,시민용,양평역,2022-11-30,2022,11,2022-11,정기분,수납 완료,126.0,63.0,950550.0
029874620,양평역,화곡영업사업소,시민용,양평역,2023-01-31,2023,1,2023-01,정기분,수납 완료,95.0,47.5,838320.0
029874620,양평역,화곡영업사업소,시민용,양평역,2023-03-31,2023,3,2023-03,정기분,수납 완료,107.0,53.5,973760.0
029874620,양평역,화곡영업사업소,시민용,양평역,2023-05-31,2023,5,2023-05,정기분,수납 완료,120.0,60.0,1098020.0
029874620,양평역,화곡영업사업소,시민용,양평역,2023-07-31,2023,7,2023-07,정기분,수납 완료,180.0,90.0,1235360.0
029874620,양평역,화곡영업사업소,시민용,양평역,2023-09-30,2023,9,2023-09,정기분,수납 완료,566.0,283.0,2585000.0
029874620,양평역,화곡영업사업소,시민용,양평역,2023-11-30,2023,11,2023-11,정기분,수납 완료,210.0,105.0,1348520.0
029874620,양평역,화곡영업사업소,시민용,양평역,2024-01-31,2024,1,2024-01,정기분,수납 완료,126.0,63.0,1209200.0
029874620,양평역,화곡영업사업소,시민용,양평역,2024-03-31,2024,3,2024-03,정기분,수납 완료,122.0,61.0,1019540.0
029874620,양평역,화곡영업사업소,시민용,양평역,2024-05-31,2024,5,2024-05,정기분,수납 완료,135.0,67.5,1209200.0
029874620,양평역,화곡영업사업소,시민용,양평역,2024-07-31,2024,7,2024-07,정기분,수납 완료,301.0,150.5,1761800.0
029874620,양평역,화곡영업사업소,시민용,양평역,2024-09-30,2024,9,2024-09,정기분,수납 완료,689.0,344.5,2944520.0
029874620,양평역,화곡영업사업소,시민용,양평역,2024-11-30,2024,11,2024-11,정기분,수납 완료,248.0,124.0,1466120.0
029874620,양평역,화곡영업사업소,시민용,양평역,2025-01-31,2025,1,2025-01,정기분,수납 완료,105.0,52.5,924710.0
029874620,양평역,화곡영업사업소,시민용,양평역,2025-03-31,2025,3,2025-03,정기분,수납 완료,116.0,58.0,849500.0
029874620,양평역,화곡영업사업소,시민용,양평역,2025-05-31,2025,5,2025-05,정기분,수납 완료,129.0,64.5,1058780.0
029874620,양평역,화곡영업사업소,시민용,양평역,2025-07-31,2025,7,2025-07,정기분,수납 완료,273.0,136.5,2679080.0
029874620,양평역,화곡영업사업소,시민용,양평역,2025-09-30,2025,9,2025-09,정기분,수납 완료,1575.0,787.5,7260320.0
029874620,양평역,화곡영업사업소,시민용,양평역,2025-11-30,2025,11,2025-11,정기분,수납 완료,528.0,264.0,2321920.0
029874620,양평역,화곡영업사업소,시민용,양평역,2026-01-31,2026,1,2026-01,정기분,수납 완료,66.0,33.0,755820.0
029874620,양평역,화곡영업사업소,시민용,양평역,2026-03-31,2026,3,2026-03,정기분,수납 완료,53.0,26.5,684800.0
029874620,양평역,화곡영업사업소,시민용,양평역,2026-05-31,2026,5,2026-05,정기분,수납 완료,129.0,64.5,1091900.0
006742276,어린이대공원(세종대)역,태릉영업사업소,시민용,어린이대공원역,2010-02-28,2010,2,2010-02,정기분,수납 완료,199.0,99.5,387320.0
006742276,어린이대공원(세종대)역,태릉영업사업소,시민용,어린이대공원역,2010-04-30,2010,4,2010-04,정기분,수납 완료,220.0,110.0,408070.0
006742276,어린이대공원(세종대)역,태릉영업사업소,시민용,어린이대공원역,2010-06-30,2010,6,2010-06,정기분,수납 완료,342.0,171.0,631160.0
006742276,어린이대공원(세종대)역,태릉영업사업소,시민용,어린이대공원역,2010-08-31,2010,8,2010-08,정기분,수납 완료,311.0,155.5,551650.0
006742276,어린이대공원(세종대)역,태릉영업사업소,시민용,어린이대공원역,2010-10-31,2010,10,2010-10,정기분,수납 완료,287.0,143.5,497530.0
006742276,어린이대공원(세종대)역,태릉영업사업소,시민용,어린이대공원역,2010-12-31,2010,12,2010-12,정기분,수납 완료,305.0,152.5,555460.0
006742276,어린이대공원(세종대)역,태릉영업사업소,시민용,어린이대공원역,2011-02-28,2011,2,2011-02,정기분,수납 완료,328.0,164.0,534410.0
006742276,어린이대공원(세종대)역,태릉영업사업소,시민용,어린이대공원역,2011-04-30,2011,4,2011-04,정기분,수납 완료,221.0,110.5,418060.0
006742276,어린이대공원(세종대)역,태릉영업사업소,시민용,어린이대공원역,2011-06-30,2011,6,2011-06,정기분,수납 완료,302.0,151.0,593110.0
006742276,어린이대공원(세종대)역,태릉영업사업소,시민용,어린이대공원역,2011-08-31,2011,8,2011-08,정기분,수납 완료,377.0,188.5,616020.0
006742276,어린이대공원(세종대)역,태릉영업사업소,시민용,어린이대공원역,2011-10-31,2011,10,2011-10,정기분,수납 완료,384.0,192.0,625330.0
006742276,어린이대공원(세종대)역,태릉영업사업소,시민용,어린이대공원역,2011-12-31,2011,12,2011-12,정기분,수납 완료,304.0,152.0,570610.0
006742276,어린이대공원(세종대)역,태릉영업사업소,시민용,어린이대공원역,2012-02-29,2012,2,2012-02,정기분,수납 완료,202.0,101.0,415230.0
006742276,어린이대공원(세종대)역,태릉영업사업소,시민용,어린이대공원역,2012-04-30,2012,4,2012-04,정기분,수납 완료,207.0,103.5,523140.0
006742276,어린이대공원(세종대)역,태릉영업사업소,시민용,어린이대공원역,2012-06-30,2012,6,2012-06,정기분,수납 완료,318.0,159.0,769680.0
006742276,어린이대공원(세종대)역,태릉영업사업소,시민용,어린이대공원역,2012-08-31,2012,8,2012-08,정기분,수납 완료,376.0,188.0,800020.0
006742276,어린이대공원(세종대)역,태릉영업사업소,시민용,어린이대공원역,2012-10-31,2012,10,2012-10,정기분,수납 완료,391.0,195.5,813120.0
006742276,어린이대공원(세종대)역,태릉영업사업소,시민용,어린이대공원역,2012-12-31,2012,12,2012-12,정기분,수납 완료,305.0,152.5,971140.0
006742276,어린이대공원(세종대)역,태릉영업사업소,시민용,어린이대공원역,2013-02-28,2013,2,2013-02,정기분,수납 완료,202.0,101.0,494720.0
006742276,어린이대공원(세종대)역,태릉영업사업소,시민용,어린이대공원역,2013-04-30,2013,4,2013-04,정기분,수납 완료,897.0,448.5,1531480.0
006742276,어린이대공원(세종대)역,태릉영업사업소,시민용,어린이대공원역,2013-06-30,2013,6,2013-06,정기분,수납 완료,1348.0,674.0,2374640.0
006742276,어린이대공원(세종대)역,태릉영업사업소,시민용,어린이대공원역,2013-08-31,2013,8,2013-08,정기분,수납 완료,1312.0,656.0,2295080.0
006742276,어린이대공원(세종대)역,태릉영업사업소,시민용,어린이대공원역,2013-10-31,2013,10,2013-10,정기분,수납 완료,1399.0,699.5,2455160.0
006742276,어린이대공원(세종대)역,태릉영업사업소,시민용,어린이대공원역,2013-12-31,2013,12,2013-12,정기분,수납 완료,1386.0,693.0,2431240.0
006742276,어린이대공원(세종대)역,태릉영업사업소,시민용,어린이대공원역,2014-02-28,2014,2,2014-02,정기분,수납 완료,1102.0,551.0,1908680.0
006742276,어린이대공원(세종대)역,태릉영업사업소,시민용,어린이대공원역,2014-04-30,2014,4,2014-04,정기분,수납 완료,1082.0,541.0,2033000.0
006742276,어린이대공원(세종대)역,태릉영업사업소,시민용,어린이대공원역,2014-06-30,2014,6,2014-06,정기분,수납 완료,1648.0,824.0,3165000.0
006742276,어린이대공원(세종대)역,태릉영업사업소,시민용,어린이대공원역,2014-08-31,2014,8,2014-08,정기분,수납 완료,1367.0,683.5,2603000.0
006742276,어린이대공원(세종대)역,태릉영업사업소,시민용,어린이대공원역,2014-10-31,2014,10,2014-10,정기분,수납 완료,1386.0,693.0,2641000.0
006742276,어린이대공원(세종대)역,태릉영업사업소,시민용,어린이대공원역,2014-12-31,2014,12,2014-12,정기분,수납 완료,1578.0,789.0,3025000.0
006742276,어린이대공원(세종대)역,태릉영업사업소,시민용,어린이대공원역,2015-02-28,2015,2,2015-02,정기분,수납 완료,1401.0,700.5,2671000.0
006742276,어린이대공원(세종대)역,태릉영업사업소,시민용,어린이대공원역,2015-04-30,2015,4,2015-04,정기분,수납 완료,1388.0,694.0,2645000.0
006742276,어린이대공원(세종대)역,태릉영업사업소,시민용,어린이대공원역,2015-06-30,2015,6,2015-06,정기분,수납 완료,2235.0,1117.5,4339000.0
006742276,어린이대공원(세종대)역,태릉영업사업소,시민용,어린이대공원역,2015-08-31,2015,8,2015-08,정기분,수납 완료,2241.0,1120.5,4351000.0
006742276,어린이대공원(세종대)역,태릉영업사업소,시민용,어린이대공원역,2015-10-31,2015,10,2015-10,정기분,수납 완료,2619.0,1309.5,5107000.0
006742276,어린이대공원(세종대)역,태릉영업사업소,시민용,어린이대공원역,2015-12-31,2015,12,2015-12,정기분,수납 완료,2274.0,1137.0,4417000.0
006742276,어린이대공원(세종대)역,태릉영업사업소,시민용,어린이대공원역,2016-02-29,2016,2,2016-02,정기분,수납 완료,1664.0,832.0,3197000.0
006742276,어린이대공원(세종대)역,태릉영업사업소,시민용,어린이대공원역,2016-04-30,2016,4,2016-04,정기분,수납 완료,1580.0,790.0,3029000.0
006742276,어린이대공원(세종대)역,태릉영업사업소,시민용,어린이대공원역,2016-06-30,2016,6,2016-06,정기분,수납 완료,2353.0,1176.5,4575000.0
006742276,어린이대공원(세종대)역,태릉영업사업소,시민용,어린이대공원역,2016-08-31,2016,8,2016-08,정기분,수납 완료,2513.0,1256.5,4895000.0
006742276,어린이대공원(세종대)역,태릉영업사업소,시민용,어린이대공원역,2016-10-31,2016,10,2016-10,정기분,수납 완료,3042.0,1521.0,5953000.0
006742276,어린이대공원(세종대)역,태릉영업사업소,시민용,어린이대공원역,2016-12-31,2016,12,2016-12,정기분,수납 완료,2301.0,1150.5,4471000.0
006742276,어린이대공원(세종대)역,태릉영업사업소,시민용,어린이대공원역,2017-02-28,2017,2,2017-02,정기분,수납 완료,1509.0,754.5,2933980.0
006742276,어린이대공원(세종대)역,태릉영업사업소,시민용,어린이대공원역,2017-04-30,2017,4,2017-04,정기분,수납 완료,1441.0,720.5,2890570.0
006742276,어린이대공원(세종대)역,태릉영업사업소,시민용,어린이대공원역,2017-06-30,2017,6,2017-06,정기분,수납 완료,1943.0,971.5,3940300.0
006742276,어린이대공원(세종대)역,태릉영업사업소,시민용,어린이대공원역,2017-08-31,2017,8,2017-08,정기분,수납 완료,1948.0,974.0,3950800.0
006742276,어린이대공원(세종대)역,태릉영업사업소,시민용,어린이대공원역,2017-10-31,2017,10,2017-10,정기분,수납 완료,2140.0,1070.0,4354000.0
006742276,어린이대공원(세종대)역,태릉영업사업소,시민용,어린이대공원역,2017-12-31,2017,12,2017-12,정기분,수납 완료,1713.0,856.5,3457300.0
006742276,어린이대공원(세종대)역,태릉영업사업소,시민용,어린이대공원역,2018-02-28,2018,2,2018-02,정기분,수납 완료,1251.0,625.5,2525210.0
006742276,어린이대공원(세종대)역,태릉영업사업소,시민용,어린이대공원역,2018-04-30,2018,4,2018-04,정기분,수납 완료,1337.0,668.5,2799770.0
006742276,어린이대공원(세종대)역,태릉영업사업소,시민용,어린이대공원역,2018-06-30,2018,6,2018-06,정기분,수납 완료,1853.0,926.5,3940130.0
006742276,어린이대공원(세종대)역,태릉영업사업소,시민용,어린이대공원역,2018-08-31,2018,8,2018-08,정기분,수납 완료,1773.0,886.5,3763330.0
006742276,어린이대공원(세종대)역,태릉영업사업소,시민용,어린이대공원역,2018-10-31,2018,10,2018-10,정기분,수납 완료,2078.0,1039.0,4437380.0
006742276,어린이대공원(세종대)역,태릉영업사업소,시민용,어린이대공원역,2018-12-31,2018,12,2018-12,정기분,수납 완료,1504.0,752.0,3168840.0
006742276,어린이대공원(세종대)역,태릉영업사업소,시민용,어린이대공원역,2019-02-28,2019,2,2019-02,정기분,수납 완료,1337.0,668.5,2846450.0
006742276,어린이대공원(세종대)역,태릉영업사업소,시민용,어린이대공원역,2019-04-30,2019,4,2019-04,정기분,수납 완료,1434.0,717.0,3175220.0
006742276,어린이대공원(세종대)역,태릉영업사업소,시민용,어린이대공원역,2019-06-30,2019,6,2019-06,정기분,수납 완료,1960.0,980.0,4400800.0
006742276,어린이대공원(세종대)역,태릉영업사업소,시민용,어린이대공원역,2019-08-31,2019,8,2019-08,정기분,수납 완료,1829.0,914.5,4095570.0
006742276,어린이대공원(세종대)역,태릉영업사업소,시민용,어린이대공원역,2019-10-31,2019,10,2019-10,정기분,수납 완료,2025.0,1012.5,4552250.0
006742276,어린이대공원(세종대)역,태릉영업사업소,시민용,어린이대공원역,2019-12-31,2019,12,2019-12,정기분,수납 완료,1898.0,949.0,4256340.0
006742276,어린이대공원(세종대)역,태릉영업사업소,시민용,어린이대공원역,2020-02-29,2020,2,2020-02,정기분,수납 완료,1529.0,764.5,3396570.0
006742276,어린이대공원(세종대)역,태릉영업사업소,시민용,어린이대공원역,2020-04-30,2020,4,2020-04,정기분,수납 완료,1319.0,659.5,2907270.0
006742276,어린이대공원(세종대)역,태릉영업사업소,시민용,어린이대공원역,2020-06-30,2020,6,2020-06,정기분,수납 완료,1076.0,538.0,2341080.0
006742276,어린이대공원(세종대)역,태릉영업사업소,시민용,어린이대공원역,2020-08-31,2020,8,2020-08,정기분,수납 완료,1234.0,617.0,2709220.0
006742276,어린이대공원(세종대)역,태릉영업사업소,시민용,어린이대공원역,2020-10-31,2020,10,2020-10,정기분,수납 완료,1445.0,722.5,3200850.0
006742276,어린이대공원(세종대)역,태릉영업사업소,시민용,어린이대공원역,2020-12-31,2020,12,2020-12,정기분,수납 완료,1442.0,721.0,3193860.0
006742276,어린이대공원(세종대)역,태릉영업사업소,시민용,어린이대공원역,2021-02-28,2021,2,2021-02,정기분,수납 완료,966.0,483.0,2084780.0
006742276,어린이대공원(세종대)역,태릉영업사업소,시민용,어린이대공원역,2021-04-30,2021,4,2021-04,정기분,수납 완료,1052.0,526.0,2285160.0
006742276,어린이대공원(세종대)역,태릉영업사업소,시민용,어린이대공원역,2021-06-30,2021,6,2021-06,정기분,수납 완료,1435.0,717.5,3177550.0
006742276,어린이대공원(세종대)역,태릉영업사업소,시민용,어린이대공원역,2021-08-31,2021,8,2021-08,정기분,수납 완료,1355.0,677.5,3084340.0
006742276,어린이대공원(세종대)역,태릉영업사업소,시민용,어린이대공원역,2021-10-31,2021,10,2021-10,정기분,수납 완료,1548.0,774.0,3769920.0
006742276,어린이대공원(세종대)역,태릉영업사업소,시민용,어린이대공원역,2021-12-31,2021,12,2021-12,정기분,수납 완료,1334.0,667.0,3226360.0
006742276,어린이대공원(세종대)역,태릉영업사업소,시민용,어린이대공원역,2022-02-28,2022,2,2022-02,정기분,수납 완료,1334.0,667.0,3297120.0
006742276,어린이대공원(세종대)역,태릉영업사업소,시민용,어린이대공원역,2022-04-30,2022,4,2022-04,정기분,수납 완료,1256.0,628.0,3239850.0
006742276,어린이대공원(세종대)역,태릉영업사업소,시민용,어린이대공원역,2022-06-30,2022,6,2022-06,정기분,수납 완료,1817.0,908.5,4725050.0
006742276,어린이대공원(세종대)역,태릉영업사업소,시민용,어린이대공원역,2022-08-31,2022,8,2022-08,정기분,수납 완료,1693.0,846.5,4396450.0
006742276,어린이대공원(세종대)역,태릉영업사업소,시민용,어린이대공원역,2022-10-31,2022,10,2022-10,정기분,수납 완료,2008.0,1004.0,5231200.0
006742276,어린이대공원(세종대)역,태릉영업사업소,시민용,어린이대공원역,2022-12-31,2022,12,2022-12,정기분,수납 완료,1995.0,997.5,5196750.0
006742276,어린이대공원(세종대)역,태릉영업사업소,시민용,어린이대공원역,2023-02-28,2023,2,2023-02,정기분,수납 완료,1480.0,740.0,4160470.0
006742276,어린이대공원(세종대)역,태릉영업사업소,시민용,어린이대공원역,2023-04-30,2023,4,2023-04,정기분,수납 완료,1614.0,807.0,5293040.0
006742276,어린이대공원(세종대)역,태릉영업사업소,시민용,어린이대공원역,2023-06-30,2023,6,2023-06,정기분,수납 완료,2073.0,1036.5,6843310.0
006742276,어린이대공원(세종대)역,태릉영업사업소,시민용,어린이대공원역,2023-08-31,2023,8,2023-08,정기분,수납 완료,2106.0,1053.0,6957820.0
006742276,어린이대공원(세종대)역,태릉영업사업소,시민용,어린이대공원역,2023-10-31,2023,10,2023-10,정기분,수납 완료,2292.0,1146.0,7603240.0
006742276,어린이대공원(세종대)역,태릉영업사업소,시민용,어린이대공원역,2023-12-31,2023,12,2023-12,정기분,수납 완료,2029.0,1014.5,6690630.0
006742276,어린이대공원(세종대)역,태릉영업사업소,시민용,어린이대공원역,2024-02-29,2024,2,2024-02,정기분,수납 완료,1669.0,834.5,5477840.0
006742276,어린이대공원(세종대)역,태릉영업사업소,시민용,어린이대공원역,2024-04-30,2024,4,2024-04,정기분,수납 완료,1834.0,917.0,6032240.0
006742276,어린이대공원(세종대)역,태릉영업사업소,시민용,어린이대공원역,2024-06-30,2024,6,2024-06,정기분,수납 완료,2271.0,1135.5,7530370.0
006742276,어린이대공원(세종대)역,태릉영업사업소,시민용,어린이대공원역,2024-08-31,2024,8,2024-08,정기분,수납 완료,1907.0,953.5,6277520.0
006742276,어린이대공원(세종대)역,태릉영업사업소,시민용,어린이대공원역,2024-10-31,2024,10,2024-10,정기분,수납 완료,2238.0,1119.0,7415860.0
006742276,어린이대공원(세종대)역,태릉영업사업소,시민용,어린이대공원역,2024-12-31,2024,12,2024-12,정기분,수납 완료,1713.0,856.5,5625680.0
006742276,어린이대공원(세종대)역,태릉영업사업소,시민용,어린이대공원역,2025-02-28,2025,2,2025-02,정기분,수납 완료,1333.0,666.5,4348880.0
006742276,어린이대공원(세종대)역,태릉영업사업소,시민용,어린이대공원역,2025-04-30,2025,4,2025-04,정기분,수납 완료,1238.0,619.0,4029680.0
006742276,어린이대공원(세종대)역,태릉영업사업소,시민용,어린이대공원역,2025-06-30,2025,6,2025-06,정기분,수납 완료,1634.0,817.0,5360240.0
006742276,어린이대공원(세종대)역,태릉영업사업소,시민용,어린이대공원역,2025-08-31,2025,8,2025-08,정기분,수납 완료,1773.0,886.5,5827280.0
006742276,어린이대공원(세종대)역,태릉영업사업소,시민용,어린이대공원역,2025-10-31,2025,10,2025-10,정기분,수납 완료,1773.0,886.5,5827280.0
006742276,어린이대공원(세종대)역,태릉영업사업소,시민용,어린이대공원역,2025-12-31,2025,12,2025-12,정기분,수납 완료,2488.0,1244.0,8258390.0
006742276,어린이대공원(세종대)역,태릉영업사업소,시민용,어린이대공원역,2026-02-28,2026,2,2026-02,정기분,수납 완료,1259.0,629.5,4175150.0
006742276,어린이대공원(세종대)역,태릉영업사업소,시민용,어린이대공원역,2026-04-30,2026,4,2026-04,정기분,수납 완료,1162.0,581.0,3995280.0
035487398,역삼역,종합운동장영업사업소,시민용,역삼역,2008-06-30,2008,6,2008-06,정기분,수납 완료,21.0,10.5,29730.0
035487398,역삼역,종합운동장영업사업소,시민용,역삼역,2008-08-31,2008,8,2008-08,정기분,수납 완료,19.0,9.5,27470.0
035487398,역삼역,종합운동장영업사업소,시민용,역삼역,2008-10-31,2008,10,2008-10,정기분,수납 완료,18.0,9.0,26340.0
035487398,역삼역,종합운동장영업사업소,시민용,역삼역,2008-12-31,2008,12,2008-12,정기분,수납 완료,24.0,12.0,33120.0
035487398,역삼역,종합운동장영업사업소,시민용,역삼역,2009-02-28,2009,2,2009-02,정기분,수납 완료,16.0,8.0,24080.0
035487398,역삼역,종합운동장영업사업소,시민용,역삼역,2009-04-30,2009,4,2009-04,정기분,수납 완료,14.0,7.0,21820.0
035487398,역삼역,종합운동장영업사업소,시민용,역삼역,2009-06-30,2009,6,2009-06,정기분,수납 완료,7.0,3.5,13910.0
035487398,역삼역,종합운동장영업사업소,시민용,역삼역,2009-08-31,2009,8,2009-08,정기분,수납 완료,48.0,24.0,60240.0
035487398,역삼역,종합운동장영업사업소,시민용,역삼역,2009-10-31,2009,10,2009-10,정기분,수납 완료,49.0,24.5,61370.0
035487398,역삼역,종합운동장영업사업소,시민용,역삼역,2009-12-31,2009,12,2009-12,정기분,수납 완료,46.0,23.0,57980.0
035487398,역삼역,종합운동장영업사업소,시민용,역삼역,2010-02-28,2010,2,2010-02,정기분,수납 완료,102.0,51.0,131820.0
035487398,역삼역,종합운동장영업사업소,시민용,역삼역,2010-04-30,2010,4,2010-04,정기분,수납 완료,25.0,12.5,34250.0
035487398,역삼역,종합운동장영업사업소,시민용,역삼역,2010-06-30,2010,6,2010-06,정기분,수납 완료,108.0,54.0,141480.0
035487398,역삼역,종합운동장영업사업소,시민용,역삼역,2010-08-31,2010,8,2010-08,정기분,수납 완료,242.0,121.0,367300.0
035487398,역삼역,종합운동장영업사업소,시민용,역삼역,2010-10-31,2010,10,2010-10,정기분,수납 완료,154.0,77.0,215540.0
035487398,역삼역,종합운동장영업사업소,시민용,역삼역,2010-12-31,2010,12,2010-12,정기분,수납 완료,62.0,31.0,76540.0
035487398,역삼역,종합운동장영업사업소,시민용,역삼역,2011-02-28,2011,2,2011-02,정기분,수납 완료,62.0,31.0,76900.0
035487398,역삼역,종합운동장영업사업소,시민용,역삼역,2011-04-30,2011,4,2011-04,정기분,수납 완료,9.0,4.5,16260.0
035487398,역삼역,종합운동장영업사업소,시민용,역삼역,2011-06-30,2011,6,2011-06,정기분,수납 완료,35.0,17.5,0.0
035487398,역삼역,종합운동장영업사업소,시민용,역삼역,2011-08-31,2011,8,2011-08,정기분,수납 완료,354.0,177.0,563240.0
035487398,역삼역,종합운동장영업사업소,시민용,역삼역,2011-10-31,2011,10,2011-10,정기분,수납 완료,306.0,153.0,488760.0
035487398,역삼역,종합운동장영업사업소,시민용,역삼역,2011-12-31,2011,12,2011-12,정기분,수납 완료,146.0,73.0,204120.0
035487398,역삼역,종합운동장영업사업소,시민용,역삼역,2012-02-29,2012,2,2012-02,정기분,수납 완료,75.0,37.5,95100.0
035487398,역삼역,종합운동장영업사업소,시민용,역삼역,2012-04-30,2012,4,2012-04,정기분,수납 완료,23.0,11.5,34060.0
035487398,역삼역,종합운동장영업사업소,시민용,역삼역,2012-06-30,2012,6,2012-06,정기분,수납 완료,73.0,36.5,98960.0
035487398,역삼역,종합운동장영업사업소,시민용,역삼역,2012-08-31,2012,8,2012-08,정기분,수납 완료,144.0,72.0,227560.0
035487398,역삼역,종합운동장영업사업소,시민용,역삼역,2012-10-31,2012,10,2012-10,정기분,수납 완료,135.0,67.5,209650.0
035487398,역삼역,종합운동장영업사업소,시민용,역삼역,2012-12-31,2012,12,2012-12,정기분,수납 완료,38.0,19.0,52360.0
035487398,역삼역,종합운동장영업사업소,시민용,역삼역,2013-02-28,2013,2,2013-02,정기분,수납 완료,31.0,15.5,43820.0
035487398,역삼역,종합운동장영업사업소,시민용,역삼역,2013-04-30,2013,4,2013-04,정기분,수납 완료,14.0,7.0,24060.0
035487398,역삼역,종합운동장영업사업소,시민용,역삼역,2013-06-30,2013,6,2013-06,정기분,수납 완료,27.0,13.5,40830.0
035487398,역삼역,종합운동장영업사업소,시민용,역삼역,2013-08-31,2013,8,2013-08,정기분,수납 완료,477.0,238.5,1013630.0
035487398,역삼역,종합운동장영업사업소,시민용,역삼역,2013-10-31,2013,10,2013-10,정기분,수납 완료,399.0,199.5,827260.0
035487398,역삼역,종합운동장영업사업소,시민용,역삼역,2013-12-31,2013,12,2013-12,정기분,수납 완료,224.0,112.0,417760.0
035487398,역삼역,종합운동장영업사업소,시민용,역삼역,2014-02-28,2014,2,2014-02,정기분,수납 완료,254.0,127.0,487960.0
035487398,역삼역,종합운동장영업사업소,시민용,역삼역,2014-04-30,2014,4,2014-04,정기분,수납 완료,130.0,65.0,223600.0
035487398,역삼역,종합운동장영업사업소,시민용,역삼역,2014-06-30,2014,6,2014-06,정기분,수납 완료,87.0,43.5,133440.0
035487398,역삼역,종합운동장영업사업소,시민용,역삼역,2014-08-31,2014,8,2014-08,정기분,수납 완료,225.0,112.5,444050.0
035487398,역삼역,종합운동장영업사업소,시민용,역삼역,2014-10-31,2014,10,2014-10,정기분,수납 완료,205.0,102.5,394250.0
035487398,역삼역,종합운동장영업사업소,시민용,역삼역,2014-12-31,2014,12,2014-12,정기분,수납 완료,72.0,36.0,107640.0
035487398,역삼역,종합운동장영업사업소,시민용,역삼역,2015-02-28,2015,2,2015-02,정기분,수납 완료,16.0,8.0,27600.0
035487398,역삼역,종합운동장영업사업소,시민용,역삼역,2015-04-30,2015,4,2015-04,정기분,수납 완료,8.0,4.0,16800.0
035487398,역삼역,종합운동장영업사업소,시민용,역삼역,2015-06-30,2015,6,2015-06,정기분,수납 완료,65.0,32.5,95600.0
035487398,역삼역,종합운동장영업사업소,시민용,역삼역,2015-08-31,2015,8,2015-08,정기분,수납 완료,250.0,125.0,506300.0
035487398,역삼역,종합운동장영업사업소,시민용,역삼역,2015-10-31,2015,10,2015-10,정기분,수납 완료,244.0,122.0,491360.0
035487398,역삼역,종합운동장영업사업소,시민용,역삼역,2015-12-31,2015,12,2015-12,정기분,수납 완료,61.0,30.5,88720.0
035487398,역삼역,종합운동장영업사업소,시민용,역삼역,2016-02-29,2016,2,2016-02,정기분,수납 완료,15.0,7.5,26250.0
035487398,역삼역,종합운동장영업사업소,시민용,역삼역,2016-04-30,2016,4,2016-04,정기분,수납 완료,6.0,3.0,14100.0
035487398,역삼역,종합운동장영업사업소,시민용,역삼역,2016-06-30,2016,6,2016-06,정기분,수납 완료,30.0,15.0,46500.0
035487398,역삼역,종합운동장영업사업소,시민용,역삼역,2016-08-31,2016,8,2016-08,정기분,수납 완료,151.0,75.5,271060.0
035487398,역삼역,종합운동장영업사업소,시민용,역삼역,2016-10-31,2016,10,2016-10,정기분,수납 완료,179.0,89.5,334340.0
035487398,역삼역,종합운동장영업사업소,시민용,역삼역,2016-12-31,2016,12,2016-12,정기분,수납 완료,6.0,3.0,14100.0
035487398,역삼역,종합운동장영업사업소,시민용,역삼역,2017-02-28,2017,2,2017-02,정기분,수납 완료,1.0,0.5,7300.0
035487398,역삼역,종합운동장영업사업소,시민용,역삼역,2017-04-30,2017,4,2017-04,정기분,수납 완료,1.0,0.5,7220.0
035487398,역삼역,종합운동장영업사업소,시민용,역삼역,2017-06-30,2017,6,2017-06,정기분,수납 완료,41.0,20.5,62990.0
035487398,역삼역,종합운동장영업사업소,시민용,역삼역,2017-08-31,2017,8,2017-08,정기분,수납 완료,180.0,90.0,351000.0
035487398,역삼역,종합운동장영업사업소,시민용,역삼역,2017-10-31,2017,10,2017-10,정기분,수납 완료,137.0,68.5,249090.0
035487398,역삼역,종합운동장영업사업소,시민용,역삼역,2017-12-31,2017,12,2017-12,정기분,수납 완료,2.0,1.0,8780.0
035487398,역삼역,종합운동장영업사업소,시민용,역삼역,2018-02-28,2018,2,2018-02,정기분,수납 완료,4.0,2.0,11620.0
035487398,역삼역,종합운동장영업사업소,시민용,역삼역,2018-04-30,2018,4,2018-04,정기분,수납 완료,1.0,0.5,7430.0
035487398,역삼역,종합운동장영업사업소,시민용,역삼역,2018-06-30,2018,6,2018-06,정기분,수납 완료,41.0,20.5,64630.0
035487398,역삼역,종합운동장영업사업소,시민용,역삼역,2018-08-31,2018,8,2018-08,정기분,수납 완료,195.0,97.5,404500.0
035487398,역삼역,종합운동장영업사업소,시민용,역삼역,2018-10-31,2018,10,2018-10,정기분,수납 완료,158.0,79.0,312000.0
035487398,역삼역,종합운동장영업사업소,시민용,역삼역,2018-12-31,2018,12,2018-12,정기분,수납 완료,10.0,5.0,20300.0
035487398,역삼역,종합운동장영업사업소,시민용,역삼역,2019-02-28,2019,2,2019-02,정기분,수납 완료,5.0,2.5,13250.0
035487398,역삼역,종합운동장영업사업소,시민용,역삼역,2019-04-30,2019,4,2019-04,정기분,수납 완료,10.0,5.0,20700.0
035487398,역삼역,종합운동장영업사업소,시민용,역삼역,2019-06-30,2019,6,2019-06,정기분,수납 완료,36.0,18.0,58920.0
035487398,역삼역,종합운동장영업사업소,시민용,역삼역,2019-08-31,2019,8,2019-08,정기분,수납 완료,104.0,52.0,183560.0
035487398,역삼역,종합운동장영업사업소,시민용,역삼역,2019-10-31,2019,10,2019-10,정기분,수납 완료,116.0,58.0,215240.0
035487398,역삼역,종합운동장영업사업소,시민용,역삼역,2019-12-31,2019,12,2019-12,정기분,수납 완료,9.0,4.5,19230.0
035487398,역삼역,종합운동장영업사업소,시민용,역삼역,2020-02-29,2020,2,2020-02,정기분,수납 완료,1.0,0.5,7470.0
035487398,역삼역,종합운동장영업사업소,시민용,역삼역,2020-04-30,2020,4,2020-04,정기분,수납 완료,0.0,0.0,6000.0
035487398,역삼역,종합운동장영업사업소,시민용,역삼역,2020-06-30,2020,6,2020-06,정기분,수납 완료,8.0,4.0,17760.0
035487398,역삼역,종합운동장영업사업소,시민용,역삼역,2020-08-31,2020,8,2020-08,정기분,수납 완료,18.0,9.0,32460.0
035487398,역삼역,종합운동장영업사업소,시민용,역삼역,2020-10-31,2020,10,2020-10,정기분,수납 완료,7.0,3.5,16290.0
035487398,역삼역,종합운동장영업사업소,시민용,역삼역,2020-12-31,2020,12,2020-12,정기분,수납 완료,6.0,3.0,14820.0
035487398,역삼역,종합운동장영업사업소,시민용,역삼역,2021-02-28,2021,2,2021-02,정기분,수납 완료,6.0,3.0,14820.0
035487398,역삼역,종합운동장영업사업소,시민용,역삼역,2021-04-30,2021,4,2021-04,정기분,수납 완료,6.0,3.0,14820.0
035487398,역삼역,종합운동장영업사업소,시민용,역삼역,2021-06-30,2021,6,2021-06,정기분,수납 완료,6.0,3.0,14820.0
035487398,역삼역,종합운동장영업사업소,시민용,역삼역,2021-08-31,2021,8,2021-08,정기분,수납 완료,6.0,3.0,12100.0
035487398,역삼역,종합운동장영업사업소,시민용,역삼역,2021-10-31,2021,10,2021-10,정기분,수납 완료,6.0,3.0,12450.0
035487398,역삼역,종합운동장영업사업소,시민용,역삼역,2021-12-31,2021,12,2021-12,정기분,수납 완료,6.0,3.0,12450.0
035487398,역삼역,종합운동장영업사업소,시민용,역삼역,2022-02-28,2022,2,2022-02,정기분,수납 완료,6.0,3.0,16510.0
035487398,역삼역,종합운동장영업사업소,시민용,역삼역,2022-04-30,2022,4,2022-04,정기분,수납 완료,6.0,3.0,9090.0
035487398,역삼역,종합운동장영업사업소,시민용,역삼역,2022-06-30,2022,6,2022-06,정기분,수납 완료,6.0,3.0,12960.0
035487398,역삼역,종합운동장영업사업소,시민용,역삼역,2022-08-31,2022,8,2022-08,정기분,수납 완료,6.0,3.0,16920.0
035487398,역삼역,종합운동장영업사업소,시민용,역삼역,2022-10-31,2022,10,2022-10,정기분,수납 완료,6.0,3.0,16920.0
035487398,역삼역,종합운동장영업사업소,시민용,역삼역,2022-12-31,2022,12,2022-12,정기분,수납 완료,6.0,3.0,16920.0
035487398,역삼역,종합운동장영업사업소,시민용,역삼역,2023-02-28,2023,2,2023-02,정기분,수납 완료,6.0,3.0,17350.0
035487398,역삼역,종합운동장영업사업소,시민용,역삼역,2023-04-30,2023,4,2023-04,정기분,수납 완료,3.0,1.5,11820.0
035487398,역삼역,종합운동장영업사업소,시민용,역삼역,2023-06-30,2023,6,2023-06,정기분,수납 완료,6.0,3.0,17640.0
035487398,역삼역,종합운동장영업사업소,시민용,역삼역,2023-08-31,2023,8,2023-08,정기분,수납 완료,6.0,3.0,17640.0
035487398,역삼역,종합운동장영업사업소,시민용,역삼역,2023-10-31,2023,10,2023-10,정기분,수납 완료,5.0,2.5,15700.0
035487398,역삼역,종합운동장영업사업소,시민용,역삼역,2023-12-31,2023,12,2023-12,정기분,수납 완료,6.0,3.0,17640.0
035487398,역삼역,종합운동장영업사업소,시민용,역삼역,2024-02-29,2024,2,2024-02,정기분,수납 완료,1.0,0.5,7940.0
035487398,역삼역,종합운동장영업사업소,시민용,역삼역,2024-04-30,2024,4,2024-04,정기분,수납 완료,6.0,3.0,17640.0
035487398,역삼역,종합운동장영업사업소,시민용,역삼역,2024-06-30,2024,6,2024-06,정기분,수납 완료,7.0,3.5,19580.0
035487398,역삼역,종합운동장영업사업소,시민용,역삼역,2024-08-31,2024,8,2024-08,정기분,수납 완료,7.0,3.5,19380.0
035487398,역삼역,종합운동장영업사업소,시민용,역삼역,2024-10-31,2024,10,2024-10,정기분,수납 완료,7.0,3.5,19380.0
035487398,역삼역,종합운동장영업사업소,시민용,역삼역,2024-12-31,2024,12,2024-12,정기분,수납 완료,8.0,4.0,21320.0
035487398,역삼역,종합운동장영업사업소,시민용,역삼역,2025-02-28,2025,2,2025-02,정기분,수납 완료,2.0,1.0,9680.0
035487398,역삼역,종합운동장영업사업소,시민용,역삼역,2025-04-30,2025,4,2025-04,정기분,수납 완료,3.0,1.5,11620.0
035487398,역삼역,종합운동장영업사업소,시민용,역삼역,2025-06-30,2025,6,2025-06,정기분,수납 완료,1.0,0.5,7740.0
035487398,역삼역,종합운동장영업사업소,시민용,역삼역,2025-08-31,2025,8,2025-08,정기분,수납 완료,7.0,3.5,19380.0
035487398,역삼역,종합운동장영업사업소,시민용,역삼역,2025-10-31,2025,10,2025-10,정기분,수납 완료,7.0,3.5,19380.0
035487398,역삼역,종합운동장영업사업소,시민용,역삼역,2025-12-31,2025,12,2025-12,정기분,수납 완료,4.0,2.0,13560.0
035487398,역삼역,종합운동장영업사업소,시민용,역삼역,2026-02-28,2026,2,2026-02,정기분,수납 완료,0.0,0.0,5800.0
035487398,역삼역,종합운동장영업사업소,시민용,역삼역,2026-04-30,2026,4,2026-04,정기분,수납 완료,2.0,1.0,9840.0
029689088,영등포구청역(5호선),당산영업사업소,시민용,영등포구청역,2010-03-31,2010,3,2010-03,정기분,수납 완료,32.0,16.0,0.0
029689088,영등포구청역(5호선),당산영업사업소,시민용,영등포구청역,2010-05-31,2010,5,2010-05,정기분,수납 완료,0.0,0.0,0.0
029689088,영등포구청역(5호선),당산영업사업소,시민용,영등포구청역,2010-07-31,2010,7,2010-07,정기분,수납 완료,1119.0,559.5,1360320.0
029689088,영등포구청역(5호선),당산영업사업소,시민용,영등포구청역,2010-09-30,2010,9,2010-09,정기분,수납 완료,1014.0,507.0,1225920.0
029689088,영등포구청역(5호선),당산영업사업소,시민용,영등포구청역,2010-11-30,2010,11,2010-11,정기분,수납 완료,879.0,439.5,1053120.0
029689088,영등포구청역(5호선),당산영업사업소,시민용,영등포구청역,2011-01-31,2011,1,2011-01,정기분,수납 완료,700.0,350.0,824000.0
029689088,영등포구청역(5호선),당산영업사업소,시민용,영등포구청역,2011-03-31,2011,3,2011-03,정기분,수납 완료,500.0,250.0,586000.0
029689088,영등포구청역(5호선),당산영업사업소,시민용,영등포구청역,2011-05-31,2011,5,2011-05,정기분,수납 완료,545.0,272.5,638200.0
029689088,영등포구청역(5호선),당산영업사업소,시민용,영등포구청역,2011-07-31,2011,7,2011-07,정기분,수납 완료,539.0,269.5,631240.0
029689088,영등포구청역(5호선),당산영업사업소,시민용,영등포구청역,2011-09-30,2011,9,2011-09,정기분,수납 완료,737.0,368.5,878730.0
029689088,영등포구청역(5호선),당산영업사업소,시민용,영등포구청역,2011-11-30,2011,11,2011-11,정기분,수납 완료,751.0,375.5,896790.0
029689088,영등포구청역(5호선),당산영업사업소,시민용,영등포구청역,2012-01-31,2012,1,2012-01,정기분,수납 완료,612.0,306.0,717480.0
029689088,영등포구청역(5호선),당산영업사업소,시민용,영등포구청역,2012-03-31,2012,3,2012-03,정기분,수납 완료,502.0,251.0,729920.0
029689088,영등포구청역(5호선),당산영업사업소,시민용,영등포구청역,2012-05-31,2012,5,2012-05,정기분,수납 완료,582.0,291.0,846720.0
029689088,영등포구청역(5호선),당산영업사업소,시민용,영등포구청역,2012-07-31,2012,7,2012-07,정기분,수납 완료,742.0,371.0,1105880.0
029689088,영등포구청역(5호선),당산영업사업소,시민용,영등포구청역,2012-09-30,2012,9,2012-09,정기분,수납 완료,1031.0,515.5,1579840.0
029689088,영등포구청역(5호선),당산영업사업소,시민용,영등포구청역,2012-11-30,2012,11,2012-11,정기분,수납 완료,1274.0,637.0,1978360.0
029689088,영등포구청역(5호선),당산영업사업소,시민용,영등포구청역,2013-01-31,2013,1,2013-01,정기분,수납 완료,722.0,361.0,1073080.0
029689088,영등포구청역(5호선),당산영업사업소,시민용,영등포구청역,2013-03-31,2013,3,2013-03,정기분,수납 완료,550.0,275.0,885500.0
029689088,영등포구청역(5호선),당산영업사업소,시민용,영등포구청역,2013-05-31,2013,5,2013-05,정기분,수납 완료,703.0,351.5,1156520.0
029689088,영등포구청역(5호선),당산영업사업소,시민용,영등포구청역,2013-07-31,2013,7,2013-07,정기분,수납 완료,763.0,381.5,1266920.0
029689088,영등포구청역(5호선),당산영업사업소,시민용,영등포구청역,2013-09-30,2013,9,2013-09,정기분,수납 완료,1143.0,571.5,1966120.0
029689088,영등포구청역(5호선),당산영업사업소,시민용,영등포구청역,2013-11-30,2013,11,2013-11,정기분,수납 완료,820.0,410.0,1371800.0
029689088,영등포구청역(5호선),당산영업사업소,시민용,영등포구청역,2014-01-31,2014,1,2014-01,정기분,수납 완료,568.0,284.0,914840.0
029689088,영등포구청역(5호선),당산영업사업소,시민용,영등포구청역,2014-03-31,2014,3,2014-03,정기분,수납 완료,572.0,286.0,1001160.0
029689088,영등포구청역(5호선),당산영업사업소,시민용,영등포구청역,2014-05-31,2014,5,2014-05,정기분,수납 완료,792.0,396.0,1435000.0
029689088,영등포구청역(5호선),당산영업사업소,시민용,영등포구청역,2014-07-31,2014,7,2014-07,정기분,수납 완료,860.0,430.0,1571000.0
029689088,영등포구청역(5호선),당산영업사업소,시민용,영등포구청역,2014-09-30,2014,9,2014-09,정기분,수납 완료,1054.0,527.0,1959000.0
029689088,영등포구청역(5호선),당산영업사업소,시민용,영등포구청역,2014-11-30,2014,11,2014-11,정기분,수납 완료,1038.0,519.0,1927000.0
029689088,영등포구청역(5호선),당산영업사업소,시민용,영등포구청역,2015-01-31,2015,1,2015-01,정기분,수납 완료,755.0,377.5,1361000.0
029689088,영등포구청역(5호선),당산영업사업소,시민용,영등포구청역,2015-03-31,2015,3,2015-03,정기분,수납 완료,842.0,421.0,1535000.0
029689088,영등포구청역(5호선),당산영업사업소,시민용,영등포구청역,2015-05-31,2015,5,2015-05,정기분,수납 완료,845.0,422.5,1541000.0
029689088,영등포구청역(5호선),당산영업사업소,시민용,영등포구청역,2015-07-31,2015,7,2015-07,정기분,수납 완료,982.0,491.0,1815000.0
029689088,영등포구청역(5호선),당산영업사업소,시민용,영등포구청역,2015-09-30,2015,9,2015-09,정기분,수납 완료,1266.0,633.0,2383000.0
029689088,영등포구청역(5호선),당산영업사업소,시민용,영등포구청역,2015-11-30,2015,11,2015-11,정기분,수납 완료,861.0,430.5,1573000.0
029689088,영등포구청역(5호선),당산영업사업소,시민용,영등포구청역,2016-01-31,2016,1,2016-01,정기분,수납 완료,724.0,362.0,1299000.0
029689088,영등포구청역(5호선),당산영업사업소,시민용,영등포구청역,2016-03-31,2016,3,2016-03,정기분,수납 완료,678.0,339.0,1207000.0
029689088,영등포구청역(5호선),당산영업사업소,시민용,영등포구청역,2016-05-31,2016,5,2016-05,정기분,수납 완료,734.0,367.0,1319000.0
029689088,영등포구청역(5호선),당산영업사업소,시민용,영등포구청역,2016-07-31,2016,7,2016-07,정기분,수납 완료,766.0,383.0,1383000.0
029689088,영등포구청역(5호선),당산영업사업소,시민용,영등포구청역,2016-09-30,2016,9,2016-09,정기분,수납 완료,1258.0,629.0,2367000.0
029689088,영등포구청역(5호선),당산영업사업소,시민용,영등포구청역,2016-11-30,2016,11,2016-11,정기분,수납 완료,822.0,411.0,1495000.0
029689088,영등포구청역(5호선),당산영업사업소,시민용,영등포구청역,2017-01-31,2017,1,2017-01,정기분,수납 완료,658.0,329.0,1169880.0
029689088,영등포구청역(5호선),당산영업사업소,시민용,영등포구청역,2017-03-31,2017,3,2017-03,정기분,수납 완료,582.0,291.0,1068340.0
029689088,영등포구청역(5호선),당산영업사업소,시민용,영등포구청역,2017-05-31,2017,5,2017-05,정기분,수납 완료,748.0,374.0,1407350.0
029689088,영등포구청역(5호선),당산영업사업소,시민용,영등포구청역,2017-07-31,2017,7,2017-07,정기분,수납 완료,967.0,483.5,1872700.0
029689088,영등포구청역(5호선),당산영업사업소,시민용,영등포구청역,2017-09-30,2017,9,2017-09,정기분,수납 완료,2878.0,1439.0,5885800.0
029689088,영등포구청역(5호선),당산영업사업소,시민용,영등포구청역,2017-11-30,2017,11,2017-11,정기분,수납 완료,1553.0,776.5,3103300.0
029689088,영등포구청역(5호선),당산영업사업소,시민용,영등포구청역,2018-01-31,2018,1,2018-01,정기분,수납 완료,631.0,315.5,1170460.0
029689088,영등포구청역(5호선),당산영업사업소,시민용,영등포구청역,2018-03-31,2018,3,2018-03,정기분,수납 완료,716.0,358.0,1409360.0
029689088,영등포구청역(5호선),당산영업사업소,시민용,영등포구청역,2018-05-31,2018,5,2018-05,정기분,수납 완료,616.0,308.0,1188360.0
029689088,영등포구청역(5호선),당산영업사업소,시민용,영등포구청역,2018-07-31,2018,7,2018-07,정기분,수납 완료,747.0,373.5,1477870.0
029689088,영등포구청역(5호선),당산영업사업소,시민용,영등포구청역,2018-09-30,2018,9,2018-09,정기분,수납 완료,1670.0,835.0,3517700.0
029689088,영등포구청역(5호선),당산영업사업소,시민용,영등포구청역,2018-11-30,2018,11,2018-11,정기분,수납 완료,708.0,354.0,1391680.0
029689088,영등포구청역(5호선),당산영업사업소,시민용,영등포구청역,2019-01-31,2019,1,2019-01,정기분,수납 완료,666.0,333.0,1303360.0
029689088,영등포구청역(5호선),당산영업사업소,시민용,영등포구청역,2019-03-31,2019,3,2019-03,정기분,수납 완료,650.0,325.0,1330500.0
029689088,영등포구청역(5호선),당산영업사업소,시민용,영등포구청역,2019-05-31,2019,5,2019-05,정기분,수납 완료,717.0,358.5,1486610.0
029689088,영등포구청역(5호선),당산영업사업소,시민용,영등포구청역,2019-07-31,2019,7,2019-07,정기분,수납 완료,851.0,425.5,1798830.0
029689088,영등포구청역(5호선),당산영업사업소,시민용,영등포구청역,2019-09-30,2019,9,2019-09,정기분,수납 완료,1247.0,623.5,2721510.0
029689088,영등포구청역(5호선),당산영업사업소,시민용,영등포구청역,2019-11-30,2019,11,2019-11,정기분,수납 완료,964.0,482.0,2062120.0
029689088,영등포구청역(5호선),당산영업사업소,시민용,영등포구청역,2020-01-31,2020,1,2020-01,정기분,수납 완료,739.0,369.5,1537870.0
029689088,영등포구청역(5호선),당산영업사업소,시민용,영등포구청역,2020-03-31,2020,3,2020-03,정기분,수납 완료,690.0,345.0,1423700.0
029689088,영등포구청역(5호선),당산영업사업소,시민용,영등포구청역,2020-05-31,2020,5,2020-05,정기분,수납 완료,658.0,329.0,1349140.0
029689088,영등포구청역(5호선),당산영업사업소,시민용,영등포구청역,2020-07-31,2020,7,2020-07,정기분,수납 완료,924.0,462.0,1968920.0
029689088,영등포구청역(5호선),당산영업사업소,시민용,영등포구청역,2020-09-30,2020,9,2020-09,정기분,수납 완료,1450.0,725.0,3194500.0
029689088,영등포구청역(5호선),당산영업사업소,시민용,영등포구청역,2020-11-30,2020,11,2020-11,정기분,수납 완료,894.0,447.0,1899020.0
029689088,영등포구청역(5호선),당산영업사업소,시민용,영등포구청역,2021-01-31,2021,1,2021-01,정기분,수납 완료,662.0,331.0,1358460.0
029689088,영등포구청역(5호선),당산영업사업소,시민용,영등포구청역,2021-03-31,2021,3,2021-03,정기분,수납 완료,769.0,384.5,1607770.0
029689088,영등포구청역(5호선),당산영업사업소,시민용,영등포구청역,2021-05-31,2021,5,2021-05,정기분,수납 완료,681.0,340.5,1402730.0
029689088,영등포구청역(5호선),당산영업사업소,시민용,영등포구청역,2021-07-31,2021,7,2021-07,정기분,수납 완료,765.0,382.5,1613330.0
029689088,영등포구청역(5호선),당산영업사업소,시민용,영등포구청역,2021-09-30,2021,9,2021-09,정기분,수납 완료,1460.0,730.0,3528400.0
029689088,영등포구청역(5호선),당산영업사업소,시민용,영등포구청역,2021-11-30,2021,11,2021-11,정기분,수납 완료,896.0,448.0,2095840.0
029689088,영등포구청역(5호선),당산영업사업소,시민용,영등포구청역,2022-01-31,2022,1,2022-01,정기분,수납 완료,896.0,448.0,2111410.0
029689088,영등포구청역(5호선),당산영업사업소,시민용,영등포구청역,2022-03-31,2022,3,2022-03,정기분,수납 완료,498.0,249.0,1230260.0
029689088,영등포구청역(5호선),당산영업사업소,시민용,영등포구청역,2022-05-31,2022,5,2022-05,정기분,수납 완료,0.0,0.0,0.0
029689088,영등포구청역(5호선),당산영업사업소,시민용,영등포구청역,2022-07-31,2022,7,2022-07,정기분,수납 완료,1741.0,870.5,4491200.0
029689088,영등포구청역(5호선),당산영업사업소,시민용,영등포구청역,2022-09-30,2022,9,2022-09,정기분,수납 완료,1666.0,833.0,4306900.0
029689088,영등포구청역(5호선),당산영업사업소,시민용,영등포구청역,2022-11-30,2022,11,2022-11,정기분,수납 완료,1103.0,551.5,2814950.0
029689088,영등포구청역(5호선),당산영업사업소,시민용,영등포구청역,2023-01-31,2023,1,2023-01,정기분,수납 완료,1117.0,558.5,2923480.0
029689088,영등포구청역(5호선),당산영업사업소,시민용,영등포구청역,2023-03-31,2023,3,2023-03,정기분,수납 완료,849.0,424.5,2704640.0
029689088,영등포구청역(5호선),당산영업사업소,시민용,영등포구청역,2023-05-31,2023,5,2023-05,정기분,수납 완료,903.0,451.5,2886080.0
029689088,영등포구청역(5호선),당산영업사업소,시민용,영등포구청역,2023-07-31,2023,7,2023-07,정기분,수납 완료,1142.0,571.0,3689120.0
029689088,영등포구청역(5호선),당산영업사업소,시민용,영등포구청역,2023-09-30,2023,9,2023-09,정기분,수납 완료,1828.0,914.0,5994080.0
029689088,영등포구청역(5호선),당산영업사업소,시민용,영등포구청역,2023-11-30,2023,11,2023-11,정기분,수납 완료,1039.0,519.5,3343040.0
029689088,영등포구청역(5호선),당산영업사업소,시민용,영등포구청역,2024-01-31,2024,1,2024-01,정기분,수납 완료,797.0,398.5,2529920.0
029689088,영등포구청역(5호선),당산영업사업소,시민용,영등포구청역,2024-03-31,2024,3,2024-03,정기분,수납 완료,762.0,381.0,2412320.0
029689088,영등포구청역(5호선),당산영업사업소,시민용,영등포구청역,2024-05-31,2024,5,2024-05,정기분,수납 완료,791.0,395.5,2509760.0
029689088,영등포구청역(5호선),당산영업사업소,시민용,영등포구청역,2024-07-31,2024,7,2024-07,정기분,수납 완료,1069.0,534.5,3443840.0
029689088,영등포구청역(5호선),당산영업사업소,시민용,영등포구청역,2024-09-30,2024,9,2024-09,정기분,수납 완료,2116.0,1058.0,6974520.0
029689088,영등포구청역(5호선),당산영업사업소,시민용,영등포구청역,2024-11-30,2024,11,2024-11,정기분,수납 완료,1434.0,717.0,4670240.0
029689088,영등포구청역(5호선),당산영업사업소,시민용,영등포구청역,2025-01-31,2025,1,2025-01,정기분,수납 완료,863.0,431.5,2751680.0
029689088,영등포구청역(5호선),당산영업사업소,시민용,영등포구청역,2025-03-31,2025,3,2025-03,정기분,수납 완료,43.0,21.5,115420.0
029689088,영등포구청역(5호선),당산영업사업소,시민용,영등포구청역,2025-05-31,2025,5,2025-05,정기분,수납 완료,837.0,418.5,2663320.0
029689088,영등포구청역(5호선),당산영업사업소,시민용,영등포구청역,2025-07-31,2025,7,2025-07,정기분,수납 완료,1049.0,524.5,3375640.0
029689088,영등포구청역(5호선),당산영업사업소,시민용,영등포구청역,2025-09-30,2025,9,2025-09,정기분,수납 완료,1436.0,718.0,4675960.0
029689088,영등포구청역(5호선),당산영업사업소,시민용,영등포구청역,2025-11-30,2025,11,2025-11,정기분,수납 완료,1087.0,543.5,3503320.0
029689088,영등포구청역(5호선),당산영업사업소,시민용,영등포구청역,2026-01-31,2026,1,2026-01,정기분,수납 완료,800.0,400.0,2551170.0
029689088,영등포구청역(5호선),당산영업사업소,시민용,영등포구청역,2026-03-31,2026,3,2026-03,정기분,수납 완료,913.0,456.5,3094820.0
029689088,영등포구청역(5호선),당산영업사업소,시민용,영등포구청역,2026-05-31,2026,5,2026-05,정기분,미납,738.0,369.0,2475320.0
031829466,온수(성공회대입구)역,보라매영업사업소,시민용,온수역,2008-06-30,2008,6,2008-06,정기분,수납 완료,143.0,71.5,956480.0
031829466,온수(성공회대입구)역,보라매영업사업소,시민용,온수역,2008-08-31,2008,8,2008-08,정기분,수납 완료,320.0,160.0,2093360.0
031829466,온수(성공회대입구)역,보라매영업사업소,시민용,온수역,2008-10-31,2008,10,2008-10,정기분,수납 완료,338.0,169.0,1378680.0
031829466,온수(성공회대입구)역,보라매영업사업소,시민용,온수역,2008-12-31,2008,12,2008-12,정기분,수납 완료,176.0,88.0,749960.0
031829466,온수(성공회대입구)역,보라매영업사업소,시민용,온수역,2009-02-28,2009,2,2009-02,정기분,수납 완료,102.0,51.0,597320.0
031829466,온수(성공회대입구)역,보라매영업사업소,시민용,온수역,2009-04-30,2009,4,2009-04,정기분,수납 완료,99.0,49.5,618160.0
031829466,온수(성공회대입구)역,보라매영업사업소,시민용,온수역,2009-06-30,2009,6,2009-06,정기분,수납 완료,128.0,64.0,767240.0
031829466,온수(성공회대입구)역,보라매영업사업소,시민용,온수역,2009-08-31,2009,8,2009-08,정기분,수납 완료,168.0,84.0,826040.0
031829466,온수(성공회대입구)역,보라매영업사업소,시민용,온수역,2009-10-31,2009,10,2009-10,정기분,수납 완료,224.0,112.0,607360.0
031829466,온수(성공회대입구)역,보라매영업사업소,시민용,온수역,2009-12-31,2009,12,2009-12,정기분,수납 완료,153.0,76.5,280950.0
031829466,온수(성공회대입구)역,보라매영업사업소,시민용,온수역,2010-02-28,2010,2,2010-02,정기분,수납 완료,107.0,53.5,147050.0
031829466,온수(성공회대입구)역,보라매영업사업소,시민용,온수역,2010-04-30,2010,4,2010-04,정기분,수납 완료,183.0,91.5,234450.0
031829466,온수(성공회대입구)역,보라매영업사업소,시민용,온수역,2010-06-30,2010,6,2010-06,정기분,수납 완료,222.0,111.0,279300.0
031829466,온수(성공회대입구)역,보라매영업사업소,시민용,온수역,2010-08-31,2010,8,2010-08,정기분,수납 완료,259.0,129.5,321850.0
031829466,온수(성공회대입구)역,보라매영업사업소,시민용,온수역,2010-10-31,2010,10,2010-10,정기분,수납 완료,308.0,154.0,378200.0
031829466,온수(성공회대입구)역,보라매영업사업소,시민용,온수역,2010-12-31,2010,12,2010-12,정기분,수납 완료,249.0,124.5,310350.0
031829466,온수(성공회대입구)역,보라매영업사업소,시민용,온수역,2011-02-28,2011,2,2011-02,정기분,수납 완료,200.0,100.0,255030.0
031829466,온수(성공회대입구)역,보라매영업사업소,시민용,온수역,2011-04-30,2011,4,2011-04,정기분,수납 완료,211.0,105.5,268760.0
031829466,온수(성공회대입구)역,보라매영업사업소,시민용,온수역,2011-06-30,2011,6,2011-06,정기분,수납 완료,251.0,125.5,315160.0
031829466,온수(성공회대입구)역,보라매영업사업소,시민용,온수역,2011-08-31,2011,8,2011-08,정기분,수납 완료,309.0,154.5,382440.0
031829466,온수(성공회대입구)역,보라매영업사업소,시민용,온수역,2011-10-31,2011,10,2011-10,정기분,수납 완료,304.0,152.0,376640.0
031829466,온수(성공회대입구)역,보라매영업사업소,시민용,온수역,2011-12-31,2011,12,2011-12,정기분,수납 완료,275.0,137.5,343000.0
031829466,온수(성공회대입구)역,보라매영업사업소,시민용,온수역,2012-02-29,2012,2,2012-02,정기분,수납 완료,199.0,99.5,254840.0
031829466,온수(성공회대입구)역,보라매영업사업소,시민용,온수역,2012-04-30,2012,4,2012-04,정기분,수납 완료,226.0,113.0,344960.0
031829466,온수(성공회대입구)역,보라매영업사업소,시민용,온수역,2012-06-30,2012,6,2012-06,정기분,수납 완료,343.0,171.5,515780.0
031829466,온수(성공회대입구)역,보라매영업사업소,시민용,온수역,2012-08-31,2012,8,2012-08,정기분,수납 완료,394.0,197.0,590240.0
031829466,온수(성공회대입구)역,보라매영업사업소,시민용,온수역,2012-10-31,2012,10,2012-10,정기분,수납 완료,464.0,232.0,692440.0
031829466,온수(성공회대입구)역,보라매영업사업소,시민용,온수역,2012-12-31,2012,12,2012-12,정기분,수납 완료,232.0,116.0,353720.0
031829466,온수(성공회대입구)역,보라매영업사업소,시민용,온수역,2013-02-28,2013,2,2013-02,정기분,수납 완료,205.0,102.5,314300.0
031829466,온수(성공회대입구)역,보라매영업사업소,시민용,온수역,2013-04-30,2013,4,2013-04,정기분,수납 완료,190.0,95.0,316700.0
031829466,온수(성공회대입구)역,보라매영업사업소,시민용,온수역,2013-06-30,2013,6,2013-06,정기분,수납 완료,223.0,111.5,373240.0
031829466,온수(성공회대입구)역,보라매영업사업소,시민용,온수역,2013-08-31,2013,8,2013-08,정기분,수납 완료,305.0,152.5,504150.0
031829466,온수(성공회대입구)역,보라매영업사업소,시민용,온수역,2013-10-31,2013,10,2013-10,정기분,수납 완료,349.0,174.5,575870.0
031829466,온수(성공회대입구)역,보라매영업사업소,시민용,온수역,2013-12-31,2013,12,2013-12,정기분,수납 완료,176.0,88.0,293880.0
031829466,온수(성공회대입구)역,보라매영업사업소,시민용,온수역,2014-02-28,2014,2,2014-02,정기분,수납 완료,219.0,109.5,363970.0
031829466,온수(성공회대입구)역,보라매영업사업소,시민용,온수역,2014-04-30,2014,4,2014-04,정기분,수납 완료,339.0,169.5,604420.0
031829466,온수(성공회대입구)역,보라매영업사업소,시민용,온수역,2014-06-30,2014,6,2014-06,정기분,수납 완료,324.0,162.0,577720.0
031829466,온수(성공회대입구)역,보라매영업사업소,시민용,온수역,2014-08-31,2014,8,2014-08,정기분,수납 완료,356.0,178.0,634680.0
031829466,온수(성공회대입구)역,보라매영업사업소,시민용,온수역,2014-10-31,2014,10,2014-10,정기분,수납 완료,413.0,206.5,736140.0
031829466,온수(성공회대입구)역,보라매영업사업소,시민용,온수역,2014-12-31,2014,12,2014-12,정기분,수납 완료,1619.0,809.5,3107000.0
031829466,온수(성공회대입구)역,보라매영업사업소,시민용,온수역,2015-02-28,2015,2,2015-02,정기분,수납 완료,1386.0,693.0,2641000.0
031829466,온수(성공회대입구)역,보라매영업사업소,시민용,온수역,2015-04-30,2015,4,2015-04,정기분,수납 완료,1337.0,668.5,2543000.0
031829466,온수(성공회대입구)역,보라매영업사업소,시민용,온수역,2015-06-30,2015,6,2015-06,정기분,수납 완료,1609.0,804.5,3087000.0
031829466,온수(성공회대입구)역,보라매영업사업소,시민용,온수역,2015-08-31,2015,8,2015-08,정기분,수납 완료,1716.0,858.0,3301000.0
031829466,온수(성공회대입구)역,보라매영업사업소,시민용,온수역,2015-10-31,2015,10,2015-10,정기분,수납 완료,1793.0,896.5,3455000.0
031829466,온수(성공회대입구)역,보라매영업사업소,시민용,온수역,2015-12-31,2015,12,2015-12,정기분,수납 완료,1509.0,754.5,2887000.0
031829466,온수(성공회대입구)역,보라매영업사업소,시민용,온수역,2016-02-29,2016,2,2016-02,정기분,수납 완료,1424.0,712.0,2717000.0
031829466,온수(성공회대입구)역,보라매영업사업소,시민용,온수역,2016-04-30,2016,4,2016-04,정기분,수납 완료,1569.0,784.5,3007000.0
031829466,온수(성공회대입구)역,보라매영업사업소,시민용,온수역,2016-06-30,2016,6,2016-06,정기분,수납 완료,1762.0,881.0,3393000.0
031829466,온수(성공회대입구)역,보라매영업사업소,시민용,온수역,2016-08-31,2016,8,2016-08,정기분,수납 완료,1707.0,853.5,3283000.0
031829466,온수(성공회대입구)역,보라매영업사업소,시민용,온수역,2016-10-31,2016,10,2016-10,정기분,수납 완료,2009.0,1004.5,3887000.0
031829466,온수(성공회대입구)역,보라매영업사업소,시민용,온수역,2016-12-31,2016,12,2016-12,정기분,수납 완료,1744.0,872.0,3357000.0
031829466,온수(성공회대입구)역,보라매영업사업소,시민용,온수역,2017-02-28,2017,2,2017-02,정기분,수납 완료,1518.0,759.0,2977310.0
031829466,온수(성공회대입구)역,보라매영업사업소,시민용,온수역,2017-04-30,2017,4,2017-04,정기분,수납 완료,1417.0,708.5,2842330.0
031829466,온수(성공회대입구)역,보라매영업사업소,시민용,온수역,2017-06-30,2017,6,2017-06,정기분,수납 완료,1596.0,798.0,3211600.0
031829466,온수(성공회대입구)역,보라매영업사업소,시민용,온수역,2017-08-31,2017,8,2017-08,정기분,수납 완료,1711.0,855.5,3453100.0
031829466,온수(성공회대입구)역,보라매영업사업소,시민용,온수역,2017-10-31,2017,10,2017-10,정기분,수납 완료,1766.0,883.0,3568600.0
031829466,온수(성공회대입구)역,보라매영업사업소,시민용,온수역,2017-12-31,2017,12,2017-12,정기분,수납 완료,1583.0,791.5,3184300.0
031829466,온수(성공회대입구)역,보라매영업사업소,시민용,온수역,2018-02-28,2018,2,2018-02,정기분,수납 완료,1583.0,791.5,3259650.0
031829466,온수(성공회대입구)역,보라매영업사업소,시민용,온수역,2018-04-30,2018,4,2018-04,정기분,수납 완료,1450.0,725.0,3051170.0
031829466,온수(성공회대입구)역,보라매영업사업소,시민용,온수역,2018-06-30,2018,6,2018-06,정기분,수납 완료,1780.0,890.0,3778800.0
031829466,온수(성공회대입구)역,보라매영업사업소,시민용,온수역,2018-08-31,2018,8,2018-08,정기분,수납 완료,1984.0,992.0,4229640.0
031829466,온수(성공회대입구)역,보라매영업사업소,시민용,온수역,2018-10-31,2018,10,2018-10,정기분,수납 완료,2480.0,1240.0,5325800.0
031829466,온수(성공회대입구)역,보라매영업사업소,시민용,온수역,2018-12-31,2018,12,2018-12,정기분,수납 완료,1620.0,810.0,3425200.0
031829466,온수(성공회대입구)역,보라매영업사업소,시민용,온수역,2019-02-28,2019,2,2019-02,정기분,수납 완료,1797.0,898.5,3914160.0
031829466,온수(성공회대입구)역,보라매영업사업소,시민용,온수역,2019-04-30,2019,4,2019-04,정기분,수납 완료,1691.0,845.5,3774030.0
031829466,온수(성공회대입구)역,보라매영업사업소,시민용,온수역,2019-06-30,2019,6,2019-06,정기분,수납 완료,1824.0,912.0,4083920.0
031829466,온수(성공회대입구)역,보라매영업사업소,시민용,온수역,2019-08-31,2019,8,2019-08,정기분,수납 완료,2368.0,1184.0,5351440.0
031829466,온수(성공회대입구)역,보라매영업사업소,시민용,온수역,2019-10-31,2019,10,2019-10,정기분,수납 완료,3203.0,1601.5,7296990.0
031829466,온수(성공회대입구)역,보라매영업사업소,시민용,온수역,2019-12-31,2019,12,2019-12,정기분,수납 완료,1649.0,824.5,3676170.0
031829466,온수(성공회대입구)역,보라매영업사업소,시민용,온수역,2020-02-29,2020,2,2020-02,정기분,수납 완료,1327.0,663.5,2925910.0
031829466,온수(성공회대입구)역,보라매영업사업소,시민용,온수역,2020-04-30,2020,4,2020-04,정기분,수납 완료,1202.0,601.0,2634660.0
031829466,온수(성공회대입구)역,보라매영업사업소,시민용,온수역,2020-06-30,2020,6,2020-06,정기분,수납 완료,1395.0,697.5,3084350.0
031829466,온수(성공회대입구)역,보라매영업사업소,시민용,온수역,2020-08-31,2020,8,2020-08,정기분,수납 완료,1398.0,699.0,3091340.0
031829466,온수(성공회대입구)역,보라매영업사업소,시민용,온수역,2020-10-31,2020,10,2020-10,정기분,수납 완료,1476.0,738.0,3273080.0
031829466,온수(성공회대입구)역,보라매영업사업소,시민용,온수역,2020-12-31,2020,12,2020-12,정기분,수납 완료,1247.0,623.5,2739510.0
031829466,온수(성공회대입구)역,보라매영업사업소,시민용,온수역,2021-02-28,2021,2,2021-02,정기분,수납 완료,1050.0,525.0,2280500.0
031829466,온수(성공회대입구)역,보라매영업사업소,시민용,온수역,2021-04-30,2021,4,2021-04,정기분,수납 완료,1052.0,526.0,2285160.0
031829466,온수(성공회대입구)역,보라매영업사업소,시민용,온수역,2021-06-30,2021,6,2021-06,정기분,수납 완료,707.0,353.5,1481310.0
031829466,온수(성공회대입구)역,보라매영업사업소,시민용,온수역,2021-08-31,2021,8,2021-08,정기분,수납 완료,1140.0,570.0,2612550.0
031829466,온수(성공회대입구)역,보라매영업사업소,시민용,온수역,2021-10-31,2021,10,2021-10,정기분,수납 완료,1329.0,664.5,3213660.0
031829466,온수(성공회대입구)역,보라매영업사업소,시민용,온수역,2021-12-31,2021,12,2021-12,정기분,수납 완료,981.0,490.5,2329740.0
031829466,온수(성공회대입구)역,보라매영업사업소,시민용,온수역,2022-02-28,2022,2,2022-02,정기분,수납 완료,1061.0,530.5,2625890.0
031829466,온수(성공회대입구)역,보라매영업사업소,시민용,온수역,2022-04-30,2022,4,2022-04,정기분,수납 완료,893.0,446.5,2276450.0
031829466,온수(성공회대입구)역,보라매영업사업소,시민용,온수역,2022-06-30,2022,6,2022-06,정기분,수납 완료,1149.0,574.5,2954850.0
031829466,온수(성공회대입구)역,보라매영업사업소,시민용,온수역,2022-08-31,2022,8,2022-08,정기분,수납 완료,1423.0,711.5,3680950.0
031829466,온수(성공회대입구)역,보라매영업사업소,시민용,온수역,2022-10-31,2022,10,2022-10,정기분,수납 완료,1441.0,720.5,3728650.0
031829466,온수(성공회대입구)역,보라매영업사업소,시민용,온수역,2022-12-31,2022,12,2022-12,정기분,수납 완료,1173.0,586.5,3018450.0
031829466,온수(성공회대입구)역,보라매영업사업소,시민용,온수역,2023-02-28,2023,2,2023-02,정기분,수납 완료,1151.0,575.5,3343210.0
031829466,온수(성공회대입구)역,보라매영업사업소,시민용,온수역,2023-04-30,2023,4,2023-04,정기분,수납 완료,1184.0,592.0,3848240.0
031829466,온수(성공회대입구)역,보라매영업사업소,시민용,온수역,2023-06-30,2023,6,2023-06,정기분,수납 완료,1279.0,639.5,4167440.0
031829466,온수(성공회대입구)역,보라매영업사업소,시민용,온수역,2023-08-31,2023,8,2023-08,정기분,수납 완료,1793.0,896.5,5894480.0
031829466,온수(성공회대입구)역,보라매영업사업소,시민용,온수역,2023-10-31,2023,10,2023-10,정기분,수납 완료,1820.0,910.0,5985200.0
031829466,온수(성공회대입구)역,보라매영업사업소,시민용,온수역,2023-12-31,2023,12,2023-12,정기분,수납 완료,1197.0,598.5,3891920.0
031829466,온수(성공회대입구)역,보라매영업사업소,시민용,온수역,2024-02-29,2024,2,2024-02,정기분,수납 완료,1212.0,606.0,3942320.0
031829466,온수(성공회대입구)역,보라매영업사업소,시민용,온수역,2024-04-30,2024,4,2024-04,정기분,수납 완료,1246.0,623.0,4056560.0
031829466,온수(성공회대입구)역,보라매영업사업소,시민용,온수역,2024-06-30,2024,6,2024-06,정기분,수납 완료,1389.0,694.5,4537040.0
031829466,온수(성공회대입구)역,보라매영업사업소,시민용,온수역,2024-08-31,2024,8,2024-08,정기분,수납 완료,1739.0,869.5,5713040.0
031829466,온수(성공회대입구)역,보라매영업사업소,시민용,온수역,2024-10-31,2024,10,2024-10,정기분,수납 완료,2246.0,1123.0,7443620.0
031829466,온수(성공회대입구)역,보라매영업사업소,시민용,온수역,2024-12-31,2024,12,2024-12,정기분,수납 완료,1381.0,690.5,4510160.0
031829466,온수(성공회대입구)역,보라매영업사업소,시민용,온수역,2025-02-28,2025,2,2025-02,정기분,수납 완료,1222.0,611.0,3975920.0
031829466,온수(성공회대입구)역,보라매영업사업소,시민용,온수역,2025-04-30,2025,4,2025-04,정기분,수납 완료,1199.0,599.5,3898640.0
031829466,온수(성공회대입구)역,보라매영업사업소,시민용,온수역,2025-06-30,2025,6,2025-06,정기분,수납 완료,1386.0,693.0,4526960.0
031829466,온수(성공회대입구)역,보라매영업사업소,시민용,온수역,2025-08-31,2025,8,2025-08,정기분,수납 완료,1699.0,849.5,5577640.0
031829466,온수(성공회대입구)역,보라매영업사업소,시민용,온수역,2025-10-31,2025,10,2025-10,정기분,수납 완료,2129.0,1064.5,7036630.0
031829466,온수(성공회대입구)역,보라매영업사업소,시민용,온수역,2025-12-31,2025,12,2025-12,정기분,수납 완료,1432.0,716.0,4680520.0
031829466,온수(성공회대입구)역,보라매영업사업소,시민용,온수역,2026-02-28,2026,2,2026-02,정기분,수납 완료,1215.0,607.5,4060830.0
031829466,온수(성공회대입구)역,보라매영업사업소,시민용,온수역,2026-04-30,2026,4,2026-04,정기분,수납 완료,1164.0,582.0,4001360.0
035833138,왕십리역(2호선),동대문영업사업소,시민용,지하철2호왕십리역,2008-11-30,2008,11,2008-11,정기분,수납 완료,0.0,0.0,104600.0
035833138,왕십리역(2호선),동대문영업사업소,시민용,지하철2호왕십리역,2009-01-31,2009,1,2009-01,정기분,수납 완료,0.0,0.0,104600.0
035833138,왕십리역(2호선),동대문영업사업소,시민용,지하철2호왕십리역,2009-03-31,2009,3,2009-03,정기분,수납 완료,201.0,100.5,309750.0
035833138,왕십리역(2호선),동대문영업사업소,시민용,지하철2호왕십리역,2009-05-31,2009,5,2009-05,정기분,수납 완료,886.0,443.0,1134680.0
035833138,왕십리역(2호선),동대문영업사업소,시민용,지하철2호왕십리역,2009-07-31,2009,7,2009-07,정기분,수납 완료,1367.0,683.5,1750360.0
035833138,왕십리역(2호선),동대문영업사업소,시민용,지하철2호왕십리역,2009-09-30,2009,9,2009-09,정기분,수납 완료,1777.0,888.5,2275160.0
035833138,왕십리역(2호선),동대문영업사업소,시민용,지하철2호왕십리역,2009-11-30,2009,11,2009-11,정기분,수납 완료,1316.0,658.0,1684910.0
035833138,왕십리역(2호선),동대문영업사업소,시민용,지하철2호왕십리역,2010-01-31,2010,1,2010-01,정기분,수납 완료,556.0,278.0,718000.0
035833138,왕십리역(2호선),동대문영업사업소,시민용,지하철2호왕십리역,2010-03-31,2010,3,2010-03,정기분,수납 완료,563.0,281.5,726050.0
035833138,왕십리역(2호선),동대문영업사업소,시민용,지하철2호왕십리역,2010-05-31,2010,5,2010-05,정기분,수납 완료,800.0,400.0,1024600.0
035833138,왕십리역(2호선),동대문영업사업소,시민용,지하철2호왕십리역,2010-07-31,2010,7,2010-07,정기분,수납 완료,979.0,489.5,1253720.0
035833138,왕십리역(2호선),동대문영업사업소,시민용,지하철2호왕십리역,2010-09-30,2010,9,2010-09,정기분,수납 완료,1661.0,830.5,2126680.0
035833138,왕십리역(2호선),동대문영업사업소,시민용,지하철2호왕십리역,2010-11-30,2010,11,2010-11,정기분,수납 완료,1125.0,562.5,1440600.0
035833138,왕십리역(2호선),동대문영업사업소,시민용,지하철2호왕십리역,2011-01-31,2011,1,2011-01,정기분,수납 완료,487.0,243.5,638650.0
035833138,왕십리역(2호선),동대문영업사업소,시민용,지하철2호왕십리역,2011-03-31,2011,3,2011-03,정기분,수납 완료,353.0,176.5,487620.0
035833138,왕십리역(2호선),동대문영업사업소,시민용,지하철2호왕십리역,2011-05-31,2011,5,2011-05,정기분,수납 완료,1005.0,502.5,1297050.0
035833138,왕십리역(2호선),동대문영업사업소,시민용,지하철2호왕십리역,2011-07-31,2011,7,2011-07,정기분,수납 완료,1194.0,597.0,1540860.0
035833138,왕십리역(2호선),동대문영업사업소,시민용,지하철2호왕십리역,2011-09-30,2011,9,2011-09,정기분,수납 완료,2602.0,1301.0,3357180.0
035833138,왕십리역(2호선),동대문영업사업소,시민용,지하철2호왕십리역,2011-11-30,2011,11,2011-11,정기분,수납 완료,2378.0,1189.0,3068220.0
035833138,왕십리역(2호선),동대문영업사업소,시민용,지하철2호왕십리역,2012-01-31,2012,1,2012-01,정기분,수납 완료,1666.0,833.0,2149740.0
035833138,왕십리역(2호선),동대문영업사업소,시민용,지하철2호왕십리역,2012-03-31,2012,3,2012-03,정기분,수납 완료,809.0,404.5,1236430.0
035833138,왕십리역(2호선),동대문영업사업소,시민용,지하철2호왕십리역,2012-05-31,2012,5,2012-05,정기분,수납 완료,937.0,468.5,1498280.0
035833138,왕십리역(2호선),동대문영업사업소,시민용,지하철2호왕십리역,2012-07-31,2012,7,2012-07,정기분,수납 완료,1131.0,565.5,1816440.0
035833138,왕십리역(2호선),동대문영업사업소,시민용,지하철2호왕십리역,2012-09-30,2012,9,2012-09,정기분,수납 완료,1953.0,976.5,3164520.0
035833138,왕십리역(2호선),동대문영업사업소,시민용,지하철2호왕십리역,2012-11-30,2012,11,2012-11,정기분,수납 완료,1346.0,673.0,2169040.0
035833138,왕십리역(2호선),동대문영업사업소,시민용,지하철2호왕십리역,2013-01-31,2013,1,2013-01,정기분,수납 완료,1092.0,546.0,1752480.0
035833138,왕십리역(2호선),동대문영업사업소,시민용,지하철2호왕십리역,2013-03-31,2013,3,2013-03,정기분,수납 완료,996.0,498.0,1768240.0
035833138,왕십리역(2호선),동대문영업사업소,시민용,지하철2호왕십리역,2013-05-31,2013,5,2013-05,정기분,수납 완료,1079.0,539.5,1920960.0
035833138,왕십리역(2호선),동대문영업사업소,시민용,지하철2호왕십리역,2013-07-31,2013,7,2013-07,정기분,수납 완료,1243.0,621.5,2222720.0
035833138,왕십리역(2호선),동대문영업사업소,시민용,지하철2호왕십리역,2013-09-30,2013,9,2013-09,정기분,수납 완료,1897.0,948.5,3426080.0
035833138,왕십리역(2호선),동대문영업사업소,시민용,지하철2호왕십리역,2013-11-30,2013,11,2013-11,정기분,수납 완료,1311.0,655.5,2347840.0
035833138,왕십리역(2호선),동대문영업사업소,시민용,지하철2호왕십리역,2014-01-31,2014,1,2014-01,정기분,수납 완료,1078.0,539.0,1919120.0
035833138,왕십리역(2호선),동대문영업사업소,시민용,지하철2호왕십리역,2014-03-31,2014,3,2014-03,정기분,수납 완료,996.0,498.0,1915600.0
035833138,왕십리역(2호선),동대문영업사업소,시민용,지하철2호왕십리역,2014-05-31,2014,5,2014-05,정기분,수납 완료,1111.0,555.5,2145600.0
035833138,왕십리역(2호선),동대문영업사업소,시민용,지하철2호왕십리역,2014-07-31,2014,7,2014-07,정기분,수납 완료,1274.0,637.0,2471600.0
035833138,왕십리역(2호선),동대문영업사업소,시민용,지하철2호왕십리역,2014-09-30,2014,9,2014-09,정기분,수납 완료,2451.0,1225.5,4825600.0
035833138,왕십리역(2호선),동대문영업사업소,시민용,지하철2호왕십리역,2014-11-30,2014,11,2014-11,정기분,수납 완료,1626.0,813.0,3175600.0
035833138,왕십리역(2호선),동대문영업사업소,시민용,지하철2호왕십리역,2015-01-31,2015,1,2015-01,정기분,수납 완료,1021.0,510.5,1965600.0
035833138,왕십리역(2호선),동대문영업사업소,시민용,지하철2호왕십리역,2015-03-31,2015,3,2015-03,정기분,수납 완료,942.0,471.0,1807600.0
035833138,왕십리역(2호선),동대문영업사업소,시민용,지하철2호왕십리역,2015-05-31,2015,5,2015-05,정기분,수납 완료,1106.0,553.0,2135600.0
035833138,왕십리역(2호선),동대문영업사업소,시민용,지하철2호왕십리역,2015-07-31,2015,7,2015-07,정기분,수납 완료,1436.0,718.0,2795600.0
035833138,왕십리역(2호선),동대문영업사업소,시민용,지하철2호왕십리역,2015-09-30,2015,9,2015-09,정기분,수납 완료,2932.0,1466.0,5787600.0
035833138,왕십리역(2호선),동대문영업사업소,시민용,지하철2호왕십리역,2015-11-30,2015,11,2015-11,정기분,수납 완료,1510.0,755.0,2943600.0
035833138,왕십리역(2호선),동대문영업사업소,시민용,지하철2호왕십리역,2016-01-31,2016,1,2016-01,정기분,수납 완료,1084.0,542.0,2091600.0
035833138,왕십리역(2호선),동대문영업사업소,시민용,지하철2호왕십리역,2016-03-31,2016,3,2016-03,정기분,수납 완료,933.0,466.5,1789600.0
035833138,왕십리역(2호선),동대문영업사업소,시민용,지하철2호왕십리역,2016-05-31,2016,5,2016-05,정기분,수납 완료,1091.0,545.5,2105600.0
035833138,왕십리역(2호선),동대문영업사업소,시민용,지하철2호왕십리역,2016-07-31,2016,7,2016-07,정기분,수납 완료,1297.0,648.5,2517600.0
035833138,왕십리역(2호선),동대문영업사업소,시민용,지하철2호왕십리역,2016-09-30,2016,9,2016-09,정기분,수납 완료,2766.0,1383.0,5455600.0
035833138,왕십리역(2호선),동대문영업사업소,시민용,지하철2호왕십리역,2016-11-30,2016,11,2016-11,정기분,수납 완료,1705.0,852.5,3333600.0
035833138,왕십리역(2호선),동대문영업사업소,시민용,지하철2호왕십리역,2017-01-31,2017,1,2017-01,정기분,수납 완료,1006.0,503.0,1935600.0
035833138,왕십리역(2호선),동대문영업사업소,시민용,지하철2호왕십리역,2017-03-31,2017,3,2017-03,정기분,수납 완료,942.0,471.0,1876660.0
035833138,왕십리역(2호선),동대문영업사업소,시민용,지하철2호왕십리역,2017-05-31,2017,5,2017-05,정기분,수납 완료,1148.0,574.0,2325400.0
035833138,왕십리역(2호선),동대문영업사업소,시민용,지하철2호왕십리역,2017-07-31,2017,7,2017-07,정기분,수납 완료,1374.0,687.0,2800000.0
035833138,왕십리역(2호선),동대문영업사업소,시민용,지하철2호왕십리역,2017-09-30,2017,9,2017-09,정기분,수납 완료,2294.0,1147.0,4732000.0
035833138,왕십리역(2호선),동대문영업사업소,시민용,지하철2호왕십리역,2017-11-30,2017,11,2017-11,정기분,수납 완료,1562.0,781.0,3194800.0
035833138,왕십리역(2호선),동대문영업사업소,시민용,지하철2호왕십리역,2018-01-31,2018,1,2018-01,정기분,수납 완료,1083.0,541.5,2188900.0
035833138,왕십리역(2호선),동대문영업사업소,시민용,지하철2호왕십리역,2018-03-31,2018,3,2018-03,정기분,수납 완료,980.0,490.0,2048950.0
035833138,왕십리역(2호선),동대문영업사업소,시민용,지하철2호왕십리역,2018-05-31,2018,5,2018-05,정기분,수납 완료,1293.0,646.5,2757130.0
035833138,왕십리역(2호선),동대문영업사업소,시민용,지하철2호왕십리역,2018-07-31,2018,7,2018-07,정기분,수납 완료,2152.0,1076.0,4655520.0
035833138,왕십리역(2호선),동대문영업사업소,시민용,지하철2호왕십리역,2018-09-30,2018,9,2018-09,정기분,수납 완료,2785.0,1392.5,6054450.0
035833138,왕십리역(2호선),동대문영업사업소,시민용,지하철2호왕십리역,2018-11-30,2018,11,2018-11,정기분,수납 완료,1704.0,852.0,3665440.0
035833138,왕십리역(2호선),동대문영업사업소,시민용,지하철2호왕십리역,2019-01-31,2019,1,2019-01,정기분,수납 완료,1440.0,720.0,3082000.0
035833138,왕십리역(2호선),동대문영업사업소,시민용,지하철2호왕십리역,2019-03-31,2019,3,2019-03,정기분,수납 완료,994.0,497.0,2185840.0
035833138,왕십리역(2호선),동대문영업사업소,시민용,지하철2호왕십리역,2019-05-31,2019,5,2019-05,정기분,수납 완료,1325.0,662.5,2975850.0
035833138,왕십리역(2호선),동대문영업사업소,시민용,지하철2호왕십리역,2019-07-31,2019,7,2019-07,정기분,수납 완료,1603.0,801.5,3623590.0
035833138,왕십리역(2호선),동대문영업사업소,시민용,지하철2호왕십리역,2019-09-30,2019,9,2019-09,정기분,수납 완료,2880.0,1440.0,6599000.0
035833138,왕십리역(2호선),동대문영업사업소,시민용,지하철2호왕십리역,2019-11-30,2019,11,2019-11,정기분,수납 완료,1704.0,852.0,3858920.0
035833138,왕십리역(2호선),동대문영업사업소,시민용,지하철2호왕십리역,2020-01-31,2020,1,2020-01,정기분,수납 완료,1142.0,571.0,2549460.0
035833138,왕십리역(2호선),동대문영업사업소,시민용,지하철2호왕십리역,2020-03-31,2020,3,2020-03,정기분,수납 완료,956.0,478.0,2116080.0
035833138,왕십리역(2호선),동대문영업사업소,시민용,지하철2호왕십리역,2020-05-31,2020,5,2020-05,정기분,수납 완료,834.0,417.0,1831820.0
035833138,왕십리역(2호선),동대문영업사업소,시민용,지하철2호왕십리역,2020-07-31,2020,7,2020-07,정기분,수납 완료,1156.0,578.0,2582080.0
035833138,왕십리역(2호선),동대문영업사업소,시민용,지하철2호왕십리역,2020-09-30,2020,9,2020-09,정기분,수납 완료,2323.0,1161.5,5301190.0
035833138,왕십리역(2호선),동대문영업사업소,시민용,지하철2호왕십리역,2020-11-30,2020,11,2020-11,정기분,수납 완료,1202.0,601.0,2689260.0
035833138,왕십리역(2호선),동대문영업사업소,시민용,지하철2호왕십리역,2021-01-31,2021,1,2021-01,정기분,수납 완료,740.0,370.0,1612800.0
035833138,왕십리역(2호선),동대문영업사업소,시민용,지하철2호왕십리역,2021-03-31,2021,3,2021-03,정기분,수납 완료,720.0,360.0,1566200.0
035833138,왕십리역(2호선),동대문영업사업소,시민용,지하철2호왕십리역,2021-05-31,2021,5,2021-05,정기분,수납 완료,895.0,447.5,1967920.0
035833138,왕십리역(2호선),동대문영업사업소,시민용,지하철2호왕십리역,2021-07-31,2021,7,2021-07,정기분,수납 완료,1009.0,504.5,2239570.0
035833138,왕십리역(2호선),동대문영업사업소,시민용,지하철2호왕십리역,2021-09-30,2021,9,2021-09,정기분,수납 완료,2523.0,1261.5,6273520.0
035833138,왕십리역(2호선),동대문영업사업소,시민용,지하철2호왕십리역,2021-11-30,2021,11,2021-11,정기분,수납 완료,1257.0,628.5,3085380.0
035833138,왕십리역(2호선),동대문영업사업소,시민용,지하철2호왕십리역,2022-01-31,2022,1,2022-01,정기분,수납 완료,825.0,412.5,1988100.0
035833138,왕십리역(2호선),동대문영업사업소,시민용,지하철2호왕십리역,2022-03-31,2022,3,2022-03,정기분,수납 완료,923.0,461.5,2399160.0
035833138,왕십리역(2호선),동대문영업사업소,시민용,지하철2호왕십리역,2022-05-31,2022,5,2022-05,정기분,수납 완료,616.0,308.0,1563820.0
035833138,왕십리역(2호선),동대문영업사업소,시민용,지하철2호왕십리역,2022-07-31,2022,7,2022-07,정기분,수납 완료,1032.0,516.0,2699400.0
035833138,왕십리역(2호선),동대문영업사업소,시민용,지하철2호왕십리역,2022-09-30,2022,9,2022-09,정기분,수납 완료,2488.0,1244.0,6557800.0
035833138,왕십리역(2호선),동대문영업사업소,시민용,지하철2호왕십리역,2022-11-30,2022,11,2022-11,정기분,수납 완료,1283.0,641.5,3364550.0
035833138,왕십리역(2호선),동대문영업사업소,시민용,지하철2호왕십리역,2023-01-31,2023,1,2023-01,정기분,수납 완료,959.0,479.5,2505950.0
035833138,왕십리역(2호선),동대문영업사업소,시민용,지하철2호왕십리역,2023-03-31,2023,3,2023-03,정기분,수납 완료,892.0,446.0,2877440.0
035833138,왕십리역(2호선),동대문영업사업소,시민용,지하철2호왕십리역,2023-05-31,2023,5,2023-05,정기분,수납 완료,1030.0,515.0,3385400.0
035833138,왕십리역(2호선),동대문영업사업소,시민용,지하철2호왕십리역,2023-07-31,2023,7,2023-07,정기분,수납 완료,1264.0,632.0,4171640.0
035833138,왕십리역(2호선),동대문영업사업소,시민용,지하철2호왕십리역,2023-09-30,2023,9,2023-09,정기분,수납 완료,1957.0,978.5,6500120.0
035833138,왕십리역(2호선),동대문영업사업소,시민용,지하철2호왕십리역,2023-11-30,2023,11,2023-11,정기분,수납 완료,1552.0,776.0,5139320.0
035833138,왕십리역(2호선),동대문영업사업소,시민용,지하철2호왕십리역,2024-01-31,2024,1,2024-01,정기분,수납 완료,1123.0,561.5,3697880.0
035833138,왕십리역(2호선),동대문영업사업소,시민용,지하철2호왕십리역,2024-03-31,2024,3,2024-03,정기분,수납 완료,909.0,454.5,2978840.0
035833138,왕십리역(2호선),동대문영업사업소,시민용,지하철2호왕십리역,2024-05-31,2024,5,2024-05,정기분,수납 완료,985.0,492.5,3234200.0
035833138,왕십리역(2호선),동대문영업사업소,시민용,지하철2호왕십리역,2024-07-31,2024,7,2024-07,정기분,수납 완료,1381.0,690.5,4564760.0
035833138,왕십리역(2호선),동대문영업사업소,시민용,지하철2호왕십리역,2024-09-30,2024,9,2024-09,정기분,수납 완료,2339.0,1169.5,7820930.0
035833138,왕십리역(2호선),동대문영업사업소,시민용,지하철2호왕십리역,2024-11-30,2024,11,2024-11,정기분,수납 완료,1955.0,977.5,6493400.0
035833138,왕십리역(2호선),동대문영업사업소,시민용,지하철2호왕십리역,2025-01-31,2025,1,2025-01,정기분,수납 완료,1216.0,608.0,4010360.0
035833138,왕십리역(2호선),동대문영업사업소,시민용,지하철2호왕십리역,2025-03-31,2025,3,2025-03,정기분,수납 완료,936.0,468.0,3069560.0
035833138,왕십리역(2호선),동대문영업사업소,시민용,지하철2호왕십리역,2025-05-31,2025,5,2025-05,정기분,수납 완료,1141.0,570.5,3758360.0
035833138,왕십리역(2호선),동대문영업사업소,시민용,지하철2호왕십리역,2025-07-31,2025,7,2025-07,정기분,수납 완료,1646.0,823.0,5454160.0
035833138,왕십리역(2호선),동대문영업사업소,시민용,지하철2호왕십리역,2025-09-30,2025,9,2025-09,정기분,수납 완료,3303.0,1651.5,11165010.0
035833138,왕십리역(2호선),동대문영업사업소,시민용,지하철2호왕십리역,2025-11-30,2025,11,2025-11,정기분,수납 완료,1982.0,991.0,3932120.0
035833138,왕십리역(2호선),동대문영업사업소,시민용,지하철2호왕십리역,2026-01-31,2026,1,2026-01,정기분,수납 완료,997.0,498.5,3273520.0
035833138,왕십리역(2호선),동대문영업사업소,시민용,지하철2호왕십리역,2026-03-31,2026,3,2026-03,정기분,수납 완료,891.0,445.5,3072670.0
035833138,왕십리역(2호선),동대문영업사업소,시민용,지하철2호왕십리역,2026-05-31,2026,5,2026-05,정기분,미납,1076.0,538.0,3744440.0
000451150,왕십리역(5호선),동대문영업사업소,시민용,왕십리역,2008-07-31,2008,7,2008-07,정기분,수납 완료,2084.0,1042.0,2668120.0
000451150,왕십리역(5호선),동대문영업사업소,시민용,왕십리역,2008-09-30,2008,9,2008-09,정기분,수납 완료,2406.0,1203.0,3080280.0
000451150,왕십리역(5호선),동대문영업사업소,시민용,왕십리역,2008-11-30,2008,11,2008-11,정기분,수납 완료,1672.0,836.0,2140760.0
000451150,왕십리역(5호선),동대문영업사업소,시민용,왕십리역,2009-01-31,2009,1,2009-01,정기분,수납 완료,1945.0,972.5,2490200.0
000451150,왕십리역(5호선),동대문영업사업소,시민용,왕십리역,2009-03-31,2009,3,2009-03,정기분,수납 완료,1913.0,956.5,2449240.0
000451150,왕십리역(5호선),동대문영업사업소,시민용,왕십리역,2009-05-31,2009,5,2009-05,정기분,수납 완료,1960.0,980.0,2509400.0
000451150,왕십리역(5호선),동대문영업사업소,시민용,왕십리역,2009-07-31,2009,7,2009-07,정기분,수납 완료,1876.0,938.0,2401880.0
000451150,왕십리역(5호선),동대문영업사업소,시민용,왕십리역,2009-09-30,2009,9,2009-09,정기분,수납 완료,2403.0,1201.5,3076440.0
000451150,왕십리역(5호선),동대문영업사업소,시민용,왕십리역,2009-11-30,2009,11,2009-11,정기분,수납 완료,2044.0,1022.0,2616840.0
000451150,왕십리역(5호선),동대문영업사업소,시민용,왕십리역,2010-01-31,2010,1,2010-01,정기분,수납 완료,1936.0,968.0,2478680.0
000451150,왕십리역(5호선),동대문영업사업소,시민용,왕십리역,2010-03-31,2010,3,2010-03,정기분,수납 완료,1555.0,777.5,1991000.0
000451150,왕십리역(5호선),동대문영업사업소,시민용,왕십리역,2010-05-31,2010,5,2010-05,정기분,수납 완료,1452.0,726.0,1859160.0
000451150,왕십리역(5호선),동대문영업사업소,시민용,왕십리역,2010-07-31,2010,7,2010-07,정기분,수납 완료,1536.0,768.0,1966680.0
000451150,왕십리역(5호선),동대문영업사업소,시민용,왕십리역,2010-09-30,2010,9,2010-09,정기분,수납 완료,1250.0,625.0,1600600.0
000451150,왕십리역(5호선),동대문영업사업소,시민용,왕십리역,2010-11-30,2010,11,2010-11,정기분,수납 완료,1708.0,854.0,2186840.0
000451150,왕십리역(5호선),동대문영업사업소,시민용,왕십리역,2011-01-31,2011,1,2011-01,정기분,수납 완료,1876.0,938.0,2401880.0
000451150,왕십리역(5호선),동대문영업사업소,시민용,왕십리역,2011-03-31,2011,3,2011-03,정기분,수납 완료,1309.0,654.5,1687490.0
000451150,왕십리역(5호선),동대문영업사업소,시민용,왕십리역,2011-05-31,2011,5,2011-05,정기분,수납 완료,1301.0,650.5,1678890.0
000451150,왕십리역(5호선),동대문영업사업소,시민용,왕십리역,2011-07-31,2011,7,2011-07,정기분,수납 완료,1421.0,710.5,1833690.0
000451150,왕십리역(5호선),동대문영업사업소,시민용,왕십리역,2011-09-30,2011,9,2011-09,정기분,수납 완료,1988.0,994.0,2565120.0
000451150,왕십리역(5호선),동대문영업사업소,시민용,왕십리역,2011-11-30,2011,11,2011-11,정기분,수납 완료,2580.0,1290.0,3328800.0
000451150,왕십리역(5호선),동대문영업사업소,시민용,왕십리역,2012-01-31,2012,1,2012-01,정기분,수납 완료,2097.0,1048.5,2705730.0
000451150,왕십리역(5호선),동대문영업사업소,시민용,왕십리역,2012-03-31,2012,3,2012-03,정기분,수납 완료,1595.0,797.5,2472160.0
000451150,왕십리역(5호선),동대문영업사업소,시민용,왕십리역,2012-05-31,2012,5,2012-05,정기분,수납 완료,1650.0,825.0,2667600.0
000451150,왕십리역(5호선),동대문영업사업소,시민용,왕십리역,2012-07-31,2012,7,2012-07,정기분,수납 완료,2520.0,1260.0,4094400.0
000451150,왕십리역(5호선),동대문영업사업소,시민용,왕십리역,2012-09-30,2012,9,2012-09,정기분,수납 완료,2996.0,1498.0,4875040.0
000451150,왕십리역(5호선),동대문영업사업소,시민용,왕십리역,2012-11-30,2012,11,2012-11,정기분,수납 완료,2811.0,1405.5,4571640.0
000451150,왕십리역(5호선),동대문영업사업소,시민용,왕십리역,2013-01-31,2013,1,2013-01,정기분,수납 완료,1681.0,840.5,2718440.0
000451150,왕십리역(5호선),동대문영업사업소,시민용,왕십리역,2013-03-31,2013,3,2013-03,정기분,수납 완료,1421.0,710.5,2550240.0
000451150,왕십리역(5호선),동대문영업사업소,시민용,왕십리역,2013-05-31,2013,5,2013-05,정기분,수납 완료,1590.0,795.0,2861200.0
000451150,왕십리역(5호선),동대문영업사업소,시민용,왕십리역,2013-07-31,2013,7,2013-07,정기분,수납 완료,2219.0,1109.5,4018560.0
000451150,왕십리역(5호선),동대문영업사업소,시민용,왕십리역,2013-09-30,2013,9,2013-09,정기분,수납 완료,2558.0,1279.0,4642320.0
000451150,왕십리역(5호선),동대문영업사업소,시민용,왕십리역,2013-11-30,2013,11,2013-11,정기분,수납 완료,2790.0,1395.0,5069200.0
000451150,왕십리역(5호선),동대문영업사업소,시민용,왕십리역,2014-01-31,2014,1,2014-01,정기분,수납 완료,2293.0,1146.5,4154720.0
000451150,왕십리역(5호선),동대문영업사업소,시민용,왕십리역,2014-03-31,2014,3,2014-03,정기분,수납 완료,1834.0,917.0,3591600.0
000451150,왕십리역(5호선),동대문영업사업소,시민용,왕십리역,2014-05-31,2014,5,2014-05,정기분,수납 완료,1904.0,952.0,3731600.0
000451150,왕십리역(5호선),동대문영업사업소,시민용,왕십리역,2014-07-31,2014,7,2014-07,정기분,수납 완료,2486.0,1243.0,4895600.0
000451150,왕십리역(5호선),동대문영업사업소,시민용,왕십리역,2014-09-30,2014,9,2014-09,정기분,수납 완료,3527.0,1763.5,6977600.0
000451150,왕십리역(5호선),동대문영업사업소,시민용,왕십리역,2014-11-30,2014,11,2014-11,정기분,수납 완료,2536.0,1268.0,4995600.0
000451150,왕십리역(5호선),동대문영업사업소,시민용,왕십리역,2015-01-31,2015,1,2015-01,정기분,수납 완료,1764.0,882.0,3451600.0
000451150,왕십리역(5호선),동대문영업사업소,시민용,왕십리역,2015-03-31,2015,3,2015-03,정기분,수납 완료,1455.0,727.5,2833600.0
000451150,왕십리역(5호선),동대문영업사업소,시민용,왕십리역,2015-05-31,2015,5,2015-05,정기분,수납 완료,1637.0,818.5,3197600.0
000451150,왕십리역(5호선),동대문영업사업소,시민용,왕십리역,2015-07-31,2015,7,2015-07,정기분,수납 완료,2391.0,1195.5,4705600.0
000451150,왕십리역(5호선),동대문영업사업소,시민용,왕십리역,2015-09-30,2015,9,2015-09,정기분,수납 완료,4587.0,2293.5,9097600.0
000451150,왕십리역(5호선),동대문영업사업소,시민용,왕십리역,2015-11-30,2015,11,2015-11,정기분,수납 완료,3749.0,1874.5,7421600.0
000451150,왕십리역(5호선),동대문영업사업소,시민용,왕십리역,2016-01-31,2016,1,2016-01,정기분,수납 완료,2550.0,1275.0,5023600.0
000451150,왕십리역(5호선),동대문영업사업소,시민용,왕십리역,2016-03-31,2016,3,2016-03,정기분,수납 완료,1935.0,967.5,3793600.0
000451150,왕십리역(5호선),동대문영업사업소,시민용,왕십리역,2016-05-31,2016,5,2016-05,정기분,수납 완료,2107.0,1053.5,4137600.0
000451150,왕십리역(5호선),동대문영업사업소,시민용,왕십리역,2016-07-31,2016,7,2016-07,정기분,수납 완료,3256.0,1628.0,6435600.0
000451150,왕십리역(5호선),동대문영업사업소,시민용,왕십리역,2016-09-30,2016,9,2016-09,정기분,수납 완료,5908.0,2954.0,11739600.0
000451150,왕십리역(5호선),동대문영업사업소,시민용,왕십리역,2016-11-30,2016,11,2016-11,정기분,수납 완료,4549.0,2274.5,9021600.0
000451150,왕십리역(5호선),동대문영업사업소,시민용,왕십리역,2017-01-31,2017,1,2017-01,정기분,수납 완료,4464.0,2232.0,8851600.0
000451150,왕십리역(5호선),동대문영업사업소,시민용,왕십리역,2017-03-31,2017,3,2017-03,정기분,수납 완료,1935.0,967.5,3947350.0
000451150,왕십리역(5호선),동대문영업사업소,시민용,왕십리역,2017-05-31,2017,5,2017-05,정기분,수납 완료,2321.0,1160.5,4788700.0
000451150,왕십리역(5호선),동대문영업사업소,시민용,왕십리역,2017-07-31,2017,7,2017-07,정기분,수납 완료,3459.0,1729.5,7178500.0
000451150,왕십리역(5호선),동대문영업사업소,시민용,왕십리역,2017-09-30,2017,9,2017-09,정기분,수납 완료,6311.0,3155.5,13167700.0
000451150,왕십리역(5호선),동대문영업사업소,시민용,왕십리역,2017-11-30,2017,11,2017-11,정기분,수납 완료,4461.0,2230.5,9282700.0
000451150,왕십리역(5호선),동대문영업사업소,시민용,왕십리역,2018-01-31,2018,1,2018-01,정기분,수납 완료,2536.0,1268.0,5240200.0
000451150,왕십리역(5호선),동대문영업사업소,시민용,왕십리역,2018-03-31,2018,3,2018-03,정기분,수납 완료,2530.0,1265.0,5452450.0
000451150,왕십리역(5호선),동대문영업사업소,시민용,왕십리역,2018-05-31,2018,5,2018-05,정기분,수납 완료,2323.0,1161.5,5033430.0
000451150,왕십리역(5호선),동대문영업사업소,시민용,왕십리역,2018-07-31,2018,7,2018-07,정기분,수납 완료,2800.0,1400.0,6087600.0
000451150,왕십리역(5호선),동대문영업사업소,시민용,왕십리역,2018-09-30,2018,9,2018-09,정기분,수납 완료,5890.0,2945.0,12916500.0
000451150,왕십리역(5호선),동대문영업사업소,시민용,왕십리역,2018-11-30,2018,11,2018-11,정기분,수납 완료,3796.0,1898.0,8288760.0
000451150,왕십리역(5호선),동대문영업사업소,시민용,왕십리역,2019-01-31,2019,1,2019-01,정기분,수납 완료,2314.0,1157.0,5013540.0
000451150,왕십리역(5호선),동대문영업사업소,시민용,왕십리역,2019-03-31,2019,3,2019-03,정기분,수납 완료,2260.0,1130.0,5116070.0
000451150,왕십리역(5호선),동대문영업사업소,시민용,왕십리역,2019-05-31,2019,5,2019-05,정기분,수납 완료,2120.0,1060.0,4828200.0
000451150,왕십리역(5호선),동대문영업사업소,시민용,왕십리역,2019-07-31,2019,7,2019-07,정기분,수납 완료,3263.0,1631.5,7491390.0
000451150,왕십리역(5호선),동대문영업사업소,시민용,왕십리역,2019-09-30,2019,9,2019-09,정기분,수납 완료,6096.0,3048.0,14092280.0
000451150,왕십리역(5호선),동대문영업사업소,시민용,왕십리역,2019-11-30,2019,11,2019-11,정기분,수납 완료,4328.0,2164.0,9972840.0
000451150,왕십리역(5호선),동대문영업사업소,시민용,왕십리역,2020-01-31,2020,1,2020-01,정기분,수납 완료,2353.0,1176.5,5371090.0
000451150,왕십리역(5호선),동대문영업사업소,시민용,왕십리역,2020-03-31,2020,3,2020-03,정기분,수납 완료,2696.0,1348.0,6170280.0
000451150,왕십리역(5호선),동대문영업사업소,시민용,왕십리역,2020-05-31,2020,5,2020-05,정기분,수납 완료,1648.0,824.0,3728440.0
000451150,왕십리역(5호선),동대문영업사업소,시민용,왕십리역,2020-07-31,2020,7,2020-07,정기분,수납 완료,2246.0,1123.0,5121780.0
000451150,왕십리역(5호선),동대문영업사업소,시민용,왕십리역,2020-09-30,2020,9,2020-09,정기분,수납 완료,4070.0,2035.0,9371700.0
000451150,왕십리역(5호선),동대문영업사업소,시민용,왕십리역,2020-11-30,2020,11,2020-11,정기분,수납 완료,2930.0,1465.0,6715500.0
000451150,왕십리역(5호선),동대문영업사업소,시민용,왕십리역,2021-01-31,2021,1,2021-01,정기분,수납 완료,1617.0,808.5,3656210.0
000451150,왕십리역(5호선),동대문영업사업소,시민용,왕십리역,2021-03-31,2021,3,2021-03,정기분,수납 완료,1630.0,815.0,3686500.0
000451150,왕십리역(5호선),동대문영업사업소,시민용,왕십리역,2021-05-31,2021,5,2021-05,정기분,수납 완료,1917.0,958.5,4349350.0
000451150,왕십리역(5호선),동대문영업사업소,시민용,왕십리역,2021-07-31,2021,7,2021-07,정기분,수납 완료,2518.0,1259.0,5755540.0
000451150,왕십리역(5호선),동대문영업사업소,시민용,왕십리역,2021-09-30,2021,9,2021-09,정기분,수납 완료,4420.0,2210.0,11072200.0
000451150,왕십리역(5호선),동대문영업사업소,시민용,왕십리역,2021-11-30,2021,11,2021-11,정기분,수납 완료,2988.0,1494.0,7482120.0
000451150,왕십리역(5호선),동대문영업사업소,시민용,왕십리역,2022-01-31,2022,1,2022-01,정기분,수납 완료,1900.0,950.0,4718600.0
000451150,왕십리역(5호선),동대문영업사업소,시민용,왕십리역,2022-03-31,2022,3,2022-03,정기분,수납 완료,1946.0,973.0,5102850.0
000451150,왕십리역(5호선),동대문영업사업소,시민용,왕십리역,2022-05-31,2022,5,2022-05,정기분,수납 완료,1811.0,905.5,4763750.0
000451150,왕십리역(5호선),동대문영업사업소,시민용,왕십리역,2022-07-31,2022,7,2022-07,정기분,수납 완료,2324.0,1162.0,6123200.0
000451150,왕십리역(5호선),동대문영업사업소,시민용,왕십리역,2022-09-30,2022,9,2022-09,정기분,수납 완료,5018.0,2509.0,13262300.0
000451150,왕십리역(5호선),동대문영업사업소,시민용,왕십리역,2022-11-30,2022,11,2022-11,정기분,수납 완료,3178.0,1589.0,7594280.0
000451150,왕십리역(5호선),동대문영업사업소,시민용,왕십리역,2023-01-31,2023,1,2023-01,정기분,수납 완료,2218.0,1109.0,5842300.0
000451150,왕십리역(5호선),동대문영업사업소,시민용,왕십리역,2023-03-31,2023,3,2023-03,정기분,수납 완료,2051.0,1025.5,6718550.0
000451150,왕십리역(5호선),동대문영업사업소,시민용,왕십리역,2023-05-31,2023,5,2023-05,정기분,수납 완료,1819.0,909.5,6036440.0
000451150,왕십리역(5호선),동대문영업사업소,시민용,왕십리역,2023-07-31,2023,7,2023-07,정기분,수납 완료,2574.0,1287.0,8636380.0
000451150,왕십리역(5호선),동대문영업사업소,시민용,왕십리역,2023-09-30,2023,9,2023-09,정기분,수납 완료,4355.0,2177.5,14816450.0
000451150,왕십리역(5호선),동대문영업사업소,시민용,왕십리역,2023-11-30,2023,11,2023-11,정기분,수납 완료,3131.0,1565.5,10569170.0
000451150,왕십리역(5호선),동대문영업사업소,시민용,왕십리역,2024-01-31,2024,1,2024-01,정기분,수납 완료,2390.0,1195.0,7997900.0
000451150,왕십리역(5호선),동대문영업사업소,시민용,왕십리역,2024-03-31,2024,3,2024-03,정기분,수납 완료,2686.0,1343.0,9025020.0
000451150,왕십리역(5호선),동대문영업사업소,시민용,왕십리역,2024-05-31,2024,5,2024-05,정기분,수납 완료,1975.0,987.5,6560600.0
000451150,왕십리역(5호선),동대문영업사업소,시민용,왕십리역,2024-07-31,2024,7,2024-07,정기분,수납 완료,2425.0,1212.5,8119350.0
000451150,왕십리역(5호선),동대문영업사업소,시민용,왕십리역,2024-09-30,2024,9,2024-09,정기분,수납 완료,4556.0,2278.0,15513920.0
000451150,왕십리역(5호선),동대문영업사업소,시민용,왕십리역,2024-11-30,2024,11,2024-11,정기분,수납 완료,4470.0,2235.0,15215500.0
000451150,왕십리역(5호선),동대문영업사업소,시민용,왕십리역,2025-01-31,2025,1,2025-01,정기분,수납 완료,2343.0,1171.5,7834810.0
000451150,왕십리역(5호선),동대문영업사업소,시민용,왕십리역,2025-03-31,2025,3,2025-03,정기분,수납 완료,1779.0,889.5,5902040.0
000451150,왕십리역(5호선),동대문영업사업소,시민용,왕십리역,2025-05-31,2025,5,2025-05,정기분,수납 완료,1735.0,867.5,5754200.0
000451150,왕십리역(5호선),동대문영업사업소,시민용,왕십리역,2025-07-31,2025,7,2025-07,정기분,수납 완료,2252.0,1126.0,7518040.0
000451150,왕십리역(5호선),동대문영업사업소,시민용,왕십리역,2025-09-30,2025,9,2025-09,정기분,수납 완료,5538.0,2769.0,18920460.0
000451150,왕십리역(5호선),동대문영업사업소,시민용,왕십리역,2025-11-30,2025,11,2025-11,정기분,수납 완료,4217.0,2108.5,14336590.0
000451150,왕십리역(5호선),동대문영업사업소,시민용,왕십리역,2026-01-31,2026,1,2026-01,정기분,수납 완료,2178.0,1089.0,7261260.0
000451150,왕십리역(5호선),동대문영업사업소,시민용,왕십리역,2026-03-31,2026,3,2026-03,정기분,수납 완료,1947.0,973.5,6798350.0
000451150,왕십리역(5호선),동대문영업사업소,시민용,왕십리역,2026-05-31,2026,5,2026-05,정기분,미납,1992.0,996.0,6987080.0
032864224,월드컵경기장(성산)역,성산영업사업소,,월드컵경기장(성산)역,2008-07-31,2008,7,2008-07,정기분,수납 완료,850.0,425.0,1088600.0
032864224,월드컵경기장(성산)역,성산영업사업소,,월드컵경기장(성산)역,2008-09-30,2008,9,2008-09,정기분,수납 완료,273.0,136.5,392550.0
032864224,월드컵경기장(성산)역,성산영업사업소,,월드컵경기장(성산)역,2008-11-30,2008,11,2008-11,정기분,수납 완료,850.0,425.0,1088520.0
032864224,월드컵경기장(성산)역,성산영업사업소,,월드컵경기장(성산)역,2009-01-31,2009,1,2009-01,정기분,수납 완료,729.0,364.5,933720.0
032864224,월드컵경기장(성산)역,성산영업사업소,,월드컵경기장(성산)역,2009-03-31,2009,3,2009-03,정기분,수납 완료,1173.0,586.5,1502040.0
032864224,월드컵경기장(성산)역,성산영업사업소,,월드컵경기장(성산)역,2009-05-31,2009,5,2009-05,정기분,수납 완료,1097.0,548.5,1404760.0
032864224,월드컵경기장(성산)역,성산영업사업소,,월드컵경기장(성산)역,2009-07-31,2009,7,2009-07,정기분,수납 완료,1885.0,942.5,2413400.0
032864224,월드컵경기장(성산)역,성산영업사업소,,월드컵경기장(성산)역,2009-09-30,2009,9,2009-09,정기분,수납 완료,1497.0,748.5,1916760.0
032864224,월드컵경기장(성산)역,성산영업사업소,,월드컵경기장(성산)역,2009-11-30,2009,11,2009-11,정기분,수납 완료,1912.0,956.0,2448020.0
032864224,월드컵경기장(성산)역,성산영업사업소,,월드컵경기장(성산)역,2010-01-31,2010,1,2010-01,정기분,수납 완료,1508.0,754.0,1930840.0
032864224,월드컵경기장(성산)역,성산영업사업소,,월드컵경기장(성산)역,2010-03-31,2010,3,2010-03,정기분,수납 완료,1017.0,508.5,1302360.0
032864224,월드컵경기장(성산)역,성산영업사업소,,월드컵경기장(성산)역,2010-05-31,2010,5,2010-05,정기분,수납 완료,1675.0,837.5,2144600.0
032864224,월드컵경기장(성산)역,성산영업사업소,,월드컵경기장(성산)역,2010-07-31,2010,7,2010-07,정기분,수납 완료,1698.0,849.0,2174040.0
032864224,월드컵경기장(성산)역,성산영업사업소,,월드컵경기장(성산)역,2010-09-30,2010,9,2010-09,정기분,수납 완료,3116.0,1558.0,3989080.0
032864224,월드컵경기장(성산)역,성산영업사업소,,월드컵경기장(성산)역,2010-11-30,2010,11,2010-11,정기분,수납 완료,1968.0,984.0,2519640.0
032864224,월드컵경기장(성산)역,성산영업사업소,,월드컵경기장(성산)역,2011-01-31,2011,1,2011-01,정기분,수납 완료,1214.0,607.0,1554520.0
032864224,월드컵경기장(성산)역,성산영업사업소,,월드컵경기장(성산)역,2011-03-31,2011,3,2011-03,정기분,수납 완료,930.0,465.0,1200300.0
032864224,월드컵경기장(성산)역,성산영업사업소,,월드컵경기장(성산)역,2011-05-31,2011,5,2011-05,정기분,수납 완료,971.0,485.5,1253190.0
032864224,월드컵경기장(성산)역,성산영업사업소,,월드컵경기장(성산)역,2011-07-31,2011,7,2011-07,정기분,수납 완료,1036.0,518.0,1337040.0
032864224,월드컵경기장(성산)역,성산영업사업소,,월드컵경기장(성산)역,2011-09-30,2011,9,2011-09,정기분,수납 완료,1031.0,515.5,1330590.0
032864224,월드컵경기장(성산)역,성산영업사업소,,월드컵경기장(성산)역,2011-11-30,2011,11,2011-11,정기분,수납 완료,1535.0,767.5,1980750.0
032864224,월드컵경기장(성산)역,성산영업사업소,,월드컵경기장(성산)역,2012-01-31,2012,1,2012-01,정기분,수납 완료,1060.0,530.0,1368000.0
032864224,월드컵경기장(성산)역,성산영업사업소,,월드컵경기장(성산)역,2012-03-31,2012,3,2012-03,정기분,수납 완료,960.0,480.0,1536000.0
032864224,월드컵경기장(성산)역,성산영업사업소,,월드컵경기장(성산)역,2012-05-31,2012,5,2012-05,정기분,수납 완료,1121.0,560.5,1800040.0
032864224,월드컵경기장(성산)역,성산영업사업소,,월드컵경기장(성산)역,2012-07-31,2012,7,2012-07,정기분,수납 완료,1300.0,650.0,2093600.0
032864224,월드컵경기장(성산)역,성산영업사업소,,월드컵경기장(성산)역,2012-09-30,2012,9,2012-09,정기분,수납 완료,1173.0,586.5,1885320.0
032864224,월드컵경기장(성산)역,성산영업사업소,,월드컵경기장(성산)역,2012-11-30,2012,11,2012-11,정기분,수납 완료,1428.0,714.0,2303520.0
032864224,월드컵경기장(성산)역,성산영업사업소,,월드컵경기장(성산)역,2013-01-31,2013,1,2013-01,정기분,수납 완료,879.0,439.5,1403160.0
032864224,월드컵경기장(성산)역,성산영업사업소,,월드컵경기장(성산)역,2013-03-31,2013,3,2013-03,정기분,수납 완료,787.0,393.5,1383680.0
032864224,월드컵경기장(성산)역,성산영업사업소,,월드컵경기장(성산)역,2013-05-31,2013,5,2013-05,정기분,수납 완료,1007.0,503.5,1788480.0
032864224,월드컵경기장(성산)역,성산영업사업소,,월드컵경기장(성산)역,2013-07-31,2013,7,2013-07,정기분,수납 완료,1240.0,620.0,2217200.0
032864224,월드컵경기장(성산)역,성산영업사업소,,월드컵경기장(성산)역,2013-09-30,2013,9,2013-09,정기분,수납 완료,1239.0,619.5,2215360.0
032864224,월드컵경기장(성산)역,성산영업사업소,,월드컵경기장(성산)역,2013-11-30,2013,11,2013-11,정기분,수납 완료,1640.0,820.0,2953200.0
032864224,월드컵경기장(성산)역,성산영업사업소,,월드컵경기장(성산)역,2014-01-31,2014,1,2014-01,정기분,수납 완료,1290.0,645.0,2309200.0
032864224,월드컵경기장(성산)역,성산영업사업소,,월드컵경기장(성산)역,2014-03-31,2014,3,2014-03,정기분,수납 완료,908.0,454.0,1739600.0
032864224,월드컵경기장(성산)역,성산영업사업소,,월드컵경기장(성산)역,2014-05-31,2014,5,2014-05,정기분,수납 완료,1241.0,620.5,2405600.0
032864224,월드컵경기장(성산)역,성산영업사업소,,월드컵경기장(성산)역,2014-07-31,2014,7,2014-07,정기분,수납 완료,1094.0,547.0,2111600.0
032864224,월드컵경기장(성산)역,성산영업사업소,,월드컵경기장(성산)역,2014-09-30,2014,9,2014-09,정기분,수납 완료,1091.0,545.5,2105600.0
032864224,월드컵경기장(성산)역,성산영업사업소,,월드컵경기장(성산)역,2014-11-30,2014,11,2014-11,정기분,수납 완료,1431.0,715.5,2785600.0
032864224,월드컵경기장(성산)역,성산영업사업소,,월드컵경기장(성산)역,2015-01-31,2015,1,2015-01,정기분,수납 완료,900.0,450.0,1723600.0
032864224,월드컵경기장(성산)역,성산영업사업소,,월드컵경기장(성산)역,2015-03-31,2015,3,2015-03,정기분,수납 완료,653.0,326.5,1229600.0
032864224,월드컵경기장(성산)역,성산영업사업소,,월드컵경기장(성산)역,2015-05-31,2015,5,2015-05,정기분,수납 완료,849.0,424.5,1621600.0
032864224,월드컵경기장(성산)역,성산영업사업소,,월드컵경기장(성산)역,2015-07-31,2015,7,2015-07,정기분,수납 완료,1733.0,866.5,3389600.0
032864224,월드컵경기장(성산)역,성산영업사업소,,월드컵경기장(성산)역,2015-09-30,2015,9,2015-09,정기분,수납 완료,1712.0,856.0,3347600.0
032864224,월드컵경기장(성산)역,성산영업사업소,,월드컵경기장(성산)역,2015-11-30,2015,11,2015-11,정기분,수납 완료,1603.0,801.5,3129600.0
032864224,월드컵경기장(성산)역,성산영업사업소,,월드컵경기장(성산)역,2016-01-31,2016,1,2016-01,정기분,수납 완료,878.0,439.0,1679600.0
032864224,월드컵경기장(성산)역,성산영업사업소,,월드컵경기장(성산)역,2016-03-31,2016,3,2016-03,정기분,수납 완료,703.0,351.5,1329600.0
032864224,월드컵경기장(성산)역,성산영업사업소,,월드컵경기장(성산)역,2016-05-31,2016,5,2016-05,정기분,수납 완료,970.0,485.0,1863600.0
032864224,월드컵경기장(성산)역,성산영업사업소,,월드컵경기장(성산)역,2016-07-31,2016,7,2016-07,정기분,수납 완료,1189.0,594.5,2301600.0
032864224,월드컵경기장(성산)역,성산영업사업소,,월드컵경기장(성산)역,2016-09-30,2016,9,2016-09,정기분,수납 완료,1145.0,572.5,2213600.0
032864224,월드컵경기장(성산)역,성산영업사업소,,월드컵경기장(성산)역,2016-11-30,2016,11,2016-11,정기분,수납 완료,783.0,391.5,1489600.0
032864224,월드컵경기장(성산)역,성산영업사업소,,월드컵경기장(성산)역,2017-01-31,2017,1,2017-01,정기분,수납 완료,900.0,450.0,1728420.0
032864224,월드컵경기장(성산)역,성산영업사업소,,월드컵경기장(성산)역,2017-03-31,2017,3,2017-03,정기분,수납 완료,1682.0,841.0,3408940.0
032864224,월드컵경기장(성산)역,성산영업사업소,,월드컵경기장(성산)역,2017-05-31,2017,5,2017-05,정기분,수납 완료,981.0,490.5,1978890.0
032864224,월드컵경기장(성산)역,성산영업사업소,,월드컵경기장(성산)역,2017-07-31,2017,7,2017-07,정기분,수납 완료,1185.0,592.5,2403100.0
032864224,월드컵경기장(성산)역,성산영업사업소,,월드컵경기장(성산)역,2017-09-30,2017,9,2017-09,정기분,수납 완료,1141.0,570.5,2310700.0
032864224,월드컵경기장(성산)역,성산영업사업소,,월드컵경기장(성산)역,2017-11-30,2017,11,2017-11,정기분,수납 완료,1786.0,893.0,3665200.0
032864224,월드컵경기장(성산)역,성산영업사업소,,월드컵경기장(성산)역,2018-01-31,2018,1,2018-01,정기분,수납 완료,1407.0,703.5,2869530.0
032864224,월드컵경기장(성산)역,성산영업사업소,,월드컵경기장(성산)역,2018-03-31,2018,3,2018-03,정기분,수납 완료,641.0,320.5,1316210.0
032864224,월드컵경기장(성산)역,성산영업사업소,,월드컵경기장(성산)역,2018-05-31,2018,5,2018-05,정기분,수납 완료,832.0,416.0,1741130.0
032864224,월드컵경기장(성산)역,성산영업사업소,,월드컵경기장(성산)역,2018-07-31,2018,7,2018-07,정기분,수납 완료,1175.0,587.5,2496350.0
032864224,월드컵경기장(성산)역,성산영업사업소,,월드컵경기장(성산)역,2018-09-30,2018,9,2018-09,정기분,수납 완료,1455.0,727.5,3115150.0
032864224,월드컵경기장(성산)역,성산영업사업소,,월드컵경기장(성산)역,2018-11-30,2018,11,2018-11,정기분,수납 완료,1662.0,831.0,3572620.0
032864224,월드컵경기장(성산)역,성산영업사업소,,월드컵경기장(성산)역,2019-01-31,2019,1,2019-01,정기분,수납 완료,1097.0,548.5,2323770.0
032864224,월드컵경기장(성산)역,성산영업사업소,,월드컵경기장(성산)역,2019-03-31,2019,3,2019-03,정기분,수납 완료,896.0,448.0,1976280.0
032864224,월드컵경기장(성산)역,성산영업사업소,,월드컵경기장(성산)역,2019-05-31,2019,5,2019-05,정기분,수납 완료,1242.0,621.0,2782460.0
032864224,월드컵경기장(성산)역,성산영업사업소,,월드컵경기장(성산)역,2019-07-31,2019,7,2019-07,정기분,수납 완료,1516.0,758.0,3420880.0
032864224,월드컵경기장(성산)역,성산영업사업소,,월드컵경기장(성산)역,2019-09-30,2019,9,2019-09,정기분,수납 완료,1851.0,925.5,4201430.0
032864224,월드컵경기장(성산)역,성산영업사업소,,월드컵경기장(성산)역,2019-11-30,2019,11,2019-11,정기분,수납 완료,2655.0,1327.5,6074750.0
032864224,월드컵경기장(성산)역,성산영업사업소,,월드컵경기장(성산)역,2020-01-31,2020,1,2020-01,정기분,수납 완료,1891.0,945.5,4294630.0
032864224,월드컵경기장(성산)역,성산영업사업소,,월드컵경기장(성산)역,2020-03-31,2020,3,2020-03,정기분,수납 완료,1730.0,865.0,3919500.0
032864224,월드컵경기장(성산)역,성산영업사업소,,월드컵경기장(성산)역,2020-05-31,2020,5,2020-05,정기분,수납 완료,2344.0,1172.0,5350120.0
032864224,월드컵경기장(성산)역,성산영업사업소,,월드컵경기장(성산)역,2020-07-31,2020,7,2020-07,정기분,수납 완료,2769.0,1384.5,6340370.0
032864224,월드컵경기장(성산)역,성산영업사업소,,월드컵경기장(성산)역,2020-09-30,2020,9,2020-09,정기분,수납 완료,3830.0,1915.0,8812500.0
032864224,월드컵경기장(성산)역,성산영업사업소,,월드컵경기장(성산)역,2020-11-30,2020,11,2020-11,정기분,수납 완료,2831.0,1415.5,1864070.0
032864224,월드컵경기장(성산)역,성산영업사업소,,월드컵경기장(성산)역,2021-01-31,2021,1,2021-01,정기분,수납 완료,785.0,392.5,1717650.0
032864224,월드컵경기장(성산)역,성산영업사업소,,월드컵경기장(성산)역,2021-03-31,2021,3,2021-03,정기분,수납 완료,834.0,417.0,1831820.0
032864224,월드컵경기장(성산)역,성산영업사업소,,월드컵경기장(성산)역,2021-05-31,2021,5,2021-05,정기분,수납 완료,909.0,454.5,2006570.0
032864224,월드컵경기장(성산)역,성산영업사업소,,월드컵경기장(성산)역,2021-07-31,2021,7,2021-07,정기분,수납 완료,997.0,498.5,2211610.0
032864224,월드컵경기장(성산)역,성산영업사업소,,월드컵경기장(성산)역,2021-09-30,2021,9,2021-09,정기분,수납 완료,1045.0,522.5,2546900.0
032864224,월드컵경기장(성산)역,성산영업사업소,,월드컵경기장(성산)역,2021-11-30,2021,11,2021-11,정기분,수납 완료,1220.0,610.0,2991400.0
032864224,월드컵경기장(성산)역,성산영업사업소,,월드컵경기장(성산)역,2022-01-31,2022,1,2022-01,정기분,수납 완료,790.0,395.0,1899200.0
032864224,월드컵경기장(성산)역,성산영업사업소,,월드컵경기장(성산)역,2022-03-31,2022,3,2022-03,정기분,수납 완료,665.0,332.5,1726850.0
032864224,월드컵경기장(성산)역,성산영업사업소,,월드컵경기장(성산)역,2022-05-31,2022,5,2022-05,정기분,수납 완료,903.0,451.5,2357550.0
032864224,월드컵경기장(성산)역,성산영업사업소,,월드컵경기장(성산)역,2022-07-31,2022,7,2022-07,정기분,수납 완료,1513.0,756.5,3974050.0
032864224,월드컵경기장(성산)역,성산영업사업소,,월드컵경기장(성산)역,2022-09-30,2022,9,2022-09,정기분,수납 완료,2297.0,1148.5,6051650.0
032864224,월드컵경기장(성산)역,성산영업사업소,,월드컵경기장(성산)역,2022-11-30,2022,11,2022-11,정기분,수납 완료,1910.0,955.0,5026100.0
032864224,월드컵경기장(성산)역,성산영업사업소,,월드컵경기장(성산)역,2023-01-31,2023,1,2023-01,정기분,수납 완료,1702.0,851.0,4474900.0
032864224,월드컵경기장(성산)역,성산영업사업소,,월드컵경기장(성산)역,2023-03-31,2023,3,2023-03,정기분,수납 완료,1538.0,769.0,5092280.0
032864224,월드컵경기장(성산)역,성산영업사업소,,월드컵경기장(성산)역,2023-05-31,2023,5,2023-05,정기분,수납 완료,1864.0,932.0,6187640.0
032864224,월드컵경기장(성산)역,성산영업사업소,,월드컵경기장(성산)역,2023-07-31,2023,7,2023-07,정기분,수납 완료,2163.0,1081.5,7210210.0
032864224,월드컵경기장(성산)역,성산영업사업소,,월드컵경기장(성산)역,2023-09-30,2023,9,2023-09,정기분,수납 완료,3253.0,1626.5,10992510.0
032864224,월드컵경기장(성산)역,성산영업사업소,,월드컵경기장(성산)역,2023-11-30,2023,11,2023-11,정기분,수납 완료,3873.0,1936.5,13143910.0
032864224,월드컵경기장(성산)역,성산영업사업소,,월드컵경기장(성산)역,2024-01-31,2024,1,2024-01,정기분,수납 완료,3790.0,1895.0,12855900.0
032864224,월드컵경기장(성산)역,성산영업사업소,,월드컵경기장(성산)역,2024-03-31,2024,3,2024-03,정기분,수납 완료,2781.0,1390.5,9354670.0
032864224,월드컵경기장(성산)역,성산영업사업소,,월드컵경기장(성산)역,2024-05-31,2024,5,2024-05,정기분,수납 완료,3090.0,1545.0,10426900.0
032864224,월드컵경기장(성산)역,성산영업사업소,,월드컵경기장(성산)역,2024-07-31,2024,7,2024-07,정기분,수납 완료,3568.0,1784.0,12085560.0
032864224,월드컵경기장(성산)역,성산영업사업소,,월드컵경기장(성산)역,2024-09-30,2024,9,2024-09,정기분,수납 완료,3586.0,1793.0,12148020.0
032864224,월드컵경기장(성산)역,성산영업사업소,,월드컵경기장(성산)역,2024-11-30,2024,11,2024-11,정기분,수납 완료,4516.0,2258.0,15375120.0
032864224,월드컵경기장(성산)역,성산영업사업소,,월드컵경기장(성산)역,2025-01-31,2025,1,2025-01,정기분,수납 완료,4316.0,2158.0,14681120.0
032864224,월드컵경기장(성산)역,성산영업사업소,,월드컵경기장(성산)역,2025-03-31,2025,3,2025-03,정기분,수납 완료,3960.0,1980.0,13445800.0
032864224,월드컵경기장(성산)역,성산영업사업소,,월드컵경기장(성산)역,2025-05-31,2025,5,2025-05,정기분,수납 완료,4431.0,2215.5,15080170.0
032864224,월드컵경기장(성산)역,성산영업사업소,,월드컵경기장(성산)역,2025-07-31,2025,7,2025-07,정기분,수납 완료,2541.0,1270.5,8520870.0
032864224,월드컵경기장(성산)역,성산영업사업소,,월드컵경기장(성산)역,2025-09-30,2025,9,2025-09,정기분,수납 완료,1758.0,879.0,5830480.0
032864224,월드컵경기장(성산)역,성산영업사업소,,월드컵경기장(성산)역,2025-11-30,2025,11,2025-11,정기분,수납 완료,1573.0,786.5,5208880.0
032864224,월드컵경기장(성산)역,성산영업사업소,,월드컵경기장(성산)역,2026-01-31,2026,1,2026-01,정기분,수납 완료,967.0,483.5,3172720.0
032864224,월드컵경기장(성산)역,성산영업사업소,,월드컵경기장(성산)역,2026-03-31,2026,3,2026-03,정기분,수납 완료,672.0,336.0,2314280.0
032864224,월드컵경기장(성산)역,성산영업사업소,,월드컵경기장(성산)역,2026-05-31,2026,5,2026-05,정기분,수납 완료,880.0,440.0,3050600.0
000315938,을지로3가역(2호선),동대문영업사업소,시민용,을지로3가2역,2008-06-30,2008,6,2008-06,정기분,수납 완료,1960.0,980.0,2532180.0
000315938,을지로3가역(2호선),동대문영업사업소,시민용,을지로3가2역,2008-07-31,2008,7,2008-07,정기분,수납 완료,2560.0,1280.0,791380.0
000315938,을지로3가역(2호선),동대문영업사업소,시민용,을지로3가2역,2008-08-31,2008,8,2008-08,정기분,수납 완료,1280.0,640.0,1661780.0
000315938,을지로3가역(2호선),동대문영업사업소,시민용,을지로3가2역,2008-09-30,2008,9,2008-09,정기분,수납 완료,2671.0,1335.5,1803860.0
000315938,을지로3가역(2호선),동대문영업사업소,시민용,을지로3가2역,2008-10-31,2008,10,2008-10,정기분,수납 완료,1336.0,668.0,1733460.0
000315938,을지로3가역(2호선),동대문영업사업소,시민용,을지로3가2역,2008-11-30,2008,11,2008-11,정기분,수납 완료,3329.0,1664.5,2574420.0
000315938,을지로3가역(2호선),동대문영업사업소,시민용,을지로3가2역,2008-12-31,2008,12,2008-12,정기분,수납 완료,1665.0,832.5,2154580.0
000315938,을지로3가역(2호선),동대문영업사업소,시민용,을지로3가2역,2009-01-31,2009,1,2009-01,정기분,수납 완료,2684.0,1342.0,1327700.0
000315938,을지로3가역(2호선),동대문영업사업소,시민용,을지로3가2역,2009-02-28,2009,2,2009-02,정기분,수납 완료,1342.0,671.0,1741140.0
000315938,을지로3가역(2호선),동대문영업사업소,시민용,을지로3가2역,2009-03-31,2009,3,2009-03,정기분,수납 완료,3815.0,1907.5,3188820.0
000315938,을지로3가역(2호선),동대문영업사업소,시민용,을지로3가2역,2009-04-30,2009,4,2009-04,정기분,수납 완료,1908.0,954.0,2465620.0
000315938,을지로3가역(2호선),동대문영업사업소,시민용,을지로3가2역,2009-05-31,2009,5,2009-05,정기분,수납 완료,3805.0,1902.5,2401560.0
000315938,을지로3가역(2호선),동대문영업사업소,시민용,을지로3가2역,2009-06-30,2009,6,2009-06,정기분,수납 완료,1903.0,951.5,2409240.0
000315938,을지로3가역(2호선),동대문영업사업소,시민용,을지로3가2역,2009-07-31,2009,7,2009-07,정기분,수납 완료,3689.0,1844.5,2259480.0
000315938,을지로3가역(2호선),동대문영업사업소,시민용,을지로3가2역,2009-08-31,2009,8,2009-08,정기분,수납 완료,1845.0,922.5,2335000.0
000315938,을지로3가역(2호선),동대문영업사업소,시민용,을지로3가2역,2009-09-30,2009,9,2009-09,정기분,수납 완료,4440.0,2220.0,3295000.0
000315938,을지로3가역(2호선),동대문영업사업소,시민용,을지로3가2역,2009-10-31,2009,10,2009-10,정기분,수납 완료,2220.0,1110.0,2815000.0
000315938,을지로3가역(2호선),동대문영업사업소,시민용,을지로3가2역,2009-11-30,2009,11,2009-11,정기분,수납 완료,2948.0,1474.0,956690.0
000315938,을지로3가역(2호선),동대문영업사업소,시민용,을지로3가2역,2009-12-31,2009,12,2009-12,정기분,수납 완료,1450.0,725.0,1879380.0
000315938,을지로3가역(2호선),동대문영업사업소,시민용,을지로3가2역,2010-01-31,2010,1,2010-01,정기분,수납 완료,3839.0,1919.5,3081300.0
000315938,을지로3가역(2호선),동대문영업사업소,시민용,을지로3가2역,2010-02-28,2010,2,2010-02,정기분,수납 완료,1920.0,960.0,2480980.0
000315938,을지로3가역(2호선),동대문영업사업소,시민용,을지로3가2역,2010-03-31,2010,3,2010-03,정기분,수납 완료,3966.0,1983.0,2642260.0
000315938,을지로3가역(2호선),동대문영업사업소,시민용,을지로3가2역,2010-04-30,2010,4,2010-04,정기분,수납 완료,1983.0,991.5,2561620.0
000315938,을지로3가역(2호선),동대문영업사업소,시민용,을지로3가2역,2010-05-31,2010,5,2010-05,정기분,수납 완료,4047.0,2023.5,2665300.0
000315938,을지로3가역(2호선),동대문영업사업소,시민용,을지로3가2역,2010-06-30,2010,6,2010-06,정기분,수납 완료,2024.0,1012.0,2614100.0
000315938,을지로3가역(2호선),동대문영업사업소,시민용,을지로3가2역,2010-07-31,2010,7,2010-07,정기분,수납 완료,4796.0,2398.0,3571540.0
000315938,을지로3가역(2호선),동대문영업사업소,시민용,을지로3가2역,2010-08-31,2010,8,2010-08,정기분,수납 완료,2398.0,1199.0,3092820.0
000315938,을지로3가역(2호선),동대문영업사업소,시민용,을지로3가2역,2010-09-30,2010,9,2010-09,정기분,수납 완료,5051.0,2525.5,3419220.0
000315938,을지로3가역(2호선),동대문영업사업소,시민용,을지로3가2역,2010-10-31,2010,10,2010-10,정기분,수납 완료,2526.0,1263.0,3256660.0
000315938,을지로3가역(2호선),동대문영업사업소,시민용,을지로3가2역,2010-11-30,2010,11,2010-11,정기분,수납 완료,3281.0,1640.5,989780.0
000315938,을지로3가역(2호선),동대문영업사업소,시민용,을지로3가2역,2010-12-31,2010,12,2010-12,정기분,수납 완료,1641.0,820.5,2123860.0
000315938,을지로3가역(2호선),동대문영업사업소,시민용,을지로3가2역,2011-01-31,2011,1,2011-01,정기분,수납 완료,2196.0,1098.0,683800.0
000315938,을지로3가역(2호선),동대문영업사업소,시민용,을지로3가2역,2011-02-28,2011,2,2011-02,정기분,수납 완료,1098.0,549.0,1388380.0
000315938,을지로3가역(2호선),동대문영업사업소,시민용,을지로3가2역,2011-03-31,2011,3,2011-03,정기분,수납 완료,2026.0,1013.0,1170640.0
000315938,을지로3가역(2호선),동대문영업사업소,시민용,을지로3가2역,2011-04-30,2011,4,2011-04,정기분,수납 완료,1013.0,506.5,1280170.0
000315938,을지로3가역(2호선),동대문영업사업소,시민용,을지로3가2역,2011-05-31,2011,5,2011-05,정기분,수납 완료,2265.0,1132.5,1588480.0
000315938,을지로3가역(2호선),동대문영업사업소,시민용,을지로3가2역,2011-06-30,2011,6,2011-06,정기분,수납 완료,1133.0,566.5,1434970.0
000315938,을지로3가역(2호선),동대문영업사업소,시민용,을지로3가2역,2011-07-31,2011,7,2011-07,정기분,수납 완료,3131.0,1565.5,2550820.0
000315938,을지로3가역(2호선),동대문영업사업소,시민용,을지로3가2역,2011-08-31,2011,8,2011-08,정기분,수납 완료,1566.0,783.0,1993540.0
000315938,을지로3가역(2호선),동대문영업사업소,시민용,을지로3가2역,2011-09-30,2011,9,2011-09,정기분,수납 완료,4446.0,2223.0,3724680.0
000315938,을지로3가역(2호선),동대문영업사업소,시민용,을지로3가2역,2011-10-31,2011,10,2011-10,정기분,수납 완료,2223.0,1111.5,2887610.0
000315938,을지로3가역(2호선),동대문영업사업소,시민용,을지로3가2역,2011-11-30,2011,11,2011-11,정기분,수납 완료,3374.0,1687.0,1459490.0
000315938,을지로3가역(2호선),동대문영업사업소,시민용,을지로3가2역,2011-12-31,2011,12,2011-12,정기분,수납 완료,1687.0,843.5,2173550.0
000315938,을지로3가역(2호선),동대문영업사업소,시민용,을지로3가2역,2012-01-31,2012,1,2012-01,정기분,수납 완료,2656.0,1328.0,1226270.0
000315938,을지로3가역(2호선),동대문영업사업소,시민용,을지로3가2역,2012-02-29,2012,2,2012-02,정기분,수납 완료,1328.0,664.0,1697700.0
000315938,을지로3가역(2호선),동대문영업사업소,시민용,을지로3가2역,2012-03-31,2012,3,2012-03,정기분,수납 완료,2546.0,1273.0,2301450.0
000315938,을지로3가역(2호선),동대문영업사업소,시민용,을지로3가2역,2012-04-30,2012,4,2012-04,정기분,수납 완료,1273.0,636.5,2060790.0
000315938,을지로3가역(2호선),동대문영업사업소,시민용,을지로3가2역,2012-05-31,2012,5,2012-05,정기분,수납 완료,2625.0,1312.5,2187090.0
000315938,을지로3가역(2호선),동대문영업사업소,시민용,을지로3가2역,2012-06-30,2012,6,2012-06,정기분,수납 완료,1313.0,656.5,2123130.0
000315938,을지로3가역(2호선),동대문영업사업소,시민용,을지로3가2역,2012-07-31,2012,7,2012-07,정기분,수납 완료,3733.0,1866.5,3938610.0
000315938,을지로3가역(2호선),동대문영업사업소,시민용,을지로3가2역,2012-08-31,2012,8,2012-08,정기분,수납 완료,1867.0,933.5,3031690.0
000315938,을지로3가역(2호선),동대문영업사업소,시민용,을지로3가2역,2012-09-30,2012,9,2012-09,정기분,수납 완료,4396.0,2198.0,4117370.0
000315938,을지로3가역(2호선),동대문영업사업소,시민용,을지로3가2역,2012-10-31,2012,10,2012-10,정기분,수납 완료,2198.0,1099.0,3574530.0
000315938,을지로3가역(2호선),동대문영업사업소,시민용,을지로3가2역,2012-11-30,2012,11,2012-11,정기분,수납 완료,3404.0,1702.0,1947650.0
000315938,을지로3가역(2호선),동대문영업사업소,시민용,을지로3가2역,2012-12-31,2012,12,2012-12,정기분,수납 완료,1702.0,851.0,2761090.0
000315938,을지로3가역(2호선),동대문영업사업소,시민용,을지로3가2역,2013-01-31,2013,1,2013-01,정기분,수납 완료,3108.0,1554.0,2275650.0
000315938,을지로3가역(2호선),동대문영업사업소,시민용,을지로3가2역,2013-02-28,2013,2,2013-02,정기분,수납 완료,1554.0,777.0,2518370.0
000315938,을지로3가역(2호선),동대문영업사업소,시민용,을지로3가2역,2013-03-31,2013,3,2013-03,정기분,수납 완료,2571.0,1285.5,2133630.0
000315938,을지로3가역(2호선),동대문영업사업소,시민용,을지로3가2역,2013-04-30,2013,4,2013-04,정기분,수납 완료,1286.0,643.0,2326920.0
000315938,을지로3가역(2호선),동대문영업사업소,시민용,을지로3가2역,2013-05-31,2013,5,2013-05,정기분,수납 완료,2262.0,1131.0,1756520.0
000315938,을지로3가역(2호선),동대문영업사업소,시민용,을지로3가2역,2013-06-30,2013,6,2013-06,정기분,수납 완료,1131.0,565.5,2041720.0
000315938,을지로3가역(2호선),동대문영업사업소,시민용,을지로3가2역,2013-07-31,2013,7,2013-07,정기분,수납 완료,3234.0,1617.0,3830200.0
000315938,을지로3가역(2호선),동대문영업사업소,시민용,을지로3가2역,2013-08-31,2013,8,2013-08,정기분,수납 완료,1617.0,808.5,2935960.0
000315938,을지로3가역(2호선),동대문영업사업소,시민용,을지로3가2역,2013-09-30,2013,9,2013-09,정기분,수납 완료,4898.0,2449.0,5997720.0
000315938,을지로3가역(2호선),동대문영업사업소,시민용,을지로3가2역,2013-10-31,2013,10,2013-10,정기분,수납 완료,2449.0,1224.5,4466840.0
000315938,을지로3가역(2호선),동대문영업사업소,시민용,을지로3가2역,2013-11-30,2013,11,2013-11,정기분,수납 완료,4230.0,2115.0,3237720.0
000315938,을지로3가역(2호선),동대문영업사업소,시민용,을지로3가2역,2013-12-31,2013,12,2013-12,정기분,수납 완료,2115.0,1057.5,3852280.0
000315938,을지로3가역(2호선),동대문영업사업소,시민용,을지로3가2역,2014-01-31,2014,1,2014-01,정기분,수납 완료,3174.0,1587.0,1909240.0
000315938,을지로3가역(2호선),동대문영업사업소,시민용,을지로3가2역,2014-02-28,2014,2,2014-02,정기분,수납 완료,1587.0,793.5,2880760.0
000315938,을지로3가역(2호선),동대문영업사업소,시민용,을지로3가2역,2014-03-31,2014,3,2014-03,정기분,수납 완료,2278.0,1139.0,1592340.0
000315938,을지로3가역(2호선),동대문영업사업소,시민용,을지로3가2역,2014-04-30,2014,4,2014-04,정기분,수납 완료,1139.0,569.5,2236550.0
000315938,을지로3가역(2호선),동대문영업사업소,시민용,을지로3가2역,2014-05-31,2014,5,2014-05,정기분,수납 완료,2368.0,1184.0,2416550.0
000315938,을지로3가역(2호선),동대문영업사업소,시민용,을지로3가2역,2014-06-30,2014,6,2014-06,정기분,수납 완료,1184.0,592.0,2326550.0
000315938,을지로3가역(2호선),동대문영업사업소,시민용,을지로3가2역,2014-07-31,2014,7,2014-07,정기분,수납 완료,3388.0,1694.0,4366550.0
000315938,을지로3가역(2호선),동대문영업사업소,시민용,을지로3가2역,2014-08-31,2014,8,2014-08,정기분,수납 완료,1694.0,847.0,3346550.0
000315938,을지로3가역(2호선),동대문영업사업소,시민용,을지로3가2역,2014-09-30,2014,9,2014-09,정기분,수납 완료,4558.0,2279.0,5686550.0
000315938,을지로3가역(2호선),동대문영업사업소,시민용,을지로3가2역,2014-10-31,2014,10,2014-10,정기분,수납 완료,2279.0,1139.5,4516550.0
000315938,을지로3가역(2호선),동대문영업사업소,시민용,을지로3가2역,2014-11-30,2014,11,2014-11,정기분,수납 완료,3860.0,1930.0,3120550.0
000315938,을지로3가역(2호선),동대문영업사업소,시민용,을지로3가2역,2014-12-31,2014,12,2014-12,정기분,수납 완료,1930.0,965.0,3832960.0
000315938,을지로3가역(2호선),동대문영업사업소,시민용,을지로3가2역,2015-01-31,2015,1,2015-01,정기분,수납 완료,2931.0,1465.5,1974960.0
000315938,을지로3가역(2호선),동대문영업사업소,시민용,을지로3가2역,2015-02-28,2015,2,2015-02,정기분,수납 완료,1466.0,733.0,2904960.0
000315938,을지로3가역(2호선),동대문영업사업소,시민용,을지로3가2역,2015-03-31,2015,3,2015-03,정기분,수납 완료,2011.0,1005.5,1091120.0
000315938,을지로3가역(2호선),동대문영업사업소,시민용,을지로3가2역,2015-04-30,2015,4,2015-04,정기분,수납 완료,1006.0,503.0,1999040.0
000315938,을지로3가역(2호선),동대문영업사업소,시민용,을지로3가2역,2015-05-31,2015,5,2015-05,정기분,수납 완료,2224.0,1112.0,2419520.0
000315938,을지로3가역(2호선),동대문영업사업소,시민용,을지로3가2역,2015-06-30,2015,6,2015-06,정기분,수납 완료,1112.0,556.0,2209280.0
000315938,을지로3가역(2호선),동대문영업사업소,시민용,을지로3가2역,2015-07-31,2015,7,2015-07,정기분,수납 완료,3531.0,1765.5,4852320.0
000315938,을지로3가역(2호선),동대문영업사업소,시민용,을지로3가2역,2015-08-31,2015,8,2015-08,정기분,수납 완료,1766.0,883.0,3531360.0
000315938,을지로3가역(2호선),동대문영업사업소,시민용,을지로3가2역,2015-09-30,2015,9,2015-09,정기분,수납 완료,4011.0,2005.5,4818480.0
000315938,을지로3가역(2호선),동대문영업사업소,시민용,을지로3가2역,2015-10-31,2015,10,2015-10,정기분,수납 완료,2006.0,1003.0,4175920.0
000315938,을지로3가역(2호선),동대문영업사업소,시민용,을지로3가2역,2015-11-30,2015,11,2015-11,정기분,수납 완료,3331.0,1665.5,2673120.0
000315938,을지로3가역(2호선),동대문영업사업소,시민용,을지로3가2역,2015-12-31,2015,12,2015-12,정기분,수납 완료,1666.0,833.0,3425520.0
000315938,을지로3가역(2호선),동대문영업사업소,시민용,을지로3가2역,2016-01-31,2016,1,2016-01,정기분,수납 완료,2592.0,1296.0,1864560.0
000315938,을지로3가역(2호선),동대문영업사업소,시민용,을지로3가2역,2016-02-29,2016,2,2016-02,정기분,수납 완료,1296.0,648.0,2592240.0
000315938,을지로3가역(2호선),동대문영업사업소,시민용,을지로3가2역,2016-03-31,2016,3,2016-03,정기분,수납 완료,1959.0,979.5,1431840.0
000315938,을지로3가역(2호선),동대문영업사업소,시민용,을지로3가2역,2016-04-30,2016,4,2016-04,정기분,수납 완료,980.0,490.0,2013040.0
000315938,을지로3가역(2호선),동대문영업사업소,시민용,을지로3가2역,2016-05-31,2016,5,2016-05,정기분,수납 완료,2179.0,1089.5,2451040.0
000315938,을지로3가역(2호선),동대문영업사업소,시민용,을지로3가2역,2016-06-30,2016,6,2016-06,정기분,수납 완료,1090.0,545.0,2233040.0
000315938,을지로3가역(2호선),동대문영업사업소,시민용,을지로3가2역,2016-07-31,2016,7,2016-07,정기분,수납 완료,2823.0,1411.5,3519040.0
000315938,을지로3가역(2호선),동대문영업사업소,시민용,을지로3가2역,2016-08-31,2016,8,2016-08,정기분,수납 완료,1412.0,706.0,3021400.0
000315938,을지로3가역(2호선),동대문영업사업소,시민용,을지로3가2역,2016-09-30,2016,9,2016-09,정기분,수납 완료,3497.0,1748.5,6874120.0
000315938,을지로3가역(2호선),동대문영업사업소,시민용,을지로3가2역,2016-10-31,2016,10,2016-10,정기분,수납 완료,1749.0,874.5,3552240.0
000315938,을지로3가역(2호선),동대문영업사업소,시민용,을지로3가2역,2016-11-30,2016,11,2016-11,정기분,수납 완료,2433.0,1216.5,1542160.0
000315938,을지로3가역(2호선),동대문영업사업소,시민용,을지로3가2역,2016-12-31,2016,12,2016-12,정기분,수납 완료,1217.0,608.5,2487040.0
000315938,을지로3가역(2호선),동대문영업사업소,시민용,을지로3가2역,2017-01-31,2017,1,2017-01,정기분,수납 완료,1744.0,872.0,1205600.0
000315938,을지로3가역(2호선),동대문영업사업소,시민용,을지로3가2역,2017-02-28,2017,2,2017-02,정기분,수납 완료,872.0,436.0,1853160.0
000315938,을지로3가역(2호선),동대문영업사업소,시민용,을지로3가2역,2017-03-31,2017,3,2017-03,정기분,수납 완료,1265.0,632.5,910460.0
000315938,을지로3가역(2호선),동대문영업사업소,시민용,을지로3가2역,2017-04-30,2017,4,2017-04,정기분,수납 완료,633.0,316.5,1390110.0
000315938,을지로3가역(2호선),동대문영업사업소,시민용,을지로3가2역,2017-05-31,2017,5,2017-05,정기분,수납 완료,2223.0,1111.5,3281690.0
000315938,을지로3가역(2호선),동대문영업사업소,시민용,을지로3가2역,2017-06-30,2017,6,2017-06,정기분,수납 완료,1112.0,556.0,2320480.0
000315938,을지로3가역(2호선),동대문영업사업소,시민용,을지로3가2역,2017-07-31,2017,7,2017-07,정기분,수납 완료,2206.0,1103.0,2358210.0
000315938,을지로3가역(2호선),동대문영업사업소,시민용,을지로3가2역,2017-08-31,2017,8,2017-08,정기분,수납 완료,1103.0,551.5,2377110.0
000315938,을지로3가역(2호선),동대문영업사업소,시민용,을지로3가2역,2017-09-30,2017,9,2017-09,정기분,수납 완료,3088.0,1544.0,4240950.0
000315938,을지로3가역(2호선),동대문영업사업소,시민용,을지로3가2역,2017-10-31,2017,10,2017-10,정기분,수납 완료,1544.0,772.0,3303210.0
000315938,을지로3가역(2호선),동대문영업사업소,시민용,을지로3가2역,2017-11-30,2017,11,2017-11,정기분,수납 완료,2700.0,1350.0,2577650.0
000315938,을지로3가역(2호선),동대문영업사업소,시민용,을지로3가2역,2017-12-31,2017,12,2017-12,정기분,수납 완료,1350.0,675.0,2895810.0
000315938,을지로3가역(2호선),동대문영업사업소,시민용,을지로3가2역,2018-01-31,2018,1,2018-01,정기분,수납 완료,2040.0,1020.0,1555400.0
000315938,을지로3가역(2호선),동대문영업사업소,시민용,을지로3가2역,2018-02-28,2018,2,2018-02,정기분,수납 완료,1020.0,510.0,2290440.0
000315938,을지로3가역(2호선),동대문영업사업소,시민용,을지로3가2역,2018-03-31,2018,3,2018-03,정기분,수납 완료,1863.0,931.5,2008850.0
000315938,을지로3가역(2호선),동대문영업사업소,시민용,을지로3가2역,2018-04-30,2018,4,2018-04,정기분,수납 완료,932.0,466.0,1982620.0
000315938,을지로3가역(2호선),동대문영업사업소,시민용,을지로3가2역,2018-05-31,2018,5,2018-05,정기분,수납 완료,1939.0,969.5,2234450.0
000315938,을지로3가역(2호선),동대문영업사업소,시민용,을지로3가2역,2018-06-30,2018,6,2018-06,정기분,수납 완료,970.0,485.0,2066600.0
000315938,을지로3가역(2호선),동대문영업사업소,시민용,을지로3가2역,2018-07-31,2018,7,2018-07,정기분,수납 완료,2310.0,1155.0,3007480.0
000315938,을지로3가역(2호선),동대문영업사업소,시민용,을지로3가2역,2018-08-31,2018,8,2018-08,정기분,수납 완료,1155.0,577.5,2475450.0
000315938,을지로3가역(2호선),동대문영업사업소,시민용,을지로3가2역,2018-09-30,2018,9,2018-09,정기분,수납 완료,3571.0,1785.5,5373860.0
000315938,을지로3가역(2호선),동대문영업사업소,시민용,을지로3가2역,2018-10-31,2018,10,2018-10,정기분,수납 완료,1786.0,893.0,3925760.0
000315938,을지로3가역(2호선),동대문영업사업소,시민용,을지로3가2역,2018-11-30,2018,11,2018-11,정기분,수납 완료,2592.0,1296.0,1712800.0
000315938,을지로3가역(2호선),동대문영업사업소,시민용,을지로3가2역,2018-12-31,2018,12,2018-12,정기분,수납 완료,1296.0,648.0,2787060.0
000315938,을지로3가역(2호선),동대문영업사업소,시민용,을지로3가2역,2019-01-31,2019,1,2019-01,정기분,수납 완료,2436.0,1218.0,2442300.0
000315938,을지로3가역(2호선),동대문영업사업소,시민용,을지로3가2역,2019-02-28,2019,2,2019-02,정기분,수납 완료,1218.0,609.0,2721270.0
000315938,을지로3가역(2호선),동대문영업사업소,시민용,을지로3가2역,2019-03-31,2019,3,2019-03,정기분,수납 완료,2342.0,1171.0,2787100.0
000315938,을지로3가역(2호선),동대문영업사업소,시민용,을지로3가2역,2019-04-30,2019,4,2019-04,정기분,수납 완료,1171.0,585.5,2645830.0
000315938,을지로3가역(2호선),동대문영업사업소,시민용,을지로3가2역,2019-05-31,2019,5,2019-05,정기분,수납 완료,2260.0,1130.0,2454770.0
000315938,을지로3가역(2호선),동대문영업사업소,시민용,을지로3가2역,2019-06-30,2019,6,2019-06,정기분,수납 완료,1130.0,565.0,2550300.0
000315938,을지로3가역(2호선),동대문영업사업소,시민용,을지로3가2역,2019-07-31,2019,7,2019-07,정기분,수납 완료,3199.0,1599.5,4738170.0
000315938,을지로3가역(2호선),동대문영업사업소,시민용,을지로3가2역,2019-08-31,2019,8,2019-08,정기분,수납 완료,1600.0,800.0,3645400.0
000315938,을지로3가역(2호선),동대문영업사업소,시민용,을지로3가2역,2019-09-30,2019,9,2019-09,정기분,수납 완료,3852.0,1926.0,5437360.0
000315938,을지로3가역(2호선),동대문영업사업소,시민용,을지로3가2역,2019-10-31,2019,10,2019-10,정기분,수납 완료,1926.0,963.0,4536980.0
000315938,을지로3가역(2호선),동대문영업사업소,시민용,을지로3가2역,2019-11-30,2019,11,2019-11,정기분,수납 완료,3172.0,1586.0,2820580.0
000315938,을지로3가역(2호선),동대문영업사업소,시민용,을지로3가2역,2019-12-31,2019,12,2019-12,정기분,수납 완료,1586.0,793.0,3612780.0
000315938,을지로3가역(2호선),동대문영업사업소,시민용,을지로3가2역,2020-01-31,2020,1,2020-01,정기분,수납 완료,3172.0,1586.0,3612780.0
000315938,을지로3가역(2호선),동대문영업사업소,시민용,을지로3가2역,2020-02-29,2020,2,2020-02,정기분,수납 완료,1586.0,793.0,3612780.0
000315938,을지로3가역(2호선),동대문영업사업소,시민용,을지로3가2역,2020-03-31,2020,3,2020-03,정기분,수납 완료,2194.0,1097.0,1334040.0
000315938,을지로3가역(2호선),동대문영업사업소,시민용,을지로3가2역,2020-04-30,2020,4,2020-04,정기분,수납 완료,1097.0,548.5,2473410.0
000315938,을지로3가역(2호선),동대문영업사업소,시민용,을지로3가2역,2020-05-31,2020,5,2020-05,정기분,수납 완료,1958.0,979.0,1923530.0
000315938,을지로3가역(2호선),동대문영업사업소,시민용,을지로3가2역,2020-06-30,2020,6,2020-06,정기분,수납 완료,979.0,489.5,2198470.0
000315938,을지로3가역(2호선),동대문영업사업소,시민용,을지로3가2역,2020-07-31,2020,7,2020-07,정기분,수납 완료,2327.0,1163.5,3058240.0
000315938,을지로3가역(2호선),동대문영업사업소,시민용,을지로3가2역,2020-08-31,2020,8,2020-08,정기분,수납 완료,1164.0,582.0,2629520.0
000315938,을지로3가역(2호선),동대문영업사업소,시민용,을지로3가2역,2020-09-30,2020,9,2020-09,정기분,수납 완료,3273.0,1636.5,4956970.0
000315938,을지로3가역(2호선),동대문영업사업소,시민용,을지로3가2역,2020-10-31,2020,10,2020-10,정기분,수납 완료,1637.0,818.5,3731610.0
000315938,을지로3가역(2호선),동대문영업사업소,시민용,을지로3가2역,2020-11-30,2020,11,2020-11,정기분,수납 완료,2252.0,1126.0,1520750.0
000315938,을지로3가역(2호선),동대문영업사업소,시민용,을지로3가2역,2020-12-31,2020,12,2020-12,정기분,수납 완료,1126.0,563.0,2540980.0
000315938,을지로3가역(2호선),동대문영업사업소,시민용,을지로3가2역,2021-01-31,2021,1,2021-01,정기분,수납 완료,2180.0,1090.0,2482420.0
000315938,을지로3가역(2호선),동대문영업사업소,시민용,을지로3가2역,2021-02-28,2021,2,2021-02,정기분,수납 완료,1090.0,545.0,2457100.0
000315938,을지로3가역(2호선),동대문영업사업소,시민용,을지로3가2역,2021-03-31,2021,3,2021-03,정기분,수납 완료,1952.0,976.0,2055060.0
000315938,을지로3가역(2호선),동대문영업사업소,시민용,을지로3가2역,2021-04-30,2021,4,2021-04,정기분,수납 완료,976.0,488.0,2191480.0
000315938,을지로3가역(2호선),동대문영업사업소,시민용,을지로3가2역,2021-05-31,2021,5,2021-05,정기분,수납 완료,2084.0,1042.0,2621040.0
000315938,을지로3가역(2호선),동대문영업사업소,시민용,을지로3가2역,2021-06-30,2021,6,2021-06,정기분,수납 완료,1042.0,521.0,2345260.0
000315938,을지로3가역(2호선),동대문영업사업소,시민용,을지로3가2역,2021-07-31,2021,7,2021-07,정기분,수납 완료,1881.0,940.5,1957470.0
000315938,을지로3가역(2호선),동대문영업사업소,시민용,을지로3가2역,2021-08-31,2021,8,2021-08,정기분,수납 완료,941.0,470.5,2376010.0
000315938,을지로3가역(2호선),동대문영업사업소,시민용,을지로3가2역,2021-09-30,2021,9,2021-09,정기분,수납 완료,1275.0,637.5,779650.0
000315938,을지로3가역(2호선),동대문영업사업소,시민용,을지로3가2역,2021-10-31,2021,10,2021-10,정기분,수납 완료,638.0,319.0,1539920.0
000315938,을지로3가역(2호선),동대문영업사업소,시민용,을지로3가2역,2021-11-30,2021,11,2021-11,정기분,수납 완료,942.0,471.0,714360.0
000315938,을지로3가역(2호선),동대문영업사업소,시민용,을지로3가2역,2021-12-31,2021,12,2021-12,정기분,수납 완료,471.0,235.5,1115740.0
000315938,을지로3가역(2호선),동대문영업사업소,시민용,을지로3가2역,2022-01-31,2022,1,2022-01,정기분,수납 완료,942.0,471.0,1115740.0
000315938,을지로3가역(2호선),동대문영업사업소,시민용,을지로3가2역,2022-02-28,2022,2,2022-02,정기분,수납 완료,471.0,235.5,1220640.0
000315938,을지로3가역(2호선),동대문영업사업소,시민용,을지로3가2역,2022-03-31,2022,3,2022-03,정기분,수납 완료,1898.0,949.0,3724880.0
000315938,을지로3가역(2호선),동대문영업사업소,시민용,을지로3가2역,2022-04-30,2022,4,2022-04,정기분,수납 완료,949.0,474.5,2470250.0
000315938,을지로3가역(2호선),동대문영업사업소,시민용,을지로3가2역,2022-05-31,2022,5,2022-05,정기분,수납 완료,2130.0,1065.0,3091050.0
000315938,을지로3가역(2호선),동대문영업사업소,시민용,을지로3가2역,2022-06-30,2022,6,2022-06,정기분,수납 완료,1065.0,532.5,2838450.0
000315938,을지로3가역(2호선),동대문영업사업소,시민용,을지로3가2역,2022-07-31,2022,7,2022-07,정기분,수납 완료,2667.0,1333.5,4210700.0
000315938,을지로3가역(2호선),동대문영업사업소,시민용,을지로3가2역,2022-08-31,2022,8,2022-08,정기분,수납 완료,1334.0,667.0,3562100.0
000315938,을지로3가역(2호선),동대문영업사업소,시민용,을지로3가2역,2022-09-30,2022,9,2022-09,정기분,수납 완료,3288.0,1644.0,5269900.0
000315938,을지로3가역(2호선),동대문영업사업소,시민용,을지로3가2역,2022-10-31,2022,10,2022-10,정기분,수납 완료,1644.0,822.0,4588000.0
000315938,을지로3가역(2호선),동대문영업사업소,시민용,을지로3가2역,2022-11-30,2022,11,2022-11,정기분,수납 완료,2105.0,1052.5,1697850.0
000315938,을지로3가역(2호선),동대문영업사업소,시민용,을지로3가2역,2022-12-31,2022,12,2022-12,정기분,수납 완료,1053.0,526.5,2853850.0
000315938,을지로3가역(2호선),동대문영업사업소,시민용,을지로3가2역,2023-01-31,2023,1,2023-01,정기분,수납 완료,1816.0,908.0,2064150.0
000315938,을지로3가역(2호선),동대문영업사업소,시민용,을지로3가2역,2023-02-28,2023,2,2023-02,정기분,수납 완료,908.0,454.0,2842330.0
000315938,을지로3가역(2호선),동대문영업사업소,시민용,을지로3가2역,2023-03-31,2023,3,2023-03,정기분,수납 완료,1755.0,877.5,2782640.0
000315938,을지로3가역(2호선),동대문영업사업소,시민용,을지로3가2역,2023-04-30,2023,4,2023-04,정기분,수납 완료,878.0,439.0,2885480.0
000315938,을지로3가역(2호선),동대문영업사업소,시민용,을지로3가2역,2023-05-31,2023,5,2023-05,정기분,수납 완료,1575.0,787.5,2277320.0
000315938,을지로3가역(2호선),동대문영업사업소,시민용,을지로3가2역,2023-06-30,2023,6,2023-06,정기분,수납 완료,788.0,394.0,2620280.0
000315938,을지로3가역(2호선),동대문영업사업소,시민용,을지로3가2역,2023-07-31,2023,7,2023-07,정기분,수납 완료,2667.0,1333.5,6418210.0
000315938,을지로3가역(2호선),동대문영업사업소,시민용,을지로3가2역,2023-08-31,2023,8,2023-08,정기분,수납 완료,1334.0,667.0,4565980.0
000315938,을지로3가역(2호선),동대문영업사업소,시민용,을지로3가2역,2023-09-30,2023,9,2023-09,정기분,수납 완료,2797.0,1398.5,4951610.0
000315938,을지로3가역(2호선),동대문영업사업소,시민용,을지로3가2역,2023-10-31,2023,10,2023-10,정기분,수납 완료,1399.0,699.5,4887530.0
000315938,을지로3가역(2호선),동대문영업사업소,시민용,을지로3가2역,2023-11-30,2023,11,2023-11,정기분,수납 완료,2178.0,1089.0,2553330.0
000315938,을지로3가역(2호선),동대문영업사업소,시민용,을지로3가2역,2023-12-31,2023,12,2023-12,정기분,수납 완료,1089.0,544.5,3652230.0
000315938,을지로3가역(2호선),동대문영업사업소,시민용,을지로3가2역,2024-01-31,2024,1,2024-01,정기분,수납 완료,1538.0,769.0,1446650.0
000315938,을지로3가역(2호선),동대문영업사업소,시민용,을지로3가2역,2024-02-29,2024,2,2024-02,정기분,수납 완료,769.0,384.5,2519240.0
000315938,을지로3가역(2호선),동대문영업사업소,시민용,을지로3가2역,2024-03-31,2024,3,2024-03,정기분,수납 완료,1812.0,906.0,3439880.0
000315938,을지로3가역(2호선),동대문영업사업소,시민용,을지로3가2역,2024-04-30,2024,4,2024-04,정기분,수납 완료,906.0,453.0,3004360.0
000315938,을지로3가역(2호선),동대문영업사업소,시민용,을지로3가2역,2024-05-31,2024,5,2024-05,정기분,수납 완료,1704.0,852.0,2640680.0
000315938,을지로3가역(2호선),동대문영업사업소,시민용,을지로3가2역,2024-06-30,2024,6,2024-06,정기분,수납 완료,852.0,426.0,2835320.0
000315938,을지로3가역(2호선),동대문영업사업소,시민용,을지로3가2역,2024-07-31,2024,7,2024-07,정기분,수납 완료,2114.0,1057.0,4260260.0
000315938,을지로3가역(2호선),동대문영업사업소,시민용,을지로3가2역,2024-08-31,2024,8,2024-08,정기분,수납 완료,1057.0,528.5,3604790.0
000315938,을지로3가역(2호선),동대문영업사업소,시민용,을지로3가2역,2024-09-30,2024,9,2024-09,정기분,수납 완료,2936.0,1468.0,6481930.0
000315938,을지로3가역(2호선),동대문영업사업소,시민용,을지로3가2역,2024-10-31,2024,10,2024-10,정기분,수납 완료,1468.0,734.0,5003360.0
000315938,을지로3가역(2호선),동대문영업사업소,시민용,을지로3가2역,2024-11-30,2024,11,2024-11,정기분,수납 완료,2394.0,1197.0,3100620.0
000315938,을지로3가역(2호선),동대문영업사업소,시민용,을지로3가2역,2024-12-31,2024,12,2024-12,정기분,수납 완료,1197.0,598.5,4002990.0
000315938,을지로3가역(2호선),동대문영업사업소,시민용,을지로3가2역,2025-01-31,2025,1,2025-01,정기분,수납 완료,1674.0,837.0,1501320.0
000315938,을지로3가역(2호선),동대문영업사업소,시민용,을지로3가2역,2025-02-28,2025,2,2025-02,정기분,수납 완료,837.0,418.5,2747720.0
000315938,을지로3가역(2호선),동대문영업사업소,시민용,을지로3가2역,2025-03-31,2025,3,2025-03,정기분,수납 완료,1412.0,706.0,1867400.0
000315938,을지로3가역(2호선),동대문영업사업소,시민용,을지로3가2역,2025-04-30,2025,4,2025-04,정기분,수납 완료,706.0,353.0,2307560.0
000315938,을지로3가역(2호선),동대문영업사업소,시민용,을지로3가2역,2025-05-31,2025,5,2025-05,정기분,수납 완료,1727.0,863.5,3365960.0
000315938,을지로3가역(2호선),동대문영업사업소,시민용,을지로3가2역,2025-06-30,2025,6,2025-06,정기분,수납 완료,864.0,432.0,2838440.0
000315938,을지로3가역(2호선),동대문영업사업소,시민용,을지로3가2역,2025-07-31,2025,7,2025-07,정기분,수납 완료,2211.0,1105.5,4483530.0
000315938,을지로3가역(2호선),동대문영업사업소,시민용,을지로3가2역,2025-08-31,2025,8,2025-08,정기분,수납 완료,1106.0,553.0,3662220.0
000315938,을지로3가역(2호선),동대문영업사업소,시민용,을지로3가2역,2025-09-30,2025,9,2025-09,정기분,수납 완료,3339.0,1669.5,7572910.0
000315938,을지로3가역(2호선),동대문영업사업소,시민용,을지로3가2역,2025-10-31,2025,10,2025-10,정기분,수납 완료,1597.0,798.5,5365990.0
000315938,을지로3가역(2호선),동대문영업사업소,시민용,을지로3가2역,2025-11-30,2025,11,2025-11,정기분,수납 완료,2648.0,1324.0,3471370.0
000315938,을지로3가역(2호선),동대문영업사업소,시민용,을지로3가2역,2025-12-31,2025,12,2025-12,정기분,수납 완료,959.0,479.5,3156640.0
000315938,을지로3가역(2호선),동대문영업사업소,시민용,을지로3가2역,2026-01-31,2026,1,2026-01,정기분,수납 완료,1953.0,976.5,3274240.0
000315938,을지로3가역(2호선),동대문영업사업소,시민용,을지로3가2역,2026-02-28,2026,2,2026-02,정기분,수납 완료,977.0,488.5,3372410.0
000315938,을지로3가역(2호선),동대문영업사업소,시민용,을지로3가2역,2026-03-31,2026,3,2026-03,정기분,수납 완료,1666.0,833.0,2419550.0
000315938,을지로3가역(2호선),동대문영업사업소,시민용,을지로3가2역,2026-04-30,2026,4,2026-04,정기분,수납 완료,833.0,416.5,2889120.0
000315938,을지로3가역(2호선),동대문영업사업소,시민용,을지로3가2역,2026-05-31,2026,5,2026-05,정기분,미납,1691.0,845.5,2977620.0
000316239,을지로3가역(3호선),동대문영업사업소,시민용,을지3가3호선,2008-07-31,2008,7,2008-07,정기분,수납 완료,1137.0,568.5,912880.0
000316239,을지로3가역(3호선),동대문영업사업소,시민용,을지3가3호선,2008-09-30,2008,9,2008-09,정기분,수납 완료,2144.0,1072.0,1758760.0
000316239,을지로3가역(3호선),동대문영업사업소,시민용,을지3가3호선,2008-11-30,2008,11,2008-11,정기분,수납 완료,3348.0,1674.0,2770120.0
000316239,을지로3가역(3호선),동대문영업사업소,시민용,을지3가3호선,2009-01-31,2009,1,2009-01,정기분,수납 완료,2025.0,1012.5,1658800.0
000316239,을지로3가역(3호선),동대문영업사업소,시민용,을지3가3호선,2009-03-31,2009,3,2009-03,정기분,수납 완료,320.0,160.0,249000.0
000316239,을지로3가역(3호선),동대문영업사업소,시민용,을지3가3호선,2009-05-31,2009,5,2009-05,정기분,수납 완료,271.0,135.5,573280.0
000316239,을지로3가역(3호선),동대문영업사업소,시민용,을지3가3호선,2009-07-31,2009,7,2009-07,정기분,수납 완료,318.0,159.0,1181720.0
000316239,을지로3가역(3호선),동대문영업사업소,시민용,을지3가3호선,2009-09-30,2009,9,2009-09,정기분,수납 완료,372.0,186.0,420600.0
000316239,을지로3가역(3호선),동대문영업사업소,시민용,을지3가3호선,2009-11-30,2009,11,2009-11,정기분,수납 완료,407.0,203.5,315240.0
000316239,을지로3가역(3호선),동대문영업사업소,시민용,을지3가3호선,2010-01-31,2010,1,2010-01,정기분,수납 완료,1005.0,502.5,802000.0
000316239,을지로3가역(3호선),동대문영업사업소,시민용,을지3가3호선,2010-03-31,2010,3,2010-03,정기분,수납 완료,930.0,465.0,739000.0
000316239,을지로3가역(3호선),동대문영업사업소,시민용,을지3가3호선,2010-05-31,2010,5,2010-05,정기분,수납 완료,292.0,146.0,227720.0
000316239,을지로3가역(3호선),동대문영업사업소,시민용,을지3가3호선,2010-07-31,2010,7,2010-07,정기분,수납 완료,274.0,137.0,214040.0
000316239,을지로3가역(3호선),동대문영업사업소,시민용,을지3가3호선,2010-09-30,2010,9,2010-09,정기분,수납 완료,1963.0,981.5,1606720.0
000316239,을지로3가역(3호선),동대문영업사업소,시민용,을지3가3호선,2010-11-30,2010,11,2010-11,정기분,수납 완료,630.0,315.0,487000.0
000316239,을지로3가역(3호선),동대문영업사업소,시민용,을지3가3호선,2011-01-31,2011,1,2011-01,정기분,수납 완료,230.0,115.0,2875620.0
000316239,을지로3가역(3호선),동대문영업사업소,시민용,을지3가3호선,2011-03-31,2011,3,2011-03,정기분,수납 완료,217.0,108.5,172750.0
000316239,을지로3가역(3호선),동대문영업사업소,시민용,을지3가3호선,2011-05-31,2011,5,2011-05,정기분,수납 완료,221.0,110.5,175970.0
000316239,을지로3가역(3호선),동대문영업사업소,시민용,을지3가3호선,2011-07-31,2011,7,2011-07,정기분,수납 완료,243.0,121.5,192910.0
000316239,을지로3가역(3호선),동대문영업사업소,시민용,을지3가3호선,2011-09-30,2011,9,2011-09,정기분,수납 완료,1004.0,502.0,811200.0
000316239,을지로3가역(3호선),동대문영업사업소,시민용,을지3가3호선,2011-11-30,2011,11,2011-11,정기분,수납 완료,446.0,223.0,349220.0
000316239,을지로3가역(3호선),동대문영업사업소,시민용,을지3가3호선,2012-01-31,2012,1,2012-01,정기분,수납 완료,247.0,123.5,195990.0
000316239,을지로3가역(3호선),동대문영업사업소,시민용,을지3가3호선,2012-03-31,2012,3,2012-03,정기분,수납 완료,245.0,122.5,218980.0
000316239,을지로3가역(3호선),동대문영업사업소,시민용,을지3가3호선,2012-05-31,2012,5,2012-05,정기분,수납 완료,420.0,210.0,380800.0
000316239,을지로3가역(3호선),동대문영업사업소,시민용,을지3가3호선,2012-07-31,2012,7,2012-07,정기분,수납 완료,521.0,260.5,471700.0
000316239,을지로3가역(3호선),동대문영업사업소,시민용,을지3가3호선,2012-09-30,2012,9,2012-09,정기분,수납 완료,1135.0,567.5,1077800.0
000316239,을지로3가역(3호선),동대문영업사업소,시민용,을지3가3호선,2012-11-30,2012,11,2012-11,정기분,수납 완료,551.0,275.5,498700.0
000316239,을지로3가역(3호선),동대문영업사업소,시민용,을지3가3호선,2013-01-31,2013,1,2013-01,정기분,수납 완료,235.0,117.5,214300.0
000316239,을지로3가역(3호선),동대문영업사업소,시민용,을지3가3호선,2013-03-31,2013,3,2013-03,정기분,수납 완료,239.0,119.5,217900.0
000316239,을지로3가역(3호선),동대문영업사업소,시민용,을지3가3호선,2013-05-31,2013,5,2013-05,정기분,수납 완료,206.0,103.0,188200.0
000316239,을지로3가역(3호선),동대문영업사업소,시민용,을지3가3호선,2013-07-31,2013,7,2013-07,정기분,수납 완료,262.0,131.0,238600.0
000316239,을지로3가역(3호선),동대문영업사업소,시민용,을지3가3호선,2013-09-30,2013,9,2013-09,정기분,수납 완료,262.0,131.0,238600.0
000316239,을지로3가역(3호선),동대문영업사업소,시민용,을지3가3호선,2013-11-30,2013,11,2013-11,정기분,수납 완료,247.0,123.5,560930.0
000316239,을지로3가역(3호선),동대문영업사업소,시민용,을지3가3호선,2014-01-31,2014,1,2014-01,정기분,수납 완료,254.0,127.0,572340.0
000316239,을지로3가역(3호선),동대문영업사업소,시민용,을지3가3호선,2014-03-31,2014,3,2014-03,정기분,수납 완료,241.0,120.5,714980.0
000316239,을지로3가역(3호선),동대문영업사업소,시민용,을지3가3호선,2014-05-31,2014,5,2014-05,정기분,수납 완료,414.0,207.0,1022920.0
000316239,을지로3가역(3호선),동대문영업사업소,시민용,을지3가3호선,2014-07-31,2014,7,2014-07,정기분,수납 완료,722.0,361.0,1598000.0
000316239,을지로3가역(3호선),동대문영업사업소,시민용,을지3가3호선,2014-09-30,2014,9,2014-09,정기분,수납 완료,1458.0,729.0,3070000.0
000316239,을지로3가역(3호선),동대문영업사업소,시민용,을지3가3호선,2014-11-30,2014,11,2014-11,정기분,수납 완료,502.0,251.0,1179560.0
000316239,을지로3가역(3호선),동대문영업사업소,시민용,을지3가3호선,2015-01-31,2015,1,2015-01,정기분,수납 완료,419.0,209.5,1000620.0
000316239,을지로3가역(3호선),동대문영업사업소,시민용,을지3가3호선,2015-03-31,2015,3,2015-03,정기분,수납 완료,657.0,328.5,1301800.0
000316239,을지로3가역(3호선),동대문영업사업소,시민용,을지3가3호선,2015-05-31,2015,5,2015-05,정기분,수납 완료,236.0,118.0,775380.0
000316239,을지로3가역(3호선),동대문영업사업소,시민용,을지3가3호선,2015-07-31,2015,7,2015-07,정기분,수납 완료,635.0,317.5,1433300.0
000316239,을지로3가역(3호선),동대문영업사업소,시민용,을지3가3호선,2015-09-30,2015,9,2015-09,정기분,수납 완료,1242.0,621.0,2647000.0
000316239,을지로3가역(3호선),동대문영업사업소,시민용,을지3가3호선,2015-11-30,2015,11,2015-11,정기분,수납 완료,393.0,196.5,997540.0
000316239,을지로3가역(3호선),동대문영업사업소,시민용,을지3가3호선,2016-01-31,2016,1,2016-01,정기분,수납 완료,419.0,209.5,1046220.0
000316239,을지로3가역(3호선),동대문영업사업소,시민용,을지3가3호선,2016-03-31,2016,3,2016-03,정기분,수납 완료,225.0,112.5,700900.0
000316239,을지로3가역(3호선),동대문영업사업소,시민용,을지3가3호선,2016-05-31,2016,5,2016-05,정기분,수납 완료,347.0,173.5,918060.0
000316239,을지로3가역(3호선),동대문영업사업소,시민용,을지3가3호선,2016-07-31,2016,7,2016-07,정기분,수납 완료,603.0,301.5,1115800.0
000316239,을지로3가역(3호선),동대문영업사업소,시민용,을지3가3호선,2016-09-30,2016,9,2016-09,정기분,수납 완료,1649.0,824.5,3207800.0
000316239,을지로3가역(3호선),동대문영업사업소,시민용,을지3가3호선,2016-11-30,2016,11,2016-11,정기분,수납 완료,774.0,387.0,1457800.0
000316239,을지로3가역(3호선),동대문영업사업소,시민용,을지3가3호선,2017-01-31,2017,1,2017-01,정기분,수납 완료,766.0,383.0,1441800.0
000316239,을지로3가역(3호선),동대문영업사업소,시민용,을지3가3호선,2017-03-31,2017,3,2017-03,정기분,수납 완료,611.0,305.5,1184540.0
000316239,을지로3가역(3호선),동대문영업사업소,시민용,을지3가3호선,2017-05-31,2017,5,2017-05,정기분,수납 완료,661.0,330.5,1307410.0
000316239,을지로3가역(3호선),동대문영업사업소,시민용,을지3가3호선,2017-07-31,2017,7,2017-07,정기분,수납 완료,782.0,391.0,1550200.0
000316239,을지로3가역(3호선),동대문영업사업소,시민용,을지3가3호선,2017-09-30,2017,9,2017-09,정기분,수납 완료,1760.0,880.0,3604000.0
000316239,을지로3가역(3호선),동대문영업사업소,시민용,을지3가3호선,2017-11-30,2017,11,2017-11,정기분,수납 완료,899.0,449.5,1795900.0
000316239,을지로3가역(3호선),동대문영업사업소,시민용,을지3가3호선,2018-01-31,2018,1,2018-01,정기분,수납 완료,716.0,358.0,1411600.0
000316239,을지로3가역(3호선),동대문영업사업소,시민용,을지3가3호선,2018-03-31,2018,3,2018-03,정기분,수납 완료,786.0,393.0,1624050.0
000316239,을지로3가역(3호선),동대문영업사업소,시민용,을지3가3호선,2018-05-31,2018,5,2018-05,정기분,수납 완료,767.0,383.5,1598150.0
000316239,을지로3가역(3호선),동대문영업사업소,시민용,을지3가3호선,2018-07-31,2018,7,2018-07,정기분,수납 완료,915.0,457.5,1936390.0
000316239,을지로3가역(3호선),동대문영업사업소,시민용,을지3가3호선,2018-09-30,2018,9,2018-09,정기분,수납 완료,2071.0,1035.5,4591590.0
000316239,을지로3가역(3호선),동대문영업사업소,시민용,을지3가3호선,2018-11-30,2018,11,2018-11,정기분,수납 완료,1119.0,559.5,2286790.0
000316239,을지로3가역(3호선),동대문영업사업소,시민용,을지3가3호선,2019-01-31,2019,1,2019-01,정기분,수납 완료,614.0,307.0,1170740.0
000316239,을지로3가역(3호선),동대문영업사업소,시민용,을지3가3호선,2019-03-31,2019,3,2019-03,정기분,수납 완료,708.0,354.0,1439240.0
000316239,을지로3가역(3호선),동대문영업사업소,시민용,을지3가3호선,2019-05-31,2019,5,2019-05,정기분,수납 완료,677.0,338.5,1380210.0
000316239,을지로3가역(3호선),동대문영업사업소,시민용,을지3가3호선,2019-07-31,2019,7,2019-07,정기분,수납 완료,466.0,233.0,923420.0
000316239,을지로3가역(3호선),동대문영업사업소,시민용,을지3가3호선,2019-09-30,2019,9,2019-09,정기분,수납 완료,1800.0,900.0,3996800.0
000316239,을지로3가역(3호선),동대문영업사업소,시민용,을지3가3호선,2019-11-30,2019,11,2019-11,정기분,수납 완료,1275.0,637.5,2773550.0
000316239,을지로3가역(3호선),동대문영업사업소,시민용,을지3가3호선,2020-01-31,2020,1,2020-01,정기분,수납 완료,1096.0,548.0,2356480.0
000316239,을지로3가역(3호선),동대문영업사업소,시민용,을지3가3호선,2020-03-31,2020,3,2020-03,정기분,수납 완료,1008.0,504.0,2151440.0
000316239,을지로3가역(3호선),동대문영업사업소,시민용,을지3가3호선,2020-05-31,2020,5,2020-05,정기분,수납 완료,840.0,420.0,1760000.0
000316239,을지로3가역(3호선),동대문영업사업소,시민용,을지3가3호선,2020-07-31,2020,7,2020-07,정기분,수납 완료,995.0,497.5,2121150.0
000316239,을지로3가역(3호선),동대문영업사업소,시민용,을지3가3호선,2020-09-30,2020,9,2020-09,정기분,수납 완료,2035.0,1017.5,4544350.0
000316239,을지로3가역(3호선),동대문영업사업소,시민용,을지3가3호선,2020-11-30,2020,11,2020-11,정기분,수납 완료,1245.0,622.5,2703650.0
000316239,을지로3가역(3호선),동대문영업사업소,시민용,을지3가3호선,2021-01-31,2021,1,2021-01,정기분,수납 완료,914.0,457.0,1932420.0
000316239,을지로3가역(3호선),동대문영업사업소,시민용,을지3가3호선,2021-03-31,2021,3,2021-03,정기분,수납 완료,819.0,409.5,1711070.0
000316239,을지로3가역(3호선),동대문영업사업소,시민용,을지3가3호선,2021-05-31,2021,5,2021-05,정기분,수납 완료,888.0,444.0,1871840.0
000316239,을지로3가역(3호선),동대문영업사업소,시민용,을지3가3호선,2021-07-31,2021,7,2021-07,정기분,수납 완료,974.0,487.0,2072220.0
000316239,을지로3가역(3호선),동대문영업사업소,시민용,을지3가3호선,2021-09-30,2021,9,2021-09,정기분,수납 완료,2253.0,1126.5,5481210.0
000316239,을지로3가역(3호선),동대문영업사업소,시민용,을지3가3호선,2021-11-30,2021,11,2021-11,정기분,수납 완료,2233.0,1116.5,5478620.0
000316239,을지로3가역(3호선),동대문영업사업소,시민용,을지3가3호선,2022-01-31,2022,1,2022-01,정기분,수납 완료,1821.0,910.5,4432140.0
000316239,을지로3가역(3호선),동대문영업사업소,시민용,을지3가3호선,2022-03-31,2022,3,2022-03,정기분,수납 완료,2016.0,1008.0,5187560.0
000316239,을지로3가역(3호선),동대문영업사업소,시민용,을지3가3호선,2022-05-31,2022,5,2022-05,정기분,수납 완료,2089.0,1044.5,5414650.0
000316239,을지로3가역(3호선),동대문영업사업소,시민용,을지3가3호선,2022-07-31,2022,7,2022-07,정기분,수납 완료,2235.0,1117.5,5801550.0
000316239,을지로3가역(3호선),동대문영업사업소,시민용,을지3가3호선,2022-09-30,2022,9,2022-09,정기분,수납 완료,3428.0,1714.0,8963000.0
000316239,을지로3가역(3호선),동대문영업사업소,시민용,을지3가3호선,2022-11-30,2022,11,2022-11,정기분,수납 완료,2392.0,1196.0,6217600.0
000316239,을지로3가역(3호선),동대문영업사업소,시민용,을지3가3호선,2023-01-31,2023,1,2023-01,정기분,수납 완료,2208.0,1104.0,5730000.0
000316239,을지로3가역(3호선),동대문영업사업소,시민용,을지3가3호선,2023-03-31,2023,3,2023-03,정기분,수납 완료,2007.0,1003.5,6419910.0
000316239,을지로3가역(3호선),동대문영업사업소,시민용,을지3가3호선,2023-05-31,2023,5,2023-05,정기분,수납 완료,2179.0,1089.5,7179930.0
000316239,을지로3가역(3호선),동대문영업사업소,시민용,을지3가3호선,2023-07-31,2023,7,2023-07,정기분,수납 완료,1751.0,875.5,5722160.0
000316239,을지로3가역(3호선),동대문영업사업소,시민용,을지3가3호선,2023-09-30,2023,9,2023-09,정기분,수납 완료,3428.0,1714.0,13166050.0
000316239,을지로3가역(3호선),동대문영업사업소,시민용,을지3가3호선,2023-11-30,2023,11,2023-11,정기분,수납 완료,3505.0,1752.5,11781150.0
000316239,을지로3가역(3호선),동대문영업사업소,시민용,을지3가3호선,2024-01-31,2024,1,2024-01,정기분,수납 완료,3079.0,1539.5,6419930.0
000316239,을지로3가역(3호선),동대문영업사업소,시민용,을지3가3호선,2024-03-31,2024,3,2024-03,정기분,수납 완료,3101.0,1550.5,10379270.0
000316239,을지로3가역(3호선),동대문영업사업소,시민용,을지3가3호선,2024-05-31,2024,5,2024-05,정기분,수납 완료,3242.0,1621.0,10868540.0
000316239,을지로3가역(3호선),동대문영업사업소,시민용,을지3가3호선,2024-07-31,2024,7,2024-07,정기분,수납 완료,3366.0,1683.0,11298820.0
000316239,을지로3가역(3호선),동대문영업사업소,시민용,을지3가3호선,2024-09-30,2024,9,2024-09,정기분,수납 완료,4066.0,2033.0,13727820.0
000316239,을지로3가역(3호선),동대문영업사업소,시민용,을지3가3호선,2024-11-30,2024,11,2024-11,정기분,수납 완료,4072.0,2036.0,13748640.0
000316239,을지로3가역(3호선),동대문영업사업소,시민용,을지3가3호선,2025-01-31,2025,1,2025-01,정기분,수납 완료,3472.0,1736.0,11634390.0
000316239,을지로3가역(3호선),동대문영업사업소,시민용,을지3가3호선,2025-03-31,2025,3,2025-03,정기분,수납 완료,2628.0,1314.0,8737960.0
000316239,을지로3가역(3호선),동대문영업사업소,시민용,을지3가3호선,2025-05-31,2025,5,2025-05,정기분,수납 완료,2571.0,1285.5,8540170.0
000316239,을지로3가역(3호선),동대문영업사업소,시민용,을지3가3호선,2025-07-31,2025,7,2025-07,정기분,수납 완료,4049.0,2024.5,13667830.0
000316239,을지로3가역(3호선),동대문영업사업소,시민용,을지3가3호선,2025-09-30,2025,9,2025-09,정기분,수납 완료,4511.0,2255.5,15270970.0
000316239,을지로3가역(3호선),동대문영업사업소,시민용,을지3가3호선,2025-11-30,2025,11,2025-11,정기분,수납 완료,3605.0,1802.5,12127150.0
000316239,을지로3가역(3호선),동대문영업사업소,시민용,을지3가3호선,2026-01-31,2026,1,2026-01,정기분,수납 완료,1836.0,918.0,6006760.0
000316239,을지로3가역(3호선),동대문영업사업소,시민용,을지3가3호선,2026-03-31,2026,3,2026-03,정기분,수납 완료,1632.0,816.0,5601200.0
000316239,을지로3가역(3호선),동대문영업사업소,시민용,을지3가3호선,2026-05-31,2026,5,2026-05,정기분,미납,2571.0,1285.5,9008040.0
000342971,을지로4가역(5호선),동대문영업사업소,시민용,5호선을지로4가역,2010-03-31,2010,3,2010-03,정기분,수납 완료,769.0,384.5,899120.0
000342971,을지로4가역(5호선),동대문영업사업소,시민용,5호선을지로4가역,2010-05-31,2010,5,2010-05,정기분,수납 완료,1165.0,582.5,1406000.0
000342971,을지로4가역(5호선),동대문영업사업소,시민용,5호선을지로4가역,2010-07-31,2010,7,2010-07,정기분,수납 완료,1339.0,669.5,1628720.0
000342971,을지로4가역(5호선),동대문영업사업소,시민용,5호선을지로4가역,2010-09-30,2010,9,2010-09,정기분,수납 완료,1329.0,664.5,1615920.0
000342971,을지로4가역(5호선),동대문영업사업소,시민용,5호선을지로4가역,2010-11-30,2010,11,2010-11,정기분,수납 완료,353.0,176.5,398750.0
000342971,을지로4가역(5호선),동대문영업사업소,시민용,5호선을지로4가역,2011-01-31,2011,1,2011-01,정기분,수납 완료,721.0,360.5,1310880.0
000342971,을지로4가역(5호선),동대문영업사업소,시민용,5호선을지로4가역,2011-03-31,2011,3,2011-03,정기분,수납 완료,902.0,451.0,1096870.0
000342971,을지로4가역(5호선),동대문영업사업소,시민용,5호선을지로4가역,2011-05-31,2011,5,2011-05,정기분,수납 완료,1024.0,512.0,1254560.0
000342971,을지로4가역(5호선),동대문영업사업소,시민용,5호선을지로4가역,2011-07-31,2011,7,2011-07,정기분,수납 완료,1073.0,536.5,1317770.0
000342971,을지로4가역(5호선),동대문영업사업소,시민용,5호선을지로4가역,2011-09-30,2011,9,2011-09,정기분,수납 완료,1229.0,614.5,1519010.0
000342971,을지로4가역(5호선),동대문영업사업소,시민용,5호선을지로4가역,2011-11-30,2011,11,2011-11,정기분,수납 완료,433.0,216.5,513880.0
000342971,을지로4가역(5호선),동대문영업사업소,시민용,5호선을지로4가역,2012-01-31,2012,1,2012-01,정기분,수납 완료,1644.0,822.0,2054360.0
000342971,을지로4가역(5호선),동대문영업사업소,시민용,5호선을지로4가역,2012-03-31,2012,3,2012-03,정기분,수납 완료,893.0,446.5,1329650.0
000342971,을지로4가역(5호선),동대문영업사업소,시민용,5호선을지로4가역,2012-05-31,2012,5,2012-05,정기분,수납 완료,689.0,344.5,1024560.0
000342971,을지로4가역(5호선),동대문영업사업소,시민용,5호선을지로4가역,2012-07-31,2012,7,2012-07,정기분,수납 완료,1447.0,723.5,2267680.0
000342971,을지로4가역(5호선),동대문영업사업소,시민용,5호선을지로4가역,2012-09-30,2012,9,2012-09,정기분,수납 완료,1435.0,717.5,2248000.0
000342971,을지로4가역(5호선),동대문영업사업소,시민용,5호선을지로4가역,2012-11-30,2012,11,2012-11,정기분,수납 완료,1200.0,600.0,2676040.0
000342971,을지로4가역(5호선),동대문영업사업소,시민용,5호선을지로4가역,2013-01-31,2013,1,2013-01,정기분,수납 완료,891.0,445.5,1839640.0
000342971,을지로4가역(5호선),동대문영업사업소,시민용,5호선을지로4가역,2013-03-31,2013,3,2013-03,정기분,수납 완료,982.0,491.0,1656680.0
000342971,을지로4가역(5호선),동대문영업사업소,시민용,5호선을지로4가역,2013-05-31,2013,5,2013-05,정기분,수납 완료,1160.0,580.0,1984200.0
000342971,을지로4가역(5호선),동대문영업사업소,시민용,5호선을지로4가역,2013-07-31,2013,7,2013-07,정기분,수납 완료,920.0,460.0,1542600.0
000342971,을지로4가역(5호선),동대문영업사업소,시민용,5호선을지로4가역,2013-09-30,2013,9,2013-09,정기분,수납 완료,1079.0,539.5,1835160.0
000342971,을지로4가역(5호선),동대문영업사업소,시민용,5호선을지로4가역,2013-11-30,2013,11,2013-11,정기분,수납 완료,1073.0,536.5,1824120.0
000342971,을지로4가역(5호선),동대문영업사업소,시민용,5호선을지로4가역,2014-01-31,2014,1,2014-01,정기분,수납 완료,1089.0,544.5,1853560.0
000342971,을지로4가역(5호선),동대문영업사업소,시민용,5호선을지로4가역,2014-03-31,2014,3,2014-03,정기분,수납 완료,1072.0,536.0,1981800.0
000342971,을지로4가역(5호선),동대문영업사업소,시민용,5호선을지로4가역,2014-05-31,2014,5,2014-05,정기분,수납 완료,1164.0,582.0,2165800.0
000342971,을지로4가역(5호선),동대문영업사업소,시민용,5호선을지로4가역,2014-07-31,2014,7,2014-07,정기분,수납 완료,1465.0,732.5,2769800.0
000342971,을지로4가역(5호선),동대문영업사업소,시민용,5호선을지로4가역,2014-09-30,2014,9,2014-09,정기분,수납 완료,1724.0,862.0,3285800.0
000342971,을지로4가역(5호선),동대문영업사업소,시민용,5호선을지로4가역,2014-11-30,2014,11,2014-11,정기분,수납 완료,979.0,489.5,1795800.0
000342971,을지로4가역(5호선),동대문영업사업소,시민용,5호선을지로4가역,2015-01-31,2015,1,2015-01,정기분,수납 완료,1153.0,576.5,2143800.0
000342971,을지로4가역(5호선),동대문영업사업소,시민용,5호선을지로4가역,2015-03-31,2015,3,2015-03,정기분,수납 완료,965.0,482.5,1767800.0
000342971,을지로4가역(5호선),동대문영업사업소,시민용,5호선을지로4가역,2015-05-31,2015,5,2015-05,정기분,수납 완료,1133.0,566.5,2103800.0
000342971,을지로4가역(5호선),동대문영업사업소,시민용,5호선을지로4가역,2015-07-31,2015,7,2015-07,정기분,수납 완료,1153.0,576.5,2143800.0
000342971,을지로4가역(5호선),동대문영업사업소,시민용,5호선을지로4가역,2015-09-30,2015,9,2015-09,정기분,수납 완료,1418.0,709.0,2673800.0
000342971,을지로4가역(5호선),동대문영업사업소,시민용,5호선을지로4가역,2015-11-30,2015,11,2015-11,정기분,수납 완료,1245.0,622.5,2327800.0
000342971,을지로4가역(5호선),동대문영업사업소,시민용,5호선을지로4가역,2016-01-31,2016,1,2016-01,정기분,수납 완료,1264.0,632.0,2365800.0
000342971,을지로4가역(5호선),동대문영업사업소,시민용,5호선을지로4가역,2016-03-31,2016,3,2016-03,정기분,수납 완료,1149.0,574.5,2135800.0
000342971,을지로4가역(5호선),동대문영업사업소,시민용,5호선을지로4가역,2016-05-31,2016,5,2016-05,정기분,수납 완료,1261.0,630.5,2359800.0
000342971,을지로4가역(5호선),동대문영업사업소,시민용,5호선을지로4가역,2016-07-31,2016,7,2016-07,정기분,수납 완료,1304.0,652.0,2445800.0
000342971,을지로4가역(5호선),동대문영업사업소,시민용,5호선을지로4가역,2016-09-30,2016,9,2016-09,정기분,수납 완료,1667.0,833.5,3171800.0
000342971,을지로4가역(5호선),동대문영업사업소,시민용,5호선을지로4가역,2016-11-30,2016,11,2016-11,정기분,수납 완료,1618.0,809.0,3073800.0
000342971,을지로4가역(5호선),동대문영업사업소,시민용,5호선을지로4가역,2017-01-31,2017,1,2017-01,정기분,수납 완료,1291.0,645.5,2419800.0
000342971,을지로4가역(5호선),동대문영업사업소,시민용,5호선을지로4가역,2017-03-31,2017,3,2017-03,정기분,수납 완료,1001.0,500.5,1925800.0
000342971,을지로4가역(5호선),동대문영업사업소,시민용,5호선을지로4가역,2017-05-31,2017,5,2017-05,정기분,수납 완료,1071.0,535.5,2077900.0
000342971,을지로4가역(5호선),동대문영업사업소,시민용,5호선을지로4가역,2017-07-31,2017,7,2017-07,정기분,수납 완료,1212.0,606.0,2374000.0
000342971,을지로4가역(5호선),동대문영업사업소,시민용,5호선을지로4가역,2017-09-30,2017,9,2017-09,정기분,수납 완료,1719.0,859.5,3438700.0
000342971,을지로4가역(5호선),동대문영업사업소,시민용,5호선을지로4가역,2017-11-30,2017,11,2017-11,정기분,수납 완료,1451.0,725.5,2875900.0
000342971,을지로4가역(5호선),동대문영업사업소,시민용,5호선을지로4가역,2018-01-31,2018,1,2018-01,정기분,수납 완료,1232.0,616.0,2416000.0
000342971,을지로4가역(5호선),동대문영업사업소,시민용,5호선을지로4가역,2018-03-31,2018,3,2018-03,정기분,수납 완료,1895.0,947.5,2463990.0
000342971,을지로4가역(5호선),동대문영업사업소,시민용,5호선을지로4가역,2018-05-31,2018,5,2018-05,정기분,수납 완료,1230.0,615.0,2532100.0
000342971,을지로4가역(5호선),동대문영업사업소,시민용,5호선을지로4가역,2018-07-31,2018,7,2018-07,정기분,수납 완료,1463.0,731.5,3047030.0
000342971,을지로4가역(5호선),동대문영업사업소,시민용,5호선을지로4가역,2018-09-30,2018,9,2018-09,정기분,수납 완료,1633.0,816.5,3422730.0
000342971,을지로4가역(5호선),동대문영업사업소,시민용,5호선을지로4가역,2018-11-30,2018,11,2018-11,정기분,수납 완료,1948.0,974.0,4118880.0
000342971,을지로4가역(5호선),동대문영업사업소,시민용,5호선을지로4가역,2019-01-31,2019,1,2019-01,정기분,수납 완료,1573.0,786.5,3290130.0
000342971,을지로4가역(5호선),동대문영업사업소,시민용,5호선을지로4가역,2019-03-31,2019,3,2019-03,정기분,수납 완료,1010.0,505.0,2146090.0
000342971,을지로4가역(5호선),동대문영업사업소,시민용,5호선을지로4가역,2019-05-31,2019,5,2019-05,정기분,수납 완료,1583.0,791.5,3491190.0
000342971,을지로4가역(5호선),동대문영업사업소,시민용,5호선을지로4가역,2019-07-31,2019,7,2019-07,정기분,수납 완료,1463.0,731.5,3211590.0
000342971,을지로4가역(5호선),동대문영업사업소,시민용,5호선을지로4가역,2019-09-30,2019,9,2019-09,정기분,수납 완료,1770.0,885.0,3926900.0
000342971,을지로4가역(5호선),동대문영업사업소,시민용,5호선을지로4가역,2019-11-30,2019,11,2019-11,정기분,수납 완료,1649.0,824.5,3663770.0
000342971,을지로4가역(5호선),동대문영업사업소,시민용,5호선을지로4가역,2020-01-31,2020,1,2020-01,정기분,수납 완료,1573.0,786.5,3486690.0
000342971,을지로4가역(5호선),동대문영업사업소,시민용,5호선을지로4가역,2020-03-31,2020,3,2020-03,정기분,수납 완료,1010.0,505.0,2174900.0
000342971,을지로4가역(5호선),동대문영업사업소,시민용,5호선을지로4가역,2020-05-31,2020,5,2020-05,정기분,수납 완료,1583.0,791.5,3509990.0
000342971,을지로4가역(5호선),동대문영업사업소,시민용,5호선을지로4가역,2020-07-31,2020,7,2020-07,정기분,수납 완료,1371.0,685.5,3016030.0
000342971,을지로4가역(5호선),동대문영업사업소,시민용,5호선을지로4가역,2020-09-30,2020,9,2020-09,정기분,수납 완료,1688.0,844.0,3754640.0
000342971,을지로4가역(5호선),동대문영업사업소,시민용,5호선을지로4가역,2020-11-30,2020,11,2020-11,정기분,수납 완료,1758.0,879.0,3917740.0
000342971,을지로4가역(5호선),동대문영업사업소,시민용,5호선을지로4가역,2021-01-31,2021,1,2021-01,정기분,수납 완료,1125.0,562.5,2442850.0
000342971,을지로4가역(5호선),동대문영업사업소,시민용,5호선을지로4가역,2021-03-31,2021,3,2021-03,정기분,수납 완료,1080.0,540.0,2338000.0
000342971,을지로4가역(5호선),동대문영업사업소,시민용,5호선을지로4가역,2021-05-31,2021,5,2021-05,정기분,수납 완료,816.0,408.0,1722880.0
000342971,을지로4가역(5호선),동대문영업사업소,시민용,5호선을지로4가역,2021-07-31,2021,7,2021-07,정기분,수납 완료,1418.0,709.0,3155830.0
000342971,을지로4가역(5호선),동대문영업사업소,시민용,5호선을지로4가역,2021-09-30,2021,9,2021-09,정기분,수납 완료,1902.0,951.0,4642230.0
000342971,을지로4가역(5호선),동대문영업사업소,시민용,5호선을지로4가역,2021-11-30,2021,11,2021-11,정기분,수납 완료,1474.0,737.0,3569560.0
000342971,을지로4가역(5호선),동대문영업사업소,시민용,5호선을지로4가역,2022-01-31,2022,1,2022-01,정기분,수납 완료,1202.0,601.0,2878680.0
000342971,을지로4가역(5호선),동대문영업사업소,시민용,5호선을지로4가역,2022-03-31,2022,3,2022-03,정기분,수납 완료,775.0,387.5,1943620.0
000342971,을지로4가역(5호선),동대문영업사업소,시민용,5호선을지로4가역,2022-05-31,2022,5,2022-05,정기분,수납 완료,765.0,382.5,1938100.0
000342971,을지로4가역(5호선),동대문영업사업소,시민용,5호선을지로4가역,2022-07-31,2022,7,2022-07,정기분,수납 완료,802.0,401.0,2052050.0
000342971,을지로4가역(5호선),동대문영업사업소,시민용,5호선을지로4가역,2022-09-30,2022,9,2022-09,정기분,수납 완료,635.0,317.5,1593600.0
000342971,을지로4가역(5호선),동대문영업사업소,시민용,5호선을지로4가역,2022-11-30,2022,11,2022-11,정기분,수납 완료,506.0,253.0,1256030.0
000342971,을지로4가역(5호선),동대문영업사업소,시민용,5호선을지로4가역,2023-01-31,2023,1,2023-01,정기분,수납 완료,357.0,178.5,882530.0
000342971,을지로4가역(5호선),동대문영업사업소,시민용,5호선을지로4가역,2023-03-31,2023,3,2023-03,정기분,수납 완료,250.0,125.0,701430.0
000342971,을지로4가역(5호선),동대문영업사업소,시민용,5호선을지로4가역,2023-05-31,2023,5,2023-05,정기분,수납 완료,211.0,105.5,583570.0
000342971,을지로4가역(5호선),동대문영업사업소,시민용,5호선을지로4가역,2023-07-31,2023,7,2023-07,정기분,수납 완료,168.0,84.0,452880.0
000342971,을지로4가역(5호선),동대문영업사업소,시민용,5호선을지로4가역,2023-09-30,2023,9,2023-09,정기분,수납 완료,125.0,62.5,325600.0
000342971,을지로4가역(5호선),동대문영업사업소,시민용,5호선을지로4가역,2023-11-30,2023,11,2023-11,정기분,수납 완료,0.0,0.0,37600.0
000342971,을지로4가역(5호선),동대문영업사업소,시민용,5호선을지로4가역,2024-01-31,2024,1,2024-01,정기분,수납 완료,6.0,3.0,47140.0
000342971,을지로4가역(5호선),동대문영업사업소,시민용,5호선을지로4가역,2024-03-31,2024,3,2024-03,정기분,수납 완료,0.0,0.0,37600.0
000342971,을지로4가역(5호선),동대문영업사업소,시민용,5호선을지로4가역,2024-05-31,2024,5,2024-05,정기분,수납 완료,0.0,0.0,37600.0
000342971,을지로4가역(5호선),동대문영업사업소,시민용,5호선을지로4가역,2024-07-31,2024,7,2024-07,정기분,수납 완료,0.0,0.0,37600.0
000342971,을지로4가역(5호선),동대문영업사업소,시민용,5호선을지로4가역,2024-09-30,2024,9,2024-09,정기분,수납 완료,3024.0,1512.0,10130880.0
000342971,을지로4가역(5호선),동대문영업사업소,시민용,5호선을지로4가역,2024-11-30,2024,11,2024-11,정기분,수납 완료,1687.0,843.5,5525920.0
000342971,을지로4가역(5호선),동대문영업사업소,시민용,5호선을지로4가역,2025-01-31,2025,1,2025-01,정기분,수납 완료,1628.0,814.0,5315160.0
000342971,을지로4가역(5호선),동대문영업사업소,시민용,5호선을지로4가역,2025-03-31,2025,3,2025-03,정기분,수납 완료,1474.0,737.0,4810240.0
000342971,을지로4가역(5호선),동대문영업사업소,시민용,5호선을지로4가역,2025-05-31,2025,5,2025-05,정기분,수납 완료,1623.0,811.5,5310880.0
000342971,을지로4가역(5호선),동대문영업사업소,시민용,5호선을지로4가역,2025-07-31,2025,7,2025-07,정기분,수납 완료,1879.0,939.5,6170040.0
000342971,을지로4가역(5호선),동대문영업사업소,시민용,5호선을지로4가역,2025-09-30,2025,9,2025-09,정기분,수납 완료,2931.0,1465.5,9807170.0
000342971,을지로4가역(5호선),동대문영업사업소,시민용,5호선을지로4가역,2025-11-30,2025,11,2025-11,정기분,수납 완료,2205.0,1102.5,7287950.0
000342971,을지로4가역(5호선),동대문영업사업소,시민용,5호선을지로4가역,2026-01-31,2026,1,2026-01,정기분,수납 완료,1664.0,832.0,5447640.0
000342971,을지로4가역(5호선),동대문영업사업소,시민용,5호선을지로4가역,2026-03-31,2026,3,2026-03,정기분,수납 완료,1630.0,815.0,5618160.0
000342971,을지로4가역(5호선),동대문영업사업소,시민용,5호선을지로4가역,2026-05-31,2026,5,2026-05,정기분,미납,1681.0,840.5,5819140.0
031921584,응암역,성산영업사업소,,응암역,2008-06-30,2008,6,2008-06,정기분,수납 완료,254.0,127.0,1879680.0
031921584,응암역,성산영업사업소,,응암역,2008-08-31,2008,8,2008-08,정기분,수납 완료,297.0,148.5,1622400.0
031921584,응암역,성산영업사업소,,응암역,2008-10-31,2008,10,2008-10,정기분,수납 완료,263.0,131.5,1604480.0
031921584,응암역,성산영업사업소,,응암역,2008-12-31,2008,12,2008-12,정기분,수납 완료,311.0,155.5,1761920.0
031921584,응암역,성산영업사업소,,응암역,2009-02-28,2009,2,2009-02,정기분,수납 완료,322.0,161.0,1610880.0
031921584,응암역,성산영업사업소,,응암역,2009-04-30,2009,4,2009-04,정기분,수납 완료,275.0,137.5,1659520.0
031921584,응암역,성산영업사업소,,응암역,2009-06-30,2009,6,2009-06,정기분,수납 완료,387.0,193.5,1978240.0
031921584,응암역,성산영업사업소,,응암역,2009-08-31,2009,8,2009-08,정기분,수납 완료,328.0,164.0,1994880.0
031921584,응암역,성산영업사업소,,응암역,2009-10-31,2009,10,2009-10,정기분,수납 완료,337.0,168.5,1957760.0
031921584,응암역,성산영업사업소,,응암역,2009-12-31,2009,12,2009-12,정기분,수납 완료,322.0,161.0,1980800.0
031921584,응암역,성산영업사업소,,응암역,2010-02-28,2010,2,2010-02,정기분,수납 완료,353.0,176.5,1988480.0
031921584,응암역,성산영업사업소,,응암역,2010-04-30,2010,4,2010-04,정기분,수납 완료,303.0,151.5,1893760.0
031921584,응암역,성산영업사업소,,응암역,2010-06-30,2010,6,2010-06,정기분,수납 완료,328.0,164.0,2309760.0
031921584,응암역,성산영업사업소,,응암역,2010-08-31,2010,8,2010-08,정기분,수납 완료,331.0,165.5,2229120.0
031921584,응암역,성산영업사업소,,응암역,2010-10-31,2010,10,2010-10,정기분,수납 완료,279.0,139.5,2089600.0
031921584,응암역,성산영업사업소,,응암역,2010-12-31,2010,12,2010-12,정기분,수납 완료,344.0,172.0,2508160.0
031921584,응암역,성산영업사업소,,응암역,2011-02-28,2011,2,2011-02,정기분,수납 완료,412.0,206.0,2329380.0
031921584,응암역,성산영업사업소,,응암역,2011-04-30,2011,4,2011-04,정기분,수납 완료,367.0,183.5,2057180.0
031921584,응암역,성산영업사업소,,응암역,2011-06-30,2011,6,2011-06,정기분,수납 완료,385.0,192.5,2334530.0
031921584,응암역,성산영업사업소,,응암역,2011-08-31,2011,8,2011-08,정기분,수납 완료,392.0,196.0,2179730.0
031921584,응암역,성산영업사업소,,응암역,2011-10-31,2011,10,2011-10,정기분,수납 완료,273.0,136.5,2106200.0
031921584,응암역,성산영업사업소,,응암역,2011-12-31,2011,12,2011-12,정기분,수납 완료,296.0,148.0,2190050.0
031921584,응암역,성산영업사업소,,응암역,2012-02-29,2012,2,2012-02,정기분,수납 완료,328.0,164.0,2080400.0
031921584,응암역,성산영업사업소,,응암역,2012-04-30,2012,4,2012-04,정기분,수납 완료,381.0,190.5,2805640.0
031921584,응암역,성산영업사업소,,응암역,2012-06-30,2012,6,2012-06,정기분,수납 완료,325.0,162.5,3079520.0
031921584,응암역,성산영업사업소,,응암역,2012-08-31,2012,8,2012-08,정기분,수납 완료,308.0,154.0,3064760.0
031921584,응암역,성산영업사업소,,응암역,2012-10-31,2012,10,2012-10,정기분,수납 완료,327.0,163.5,2808920.0
031921584,응암역,성산영업사업소,,응암역,2012-12-31,2012,12,2012-12,정기분,수납 완료,375.0,187.5,3038520.0
031921584,응암역,성산영업사업소,,응암역,2013-02-28,2013,2,2013-02,정기분,수납 완료,326.0,163.0,2520280.0
031921584,응암역,성산영업사업소,,응암역,2013-04-30,2013,4,2013-04,정기분,수납 완료,300.0,150.0,2935800.0
031921584,응암역,성산영업사업소,,응암역,2013-06-30,2013,6,2013-06,정기분,수납 완료,418.0,209.0,3373520.0
031921584,응암역,성산영업사업소,,응암역,2013-08-31,2013,8,2013-08,정기분,수납 완료,390.0,195.0,3127160.0
031921584,응암역,성산영업사업소,,응암역,2013-10-31,2013,10,2013-10,정기분,수납 완료,435.0,217.5,3110600.0
031921584,응암역,성산영업사업소,,응암역,2013-12-31,2013,12,2013-12,정기분,수납 완료,325.0,162.5,3195240.0
031921584,응암역,성산영업사업소,,응암역,2014-02-28,2014,2,2014-02,정기분,수납 완료,297.0,148.5,2939480.0
031921584,응암역,성산영업사업소,,응암역,2014-04-30,2014,4,2014-04,정기분,수납 완료,420.0,210.0,3509800.0
031921584,응암역,성산영업사업소,,응암역,2014-06-30,2014,6,2014-06,정기분,수납 완료,417.0,208.5,3943800.0
031921584,응암역,성산영업사업소,,응암역,2014-08-31,2014,8,2014-08,정기분,수납 완료,366.0,183.0,3619800.0
031921584,응암역,성산영업사업소,,응암역,2014-10-31,2014,10,2014-10,정기분,수납 완료,387.0,193.5,3781800.0
031921584,응암역,성산영업사업소,,응암역,2014-12-31,2014,12,2014-12,정기분,수납 완료,360.0,180.0,3455800.0
031921584,응암역,성산영업사업소,,응암역,2015-02-28,2015,2,2015-02,정기분,수납 완료,330.0,165.0,3121800.0
031921584,응암역,성산영업사업소,,응암역,2015-04-30,2015,4,2015-04,정기분,수납 완료,363.0,181.5,3231800.0
031921584,응암역,성산영업사업소,,응암역,2015-06-30,2015,6,2015-06,정기분,수납 완료,337.0,168.5,4817290.0
031921584,응암역,성산영업사업소,,응암역,2015-08-31,2015,8,2015-08,정기분,수납 완료,293.0,146.5,3319800.0
031921584,응암역,성산영업사업소,,응암역,2015-10-31,2015,10,2015-10,정기분,수납 완료,916.0,458.0,4837800.0
031921584,응암역,성산영업사업소,,응암역,2015-12-31,2015,12,2015-12,정기분,수납 완료,416.0,208.0,4649800.0
031921584,응암역,성산영업사업소,,응암역,2016-02-29,2016,2,2016-02,정기분,수납 완료,289.0,144.5,4157800.0
031921584,응암역,성산영업사업소,,응암역,2016-04-30,2016,4,2016-04,정기분,수납 완료,296.0,148.0,2857800.0
031921584,응암역,성산영업사업소,,응암역,2016-06-30,2016,6,2016-06,정기분,수납 완료,400.0,200.0,5639800.0
031921584,응암역,성산영업사업소,,응암역,2016-08-31,2016,8,2016-08,정기분,수납 완료,682.0,341.0,5497800.0
031921584,응암역,성산영업사업소,,응암역,2016-10-31,2016,10,2016-10,정기분,수납 완료,505.0,252.5,4599800.0
031921584,응암역,성산영업사업소,,응암역,2016-12-31,2016,12,2016-12,정기분,수납 완료,713.0,356.5,5015800.0
031921584,응암역,성산영업사업소,,응암역,2017-02-28,2017,2,2017-02,정기분,수납 완료,308.0,154.0,4322090.0
031921584,응암역,성산영업사업소,,응암역,2017-04-30,2017,4,2017-04,정기분,수납 완료,322.0,161.0,2423560.0
031921584,응암역,성산영업사업소,,응암역,2017-06-30,2017,6,2017-06,정기분,수납 완료,348.0,174.0,2713800.0
031921584,응암역,성산영업사업소,,응암역,2017-08-31,2017,8,2017-08,정기분,수납 완료,452.0,226.0,2907000.0
031921584,응암역,성산영업사업소,,응암역,2017-10-31,2017,10,2017-10,정기분,수납 완료,668.0,334.0,3648300.0
031921584,응암역,성산영업사업소,,응암역,2017-12-31,2017,12,2017-12,정기분,수납 완료,516.0,258.0,3486600.0
031921584,응암역,성산영업사업소,,응암역,2018-02-28,2018,2,2018-02,정기분,수납 완료,424.0,212.0,3342740.0
031921584,응암역,성산영업사업소,,응암역,2018-04-30,2018,4,2018-04,정기분,수납 완료,258.0,129.0,3214160.0
031921584,응암역,성산영업사업소,,응암역,2018-06-30,2018,6,2018-06,정기분,수납 완료,268.0,134.0,3855060.0
031921584,응암역,성산영업사업소,,응암역,2018-08-31,2018,8,2018-08,정기분,수납 완료,312.0,156.0,3669420.0
031921584,응암역,성산영업사업소,,응암역,2018-10-31,2018,10,2018-10,정기분,수납 완료,581.0,290.5,4356730.0
031921584,응암역,성산영업사업소,,응암역,2018-12-31,2018,12,2018-12,정기분,수납 완료,286.0,143.0,3711410.0
031921584,응암역,성산영업사업소,,응암역,2019-02-28,2019,2,2019-02,정기분,수납 완료,227.0,113.5,3538460.0
031921584,응암역,성산영업사업소,,응암역,2019-04-30,2019,4,2019-04,정기분,수납 완료,204.0,102.0,3443330.0
031921584,응암역,성산영업사업소,,응암역,2019-06-30,2019,6,2019-06,정기분,수납 완료,307.0,153.5,3280230.0
031921584,응암역,성산영업사업소,,응암역,2019-08-31,2019,8,2019-08,정기분,수납 완료,512.0,256.0,3713610.0
031921584,응암역,성산영업사업소,,응암역,2019-10-31,2019,10,2019-10,정기분,수납 완료,555.0,277.5,3813800.0
031921584,응암역,성산영업사업소,,응암역,2019-12-31,2019,12,2019-12,정기분,수납 완료,245.0,122.5,3366440.0
031921584,응암역,성산영업사업소,,응암역,2020-02-29,2020,2,2020-02,정기분,수납 완료,240.0,120.0,3105480.0
031921584,응암역,성산영업사업소,,응암역,2020-04-30,2020,4,2020-04,정기분,수납 완료,233.0,116.5,2674430.0
031921584,응암역,성산영업사업소,,응암역,2020-06-30,2020,6,2020-06,정기분,수납 완료,280.0,140.0,3240620.0
031921584,응암역,성산영업사업소,,응암역,2020-08-31,2020,8,2020-08,정기분,수납 완료,361.0,180.5,3508570.0
031921584,응암역,성산영업사업소,,응암역,2020-10-31,2020,10,2020-10,정기분,수납 완료,466.0,233.0,3613420.0
031921584,응암역,성산영업사업소,,응암역,2020-12-31,2020,12,2020-12,정기분,수납 완료,626.0,313.0,4100390.0
031921584,응암역,성산영업사업소,,응암역,2021-02-28,2021,2,2021-02,정기분,수납 완료,216.0,108.0,2497350.0
031921584,응암역,성산영업사업소,,응암역,2021-04-30,2021,4,2021-04,정기분,수납 완료,235.0,117.5,2723360.0
031921584,응암역,성산영업사업소,,응암역,2021-06-30,2021,6,2021-06,정기분,수납 완료,295.0,147.5,3361050.0
031921584,응암역,성산영업사업소,,응암역,2021-08-31,2021,8,2021-08,정기분,수납 완료,596.0,298.0,3842130.0
031921584,응암역,성산영업사업소,,응암역,2021-10-31,2021,10,2021-10,정기분,수납 완료,645.0,322.5,4304340.0
031921584,응암역,성산영업사업소,,응암역,2021-12-31,2021,12,2021-12,정기분,수납 완료,372.0,186.0,3880160.0
031921584,응암역,성산영업사업소,,응암역,2022-02-28,2022,2,2022-02,정기분,수납 완료,210.0,105.0,3314670.0
031921584,응암역,성산영업사업소,,응암역,2022-04-30,2022,4,2022-04,정기분,수납 완료,199.0,99.5,3281050.0
031921584,응암역,성산영업사업소,,응암역,2022-06-30,2022,6,2022-06,정기분,수납 완료,256.0,128.0,4269180.0
031921584,응암역,성산영업사업소,,응암역,2022-08-31,2022,8,2022-08,정기분,수납 완료,365.0,182.5,4184700.0
031921584,응암역,성산영업사업소,,응암역,2022-10-31,2022,10,2022-10,정기분,수납 완료,364.0,182.0,4158200.0
031921584,응암역,성산영업사업소,,응암역,2022-12-31,2022,12,2022-12,정기분,수납 완료,222.0,111.0,4041600.0
031921584,응암역,성산영업사업소,,응암역,2023-02-28,2023,2,2023-02,정기분,수납 완료,173.0,86.5,4226700.0
031921584,응암역,성산영업사업소,,응암역,2023-04-30,2023,4,2023-04,정기분,수납 완료,183.0,91.5,4723840.0
031921584,응암역,성산영업사업소,,응암역,2023-06-30,2023,6,2023-06,정기분,수납 완료,234.0,117.0,5375680.0
031921584,응암역,성산영업사업소,,응암역,2023-08-31,2023,8,2023-08,정기분,수납 완료,451.0,225.5,5540320.0
031921584,응암역,성산영업사업소,,응암역,2023-10-31,2023,10,2023-10,정기분,수납 완료,612.0,306.0,6161920.0
031921584,응암역,성산영업사업소,,응암역,2023-12-31,2023,12,2023-12,정기분,수납 완료,1006.0,503.0,8246640.0
031921584,응암역,성산영업사업소,,응암역,2024-02-29,2024,2,2024-02,정기분,수납 완료,158.0,79.0,5140480.0
031921584,응암역,성산영업사업소,,응암역,2024-04-30,2024,4,2024-04,정기분,수납 완료,142.0,71.0,5291680.0
031921584,응암역,성산영업사업소,,응암역,2024-06-30,2024,6,2024-06,정기분,수납 완료,208.0,104.0,6182080.0
031921584,응암역,성산영업사업소,,응암역,2024-08-31,2024,8,2024-08,정기분,수납 완료,476.0,238.0,6450880.0
031921584,응암역,성산영업사업소,,응암역,2024-10-31,2024,10,2024-10,정기분,수납 완료,631.0,315.5,6605440.0
031921584,응암역,성산영업사업소,,응암역,2024-12-31,2024,12,2024-12,정기분,수납 완료,169.0,84.5,3917440.0
031921584,응암역,성산영업사업소,,응암역,2025-02-28,2025,2,2025-02,정기분,수납 완료,181.0,90.5,3957760.0
031921584,응암역,성산영업사업소,,응암역,2025-04-30,2025,4,2025-04,정기분,수납 완료,128.0,64.0,3779680.0
031921584,응암역,성산영업사업소,,응암역,2025-06-30,2025,6,2025-06,정기분,수납 완료,156.0,78.0,4253440.0
031921584,응암역,성산영업사업소,,응암역,2025-08-31,2025,8,2025-08,정기분,수납 완료,156.0,78.0,4245720.0
031921584,응암역,성산영업사업소,,응암역,2025-10-31,2025,10,2025-10,정기분,수납 완료,1031.0,515.5,7704320.0
031921584,응암역,성산영업사업소,,응암역,2025-12-31,2025,12,2025-12,정기분,수납 완료,151.0,75.5,4548120.0
031921584,응암역,성산영업사업소,,응암역,2026-02-28,2026,2,2026-02,정기분,수납 완료,141.0,70.5,3866200.0
031921584,응암역,성산영업사업소,,응암역,2026-04-30,2026,4,2026-04,정기분,수납 완료,168.0,84.0,4791880.0
024635854,이대역,당산영업사업소,시민용,이대역사,2008-06-30,2008,6,2008-06,정기분,수납 완료,834.0,417.0,1067820.0
024635854,이대역,당산영업사업소,시민용,이대역사,2008-07-31,2008,7,2008-07,정기분,수납 완료,2411.0,1205.5,2018860.0
024635854,이대역,당산영업사업소,시민용,이대역사,2008-08-31,2008,8,2008-08,정기분,수납 완료,1206.0,603.0,1543980.0
024635854,이대역,당산영업사업소,시민용,이대역사,2008-09-30,2008,9,2008-09,정기분,수납 완료,2771.0,1385.5,2003500.0
024635854,이대역,당산영업사업소,시민용,이대역사,2008-10-31,2008,10,2008-10,정기분,수납 완료,1386.0,693.0,1774380.0
024635854,이대역,당산영업사업소,시민용,이대역사,2008-11-30,2008,11,2008-11,정기분,수납 완료,2404.0,1202.0,1303340.0
024635854,이대역,당산영업사업소,시민용,이대역사,2008-12-31,2008,12,2008-12,정기분,수납 완료,1202.0,601.0,1538860.0
024635854,이대역,당산영업사업소,시민용,이대역사,2009-01-31,2009,1,2009-01,정기분,수납 완료,1993.0,996.5,1012780.0
024635854,이대역,당산영업사업소,시민용,이대역사,2009-02-28,2009,2,2009-02,정기분,수납 완료,997.0,498.5,1276460.0
024635854,이대역,당산영업사업소,시민용,이대역사,2009-03-31,2009,3,2009-03,정기분,수납 완료,1368.0,684.0,475180.0
024635854,이대역,당산영업사업소,시민용,이대역사,2009-04-30,2009,4,2009-04,정기분,수납 완료,684.0,342.0,875820.0
024635854,이대역,당산영업사업소,시민용,이대역사,2009-05-31,2009,5,2009-05,정기분,수납 완료,1638.0,819.0,1221420.0
024635854,이대역,당산영업사업소,시민용,이대역사,2009-06-30,2009,6,2009-06,정기분,수납 완료,819.0,409.5,1048620.0
024635854,이대역,당산영업사업소,시민용,이대역사,2009-07-31,2009,7,2009-07,정기분,수납 완료,2091.0,1045.5,1628460.0
024635854,이대역,당산영업사업소,시민용,이대역사,2009-08-31,2009,8,2009-08,정기분,수납 완료,1046.0,523.0,1339180.0
024635854,이대역,당산영업사업소,시민용,이대역사,2009-09-30,2009,9,2009-09,정기분,수납 완료,2402.0,1201.0,1735980.0
024635854,이대역,당산영업사업소,시민용,이대역사,2009-10-31,2009,10,2009-10,정기분,수납 완료,1201.0,600.5,1537580.0
024635854,이대역,당산영업사업소,시민용,이대역사,2009-11-30,2009,11,2009-11,정기분,수납 완료,2402.0,1201.0,1537580.0
024635854,이대역,당산영업사업소,시민용,이대역사,2009-12-31,2009,12,2009-12,정기분,수납 완료,1221.0,610.5,1563180.0
024635854,이대역,당산영업사업소,시민용,이대역사,2010-01-31,2010,1,2010-01,정기분,수납 완료,2288.0,1144.0,1366060.0
024635854,이대역,당산영업사업소,시민용,이대역사,2010-02-28,2010,2,2010-02,정기분,수납 완료,1144.0,572.0,1464620.0
024635854,이대역,당산영업사업소,시민용,이대역사,2010-03-31,2010,3,2010-03,정기분,수납 완료,2205.0,1102.5,1358380.0
024635854,이대역,당산영업사업소,시민용,이대역사,2010-04-30,2010,4,2010-04,정기분,수납 완료,1103.0,551.5,1412140.0
024635854,이대역,당산영업사업소,시민용,이대역사,2010-05-31,2010,5,2010-05,정기분,수납 완료,2524.0,1262.0,1819180.0
024635854,이대역,당산영업사업소,시민용,이대역사,2010-06-30,2010,6,2010-06,정기분,수납 완료,1262.0,631.0,1615660.0
024635854,이대역,당산영업사업소,시민용,이대역사,2010-07-31,2010,7,2010-07,정기분,수납 완료,2705.0,1352.5,1847340.0
024635854,이대역,당산영업사업소,시민용,이대역사,2010-08-31,2010,8,2010-08,정기분,수납 완료,1353.0,676.5,1732140.0
024635854,이대역,당산영업사업소,시민용,이대역사,2010-09-30,2010,9,2010-09,정기분,수납 완료,3300.0,1650.0,2492460.0
024635854,이대역,당산영업사업소,시민용,이대역사,2010-10-31,2010,10,2010-10,정기분,수납 완료,1650.0,825.0,2112300.0
024635854,이대역,당산영업사업소,시민용,이대역사,2010-11-30,2010,11,2010-11,정기분,수납 완료,2897.0,1448.5,1596460.0
024635854,이대역,당산영업사업소,시민용,이대역사,2010-12-31,2010,12,2010-12,정기분,수납 완료,1449.0,724.5,1855020.0
024635854,이대역,당산영업사업소,시민용,이대역사,2011-01-31,2011,1,2011-01,정기분,수납 완료,2360.0,1180.0,1166380.0
024635854,이대역,당산영업사업소,시민용,이대역사,2011-02-28,2011,2,2011-02,정기분,수납 완료,1180.0,590.0,1520970.0
024635854,이대역,당산영업사업소,시민용,이대역사,2011-03-31,2011,3,2011-03,정기분,수납 완료,2440.0,1220.0,1625640.0
024635854,이대역,당산영업사업소,시민용,이대역사,2011-04-30,2011,4,2011-04,정기분,수납 완료,1220.0,610.0,1574100.0
024635854,이대역,당산영업사업소,시민용,이대역사,2011-05-31,2011,5,2011-05,정기분,수납 완료,2569.0,1284.5,1740510.0
024635854,이대역,당산영업사업소,시민용,이대역사,2011-06-30,2011,6,2011-06,정기분,수납 완료,1285.0,642.5,1657950.0
024635854,이대역,당산영업사업소,시민용,이대역사,2011-07-31,2011,7,2011-07,정기분,수납 완료,2695.0,1347.5,1819200.0
024635854,이대역,당산영업사업소,시민용,이대역사,2011-08-31,2011,8,2011-08,정기분,수납 완료,1348.0,674.0,1739220.0
024635854,이대역,당산영업사업소,시민용,이대역사,2011-09-30,2011,9,2011-09,정기분,수납 완료,3168.0,1584.0,2348100.0
024635854,이대역,당산영업사업소,시민용,이대역사,2011-10-31,2011,10,2011-10,정기분,수납 완료,1584.0,792.0,2043660.0
024635854,이대역,당산영업사업소,시민용,이대역사,2011-11-30,2011,11,2011-11,정기분,수납 완료,2780.0,1390.0,1543140.0
024635854,이대역,당산영업사업소,시민용,이대역사,2011-12-31,2011,12,2011-12,정기분,수납 완료,1390.0,695.0,1793400.0
024635854,이대역,당산영업사업소,시민용,이대역사,2012-01-31,2012,1,2012-01,정기분,수납 완료,2281.0,1140.5,1149690.0
024635854,이대역,당산영업사업소,시민용,이대역사,2012-02-29,2012,2,2012-02,정기분,수납 완료,1141.0,570.5,1472190.0
024635854,이대역,당산영업사업소,시민용,이대역사,2012-03-31,2012,3,2012-03,정기분,수납 완료,2259.0,1129.5,2092380.0
024635854,이대역,당산영업사업소,시민용,이대역사,2012-04-30,2012,4,2012-04,정기분,수납 완료,1130.0,565.0,1834000.0
024635854,이대역,당산영업사업소,시민용,이대역사,2012-05-31,2012,5,2012-05,정기분,수납 완료,2525.0,1262.5,2268600.0
024635854,이대역,당산영업사업소,시민용,이대역사,2012-06-30,2012,6,2012-06,정기분,수납 완료,1263.0,631.5,2052120.0
024635854,이대역,당산영업사업소,시민용,이대역사,2012-07-31,2012,7,2012-07,정기분,수납 완료,2771.0,1385.5,2453920.0
024635854,이대역,당산영업사업소,시민용,이대역사,2012-08-31,2012,8,2012-08,정기분,수납 완료,1386.0,693.0,2253840.0
024635854,이대역,당산영업사업소,시민용,이대역사,2012-09-30,2012,9,2012-09,정기분,수납 완료,2854.0,1427.0,2388320.0
024635854,이대역,당산영업사업소,시민용,이대역사,2012-10-31,2012,10,2012-10,정기분,수납 완료,1427.0,713.5,2321080.0
024635854,이대역,당산영업사업소,시민용,이대역사,2012-11-30,2012,11,2012-11,정기분,수납 완료,2745.0,1372.5,2142320.0
024635854,이대역,당산영업사업소,시민용,이대역사,2012-12-31,2012,12,2012-12,정기분,수납 완료,1373.0,686.5,2232520.0
024635854,이대역,당산영업사업소,시민용,이대역사,2013-01-31,2013,1,2013-01,정기분,수납 완료,2538.0,1269.0,1891400.0
024635854,이대역,당산영업사업소,시민용,이대역사,2013-02-28,2013,2,2013-02,정기분,수납 완료,1269.0,634.5,2061960.0
024635854,이대역,당산영업사업소,시민용,이대역사,2013-03-31,2013,3,2013-03,정기분,수납 완료,2519.0,1259.5,2508600.0
024635854,이대역,당산영업사업소,시민용,이대역사,2013-04-30,2013,4,2013-04,정기분,수납 완료,1260.0,630.0,2286200.0
024635854,이대역,당산영업사업소,시민용,이대역사,2013-05-31,2013,5,2013-05,정기분,수납 완료,2667.0,1333.5,2556680.0
024635854,이대역,당산영업사업소,시민용,이대역사,2013-06-30,2013,6,2013-06,정기분,수납 완료,1334.0,667.0,2422360.0
024635854,이대역,당산영업사업소,시민용,이대역사,2013-07-31,2013,7,2013-07,정기분,수납 완료,3069.0,1534.5,3160200.0
024635854,이대역,당산영업사업소,시민용,이대역사,2013-08-31,2013,8,2013-08,정기분,수납 완료,1535.0,767.5,2792200.0
024635854,이대역,당산영업사업소,시민용,이대역사,2013-09-30,2013,9,2013-09,정기분,수납 완료,3483.0,1741.5,3552120.0
024635854,이대역,당산영업사업소,시민용,이대역사,2013-10-31,2013,10,2013-10,정기분,수납 완료,1742.0,871.0,3173080.0
024635854,이대역,당산영업사업소,시민용,이대역사,2013-11-30,2013,11,2013-11,정기분,수납 완료,3330.0,1665.0,2889720.0
024635854,이대역,당산영업사업소,시민용,이대역사,2013-12-31,2013,12,2013-12,정기분,수납 완료,1665.0,832.5,3031400.0
024635854,이대역,당산영업사업소,시민용,이대역사,2014-01-31,2014,1,2014-01,정기분,수납 완료,2736.0,1368.0,1938440.0
024635854,이대역,당산영업사업소,시민용,이대역사,2014-02-28,2014,2,2014-02,정기분,수납 완료,1368.0,684.0,2484920.0
024635854,이대역,당산영업사업소,시민용,이대역사,2014-03-31,2014,3,2014-03,정기분,수납 완료,2952.0,1476.0,3342680.0
024635854,이대역,당산영업사업소,시민용,이대역사,2014-04-30,2014,4,2014-04,정기분,수납 완료,1476.0,738.0,2913800.0
024635854,이대역,당산영업사업소,시민용,이대역사,2014-05-31,2014,5,2014-05,정기분,수납 완료,3385.0,1692.5,3779800.0
024635854,이대역,당산영업사업소,시민용,이대역사,2014-06-30,2014,6,2014-06,정기분,수납 완료,1693.0,846.5,3347800.0
024635854,이대역,당산영업사업소,시민용,이대역사,2014-07-31,2014,7,2014-07,정기분,수납 완료,3187.0,1593.5,2949800.0
024635854,이대역,당산영업사업소,시민용,이대역사,2014-08-31,2014,8,2014-08,정기분,수납 완료,1594.0,797.0,3149800.0
024635854,이대역,당산영업사업소,시민용,이대역사,2014-09-30,2014,9,2014-09,정기분,수납 완료,3483.0,1741.5,3739800.0
024635854,이대역,당산영업사업소,시민용,이대역사,2014-10-31,2014,10,2014-10,정기분,수납 완료,1742.0,871.0,3445800.0
024635854,이대역,당산영업사업소,시민용,이대역사,2014-11-30,2014,11,2014-11,정기분,수납 완료,3330.0,1665.0,3137800.0
024635854,이대역,당산영업사업소,시민용,이대역사,2014-12-31,2014,12,2014-12,정기분,수납 완료,1665.0,832.5,3291800.0
024635854,이대역,당산영업사업소,시민용,이대역사,2015-01-31,2015,1,2015-01,정기분,수납 완료,2765.0,1382.5,2161800.0
024635854,이대역,당산영업사업소,시민용,이대역사,2015-02-28,2015,2,2015-02,정기분,수납 완료,1383.0,691.5,2727800.0
024635854,이대역,당산영업사업소,시민용,이대역사,2015-03-31,2015,3,2015-03,정기분,수납 완료,2557.0,1278.5,2309800.0
024635854,이대역,당산영업사업소,시민용,이대역사,2015-04-30,2015,4,2015-04,정기분,수납 완료,1279.0,639.5,2519800.0
024635854,이대역,당산영업사업소,시민용,이대역사,2015-05-31,2015,5,2015-05,정기분,수납 완료,2994.0,1497.0,3391800.0
024635854,이대역,당산영업사업소,시민용,이대역사,2015-06-30,2015,6,2015-06,정기분,수납 완료,1497.0,748.5,2955800.0
024635854,이대역,당산영업사업소,시민용,이대역사,2015-07-31,2015,7,2015-07,정기분,수납 완료,2708.0,1354.0,2383800.0
024635854,이대역,당산영업사업소,시민용,이대역사,2015-08-31,2015,8,2015-08,정기분,수납 완료,1354.0,677.0,2669800.0
024635854,이대역,당산영업사업소,시민용,이대역사,2015-09-30,2015,9,2015-09,정기분,수납 완료,3342.0,1671.0,3937800.0
024635854,이대역,당산영업사업소,시민용,이대역사,2015-10-31,2015,10,2015-10,정기분,수납 완료,1671.0,835.5,3303800.0
024635854,이대역,당산영업사업소,시민용,이대역사,2015-11-30,2015,11,2015-11,정기분,수납 완료,2861.0,1430.5,2341800.0
024635854,이대역,당산영업사업소,시민용,이대역사,2015-12-31,2015,12,2015-12,정기분,수납 완료,1431.0,715.5,2823800.0
024635854,이대역,당산영업사업소,시민용,이대역사,2016-01-31,2016,1,2016-01,정기분,수납 완료,2870.0,1435.0,2839800.0
024635854,이대역,당산영업사업소,시민용,이대역사,2016-02-29,2016,2,2016-02,정기분,수납 완료,1435.0,717.5,2831800.0
024635854,이대역,당산영업사업소,시민용,이대역사,2016-03-31,2016,3,2016-03,정기분,수납 완료,2981.0,1490.5,3053800.0
024635854,이대역,당산영업사업소,시민용,이대역사,2016-04-30,2016,4,2016-04,정기분,수납 완료,1491.0,745.5,2943800.0
024635854,이대역,당산영업사업소,시민용,이대역사,2016-05-31,2016,5,2016-05,정기분,수납 완료,3425.0,1712.5,3829800.0
024635854,이대역,당산영업사업소,시민용,이대역사,2016-06-30,2016,6,2016-06,정기분,수납 완료,1713.0,856.5,3387800.0
024635854,이대역,당산영업사업소,시민용,이대역사,2016-07-31,2016,7,2016-07,정기분,수납 완료,3300.0,1650.0,3135800.0
024635854,이대역,당산영업사업소,시민용,이대역사,2016-08-31,2016,8,2016-08,정기분,수납 완료,1650.0,825.0,3261800.0
024635854,이대역,당산영업사업소,시민용,이대역사,2016-09-30,2016,9,2016-09,정기분,수납 완료,4374.0,2187.0,5409800.0
024635854,이대역,당산영업사업소,시민용,이대역사,2016-10-31,2016,10,2016-10,정기분,수납 완료,2187.0,1093.5,4335800.0
024635854,이대역,당산영업사업소,시민용,이대역사,2016-11-30,2016,11,2016-11,정기분,수납 완료,3749.0,1874.5,3085800.0
024635854,이대역,당산영업사업소,시민용,이대역사,2016-12-31,2016,12,2016-12,정기분,수납 완료,1875.0,937.5,3711800.0
024635854,이대역,당산영업사업소,시민용,이대역사,2017-01-31,2017,1,2017-01,정기분,수납 완료,3749.0,1874.5,3709800.0
024635854,이대역,당산영업사업소,시민용,이대역사,2017-02-28,2017,2,2017-02,정기분,수납 완료,1875.0,937.5,3869280.0
024635854,이대역,당산영업사업소,시민용,이대역사,2017-03-31,2017,3,2017-03,정기분,수납 완료,2981.0,1490.5,2282940.0
024635854,이대역,당산영업사업소,시민용,이대역사,2017-04-30,2017,4,2017-04,정기분,수납 완료,1491.0,745.5,3088400.0
024635854,이대역,당산영업사업소,시민용,이대역사,2017-05-31,2017,5,2017-05,정기분,수납 완료,1853.0,926.5,728720.0
024635854,이대역,당산영업사업소,시민용,이대역사,2017-06-30,2017,6,2017-06,정기분,수납 완료,927.0,463.5,1904000.0
024635854,이대역,당산영업사업소,시민용,이대역사,2017-07-31,2017,7,2017-07,정기분,수납 완료,2132.0,1066.0,2487800.0
024635854,이대역,당산영업사업소,시민용,이대역사,2017-08-31,2017,8,2017-08,정기분,수납 완료,1066.0,533.0,2195900.0
024635854,이대역,당산영업사업소,시민용,이대역사,2017-09-30,2017,9,2017-09,정기분,수납 완료,2831.0,1415.5,3663800.0
024635854,이대역,당산영업사업소,시민용,이대역사,2017-10-31,2017,10,2017-10,정기분,수납 완료,1416.0,708.0,2930900.0
024635854,이대역,당산영업사업소,시민용,이대역사,2017-11-30,2017,11,2017-11,정기분,수납 완료,447.0,223.5,0.0
024635854,이대역,당산영업사업소,시민용,이대역사,2017-12-31,2017,12,2017-12,정기분,수납 완료,224.0,112.0,0.0
024635854,이대역,당산영업사업소,시민용,이대역사,2018-01-31,2018,1,2018-01,정기분,수납 완료,1439.0,719.5,894090.0
024635854,이대역,당산영업사업소,시민용,이대역사,2018-02-28,2018,2,2018-02,정기분,수납 완료,720.0,360.0,1513400.0
024635854,이대역,당산영업사업소,시민용,이대역사,2018-03-31,2018,3,2018-03,정기분,수납 완료,2115.0,1057.5,3017300.0
024635854,이대역,당산영업사업소,시민용,이대역사,2018-04-30,2018,4,2018-04,정기분,수납 완료,1058.0,529.0,2287980.0
024635854,이대역,당산영업사업소,시민용,이대역사,2018-05-31,2018,5,2018-05,정기분,수납 완료,2893.0,1446.5,4005150.0
024635854,이대역,당산영업사업소,시민용,이대역사,2018-06-30,2018,6,2018-06,정기분,수납 완료,1447.0,723.5,3147670.0
024635854,이대역,당산영업사업소,시민용,이대역사,2018-07-31,2018,7,2018-07,정기분,수납 완료,2712.0,1356.0,2745450.0
024635854,이대역,당산영업사업소,시민용,이대역사,2018-08-31,2018,8,2018-08,정기분,수납 완료,1356.0,678.0,2946560.0
024635854,이대역,당산영업사업소,시민용,이대역사,2018-09-30,2018,9,2018-09,정기분,수납 완료,3407.0,1703.5,4482510.0
024635854,이대역,당산영업사업소,시민용,이대역사,2018-10-31,2018,10,2018-10,정기분,수납 완료,1704.0,852.0,3715640.0
024635854,이대역,당산영업사업소,시민용,이대역사,2018-11-30,2018,11,2018-11,정기분,수납 완료,3323.0,1661.5,3527790.0
024635854,이대역,당산영업사업소,시민용,이대역사,2018-12-31,2018,12,2018-12,정기분,수납 완료,1662.0,831.0,3622820.0
024635854,이대역,당산영업사업소,시민용,이대역사,2019-01-31,2019,1,2019-01,정기분,수납 완료,3188.0,1594.0,3322260.0
024635854,이대역,당산영업사업소,시민용,이대역사,2019-02-28,2019,2,2019-02,정기분,수납 완료,1594.0,797.0,3590020.0
024635854,이대역,당산영업사업소,시민용,이대역사,2019-03-31,2019,3,2019-03,정기분,수납 완료,2310.0,1155.0,1628930.0
024635854,이대역,당산영업사업소,시민용,이대역사,2019-04-30,2019,4,2019-04,정기분,수납 완료,1155.0,577.5,2635450.0
024635854,이대역,당산영업사업소,시민용,이대역사,2019-05-31,2019,5,2019-05,정기분,수납 완료,2641.0,1320.5,3406680.0
024635854,이대역,당산영업사업소,시민용,이대역사,2019-06-30,2019,6,2019-06,정기분,수납 완료,1321.0,660.5,3022230.0
024635854,이대역,당산영업사업소,시민용,이대역사,2019-07-31,2019,7,2019-07,정기분,수납 완료,2687.0,1343.5,3127080.0
024635854,이대역,당산영업사업소,시민용,이대역사,2019-08-31,2019,8,2019-08,정기분,수납 완료,1344.0,672.0,3075820.0
024635854,이대역,당산영업사업소,시민용,이대역사,2019-09-30,2019,9,2019-09,정기분,수납 완료,2828.0,1414.0,3402020.0
024635854,이대역,당산영업사업소,시민용,이대역사,2019-10-31,2019,10,2019-10,정기분,수납 완료,1414.0,707.0,3238920.0
024635854,이대역,당산영업사업소,시민용,이대역사,2019-11-30,2019,11,2019-11,정기분,수납 완료,2829.0,1414.5,3241250.0
024635854,이대역,당산영업사업소,시민용,이대역사,2019-12-31,2019,12,2019-12,정기분,수납 완료,1415.0,707.5,3241250.0
024635854,이대역,당산영업사업소,시민용,이대역사,2020-01-31,2020,1,2020-01,정기분,수납 완료,2491.0,1245.5,2451380.0
024635854,이대역,당산영업사업소,시민용,이대역사,2020-02-29,2020,2,2020-02,정기분,수납 완료,1246.0,623.0,2847480.0
024635854,이대역,당산영업사업소,시민용,이대역사,2020-03-31,2020,3,2020-03,정기분,수납 완료,2128.0,1064.0,1999360.0
024635854,이대역,당산영업사업소,시민용,이대역사,2020-04-30,2020,4,2020-04,정기분,수납 완료,1064.0,532.0,2423420.0
024635854,이대역,당산영업사업소,시민용,이대역사,2020-05-31,2020,5,2020-05,정기분,수납 완료,1233.0,616.5,338070.0
024635854,이대역,당산영업사업소,시민용,이대역사,2020-06-30,2020,6,2020-06,정기분,수납 완료,617.0,308.5,1381910.0
024635854,이대역,당산영업사업소,시민용,이대역사,2020-07-31,2020,7,2020-07,정기분,수납 완료,1549.0,774.5,2115860.0
024635854,이대역,당산영업사업소,시민용,이대역사,2020-08-31,2020,8,2020-08,정기분,수납 완료,775.0,387.5,1750050.0
024635854,이대역,당산영업사업소,시민용,이대역사,2020-09-30,2020,9,2020-09,정기분,수납 완료,2350.0,1175.0,3614050.0
024635854,이대역,당산영업사업소,시민용,이대역사,2020-10-31,2020,10,2020-10,정기분,수납 완료,1175.0,587.5,2682050.0
024635854,이대역,당산영업사업소,시민용,이대역사,2020-11-30,2020,11,2020-11,정기분,수납 완료,1789.0,894.5,1374920.0
024635854,이대역,당산영업사업소,시민용,이대역사,2020-12-31,2020,12,2020-12,정기분,수납 완료,895.0,447.5,2029650.0
024635854,이대역,당산영업사업소,시민용,이대역사,2021-01-31,2021,1,2021-01,정기분,수납 완료,1223.0,611.5,708540.0
024635854,이대역,당산영업사업소,시민용,이대역사,2021-02-28,2021,2,2021-02,정기분,수납 완료,612.0,306.0,1370260.0
024635854,이대역,당산영업사업소,시민용,이대역사,2021-03-31,2021,3,2021-03,정기분,수납 완료,1198.0,599.0,1309680.0
024635854,이대역,당산영업사업소,시민용,이대역사,2021-04-30,2021,4,2021-04,정기분,수납 완료,599.0,299.5,1339970.0
024635854,이대역,당산영업사업소,시민용,이대역사,2021-05-31,2021,5,2021-05,정기분,수납 완료,1400.0,700.0,1804720.0
024635854,이대역,당산영업사업소,시민용,이대역사,2021-06-30,2021,6,2021-06,정기분,수납 완료,700.0,350.0,1575300.0
024635854,이대역,당산영업사업소,시민용,이대역사,2021-07-31,2021,7,2021-07,정기분,수납 완료,1555.0,777.5,1936450.0
024635854,이대역,당산영업사업소,시민용,이대역사,2021-08-31,2021,8,2021-08,정기분,수납 완료,778.0,389.0,1889340.0
024635854,이대역,당산영업사업소,시민용,이대역사,2021-09-30,2021,9,2021-09,정기분,수납 완료,2485.0,1242.5,4262160.0
024635854,이대역,당산영업사업소,시민용,이대역사,2021-10-31,2021,10,2021-10,정기분,수납 완료,1243.0,621.5,3103520.0
024635854,이대역,당산영업사업소,시민용,이대역사,2021-11-30,2021,11,2021-11,정기분,수납 완료,1758.0,879.0,1254400.0
024635854,이대역,당산영업사업소,시민용,이대역사,2021-12-31,2021,12,2021-12,정기분,수납 완료,879.0,439.5,2178960.0
024635854,이대역,당산영업사업소,시민용,이대역사,2022-01-31,2022,1,2022-01,정기분,수납 완료,1403.0,701.5,1277260.0
024635854,이대역,당산영업사업소,시민용,이대역사,2022-02-28,2022,2,2022-02,정기분,수납 완료,702.0,351.0,1816690.0
024635854,이대역,당산영업사업소,시민용,이대역사,2022-03-31,2022,3,2022-03,정기분,수납 완료,1093.0,546.5,1022210.0
024635854,이대역,당산영업사업소,시민용,이대역사,2022-04-30,2022,4,2022-04,정기분,수납 완료,547.0,273.5,1431850.0
024635854,이대역,당산영업사업소,시민용,이대역사,2022-05-31,2022,5,2022-05,정기분,수납 완료,1382.0,691.0,2195050.0
024635854,이대역,당산영업사업소,시민용,이대역사,2022-06-30,2022,6,2022-06,정기분,수납 완료,691.0,345.5,1813450.0
024635854,이대역,당산영업사업소,시민용,이대역사,2022-07-31,2022,7,2022-07,정기분,수납 완료,1556.0,778.0,2274550.0
024635854,이대역,당산영업사업소,시민용,이대역사,2022-08-31,2022,8,2022-08,정기분,수납 완료,778.0,389.0,2044000.0
024635854,이대역,당산영업사업소,시민용,이대역사,2022-09-30,2022,9,2022-09,정기분,수납 완료,2467.0,1233.5,4458150.0
024635854,이대역,당산영업사업소,시민용,이대역사,2022-10-31,2022,10,2022-10,정기분,수납 완료,1234.0,617.0,3252400.0
024635854,이대역,당산영업사업소,시민용,이대역사,2022-11-30,2022,11,2022-11,정기분,수납 완료,1770.0,885.0,1402700.0
024635854,이대역,당산영업사업소,시민용,이대역사,2022-12-31,2022,12,2022-12,정기분,수납 완료,885.0,442.5,2327550.0
024635854,이대역,당산영업사업소,시민용,이대역사,2023-01-31,2023,1,2023-01,정기분,수납 완료,1630.0,815.0,1956550.0
024635854,이대역,당산영업사업소,시민용,이대역사,2023-02-28,2023,2,2023-02,정기분,수납 완료,815.0,407.5,2571660.0
024635854,이대역,당산영업사업소,시민용,이대역사,2023-03-31,2023,3,2023-03,정기분,수납 완료,1273.0,636.5,1526390.0
024635854,이대역,당산영업사업소,시민용,이대역사,2023-04-30,2023,4,2023-04,정기분,수납 완료,637.0,318.5,2102620.0
024635854,이대역,당산영업사업소,시민용,이대역사,2023-05-31,2023,5,2023-05,정기분,수납 완료,1848.0,924.0,4031260.0
024635854,이대역,당산영업사업소,시민용,이대역사,2023-06-30,2023,6,2023-06,정기분,수납 완료,924.0,462.0,3066940.0
024635854,이대역,당산영업사업소,시민용,이대역사,2023-07-31,2023,7,2023-07,정기분,수납 완료,1784.0,892.0,2851900.0
024635854,이대역,당산영업사업소,시민용,이대역사,2023-08-31,2023,8,2023-08,정기분,수납 완료,892.0,446.0,2959420.0
024635854,이대역,당산영업사업소,시민용,이대역사,2023-09-30,2023,9,2023-09,정기분,수납 완료,2191.0,1095.5,4347950.0
024635854,이대역,당산영업사업소,시민용,이대역사,2023-10-31,2023,10,2023-10,정기분,수납 완료,1096.0,548.0,3655420.0
024635854,이대역,당산영업사업소,시민용,이대역사,2023-11-30,2023,11,2023-11,정기분,수납 완료,2046.0,1023.0,3148800.0
024635854,이대역,당산영업사업소,시민용,이대역사,2023-12-31,2023,12,2023-12,정기분,수납 완료,1023.0,511.5,3402110.0
024635854,이대역,당산영업사업소,시민용,이대역사,2024-01-31,2024,1,2024-01,정기분,수납 완료,1683.0,841.5,2177370.0
024635854,이대역,당산영업사업소,시민용,이대역사,2024-02-29,2024,2,2024-02,정기분,수납 완료,842.0,421.0,2791420.0
024635854,이대역,당산영업사업소,시민용,이대역사,2024-03-31,2024,3,2024-03,정기분,수납 완료,1358.0,679.0,1696060.0
024635854,이대역,당산영업사업소,시민용,이대역사,2024-04-30,2024,4,2024-04,정기분,수납 완료,679.0,339.5,2243740.0
024635854,이대역,당산영업사업소,시민용,이대역사,2024-05-31,2024,5,2024-05,정기분,수납 완료,1691.0,845.5,3362620.0
024635854,이대역,당산영업사업소,시민용,이대역사,2024-06-30,2024,6,2024-06,정기분,수납 완료,846.0,423.0,2804860.0
024635854,이대역,당산영업사업소,시민용,이대역사,2024-07-31,2024,7,2024-07,정기분,수납 완료,1819.0,909.5,3231580.0
024635854,이대역,당산영업사업소,시민용,이대역사,2024-08-31,2024,8,2024-08,정기분,수납 완료,910.0,455.0,3019900.0
024635854,이대역,당산영업사업소,시민용,이대역사,2024-09-30,2024,9,2024-09,정기분,수납 완료,2175.0,1087.5,4231950.0
024635854,이대역,당산영업사업소,시민용,이대역사,2024-10-31,2024,10,2024-10,정기분,수납 완료,1088.0,544.0,3627660.0
024635854,이대역,당산영업사업소,시민용,이대역사,2024-11-30,2024,11,2024-11,정기분,수납 완료,2109.0,1054.5,3395170.0
024635854,이대역,당산영업사업소,시민용,이대역사,2024-12-31,2024,12,2024-12,정기분,수납 완료,1055.0,527.5,3513150.0
024635854,이대역,당산영업사업소,시민용,이대역사,2025-01-31,2025,1,2025-01,정기분,수납 완료,1599.0,799.5,1784090.0
024635854,이대역,당산영업사업소,시민용,이대역사,2025-02-28,2025,2,2025-02,정기분,수납 완료,800.0,400.0,2650300.0
024635854,이대역,당산영업사업소,시민용,이대역사,2025-03-31,2025,3,2025-03,정기분,수납 완료,1283.0,641.5,1585180.0
024635854,이대역,당산영업사업소,시민용,이대역사,2025-04-30,2025,4,2025-04,정기분,수납 완료,642.0,321.0,2119420.0
024635854,이대역,당산영업사업소,시민용,이대역사,2025-05-31,2025,5,2025-05,정기분,수납 완료,1674.0,837.0,3428820.0
024635854,이대역,당산영업사업소,시민용,이대역사,2025-06-30,2025,6,2025-06,정기분,수납 완료,837.0,418.5,2773620.0
024635854,이대역,당산영업사업소,시민용,이대역사,2025-07-31,2025,7,2025-07,정기분,수납 완료,1765.0,882.5,3079380.0
024635854,이대역,당산영업사업소,시민용,이대역사,2025-08-31,2025,8,2025-08,정기분,수납 완료,883.0,441.5,2928180.0
024635854,이대역,당산영업사업소,시민용,이대역사,2025-09-30,2025,9,2025-09,정기분,수납 완료,2420.0,1210.0,5171820.0
024635854,이대역,당산영업사업소,시민용,이대역사,2025-10-31,2025,10,2025-10,정기분,수납 완료,1210.0,605.0,4050000.0
024635854,이대역,당산영업사업소,시민용,이대역사,2025-11-30,2025,11,2025-11,정기분,수납 완료,2118.0,1059.0,3002060.0
024635854,이대역,당산영업사업소,시민용,이대역사,2025-12-31,2025,12,2025-12,정기분,수납 완료,1059.0,529.5,3526030.0
024635854,이대역,당산영업사업소,시민용,이대역사,2026-01-31,2026,1,2026-01,정기분,수납 완료,1791.0,895.5,2414330.0
024635854,이대역,당산영업사업소,시민용,이대역사,2026-02-28,2026,2,2026-02,정기분,수납 완료,896.0,448.0,3098230.0
024635854,이대역,당산영업사업소,시민용,이대역사,2026-03-31,2026,3,2026-03,정기분,수납 완료,1387.0,693.5,1710850.0
024635854,이대역,당산영업사업소,시민용,이대역사,2026-04-30,2026,4,2026-04,정기분,수납 완료,694.0,347.0,2423960.0
024635854,이대역,당산영업사업소,시민용,이대역사,2026-05-31,2026,5,2026-05,정기분,미납,1735.0,867.5,3652340.0
024630785,이수(총신대입구)역(4호선),동작영업사업소,시민용,총신대입구역,2008-06-30,2008,6,2008-06,정기분,수납 완료,195.0,97.5,0.0
024630785,이수(총신대입구)역(4호선),동작영업사업소,시민용,총신대입구역,2008-07-31,2008,7,2008-07,정기분,수납 완료,1775.0,887.5,1993480.0
024630785,이수(총신대입구)역(4호선),동작영업사업소,시민용,총신대입구역,2008-08-31,2008,8,2008-08,정기분,수납 완료,888.0,444.0,1238120.0
024630785,이수(총신대입구)역(4호선),동작영업사업소,시민용,총신대입구역,2008-09-30,2008,9,2008-09,정기분,수납 완료,1631.0,815.5,1049880.0
024630785,이수(총신대입구)역(4호선),동작영업사업소,시민용,총신대입구역,2008-10-31,2008,10,2008-10,정기분,수납 완료,816.0,408.0,1145960.0
024630785,이수(총신대입구)역(4호선),동작영업사업소,시민용,총신대입구역,2008-11-30,2008,11,2008-11,정기분,수납 완료,950.0,475.0,243080.0
024630785,이수(총신대입구)역(4호선),동작영업사업소,시민용,총신대입구역,2008-12-31,2008,12,2008-12,정기분,수납 완료,475.0,237.5,695840.0
024630785,이수(총신대입구)역(4호선),동작영업사업소,시민용,총신대입구역,2009-01-31,2009,1,2009-01,정기분,수납 완료,833.0,416.5,536840.0
024630785,이수(총신대입구)역(4호선),동작영업사업소,시민용,총신대입구역,2009-02-28,2009,2,2009-02,정기분,수납 완료,417.0,208.5,617200.0
024630785,이수(총신대입구)역(4호선),동작영업사업소,시민용,총신대입구역,2009-03-31,2009,3,2009-03,정기분,수납 완료,321.0,160.5,257020.0
024630785,이수(총신대입구)역(4호선),동작영업사업소,시민용,총신대입구역,2009-04-30,2009,4,2009-04,정기분,수납 완료,161.0,80.5,341980.0
024630785,이수(총신대입구)역(4호선),동작영업사업소,시민용,총신대입구역,2009-05-31,2009,5,2009-05,정기분,수납 완료,944.0,472.0,748520.0
024630785,이수(총신대입구)역(4호선),동작영업사업소,시민용,총신대입구역,2009-06-30,2009,6,2009-06,정기분,수납 완료,472.0,236.0,577160.0
024630785,이수(총신대입구)역(4호선),동작영업사업소,시민용,총신대입구역,2009-07-31,2009,7,2009-07,정기분,수납 완료,1360.0,680.0,1109640.0
024630785,이수(총신대입구)역(4호선),동작영업사업소,시민용,총신대입구역,2009-08-31,2009,8,2009-08,정기분,수납 완료,912.0,456.0,1140360.0
024630785,이수(총신대입구)역(4호선),동작영업사업소,시민용,총신대입구역,2009-09-30,2009,9,2009-09,정기분,수납 완료,2006.0,1003.0,1381680.0
024630785,이수(총신대입구)역(4호선),동작영업사업소,시민용,총신대입구역,2009-10-31,2009,10,2009-10,정기분,수납 완료,503.0,251.5,618600.0
024630785,이수(총신대입구)역(4호선),동작영업사업소,시민용,총신대입구역,2009-11-30,2009,11,2009-11,정기분,수납 완료,973.0,486.5,577240.0
024630785,이수(총신대입구)역(4호선),동작영업사업소,시민용,총신대입구역,2009-12-31,2009,12,2009-12,정기분,수납 완료,262.0,131.0,315250.0
024630785,이수(총신대입구)역(4호선),동작영업사업소,시민용,총신대입구역,2010-01-31,2010,1,2010-01,정기분,수납 완료,452.0,226.0,310710.0
024630785,이수(총신대입구)역(4호선),동작영업사업소,시민용,총신대입구역,2010-02-28,2010,2,2010-02,정기분,수납 완료,180.0,90.0,258780.0
024630785,이수(총신대입구)역(4호선),동작영업사업소,시민용,총신대입구역,2010-03-31,2010,3,2010-03,정기분,수납 완료,630.0,315.0,589980.0
024630785,이수(총신대입구)역(4호선),동작영업사업소,시민용,총신대입구역,2010-04-30,2010,4,2010-04,정기분,수납 완료,577.0,288.5,759960.0
024630785,이수(총신대입구)역(4호선),동작영업사업소,시민용,총신대입구역,2010-05-31,2010,5,2010-05,정기분,수납 완료,1157.0,578.5,667000.0
024630785,이수(총신대입구)역(4호선),동작영업사업소,시민용,총신대입구역,2010-06-30,2010,6,2010-06,정기분,수납 완료,886.0,443.0,1107080.0
024630785,이수(총신대입구)역(4호선),동작영업사업소,시민용,총신대입구역,2010-07-31,2010,7,2010-07,정기분,수납 완료,1873.0,936.5,1236360.0
024630785,이수(총신대입구)역(4호선),동작영업사업소,시민용,총신대입구역,2010-08-31,2010,8,2010-08,정기분,수납 완료,1694.0,847.0,2141320.0
024630785,이수(총신대입구)역(4호선),동작영업사업소,시민용,총신대입구역,2010-09-30,2010,9,2010-09,정기분,수납 완료,3110.0,1555.0,1785480.0
024630785,이수(총신대입구)역(4호선),동작영업사업소,시민용,총신대입구역,2010-10-31,2010,10,2010-10,정기분,수납 완료,1395.0,697.5,1758600.0
024630785,이수(총신대입구)역(4호선),동작영업사업소,시민용,총신대입구역,2010-11-30,2010,11,2010-11,정기분,수납 완료,2361.0,1180.5,1209480.0
024630785,이수(총신대입구)역(4호선),동작영업사업소,시민용,총신대입구역,2010-12-31,2010,12,2010-12,정기분,수납 완료,1181.0,590.5,1484680.0
024630785,이수(총신대입구)역(4호선),동작영업사업소,시민용,총신대입구역,2011-01-31,2011,1,2011-01,정기분,수납 완료,928.0,464.0,46260.0
024630785,이수(총신대입구)역(4호선),동작영업사업소,시민용,총신대입구역,2011-02-28,2011,2,2011-02,정기분,수납 완료,271.0,135.5,309730.0
024630785,이수(총신대입구)역(4호선),동작영업사업소,시민용,총신대입구역,2011-03-31,2011,3,2011-03,정기분,수납 완료,631.0,315.5,411320.0
024630785,이수(총신대입구)역(4호선),동작영업사업소,시민용,총신대입구역,2011-04-30,2011,4,2011-04,정기분,수납 완료,316.0,158.0,470400.0
024630785,이수(총신대입구)역(4호선),동작영업사업소,시민용,총신대입구역,2011-05-31,2011,5,2011-05,정기분,수납 완료,910.0,455.0,828580.0
024630785,이수(총신대입구)역(4호선),동작영업사업소,시민용,총신대입구역,2011-06-30,2011,6,2011-06,정기분,수납 완료,455.0,227.5,649710.0
024630785,이수(총신대입구)역(4호선),동작영업사업소,시민용,총신대입구역,2011-07-31,2011,7,2011-07,정기분,수납 완료,1627.0,813.5,1520520.0
024630785,이수(총신대입구)역(4호선),동작영업사업소,시민용,총신대입구역,2011-08-31,2011,8,2011-08,정기분,수납 완료,814.0,407.0,1085980.0
024630785,이수(총신대입구)역(4호선),동작영업사업소,시민용,총신대입구역,2011-09-30,2011,9,2011-09,정기분,수납 완료,2861.0,1430.5,2721430.0
024630785,이수(총신대입구)역(4호선),동작영업사업소,시민용,총신대입구역,2011-10-31,2011,10,2011-10,정기분,수납 완료,487.0,243.5,686590.0
024630785,이수(총신대입구)역(4호선),동작영업사업소,시민용,총신대입구역,2011-11-30,2011,11,2011-11,정기분,수납 완료,1111.0,555.5,778960.0
024630785,이수(총신대입구)역(4호선),동작영업사업소,시민용,총신대입구역,2011-12-31,2011,12,2011-12,정기분,수납 완료,98.0,49.0,125680.0
024630785,이수(총신대입구)역(4호선),동작영업사업소,시민용,총신대입구역,2012-01-31,2012,1,2012-01,정기분,수납 완료,187.0,93.5,115240.0
024630785,이수(총신대입구)역(4호선),동작영업사업소,시민용,총신대입구역,2012-02-29,2012,2,2012-02,정기분,수납 완료,147.0,73.5,182520.0
024630785,이수(총신대입구)역(4호선),동작영업사업소,시민용,총신대입구역,2012-03-31,2012,3,2012-03,정기분,수납 완료,311.0,155.5,286540.0
024630785,이수(총신대입구)역(4호선),동작영업사업소,시민용,총신대입구역,2012-04-30,2012,4,2012-04,정기분,수납 완료,276.0,138.0,410460.0
024630785,이수(총신대입구)역(4호선),동작영업사업소,시민용,총신대입구역,2012-05-31,2012,5,2012-05,정기분,수납 완료,615.0,307.5,505140.0
024630785,이수(총신대입구)역(4호선),동작영업사업소,시민용,총신대입구역,2012-06-30,2012,6,2012-06,정기분,수납 완료,375.0,187.5,568500.0
024630785,이수(총신대입구)역(4호선),동작영업사업소,시민용,총신대입구역,2012-07-31,2012,7,2012-07,정기분,수납 완료,910.0,455.0,830900.0
024630785,이수(총신대입구)역(4호선),동작영업사업소,시민용,총신대입구역,2012-08-31,2012,8,2012-08,정기분,수납 완료,1430.0,715.0,2298700.0
024630785,이수(총신대입구)역(4호선),동작영업사업소,시민용,총신대입구역,2012-09-30,2012,9,2012-09,정기분,수납 완료,2861.0,1430.5,2300340.0
024630785,이수(총신대입구)역(4호선),동작영업사업소,시민용,총신대입구역,2012-10-31,2012,10,2012-10,정기분,수납 완료,620.0,310.0,970300.0
024630785,이수(총신대입구)역(4호선),동작영업사업소,시민용,총신대입구역,2012-11-30,2012,11,2012-11,정기분,수납 완료,1317.0,658.5,4080300.0
024630785,이수(총신대입구)역(4호선),동작영업사업소,시민용,총신대입구역,2012-12-31,2012,12,2012-12,정기분,수납 완료,659.0,329.5,1034260.0
024630785,이수(총신대입구)역(4호선),동작영업사업소,시민용,총신대입구역,2013-01-31,2013,1,2013-01,정기분,수납 완료,1296.0,648.0,998180.0
024630785,이수(총신대입구)역(4호선),동작영업사업소,시민용,총신대입구역,2013-02-28,2013,2,2013-02,정기분,수납 완료,648.0,324.0,1016220.0
024630785,이수(총신대입구)역(4호선),동작영업사업소,시민용,총신대입구역,2013-03-31,2013,3,2013-03,정기분,수납 완료,1197.0,598.5,1067260.0
024630785,이수(총신대입구)역(4호선),동작영업사업소,시민용,총신대입구역,2013-04-30,2013,4,2013-04,정기분,수납 완료,599.0,299.5,1042660.0
024630785,이수(총신대입구)역(4호선),동작영업사업소,시민용,총신대입구역,2013-05-31,2013,5,2013-05,정기분,수납 완료,1511.0,755.5,1618580.0
024630785,이수(총신대입구)역(4호선),동작영업사업소,시민용,총신대입구역,2013-06-30,2013,6,2013-06,정기분,수납 완료,756.0,378.0,1331540.0
024630785,이수(총신대입구)역(4호선),동작영업사업소,시민용,총신대입구역,2013-07-31,2013,7,2013-07,정기분,수납 완료,1547.0,773.5,1395940.0
024630785,이수(총신대입구)역(4호선),동작영업사업소,시민용,총신대입구역,2013-08-31,2013,8,2013-08,정기분,수납 완료,1490.0,745.0,2682100.0
024630785,이수(총신대입구)역(4호선),동작영업사업소,시민용,총신대입구역,2013-09-30,2013,9,2013-09,정기분,수납 완료,3121.0,1560.5,2941540.0
024630785,이수(총신대입구)역(4호선),동작영업사업소,시민용,총신대입구역,2013-10-31,2013,10,2013-10,정기분,수납 완료,1561.0,780.5,2812740.0
024630785,이수(총신대입구)역(4호선),동작영업사업소,시민용,총신대입구역,2013-11-30,2013,11,2013-11,정기분,수납 완료,1917.0,958.5,595540.0
024630785,이수(총신대입구)역(4호선),동작영업사업소,시민용,총신대입구역,2013-12-31,2013,12,2013-12,정기분,수납 완료,958.0,479.0,1703220.0
024630785,이수(총신대입구)역(4호선),동작영업사업소,시민용,총신대입구역,2014-01-31,2014,1,2014-01,정기분,수납 완료,1263.0,631.5,501700.0
024630785,이수(총신대입구)역(4호선),동작영업사업소,시민용,총신대입구역,2014-02-28,2014,2,2014-02,정기분,수납 완료,632.0,316.0,1103380.0
024630785,이수(총신대입구)역(4호선),동작영업사업소,시민용,총신대입구역,2014-03-31,2014,3,2014-03,정기분,수납 완료,1070.0,535.0,905620.0
024630785,이수(총신대입구)역(4호선),동작영업사업소,시민용,총신대입구역,2014-04-30,2014,4,2014-04,정기분,수납 완료,535.0,267.5,1004500.0
024630785,이수(총신대입구)역(4호선),동작영업사업소,시민용,총신대입구역,2014-05-31,2014,5,2014-05,정기분,수납 완료,1332.0,666.0,1528500.0
024630785,이수(총신대입구)역(4호선),동작영업사업소,시민용,총신대입구역,2014-06-30,2014,6,2014-06,정기분,수납 완료,666.0,333.0,1266500.0
024630785,이수(총신대입구)역(4호선),동작영업사업소,시민용,총신대입구역,2014-07-31,2014,7,2014-07,정기분,수납 완료,2173.0,1086.5,2948500.0
024630785,이수(총신대입구)역(4호선),동작영업사업소,시민용,총신대입구역,2014-08-31,2014,8,2014-08,정기분,수납 완료,1087.0,543.5,2108500.0
024630785,이수(총신대입구)역(4호선),동작영업사업소,시민용,총신대입구역,2014-09-30,2014,9,2014-09,정기분,수납 완료,4935.0,2467.5,7630500.0
024630785,이수(총신대입구)역(4호선),동작영업사업소,시민용,총신대입구역,2014-10-31,2014,10,2014-10,정기분,수납 완료,2468.0,1234.0,4870500.0
024630785,이수(총신대입구)역(4호선),동작영업사업소,시민용,총신대입구역,2014-11-30,2014,11,2014-11,정기분,수납 완료,2253.0,1126.5,0.0
024630785,이수(총신대입구)역(4호선),동작영업사업소,시민용,총신대입구역,2014-12-31,2014,12,2014-12,정기분,수납 완료,1127.0,563.5,1693000.0
024630785,이수(총신대입구)역(4호선),동작영업사업소,시민용,총신대입구역,2015-01-31,2015,1,2015-01,정기분,수납 완료,1303.0,651.5,286500.0
024630785,이수(총신대입구)역(4호선),동작영업사업소,시민용,총신대입구역,2015-02-28,2015,2,2015-02,정기분,수납 완료,652.0,326.0,1238500.0
024630785,이수(총신대입구)역(4호선),동작영업사업소,시민용,총신대입구역,2015-03-31,2015,3,2015-03,정기분,수납 완료,1135.0,567.5,900500.0
024630785,이수(총신대입구)역(4호선),동작영업사업소,시민용,총신대입구역,2015-04-30,2015,4,2015-04,정기분,수납 완료,568.0,284.0,1070500.0
024630785,이수(총신대입구)역(4호선),동작영업사업소,시민용,총신대입구역,2015-05-31,2015,5,2015-05,정기분,수납 완료,1550.0,775.0,1898500.0
024630785,이수(총신대입구)역(4호선),동작영업사업소,시민용,총신대입구역,2015-06-30,2015,6,2015-06,정기분,수납 완료,775.0,387.5,1484500.0
024630785,이수(총신대입구)역(4호선),동작영업사업소,시민용,총신대입구역,2015-07-31,2015,7,2015-07,정기분,수납 완료,3529.0,1764.5,5442500.0
024630785,이수(총신대입구)역(4호선),동작영업사업소,시민용,총신대입구역,2015-08-31,2015,8,2015-08,정기분,수납 완료,1765.0,882.5,3464500.0
024630785,이수(총신대입구)역(4호선),동작영업사업소,시민용,총신대입구역,2015-09-30,2015,9,2015-09,정기분,수납 완료,5383.0,2691.5,7170500.0
024630785,이수(총신대입구)역(4호선),동작영업사업소,시민용,총신대입구역,2015-10-31,2015,10,2015-10,정기분,수납 완료,2692.0,1346.0,5318500.0
024630785,이수(총신대입구)역(4호선),동작영업사업소,시민용,총신대입구역,2015-11-30,2015,11,2015-11,정기분,수납 완료,1963.0,981.5,0.0
024630785,이수(총신대입구)역(4호선),동작영업사업소,시민용,총신대입구역,2015-12-31,2015,12,2015-12,정기분,수납 완료,982.0,491.0,375000.0
024630785,이수(총신대입구)역(4호선),동작영업사업소,시민용,총신대입구역,2016-01-31,2016,1,2016-01,정기분,수납 완료,1276.0,638.0,522500.0
024630785,이수(총신대입구)역(4호선),동작영업사업소,시민용,총신대입구역,2016-02-29,2016,2,2016-02,정기분,수납 완료,638.0,319.0,1210500.0
024630785,이수(총신대입구)역(4호선),동작영업사업소,시민용,총신대입구역,2016-03-31,2016,3,2016-03,정기분,수납 완료,1092.0,546.0,842500.0
024630785,이수(총신대입구)역(4호선),동작영업사업소,시민용,총신대입구역,2016-04-30,2016,4,2016-04,정기분,수납 완료,546.0,273.0,1026500.0
024630785,이수(총신대입구)역(4호선),동작영업사업소,시민용,총신대입구역,2016-05-31,2016,5,2016-05,정기분,수납 완료,529.0,264.5,0.0
024630785,이수(총신대입구)역(4호선),동작영업사업소,시민용,총신대입구역,2016-06-30,2016,6,2016-06,정기분,수납 완료,265.0,132.5,388320.0
024630785,이수(총신대입구)역(4호선),동작영업사업소,시민용,총신대입구역,2016-07-31,2016,7,2016-07,정기분,수납 완료,753.0,376.5,902800.0
024630785,이수(총신대입구)역(4호선),동작영업사업소,시민용,총신대입구역,2016-08-31,2016,8,2016-08,정기분,수납 완료,377.0,188.5,688500.0
024630785,이수(총신대입구)역(4호선),동작영업사업소,시민용,총신대입구역,2016-09-30,2016,9,2016-09,정기분,수납 완료,2712.0,1356.0,4604500.0
024630785,이수(총신대입구)역(4호선),동작영업사업소,시민용,총신대입구역,2016-10-31,2016,10,2016-10,정기분,수납 완료,1356.0,678.0,2646500.0
024630785,이수(총신대입구)역(4호선),동작영업사업소,시민용,총신대입구역,2016-11-30,2016,11,2016-11,정기분,수납 완료,1767.0,883.5,756500.0
024630785,이수(총신대입구)역(4호선),동작영업사업소,시민용,총신대입구역,2016-12-31,2016,12,2016-12,정기분,수납 완료,884.0,442.0,1702500.0
024630785,이수(총신대입구)역(4호선),동작영업사업소,시민용,총신대입구역,2017-01-31,2017,1,2017-01,정기분,수납 완료,1276.0,638.0,724430.0
024630785,이수(총신대입구)역(4호선),동작영업사업소,시민용,총신대입구역,2017-02-28,2017,2,2017-02,정기분,수납 완료,638.0,319.0,1269800.0
024630785,이수(총신대입구)역(4호선),동작영업사업소,시민용,총신대입구역,2017-03-31,2017,3,2017-03,정기분,수납 완료,1092.0,546.0,883400.0
024630785,이수(총신대입구)역(4호선),동작영업사업소,시민용,총신대입구역,2017-04-30,2017,4,2017-04,정기분,수납 완료,546.0,273.0,1076600.0
024630785,이수(총신대입구)역(4호선),동작영업사업소,시민용,총신대입구역,2017-05-31,2017,5,2017-05,정기분,수납 완료,1092.0,546.0,1076600.0
024630785,이수(총신대입구)역(4호선),동작영업사업소,시민용,총신대입구역,2017-06-30,2017,6,2017-06,정기분,수납 완료,546.0,273.0,1076600.0
024630785,이수(총신대입구)역(4호선),동작영업사업소,시민용,총신대입구역,2017-07-31,2017,7,2017-07,정기분,수납 완료,1092.0,546.0,1076600.0
024630785,이수(총신대입구)역(4호선),동작영업사업소,시민용,총신대입구역,2017-08-31,2017,8,2017-08,정기분,수납 완료,546.0,273.0,1076600.0
024630785,이수(총신대입구)역(4호선),동작영업사업소,시민용,총신대입구역,2017-09-30,2017,9,2017-09,정기분,수납 완료,2712.0,1356.0,4478600.0
024630785,이수(총신대입구)역(4호선),동작영업사업소,시민용,총신대입구역,2017-10-31,2017,10,2017-10,정기분,수납 완료,1356.0,678.0,2777600.0
024630785,이수(총신대입구)역(4호선),동작영업사업소,시민용,총신대입구역,2017-11-30,2017,11,2017-11,정기분,수납 완료,2220.0,1110.0,1744400.0
024630785,이수(총신대입구)역(4호선),동작영업사업소,시민용,총신대입구역,2017-12-31,2017,12,2017-12,정기분,수납 완료,1110.0,555.0,2261000.0
024630785,이수(총신대입구)역(4호선),동작영업사업소,시민용,총신대입구역,2018-01-31,2018,1,2018-01,정기분,수납 완료,2214.0,1107.0,2261350.0
024630785,이수(총신대입구)역(4호선),동작영업사업소,시민용,총신대입구역,2018-02-28,2018,2,2018-02,정기분,수납 완료,1107.0,553.5,2368970.0
024630785,이수(총신대입구)역(4호선),동작영업사업소,시민용,총신대입구역,2018-03-31,2018,3,2018-03,정기분,수납 완료,1712.0,856.0,1259550.0
024630785,이수(총신대입구)역(4호선),동작영업사업소,시민용,총신대입구역,2018-04-30,2018,4,2018-04,정기분,수납 완료,856.0,428.0,1814260.0
024630785,이수(총신대입구)역(4호선),동작영업사업소,시민용,총신대입구역,2018-05-31,2018,5,2018-05,정기분,수납 완료,1811.0,905.5,2033050.0
024630785,이수(총신대입구)역(4호선),동작영업사업소,시민용,총신대입구역,2018-06-30,2018,6,2018-06,정기분,수납 완료,906.0,453.0,1924760.0
024630785,이수(총신대입구)역(4호선),동작영업사업소,시민용,총신대입구역,2018-07-31,2018,7,2018-07,정기분,수납 완료,2367.0,1183.5,3151310.0
024630785,이수(총신대입구)역(4호선),동작영업사업소,시민용,총신대입구역,2018-08-31,2018,8,2018-08,정기분,수납 완료,1184.0,592.0,2539140.0
024630785,이수(총신대입구)역(4호선),동작영업사업소,시민용,총신대입구역,2018-09-30,2018,9,2018-09,정기분,수납 완료,4040.0,2020.0,6234260.0
024630785,이수(총신대입구)역(4호선),동작영업사업소,시민용,총신대입구역,2018-10-31,2018,10,2018-10,정기분,수납 완료,2020.0,1010.0,4386700.0
024630785,이수(총신대입구)역(4호선),동작영업사업소,시민용,총신대입구역,2018-11-30,2018,11,2018-11,정기분,수납 완료,1916.0,958.0,0.0
024630785,이수(총신대입구)역(4호선),동작영업사업소,시민용,총신대입구역,2018-12-31,2018,12,2018-12,정기분,수납 완료,958.0,479.0,1732340.0
024630785,이수(총신대입구)역(4호선),동작영업사업소,시민용,총신대입구역,2019-01-31,2019,1,2019-01,정기분,수납 완료,1652.0,826.0,1466200.0
024630785,이수(총신대입구)역(4호선),동작영업사업소,시민용,총신대입구역,2019-02-28,2019,2,2019-02,정기분,수납 완료,826.0,413.0,1841580.0
024630785,이수(총신대입구)역(4호선),동작영업사업소,시민용,총신대입구역,2019-03-31,2019,3,2019-03,정기분,수납 완료,1529.0,764.5,1554990.0
024630785,이수(총신대입구)역(4호선),동작영업사업소,시민용,총신대입구역,2019-04-30,2019,4,2019-04,정기분,수납 완료,765.0,382.5,1699450.0
024630785,이수(총신대입구)역(4호선),동작영업사업소,시민용,총신대입구역,2019-05-31,2019,5,2019-05,정기분,수납 완료,1580.0,790.0,1815950.0
024630785,이수(총신대입구)역(4호선),동작영업사업소,시민용,총신대입구역,2019-06-30,2019,6,2019-06,정기분,수납 완료,790.0,395.0,1757700.0
024630785,이수(총신대입구)역(4호선),동작영업사업소,시민용,총신대입구역,2019-07-31,2019,7,2019-07,정기분,수납 완료,2088.0,1044.0,2941340.0
024630785,이수(총신대입구)역(4호선),동작영업사업소,시민용,총신대입구역,2019-08-31,2019,8,2019-08,정기분,수납 완료,1044.0,522.0,2349520.0
024630785,이수(총신대입구)역(4호선),동작영업사업소,시민용,총신대입구역,2019-09-30,2019,9,2019-09,정기분,수납 완료,5515.0,2757.5,10334430.0
024630785,이수(총신대입구)역(4호선),동작영업사업소,시민용,총신대입구역,2019-10-31,2019,10,2019-10,정기분,수납 완료,2758.0,1379.0,6343140.0
024630785,이수(총신대입구)역(4호선),동작영업사업소,시민용,총신대입구역,2019-11-30,2019,11,2019-11,정기분,수납 완료,2975.0,1487.5,422610.0
024630785,이수(총신대입구)역(4호선),동작영업사업소,시민용,총신대입구역,2019-12-31,2019,12,2019-12,정기분,수납 완료,1488.0,744.0,3384040.0
024630785,이수(총신대입구)역(4호선),동작영업사업소,시민용,총신대입구역,2020-01-31,2020,1,2020-01,정기분,수납 완료,1853.0,926.5,767450.0
024630785,이수(총신대입구)역(4호선),동작영업사업소,시민용,총신대입구역,2020-02-29,2020,2,2020-02,정기분,수납 완료,927.0,463.5,2076910.0
024630785,이수(총신대입구)역(4호선),동작영업사업소,시민용,총신대입구역,2020-03-31,2020,3,2020-03,정기분,수납 완료,1394.0,697.0,1005110.0
024630785,이수(총신대입구)역(4호선),동작영업사업소,시민용,총신대입구역,2020-04-30,2020,4,2020-04,정기분,수납 완료,697.0,348.5,1541010.0
024630785,이수(총신대입구)역(4호선),동작영업사업소,시민용,총신대입구역,2020-05-31,2020,5,2020-05,정기분,수납 완료,1301.0,650.5,1324320.0
024630785,이수(총신대입구)역(4호선),동작영업사업소,시민용,총신대입구역,2020-06-30,2020,6,2020-06,정기분,수납 완료,651.0,325.5,1433830.0
024630785,이수(총신대입구)역(4호선),동작영업사업소,시민용,총신대입구역,2020-07-31,2020,7,2020-07,정기분,수납 완료,1301.0,650.5,1431500.0
024630785,이수(총신대입구)역(4호선),동작영업사업소,시민용,총신대입구역,2020-08-31,2020,8,2020-08,정기분,수납 완료,651.0,325.5,1433830.0
024630785,이수(총신대입구)역(4호선),동작영업사업소,시민용,총신대입구역,2020-09-30,2020,9,2020-09,정기분,수납 완료,1301.0,650.5,1431500.0
024630785,이수(총신대입구)역(4호선),동작영업사업소,시민용,총신대입구역,2020-10-31,2020,10,2020-10,정기분,수납 완료,0.0,0.0,25000.0
024630785,이수(총신대입구)역(4호선),동작영업사업소,시민용,총신대입구역,2020-11-30,2020,11,2020-11,정기분,수납 완료,1301.0,650.5,4249160.0
024630785,이수(총신대입구)역(4호선),동작영업사업소,시민용,총신대입구역,2020-12-31,2020,12,2020-12,정기분,수납 완료,651.0,325.5,1433830.0
024630785,이수(총신대입구)역(4호선),동작영업사업소,시민용,총신대입구역,2021-01-31,2021,1,2021-01,정기분,수납 완료,1301.0,650.5,1431500.0
024630785,이수(총신대입구)역(4호선),동작영업사업소,시민용,총신대입구역,2021-02-28,2021,2,2021-02,정기분,수납 완료,651.0,325.5,1433830.0
024630785,이수(총신대입구)역(4호선),동작영업사업소,시민용,총신대입구역,2021-03-31,2021,3,2021-03,정기분,수납 완료,1301.0,650.5,1431500.0
024630785,이수(총신대입구)역(4호선),동작영업사업소,시민용,총신대입구역,2021-04-30,2021,4,2021-04,정기분,수납 완료,651.0,325.5,1433830.0
024630785,이수(총신대입구)역(4호선),동작영업사업소,시민용,총신대입구역,2021-05-31,2021,5,2021-05,정기분,수납 완료,1485.0,742.5,1860220.0
024630785,이수(총신대입구)역(4호선),동작영업사업소,시민용,총신대입구역,2021-06-30,2021,6,2021-06,정기분,수납 완료,743.0,371.5,1648190.0
024630785,이수(총신대입구)역(4호선),동작영업사업소,시민용,총신대입구역,2021-07-31,2021,7,2021-07,정기분,수납 완료,1783.0,891.5,2363600.0
024630785,이수(총신대입구)역(4호선),동작영업사업소,시민용,총신대입구역,2021-08-31,2021,8,2021-08,정기분,수납 완료,892.0,446.0,2184680.0
024630785,이수(총신대입구)역(4호선),동작영업사업소,시민용,총신대입구역,2021-09-30,2021,9,2021-09,정기분,수납 완료,2922.0,1461.0,5075200.0
024630785,이수(총신대입구)역(4호선),동작영업사업소,시민용,총신대입구역,2021-10-31,2021,10,2021-10,정기분,수납 완료,1461.0,730.5,3629940.0
024630785,이수(총신대입구)역(4호선),동작영업사업소,시민용,총신대입구역,2021-11-30,2021,11,2021-11,정기분,수납 완료,1892.0,946.0,1013740.0
024630785,이수(총신대입구)역(4호선),동작영업사업소,시민용,총신대입구역,2021-12-31,2021,12,2021-12,정기분,수납 완료,946.0,473.0,2321840.0
024630785,이수(총신대입구)역(4호선),동작영업사업소,시민용,총신대입구역,2022-01-31,2022,1,2022-01,정기분,수납 완료,1516.0,758.0,1381170.0
024630785,이수(총신대입구)역(4호선),동작영업사업소,시민용,총신대입구역,2022-02-28,2022,2,2022-02,정기분,수납 완료,758.0,379.0,1963700.0
024630785,이수(총신대입구)역(4호선),동작영업사업소,시민용,총신대입구역,2022-03-31,2022,3,2022-03,정기분,수납 완료,1352.0,676.0,1529100.0
024630785,이수(총신대입구)역(4호선),동작영업사업소,시민용,총신대입구역,2022-04-30,2022,4,2022-04,정기분,수납 완료,676.0,338.0,1746400.0
024630785,이수(총신대입구)역(4호선),동작영업사업소,시민용,총신대입구역,2022-05-31,2022,5,2022-05,정기분,수납 완료,1530.0,765.0,2038770.0
024630785,이수(총신대입구)역(4호선),동작영업사업소,시민용,총신대입구역,2022-06-30,2022,6,2022-06,정기분,수납 완료,765.0,382.5,1943970.0
024630785,이수(총신대입구)역(4호선),동작영업사업소,시민용,총신대입구역,2022-07-31,2022,7,2022-07,정기분,수납 완료,1761.0,880.5,2594400.0
024630785,이수(총신대입구)역(4호선),동작영업사업소,시민용,총신대입구역,2022-08-31,2022,8,2022-08,정기분,수납 완료,881.0,440.5,2289650.0
024630785,이수(총신대입구)역(4호선),동작영업사업소,시민용,총신대입구역,2022-09-30,2022,9,2022-09,정기분,수납 완료,2512.0,1256.0,4277150.0
024630785,이수(총신대입구)역(4호선),동작영업사업소,시민용,총신대입구역,2022-10-31,2022,10,2022-10,정기분,수납 완료,1256.0,628.0,3283400.0
024630785,이수(총신대입구)역(4호선),동작영업사업소,시민용,총신대입구역,2022-11-30,2022,11,2022-11,정기분,수납 완료,1695.0,847.5,1118350.0
024630785,이수(총신대입구)역(4호선),동작영업사업소,시민용,총신대입구역,2022-12-31,2022,12,2022-12,정기분,수납 완료,848.0,424.0,2202200.0
024630785,이수(총신대입구)역(4호선),동작영업사업소,시민용,총신대입구역,2023-01-31,2023,1,2023-01,정기분,수납 완료,1520.0,760.0,1801350.0
024630785,이수(총신대입구)역(4호선),동작영업사업소,시민용,총신대입구역,2023-02-28,2023,2,2023-02,정기분,수납 완료,760.0,380.0,2488600.0
024630785,이수(총신대입구)역(4호선),동작영업사업소,시민용,총신대입구역,2023-03-31,2023,3,2023-03,정기분,수납 완료,1430.0,715.0,2186200.0
024630785,이수(총신대입구)역(4호선),동작영업사업소,시민용,총신대입구역,2023-04-30,2023,4,2023-04,정기분,수납 완료,715.0,357.5,2337400.0
024630785,이수(총신대입구)역(4호선),동작영업사업소,시민용,총신대입구역,2023-05-31,2023,5,2023-05,정기분,수납 완료,1673.0,836.5,3153880.0
024630785,이수(총신대입구)역(4호선),동작영업사업소,시민용,총신대입구역,2023-06-30,2023,6,2023-06,정기분,수납 완료,837.0,418.5,2747320.0
024630785,이수(총신대입구)역(4호선),동작영업사업소,시민용,총신대입구역,2023-07-31,2023,7,2023-07,정기분,수납 완료,1858.0,929.0,3365560.0
024630785,이수(총신대입구)역(4호선),동작영업사업소,시민용,총신대입구역,2023-08-31,2023,8,2023-08,정기분,수납 완료,929.0,464.5,3056440.0
024630785,이수(총신대입구)역(4호선),동작영업사업소,시민용,총신대입구역,2023-09-30,2023,9,2023-09,정기분,수납 완료,2516.0,1258.0,5324080.0
024630785,이수(총신대입구)역(4호선),동작영업사업소,시민용,총신대입구역,2023-10-31,2023,10,2023-10,정기분,수납 완료,1258.0,629.0,4190260.0
024630785,이수(총신대입구)역(4호선),동작영업사업소,시민용,총신대입구역,2023-11-30,2023,11,2023-11,정기분,수납 완료,1996.0,998.0,2386300.0
024630785,이수(총신대입구)역(4호선),동작영업사업소,시민용,총신대입구역,2023-12-31,2023,12,2023-12,정기분,수납 완료,998.0,499.0,3288280.0
024630785,이수(총신대입구)역(4호선),동작영업사업소,시민용,총신대입구역,2024-01-31,2024,1,2024-01,정기분,수납 완료,1716.0,858.0,2347480.0
024630785,이수(총신대입구)역(4호선),동작영업사업소,시민용,총신대입구역,2024-02-29,2024,2,2024-02,정기분,수납 완료,858.0,429.0,2817880.0
024630785,이수(총신대입구)역(4호선),동작영업사업소,시민용,총신대입구역,2024-03-31,2024,3,2024-03,정기분,수납 완료,1568.0,784.0,2320600.0
024630785,이수(총신대입구)역(4호선),동작영업사업소,시민용,총신대입구역,2024-04-30,2024,4,2024-04,정기분,수납 완료,784.0,392.0,2569240.0
024630785,이수(총신대입구)역(4호선),동작영업사업소,시민용,총신대입구역,2024-05-31,2024,5,2024-05,정기분,수납 완료,1654.0,827.0,2864520.0
024630785,이수(총신대입구)역(4호선),동작영업사업소,시민용,총신대입구역,2024-06-30,2024,6,2024-06,정기분,수납 완료,827.0,413.5,2713720.0
024630785,이수(총신대입구)역(4호선),동작영업사업소,시민용,총신대입구역,2024-07-31,2024,7,2024-07,정기분,수납 완료,1823.0,911.5,3281560.0
024630785,이수(총신대입구)역(4호선),동작영업사업소,시민용,총신대입구역,2024-08-31,2024,8,2024-08,정기분,수납 완료,912.0,456.0,2999320.0
024630785,이수(총신대입구)역(4호선),동작영업사업소,시민용,총신대입구역,2024-09-30,2024,9,2024-09,정기분,수납 완료,2320.0,1160.0,4701080.0
024630785,이수(총신대입구)역(4호선),동작영업사업소,시민용,총신대입구역,2024-10-31,2024,10,2024-10,정기분,수납 완료,1160.0,580.0,3850200.0
024630785,이수(총신대입구)역(4호선),동작영업사업소,시민용,총신대입구역,2024-11-30,2024,11,2024-11,정기분,수납 완료,3178.0,1589.0,6827460.0
024630785,이수(총신대입구)역(4호선),동작영업사업소,시민용,총신대입구역,2024-12-31,2024,12,2024-12,정기분,수납 완료,1589.0,794.5,5338830.0
024630785,이수(총신대입구)역(4호선),동작영업사업소,시민용,총신대입구역,2025-01-31,2025,1,2025-01,정기분,수납 완료,1750.0,875.0,411170.0
024630785,이수(총신대입구)역(4호선),동작영업사업소,시민용,총신대입구역,2025-02-28,2025,2,2025-02,정기분,수납 완료,875.0,437.5,2875000.0
024630785,이수(총신대입구)역(4호선),동작영업사업소,시민용,총신대입구역,2025-03-31,2025,3,2025-03,정기분,수납 완료,1353.0,676.5,1541080.0
024630785,이수(총신대입구)역(4호선),동작영업사업소,시민용,총신대입구역,2025-04-30,2025,4,2025-04,정기분,수납 완료,677.0,338.5,2209720.0
024630785,이수(총신대입구)역(4호선),동작영업사업소,시민용,총신대입구역,2025-05-31,2025,5,2025-05,정기분,수납 완료,1603.0,801.5,3046360.0
024630785,이수(총신대입구)역(4호선),동작영업사업소,시민용,총신대입구역,2025-06-30,2025,6,2025-06,정기분,수납 완료,802.0,401.0,2629720.0
024630785,이수(총신대입구)역(4호선),동작영업사업소,시민용,총신대입구역,2025-07-31,2025,7,2025-07,정기분,수납 완료,1942.0,971.0,3764400.0
024630785,이수(총신대입구)역(4호선),동작영업사업소,시민용,총신대입구역,2025-08-31,2025,8,2025-08,정기분,수납 완료,971.0,485.5,3196560.0
024630785,이수(총신대입구)역(4호선),동작영업사업소,시민용,총신대입구역,2025-09-30,2025,9,2025-09,정기분,수납 완료,3123.0,1561.5,7288250.0
024630785,이수(총신대입구)역(4호선),동작영업사업소,시민용,총신대입구역,2025-10-31,2025,10,2025-10,정기분,수납 완료,1562.0,781.0,5244140.0
024630785,이수(총신대입구)역(4호선),동작영업사업소,시민용,총신대입구역,2025-11-30,2025,11,2025-11,정기분,수납 완료,2248.0,1124.0,2204420.0
024630785,이수(총신대입구)역(4호선),동작영업사업소,시민용,총신대입구역,2025-12-31,2025,12,2025-12,정기분,수납 완료,1124.0,562.0,3724280.0
024630785,이수(총신대입구)역(4호선),동작영업사업소,시민용,총신대입구역,2026-01-31,2026,1,2026-01,정기분,수납 완료,1580.0,790.0,1452520.0
024630785,이수(총신대입구)역(4호선),동작영업사업소,시민용,총신대입구역,2026-02-28,2026,2,2026-02,정기분,수납 완료,790.0,395.0,2736500.0
024630785,이수(총신대입구)역(4호선),동작영업사업소,시민용,총신대입구역,2026-03-31,2026,3,2026-03,정기분,수납 완료,1703.0,851.5,3171920.0
024630785,이수(총신대입구)역(4호선),동작영업사업소,시민용,총신대입구역,2026-04-30,2026,4,2026-04,정기분,수납 완료,852.0,426.0,2955980.0
024630785,이수(총신대입구)역(4호선),동작영업사업소,시민용,총신대입구역,2026-05-31,2026,5,2026-05,정기분,미납,1656.0,828.0,2786060.0
032125776,이태원역,동묘영업사업소,시민용,이태원역,2008-06-30,2008,6,2008-06,정기분,수납 완료,753.0,376.5,1160280.0
032125776,이태원역,동묘영업사업소,시민용,이태원역,2008-08-31,2008,8,2008-08,정기분,수납 완료,1490.0,745.0,1462030.0
032125776,이태원역,동묘영업사업소,시민용,이태원역,2008-10-31,2008,10,2008-10,정기분,수납 완료,1380.0,690.0,1969400.0
032125776,이태원역,동묘영업사업소,시민용,이태원역,2008-12-31,2008,12,2008-12,정기분,수납 완료,1475.0,737.5,2121730.0
032125776,이태원역,동묘영업사업소,시민용,이태원역,2009-02-28,2009,2,2009-02,정기분,수납 완료,2028.0,1014.0,1844640.0
032125776,이태원역,동묘영업사업소,시민용,이태원역,2009-04-30,2009,4,2009-04,정기분,수납 완료,863.0,431.5,863520.0
032125776,이태원역,동묘영업사업소,시민용,이태원역,2009-06-30,2009,6,2009-06,정기분,수납 완료,1448.0,724.0,1370040.0
032125776,이태원역,동묘영업사업소,시민용,이태원역,2009-08-31,2009,8,2009-08,정기분,수납 완료,1546.0,773.0,1474200.0
032125776,이태원역,동묘영업사업소,시민용,이태원역,2009-10-31,2009,10,2009-10,정기분,수납 완료,1357.0,678.5,1341480.0
032125776,이태원역,동묘영업사업소,시민용,이태원역,2009-12-31,2009,12,2009-12,정기분,수납 완료,1243.0,621.5,1234640.0
032125776,이태원역,동묘영업사업소,시민용,이태원역,2010-02-28,2010,2,2010-02,정기분,수납 완료,1590.0,795.0,1442280.0
032125776,이태원역,동묘영업사업소,시민용,이태원역,2010-04-30,2010,4,2010-04,정기분,수납 완료,1540.0,770.0,1400200.0
032125776,이태원역,동묘영업사업소,시민용,이태원역,2010-06-30,2010,6,2010-06,정기분,수납 완료,1498.0,749.0,1364920.0
032125776,이태원역,동묘영업사업소,시민용,이태원역,2010-08-31,2010,8,2010-08,정기분,수납 완료,1562.0,781.0,1355680.0
032125776,이태원역,동묘영업사업소,시민용,이태원역,2010-10-31,2010,10,2010-10,정기분,수납 완료,1208.0,604.0,1058320.0
032125776,이태원역,동묘영업사업소,시민용,이태원역,2010-12-31,2010,12,2010-12,정기분,수납 완료,1276.0,638.0,1115440.0
032125776,이태원역,동묘영업사업소,시민용,이태원역,2011-02-28,2011,2,2011-02,정기분,수납 완료,1619.0,809.5,1411880.0
032125776,이태원역,동묘영업사업소,시민용,이태원역,2011-04-30,2011,4,2011-04,정기분,수납 완료,1354.0,677.0,1194500.0
032125776,이태원역,동묘영업사업소,시민용,이태원역,2011-06-30,2011,6,2011-06,정기분,수납 완료,1915.0,957.5,1671350.0
032125776,이태원역,동묘영업사업소,시민용,이태원역,2011-08-31,2011,8,2011-08,정기분,수납 완료,1926.0,963.0,1680700.0
032125776,이태원역,동묘영업사업소,시민용,이태원역,2011-10-31,2011,10,2011-10,정기분,수납 완료,2191.0,1095.5,1905950.0
032125776,이태원역,동묘영업사업소,시민용,이태원역,2011-12-31,2011,12,2011-12,정기분,수납 완료,2188.0,1094.0,1903400.0
032125776,이태원역,동묘영업사업소,시민용,이태원역,2012-02-29,2012,2,2012-02,정기분,수납 완료,1619.0,809.5,1419750.0
032125776,이태원역,동묘영업사업소,시민용,이태원역,2012-04-30,2012,4,2012-04,정기분,수납 완료,1536.0,768.0,1564600.0
032125776,이태원역,동묘영업사업소,시민용,이태원역,2012-06-30,2012,6,2012-06,정기분,수납 완료,1667.0,833.5,1695600.0
032125776,이태원역,동묘영업사업소,시민용,이태원역,2012-08-31,2012,8,2012-08,정기분,수납 완료,1743.0,871.5,1771600.0
032125776,이태원역,동묘영업사업소,시민용,이태원역,2012-10-31,2012,10,2012-10,정기분,수납 완료,1866.0,933.0,1894600.0
032125776,이태원역,동묘영업사업소,시민용,이태원역,2012-12-31,2012,12,2012-12,정기분,수납 완료,1611.0,805.5,1639600.0
032125776,이태원역,동묘영업사업소,시민용,이태원역,2013-02-28,2013,2,2013-02,정기분,수납 완료,1591.0,795.5,1619600.0
032125776,이태원역,동묘영업사업소,시민용,이태원역,2013-04-30,2013,4,2013-04,정기분,수납 완료,1606.0,803.0,1634600.0
032125776,이태원역,동묘영업사업소,시민용,이태원역,2013-06-30,2013,6,2013-06,정기분,수납 완료,1621.0,810.5,1663820.0
032125776,이태원역,동묘영업사업소,시민용,이태원역,2013-08-31,2013,8,2013-08,정기분,수납 완료,1689.0,844.5,1717600.0
032125776,이태원역,동묘영업사업소,시민용,이태원역,2013-10-31,2013,10,2013-10,정기분,수납 완료,2002.0,1001.0,2030600.0
032125776,이태원역,동묘영업사업소,시민용,이태원역,2013-12-31,2013,12,2013-12,정기분,수납 완료,1878.0,939.0,3391120.0
032125776,이태원역,동묘영업사업소,시민용,이태원역,2014-02-28,2014,2,2014-02,정기분,수납 완료,1855.0,927.5,3348800.0
032125776,이태원역,동묘영업사업소,시민용,이태원역,2014-04-30,2014,4,2014-04,정기분,수납 완료,1824.0,912.0,3571600.0
032125776,이태원역,동묘영업사업소,시민용,이태원역,2014-06-30,2014,6,2014-06,정기분,수납 완료,1970.0,985.0,3863600.0
032125776,이태원역,동묘영업사업소,시민용,이태원역,2014-08-31,2014,8,2014-08,정기분,수납 완료,2056.0,1028.0,4035600.0
032125776,이태원역,동묘영업사업소,시민용,이태원역,2014-10-31,2014,10,2014-10,정기분,수납 완료,2219.0,1109.5,4361600.0
032125776,이태원역,동묘영업사업소,시민용,이태원역,2014-12-31,2014,12,2014-12,정기분,수납 완료,2092.0,1046.0,4107600.0
032125776,이태원역,동묘영업사업소,시민용,이태원역,2015-02-28,2015,2,2015-02,정기분,수납 완료,1929.0,964.5,3781600.0
032125776,이태원역,동묘영업사업소,시민용,이태원역,2015-04-30,2015,4,2015-04,정기분,수납 완료,1897.0,948.5,3717600.0
032125776,이태원역,동묘영업사업소,시민용,이태원역,2015-06-30,2015,6,2015-06,정기분,수납 완료,2140.0,1070.0,4203600.0
032125776,이태원역,동묘영업사업소,시민용,이태원역,2015-08-31,2015,8,2015-08,정기분,수납 완료,1868.0,934.0,3659600.0
032125776,이태원역,동묘영업사업소,시민용,이태원역,2015-10-31,2015,10,2015-10,정기분,수납 완료,2282.0,1141.0,4487600.0
032125776,이태원역,동묘영업사업소,시민용,이태원역,2015-12-31,2015,12,2015-12,정기분,수납 완료,1990.0,995.0,3903600.0
032125776,이태원역,동묘영업사업소,시민용,이태원역,2016-02-29,2016,2,2016-02,정기분,수납 완료,2026.0,1013.0,3975600.0
032125776,이태원역,동묘영업사업소,시민용,이태원역,2016-04-30,2016,4,2016-04,정기분,수납 완료,1896.0,948.0,3715600.0
032125776,이태원역,동묘영업사업소,시민용,이태원역,2016-06-30,2016,6,2016-06,정기분,수납 완료,2010.0,1005.0,3943600.0
032125776,이태원역,동묘영업사업소,시민용,이태원역,2016-08-31,2016,8,2016-08,정기분,수납 완료,2161.0,1080.5,4277600.0
032125776,이태원역,동묘영업사업소,시민용,이태원역,2016-10-31,2016,10,2016-10,정기분,수납 완료,2332.0,1166.0,4619600.0
032125776,이태원역,동묘영업사업소,시민용,이태원역,2016-12-31,2016,12,2016-12,정기분,수납 완료,1978.0,989.0,3911600.0
032125776,이태원역,동묘영업사업소,시민용,이태원역,2017-02-28,2017,2,2017-02,정기분,수납 완료,2222.0,1111.0,4505850.0
032125776,이태원역,동묘영업사업소,시민용,이태원역,2017-04-30,2017,4,2017-04,정기분,수납 완료,1942.0,971.0,4024800.0
032125776,이태원역,동묘영업사업소,시민용,이태원역,2017-06-30,2017,6,2017-06,정기분,수납 완료,2552.0,1276.0,5305800.0
032125776,이태원역,동묘영업사업소,시민용,이태원역,2017-08-31,2017,8,2017-08,정기분,수납 완료,2785.0,1392.5,5795100.0
032125776,이태원역,동묘영업사업소,시민용,이태원역,2017-10-31,2017,10,2017-10,정기분,수납 완료,2074.0,1037.0,4302000.0
032125776,이태원역,동묘영업사업소,시민용,이태원역,2017-12-31,2017,12,2017-12,정기분,수납 완료,2339.0,1169.5,4858500.0
032125776,이태원역,동묘영업사업소,시민용,이태원역,2018-02-28,2018,2,2018-02,정기분,수납 완료,2083.0,1041.5,4427350.0
032125776,이태원역,동묘영업사업소,시민용,이태원역,2018-04-30,2018,4,2018-04,정기분,수납 완료,2113.0,1056.5,4601330.0
032125776,이태원역,동묘영업사업소,시민용,이태원역,2018-06-30,2018,6,2018-06,정기분,수납 완료,2143.0,1071.5,4667630.0
032125776,이태원역,동묘영업사업소,시민용,이태원역,2018-08-31,2018,8,2018-08,정기분,수납 완료,2459.0,1229.5,5365990.0
032125776,이태원역,동묘영업사업소,시민용,이태원역,2018-10-31,2018,10,2018-10,정기분,수납 완료,2718.0,1359.0,5938380.0
032125776,이태원역,동묘영업사업소,시민용,이태원역,2018-12-31,2018,12,2018-12,정기분,수납 완료,1935.0,967.5,4207950.0
032125776,이태원역,동묘영업사업소,시민용,이태원역,2019-02-28,2019,2,2019-02,정기분,수납 완료,1776.0,888.0,3956240.0
032125776,이태원역,동묘영업사업소,시민용,이태원역,2019-04-30,2019,4,2019-04,정기분,수납 완료,1807.0,903.5,4130910.0
032125776,이태원역,동묘영업사업소,시민용,이태원역,2019-06-30,2019,6,2019-06,정기분,수납 완료,1867.0,933.5,4270710.0
032125776,이태원역,동묘영업사업소,시민용,이태원역,2019-08-31,2019,8,2019-08,정기분,수납 완료,1971.0,985.5,4513030.0
032125776,이태원역,동묘영업사업소,시민용,이태원역,2019-10-31,2019,10,2019-10,정기분,수납 완료,2171.0,1085.5,4979030.0
032125776,이태원역,동묘영업사업소,시민용,이태원역,2019-12-31,2019,12,2019-12,정기분,수납 완료,1869.0,934.5,4275370.0
032125776,이태원역,동묘영업사업소,시민용,이태원역,2020-02-29,2020,2,2020-02,정기분,수납 완료,1840.0,920.0,4207800.0
032125776,이태원역,동묘영업사업소,시민용,이태원역,2020-04-30,2020,4,2020-04,정기분,수납 완료,1428.0,714.0,3247840.0
032125776,이태원역,동묘영업사업소,시민용,이태원역,2020-06-30,2020,6,2020-06,정기분,수납 완료,1181.0,590.5,2672330.0
032125776,이태원역,동묘영업사업소,시민용,이태원역,2020-08-31,2020,8,2020-08,정기분,수납 완료,1365.0,682.5,3101050.0
032125776,이태원역,동묘영업사업소,시민용,이태원역,2020-10-31,2020,10,2020-10,정기분,수납 완료,1685.0,842.5,3846650.0
032125776,이태원역,동묘영업사업소,시민용,이태원역,2020-12-31,2020,12,2020-12,정기분,수납 완료,1234.0,617.0,2795820.0
032125776,이태원역,동묘영업사업소,시민용,이태원역,2021-02-28,2021,2,2021-02,정기분,수납 완료,1024.0,512.0,2306520.0
032125776,이태원역,동묘영업사업소,시민용,이태원역,2021-04-30,2021,4,2021-04,정기분,수납 완료,1243.0,621.5,2816790.0
032125776,이태원역,동묘영업사업소,시민용,이태원역,2021-06-30,2021,6,2021-06,정기분,수납 완료,1374.0,687.0,3122020.0
032125776,이태원역,동묘영업사업소,시민용,이태원역,2021-08-31,2021,8,2021-08,정기분,수납 완료,1444.0,722.0,3444940.0
032125776,이태원역,동묘영업사업소,시민용,이태원역,2021-10-31,2021,10,2021-10,정기분,수납 완료,1612.0,806.0,4019080.0
032125776,이태원역,동묘영업사업소,시민용,이태원역,2021-12-31,2021,12,2021-12,정기분,수납 완료,1498.0,749.0,3729520.0
032125776,이태원역,동묘영업사업소,시민용,이태원역,2022-02-28,2022,2,2022-02,정기분,수납 완료,1165.0,582.5,2985820.0
032125776,이태원역,동묘영업사업소,시민용,이태원역,2022-04-30,2022,4,2022-04,정기분,수납 완료,1204.0,602.0,3187200.0
032125776,이태원역,동묘영업사업소,시민용,이태원역,2022-06-30,2022,6,2022-06,정기분,수납 완료,1581.0,790.5,4186250.0
032125776,이태원역,동묘영업사업소,시민용,이태원역,2022-08-31,2022,8,2022-08,정기분,수납 완료,1950.0,975.0,5164100.0
032125776,이태원역,동묘영업사업소,시민용,이태원역,2022-10-31,2022,10,2022-10,정기분,수납 완료,2280.0,1140.0,6038600.0
032125776,이태원역,동묘영업사업소,시민용,이태원역,2022-12-31,2022,12,2022-12,정기분,수납 완료,1620.0,810.0,4289600.0
032125776,이태원역,동묘영업사업소,시민용,이태원역,2023-02-28,2023,2,2023-02,정기분,수납 완료,1324.0,662.0,3964100.0
032125776,이태원역,동묘영업사업소,시민용,이태원역,2023-04-30,2023,4,2023-04,정기분,수납 완료,1476.0,738.0,4915960.0
032125776,이태원역,동묘영업사업소,시민용,이태원역,2023-06-30,2023,6,2023-06,정기분,수납 완료,1739.0,869.5,5799640.0
032125776,이태원역,동묘영업사업소,시민용,이태원역,2023-08-31,2023,8,2023-08,정기분,수납 완료,1859.0,929.5,6202840.0
032125776,이태원역,동묘영업사업소,시민용,이태원역,2023-10-31,2023,10,2023-10,정기분,수납 완료,2051.0,1025.5,6853570.0
032125776,이태원역,동묘영업사업소,시민용,이태원역,2023-12-31,2023,12,2023-12,정기분,수납 완료,1858.0,929.0,6199480.0
032125776,이태원역,동묘영업사업소,시민용,이태원역,2024-02-29,2024,2,2024-02,정기분,수납 완료,1578.0,789.0,5258680.0
032125776,이태원역,동묘영업사업소,시민용,이태원역,2024-04-30,2024,4,2024-04,정기분,수납 완료,1657.0,828.5,5524120.0
032125776,이태원역,동묘영업사업소,시민용,이태원역,2024-06-30,2024,6,2024-06,정기분,수납 완료,1776.0,888.0,5923960.0
032125776,이태원역,동묘영업사업소,시민용,이태원역,2024-08-31,2024,8,2024-08,정기분,수납 완료,1992.0,996.0,6649720.0
032125776,이태원역,동묘영업사업소,시민용,이태원역,2024-10-31,2024,10,2024-10,정기분,수납 완료,2214.0,1107.0,7419180.0
032125776,이태원역,동묘영업사업소,시민용,이태원역,2024-12-31,2024,12,2024-12,정기분,수납 완료,1850.0,925.0,6172600.0
032125776,이태원역,동묘영업사업소,시민용,이태원역,2025-02-28,2025,2,2025-02,정기분,수납 완료,1497.0,748.5,4986520.0
032125776,이태원역,동묘영업사업소,시민용,이태원역,2025-04-30,2025,4,2025-04,정기분,수납 완료,1470.0,735.0,4895800.0
032125776,이태원역,동묘영업사업소,시민용,이태원역,2025-06-30,2025,6,2025-06,정기분,수납 완료,1723.0,861.5,5745880.0
032125776,이태원역,동묘영업사업소,시민용,이태원역,2025-08-31,2025,8,2025-08,정기분,수납 완료,2247.0,1123.5,7532690.0
032125776,이태원역,동묘영업사업소,시민용,이태원역,2025-10-31,2025,10,2025-10,정기분,수납 완료,2437.0,1218.5,8191990.0
032125776,이태원역,동묘영업사업소,시민용,이태원역,2025-12-31,2025,12,2025-12,정기분,수납 완료,1770.0,885.0,5902800.0
032125776,이태원역,동묘영업사업소,시민용,이태원역,2026-02-28,2026,2,2026-02,정기분,수납 완료,1582.0,791.0,5418030.0
032125776,이태원역,동묘영업사업소,시민용,이태원역,2026-04-30,2026,4,2026-04,정기분,수납 완료,1525.0,762.5,5365900.0
024583082,잠실새내역,종합운동장영업사업소,시민용,잠실새내역,2008-06-30,2008,6,2008-06,정기분,수납 완료,1693.0,846.5,1313120.0
024583082,잠실새내역,종합운동장영업사업소,시민용,잠실새내역,2008-07-31,2008,7,2008-07,정기분,수납 완료,847.0,423.5,1116000.0
024583082,잠실새내역,종합운동장영업사업소,시민용,잠실새내역,2008-08-31,2008,8,2008-08,정기분,수납 완료,2893.0,1446.5,2650720.0
024583082,잠실새내역,종합운동장영업사업소,시민용,잠실새내역,2008-09-30,2008,9,2008-09,정기분,수납 완료,1447.0,723.5,1884000.0
024583082,잠실새내역,종합운동장영업사업소,시민용,잠실새내역,2008-10-31,2008,10,2008-10,정기분,수납 완료,3211.0,1605.5,2375440.0
024583082,잠실새내역,종합운동장영업사업소,시민용,잠실새내역,2008-11-30,2008,11,2008-11,정기분,수납 완료,1606.0,803.0,2130360.0
024583082,잠실새내역,종합운동장영업사업소,시민용,잠실새내역,2008-12-31,2008,12,2008-12,정기분,수납 완료,2479.0,1239.5,1192120.0
024583082,잠실새내역,종합운동장영업사업소,시민용,잠실새내역,2009-01-31,2009,1,2009-01,정기분,수납 완료,1240.0,620.0,1661880.0
024583082,잠실새내역,종합운동장영업사업소,시민용,잠실새내역,2009-02-28,2009,2,2009-02,정기분,수납 완료,1785.0,892.5,772280.0
024583082,잠실새내역,종합운동장영업사업소,시민용,잠실새내역,2009-03-31,2009,3,2009-03,정기분,수납 완료,893.0,446.5,1159920.0
024583082,잠실새내역,종합운동장영업사업소,시민용,잠실새내역,2009-04-30,2009,4,2009-04,정기분,수납 완료,1436.0,718.0,711920.0
024583082,잠실새내역,종합운동장영업사업소,시민용,잠실새내역,2009-05-31,2009,5,2009-05,정기분,수납 완료,718.0,359.0,935920.0
024583082,잠실새내역,종합운동장영업사업소,시민용,잠실새내역,2009-06-30,2009,6,2009-06,정기분,수납 완료,2140.0,1070.0,1837040.0
024583082,잠실새내역,종합운동장영업사업소,시민용,잠실새내역,2009-07-31,2009,7,2009-07,정기분,수납 완료,1070.0,535.0,1386480.0
024583082,잠실새내역,종합운동장영업사업소,시민용,잠실새내역,2009-08-31,2009,8,2009-08,정기분,수납 완료,4773.0,2386.5,4756720.0
024583082,잠실새내역,종합운동장영업사업소,시민용,잠실새내역,2009-09-30,2009,9,2009-09,정기분,수납 완료,2387.0,1193.5,3072240.0
024583082,잠실새내역,종합운동장영업사업소,시민용,잠실새내역,2009-10-31,2009,10,2009-10,정기분,수납 완료,4978.0,2489.0,4048040.0
024583082,잠실새내역,종합운동장영업사업소,시민용,잠실새내역,2009-11-30,2009,11,2009-11,정기분,수납 완료,2489.0,1244.5,3560140.0
024583082,잠실새내역,종합운동장영업사업소,시민용,잠실새내역,2009-12-31,2009,12,2009-12,정기분,수납 완료,3939.0,1969.5,2243140.0
024583082,잠실새내역,종합운동장영업사업소,시민용,잠실새내역,2010-01-31,2010,1,2010-01,정기분,수납 완료,1970.0,985.0,2895820.0
024583082,잠실새내역,종합운동장영업사업소,시민용,잠실새내역,2010-02-28,2010,2,2010-02,정기분,수납 완료,1674.0,837.0,244120.0
024583082,잠실새내역,종합운동장영업사업소,시민용,잠실새내역,2010-03-31,2010,3,2010-03,정기분,수납 완료,837.0,418.5,985150.0
024583082,잠실새내역,종합운동장영업사업소,시민용,잠실새내역,2010-04-30,2010,4,2010-04,정기분,수납 완료,1716.0,858.0,1428790.0
024583082,잠실새내역,종합운동장영업사업소,시민용,잠실새내역,2010-05-31,2010,5,2010-05,정기분,수납 완료,858.0,429.0,1401910.0
024583082,잠실새내역,종합운동장영업사업소,시민용,잠실새내역,2010-06-30,2010,6,2010-06,정기분,수납 완료,1834.0,917.0,1552950.0
024583082,잠실새내역,종합운동장영업사업소,시민용,잠실새내역,2010-07-31,2010,7,2010-07,정기분,수납 완료,917.0,458.5,1477430.0
024583082,잠실새내역,종합운동장영업사업소,시민용,잠실새내역,2010-08-31,2010,8,2010-08,정기분,수납 완료,3093.0,1546.5,3088950.0
024583082,잠실새내역,종합운동장영업사업소,시민용,잠실새내역,2010-09-30,2010,9,2010-09,정기분,수납 완료,1547.0,773.5,2283830.0
024583082,잠실새내역,종합운동장영업사업소,시민용,잠실새내역,2010-10-31,2010,10,2010-10,정기분,수납 완료,3947.0,1973.5,3375670.0
024583082,잠실새내역,종합운동장영업사업소,시민용,잠실새내역,2010-11-30,2010,11,2010-11,정기분,수납 완료,1974.0,987.0,2830390.0
024583082,잠실새내역,종합운동장영업사업소,시민용,잠실새내역,2010-12-31,2010,12,2010-12,정기분,수납 완료,4311.0,2155.5,3295030.0
024583082,잠실새내역,종합운동장영업사업소,시민용,잠실새내역,2011-01-31,2011,1,2011-01,정기분,수납 완료,2156.0,1078.0,3063350.0
024583082,잠실새내역,종합운동장영업사업소,시민용,잠실새내역,2011-02-28,2011,2,2011-02,정기분,수납 완료,2362.0,1181.0,577010.0
024583082,잠실새내역,종합운동장영업사업소,시민용,잠실새내역,2011-03-31,2011,3,2011-03,정기분,수납 완료,1181.0,590.5,1827160.0
024583082,잠실새내역,종합운동장영업사업소,시민용,잠실새내역,2011-04-30,2011,4,2011-04,정기분,수납 완료,2206.0,1103.0,1625920.0
024583082,잠실새내역,종합운동장영업사업소,시민용,잠실새내역,2011-05-31,2011,5,2011-05,정기분,수납 완료,1103.0,551.5,1726540.0
024583082,잠실새내역,종합운동장영업사업소,시민용,잠실새내역,2011-06-30,2011,6,2011-06,정기분,수납 완료,2562.0,1281.0,2185780.0
024583082,잠실새내역,종합운동장영업사업소,시민용,잠실새내역,2011-07-31,2011,7,2011-07,정기분,수납 완료,1281.0,640.5,1956160.0
024583082,잠실새내역,종합운동장영업사업소,시민용,잠실새내역,2011-08-31,2011,8,2011-08,정기분,수납 완료,3786.0,1893.0,3535120.0
024583082,잠실새내역,종합운동장영업사업소,시민용,잠실새내역,2011-09-30,2011,9,2011-09,정기분,수납 완료,1893.0,946.5,2745640.0
024583082,잠실새내역,종합운동장영업사업소,시민용,잠실새내역,2011-10-31,2011,10,2011-10,정기분,수납 완료,5346.0,2673.0,4443370.0
024583082,잠실새내역,종합운동장영업사업소,시민용,잠실새내역,2011-11-30,2011,11,2011-11,정기분,수납 완료,2673.0,1336.5,3566710.0
024583082,잠실새내역,종합운동장영업사업소,시민용,잠실새내역,2011-12-31,2011,12,2011-12,정기분,수납 완료,4420.0,2210.0,2390700.0
024583082,잠실새내역,종합운동장영업사업소,시민용,잠실새내역,2012-01-31,2012,1,2012-01,정기분,수납 완료,2210.0,1105.0,2987970.0
024583082,잠실새내역,종합운동장영업사업소,시민용,잠실새내역,2012-02-29,2012,2,2012-02,정기분,수납 완료,2181.0,1090.5,148070.0
024583082,잠실새내역,종합운동장영업사업소,시민용,잠실새내역,2012-03-31,2012,3,2012-03,정기분,수납 완료,1091.0,545.5,1742890.0
024583082,잠실새내역,종합운동장영업사업소,시민용,잠실새내역,2012-04-30,2012,4,2012-04,정기분,수납 완료,1987.0,993.5,1458300.0
024583082,잠실새내역,종합운동장영업사업소,시민용,잠실새내역,2012-05-31,2012,5,2012-05,정기분,수납 완료,994.0,497.0,1640580.0
024583082,잠실새내역,종합운동장영업사업소,시민용,잠실새내역,2012-06-30,2012,6,2012-06,정기분,수납 완료,3109.0,1554.5,3479020.0
024583082,잠실새내역,종합운동장영업사업소,시민용,잠실새내역,2012-07-31,2012,7,2012-07,정기분,수납 완료,1555.0,777.5,2560620.0
024583082,잠실새내역,종합운동장영업사업소,시민용,잠실새내역,2012-08-31,2012,8,2012-08,정기분,수납 완료,5366.0,2683.0,6247260.0
024583082,잠실새내역,종합운동장영업사업소,시민용,잠실새내역,2012-09-30,2012,9,2012-09,정기분,수납 완료,2683.0,1341.5,4405700.0
024583082,잠실새내역,종합운동장영업사업소,시민용,잠실새내역,2012-10-31,2012,10,2012-10,정기분,수납 완료,6160.0,3080.0,5707860.0
024583082,잠실새내역,종합운동장영업사업소,시민용,잠실새내역,2012-11-30,2012,11,2012-11,정기분,수납 완료,3080.0,1540.0,5056780.0
024583082,잠실새내역,종합운동장영업사업소,시민용,잠실새내역,2012-12-31,2012,12,2012-12,정기분,수납 완료,3418.0,1709.0,559900.0
024583082,잠실새내역,종합운동장영업사업소,시민용,잠실새내역,2013-01-31,2013,1,2013-01,정기분,수납 완료,1709.0,854.5,2808340.0
024583082,잠실새내역,종합운동장영업사업소,시민용,잠실새내역,2013-02-28,2013,2,2013-02,정기분,수납 완료,2118.0,1059.0,676340.0
024583082,잠실새내역,종합운동장영업사업소,시민용,잠실새내역,2013-03-31,2013,3,2013-03,정기분,수납 완료,1059.0,529.5,1947700.0
024583082,잠실새내역,종합운동장영업사업소,시민용,잠실새내역,2013-04-30,2013,4,2013-04,정기분,수납 완료,2006.0,1003.0,1698980.0
024583082,잠실새내역,종합운동장영업사업소,시민용,잠실새내역,2013-05-31,2013,5,2013-05,정기분,수납 완료,1003.0,501.5,1834180.0
024583082,잠실새내역,종합운동장영업사업소,시민용,잠실새내역,2013-06-30,2013,6,2013-06,정기분,수납 완료,3065.0,1532.5,3782820.0
024583082,잠실새내역,종합운동장영업사업소,시민용,잠실새내역,2013-07-31,2013,7,2013-07,정기분,수납 완료,1533.0,766.5,2809460.0
024583082,잠실새내역,종합운동장영업사업소,시민용,잠실새내역,2013-08-31,2013,8,2013-08,정기분,수납 완료,5318.0,2659.0,6953140.0
024583082,잠실새내역,종합운동장영업사업소,시민용,잠실새내역,2013-09-30,2013,9,2013-09,정기분,수납 완료,2659.0,1329.5,4881300.0
024583082,잠실새내역,종합운동장영업사업소,시민용,잠실새내역,2013-10-31,2013,10,2013-10,정기분,수납 완료,5924.0,2962.0,5996340.0
024583082,잠실새내역,종합운동장영업사업소,시민용,잠실새내역,2013-11-30,2013,11,2013-11,정기분,수납 완료,2962.0,1481.0,5438820.0
024583082,잠실새내역,종합운동장영업사업소,시민용,잠실새내역,2013-12-31,2013,12,2013-12,정기분,수납 완료,3648.0,1824.0,1250980.0
024583082,잠실새내역,종합운동장영업사업소,시민용,잠실새내역,2014-01-31,2014,1,2014-01,정기분,수납 완료,1824.0,912.0,3374280.0
024583082,잠실새내역,종합운동장영업사업소,시민용,잠실새내역,2014-02-28,2014,2,2014-02,정기분,수납 완료,2274.0,1137.0,846120.0
024583082,잠실새내역,종합운동장영업사업소,시민용,잠실새내역,2014-03-31,2014,3,2014-03,정기분,수납 완료,1137.0,568.5,2295600.0
024583082,잠실새내역,종합운동장영업사업소,시민용,잠실새내역,2014-04-30,2014,4,2014-04,정기분,수납 완료,2195.0,1097.5,2137600.0
024583082,잠실새내역,종합운동장영업사업소,시민용,잠실새내역,2014-05-31,2014,5,2014-05,정기분,수납 완료,1098.0,549.0,2217600.0
024583082,잠실새내역,종합운동장영업사업소,시민용,잠실새내역,2014-06-30,2014,6,2014-06,정기분,수납 완료,3505.0,1752.5,4835600.0
024583082,잠실새내역,종합운동장영업사업소,시민용,잠실새내역,2014-07-31,2014,7,2014-07,정기분,수납 완료,1753.0,876.5,3527600.0
024583082,잠실새내역,종합운동장영업사업소,시민용,잠실새내역,2014-08-31,2014,8,2014-08,정기분,수납 완료,5619.0,2809.5,7753600.0
024583082,잠실새내역,종합운동장영업사업소,시민용,잠실새내역,2014-09-30,2014,9,2014-09,정기분,수납 완료,2810.0,1405.0,5641600.0
024583082,잠실새내역,종합운동장영업사업소,시민용,잠실새내역,2014-10-31,2014,10,2014-10,정기분,수납 완료,6161.0,3080.5,6723600.0
024583082,잠실새내역,종합운동장영업사업소,시민용,잠실새내역,2014-11-30,2014,11,2014-11,정기분,수납 완료,3081.0,1540.5,6183600.0
024583082,잠실새내역,종합운동장영업사업소,시민용,잠실새내역,2014-12-31,2014,12,2014-12,정기분,수납 완료,3608.0,1804.0,1075600.0
024583082,잠실새내역,종합운동장영업사업소,시민용,잠실새내역,2015-01-31,2015,1,2015-01,정기분,수납 완료,1132.0,566.0,2620600.0
024583082,잠실새내역,종합운동장영업사업소,시민용,잠실새내역,2015-02-28,2015,2,2015-02,정기분,수납 완료,566.0,283.0,1153600.0
024583082,잠실새내역,종합운동장영업사업소,시민용,잠실새내역,2015-03-31,2015,3,2015-03,정기분,수납 완료,2439.0,1219.5,3707000.0
024583082,잠실새내역,종합운동장영업사업소,시민용,잠실새내역,2015-04-30,2015,4,2015-04,정기분,수납 완료,1220.0,610.0,2431300.0
024583082,잠실새내역,종합운동장영업사업소,시민용,잠실새내역,2015-05-31,2015,5,2015-05,정기분,수납 완료,2529.0,1264.5,2609300.0
024583082,잠실새내역,종합운동장영업사업소,시민용,잠실새내역,2015-06-30,2015,6,2015-06,정기분,수납 완료,1265.0,632.5,2566000.0
024583082,잠실새내역,종합운동장영업사업소,시민용,잠실새내역,2015-07-31,2015,7,2015-07,정기분,수납 완료,3638.0,1819.0,4782000.0
024583082,잠실새내역,종합운동장영업사업소,시민용,잠실새내역,2015-08-31,2015,8,2015-08,정기분,수납 완료,1819.0,909.5,3674000.0
024583082,잠실새내역,종합운동장영업사업소,시민용,잠실새내역,2015-09-30,2015,9,2015-09,정기분,수납 완료,6915.0,3457.5,10228000.0
024583082,잠실새내역,종합운동장영업사업소,시민용,잠실새내역,2015-10-31,2015,10,2015-10,정기분,수납 완료,3458.0,1729.0,6952000.0
024583082,잠실새내역,종합운동장영업사업소,시민용,잠실새내역,2015-11-30,2015,11,2015-11,정기분,수납 완료,4662.0,2331.0,2444000.0
024583082,잠실새내역,종합운동장영업사업소,시민용,잠실새내역,2015-12-31,2015,12,2015-12,정기분,수납 완료,2331.0,1165.5,4698000.0
024583082,잠실새내역,종합운동장영업사업소,시민용,잠실새내역,2016-01-31,2016,1,2016-01,정기분,수납 완료,2491.0,1245.5,356000.0
024583082,잠실새내역,종합운동장영업사업소,시민용,잠실새내역,2016-02-29,2016,2,2016-02,정기분,수납 완료,1246.0,623.0,2528000.0
024583082,잠실새내역,종합운동장영업사업소,시민용,잠실새내역,2016-03-31,2016,3,2016-03,정기분,수납 완료,2353.0,1176.5,2218200.0
024583082,잠실새내역,종합운동장영업사업소,시민용,잠실새내역,2016-04-30,2016,4,2016-04,정기분,수납 완료,1177.0,588.5,2374100.0
024583082,잠실새내역,종합운동장영업사업소,시민용,잠실새내역,2016-05-31,2016,5,2016-05,정기분,수납 완료,2854.0,1427.0,3374100.0
024583082,잠실새내역,종합운동장영업사업소,시민용,잠실새내역,2016-06-30,2016,6,2016-06,정기분,수납 완료,1427.0,713.5,2874100.0
024583082,잠실새내역,종합운동장영업사업소,시민용,잠실새내역,2016-07-31,2016,7,2016-07,정기분,수납 완료,3575.0,1787.5,4316100.0
024583082,잠실새내역,종합운동장영업사업소,시민용,잠실새내역,2016-08-31,2016,8,2016-08,정기분,수납 완료,1788.0,894.0,3596100.0
024583082,잠실새내역,종합운동장영업사업소,시민용,잠실새내역,2016-09-30,2016,9,2016-09,정기분,수납 완료,5392.0,2696.0,7228100.0
024583082,잠실새내역,종합운동장영업사업소,시민용,잠실새내역,2016-10-31,2016,10,2016-10,정기분,수납 완료,2696.0,1348.0,5412100.0
024583082,잠실새내역,종합운동장영업사업소,시민용,잠실새내역,2016-11-30,2016,11,2016-11,정기분,수납 완료,4694.0,2347.0,4016100.0
024583082,잠실새내역,종합운동장영업사업소,시민용,잠실새내역,2016-12-31,2016,12,2016-12,정기분,수납 완료,2347.0,1173.5,4714100.0
024583082,잠실새내역,종합운동장영업사업소,시민용,잠실새내역,2017-01-31,2017,1,2017-01,정기분,수납 완료,2576.0,1288.0,478100.0
024583082,잠실새내역,종합운동장영업사업소,시민용,잠실새내역,2017-02-28,2017,2,2017-02,정기분,수납 완료,1288.0,644.0,2700010.0
024583082,잠실새내역,종합운동장영업사업소,시민용,잠실새내역,2017-03-31,2017,3,2017-03,정기분,수납 완료,2193.0,1096.5,1924860.0
024583082,잠실새내역,종합운동장영업사업소,시민용,잠실새내역,2017-04-30,2017,4,2017-04,정기분,수납 완료,1097.0,548.5,2326260.0
024583082,잠실새내역,종합운동장영업사업소,시민용,잠실새내역,2017-05-31,2017,5,2017-05,정기분,수납 완료,2634.0,1317.0,3256530.0
024583082,잠실새내역,종합운동장영업사업소,시민용,잠실새내역,2017-06-30,2017,6,2017-06,정기분,수납 완료,1317.0,658.5,2788260.0
024583082,잠실새내역,종합운동장영업사업소,시민용,잠실새내역,2017-07-31,2017,7,2017-07,정기분,수납 완료,2918.0,1459.0,3384660.0
024583082,잠실새내역,종합운동장영업사업소,시민용,잠실새내역,2017-08-31,2017,8,2017-08,정기분,수납 완료,1459.0,729.5,3086460.0
024583082,잠실새내역,종합운동장영업사업소,시민용,잠실새내역,2017-09-30,2017,9,2017-09,정기분,수납 완료,3390.0,1695.0,4077660.0
024583082,잠실새내역,종합운동장영업사업소,시민용,잠실새내역,2017-10-31,2017,10,2017-10,정기분,수납 완료,1695.0,847.5,3582060.0
024583082,잠실새내역,종합운동장영업사업소,시민용,잠실새내역,2017-11-30,2017,11,2017-11,정기분,수납 완료,3244.0,1622.0,3275460.0
024583082,잠실새내역,종합운동장영업사업소,시민용,잠실새내역,2017-12-31,2017,12,2017-12,정기분,수납 완료,1622.0,811.0,3428760.0
024583082,잠실새내역,종합운동장영업사업소,시민용,잠실새내역,2018-01-31,2018,1,2018-01,정기분,수납 완료,2871.0,1435.5,2645460.0
024583082,잠실새내역,종합운동장영업사업소,시민용,잠실새내역,2018-02-28,2018,2,2018-02,정기분,수납 완료,1436.0,718.0,3157830.0
024583082,잠실새내역,종합운동장영업사업소,시민용,잠실새내역,2018-03-31,2018,3,2018-03,정기분,수납 완료,2321.0,1160.5,1898980.0
024583082,잠실새내역,종합운동장영업사업소,시민용,잠실새내역,2018-04-30,2018,4,2018-04,정기분,수납 완료,1161.0,580.5,2523570.0
024583082,잠실새내역,종합운동장영업사업소,시민용,잠실새내역,2018-05-31,2018,5,2018-05,정기분,수납 완료,2560.0,1280.0,3082130.0
024583082,잠실새내역,종합운동장영업사업소,시민용,잠실새내역,2018-06-30,2018,6,2018-06,정기분,수납 완료,1280.0,640.0,2810140.0
024583082,잠실새내역,종합운동장영업사업소,시민용,잠실새내역,2018-07-31,2018,7,2018-07,정기분,수납 완료,3612.0,1806.0,5194820.0
024583082,잠실새내역,종합운동장영업사업소,시민용,잠실새내역,2018-08-31,2018,8,2018-08,정기분,수납 완료,1806.0,903.0,4002480.0
024583082,잠실새내역,종합운동장영업사업소,시민용,잠실새내역,2018-09-30,2018,9,2018-09,정기분,수납 완료,3704.0,1852.0,4279240.0
024583082,잠실새내역,종합운동장영업사업소,시민용,잠실새내역,2018-10-31,2018,10,2018-10,정기분,수납 완료,1852.0,926.0,4140860.0
024583082,잠실새내역,종합운동장영업사업소,시민용,잠실새내역,2018-11-30,2018,11,2018-11,정기분,수납 완료,2707.0,1353.5,1902210.0
024583082,잠실새내역,종합운동장영업사업소,시민용,잠실새내역,2018-12-31,2018,12,2018-12,정기분,수납 완료,1354.0,677.0,3022640.0
024583082,잠실새내역,종합운동장영업사업소,시민용,잠실새내역,2019-01-31,2019,1,2019-01,정기분,수납 완료,2467.0,1233.5,2398230.0
024583082,잠실새내역,종합운동장영업사업소,시민용,잠실새내역,2019-02-28,2019,2,2019-02,정기분,수납 완료,1234.0,617.0,2785480.0
024583082,잠실새내역,종합운동장영업사업소,시민용,잠실새내역,2019-03-31,2019,3,2019-03,정기분,수납 완료,2138.0,1069.0,2079060.0
024583082,잠실새내역,종합운동장영업사업소,시민용,잠실새내역,2019-04-30,2019,4,2019-04,정기분,수납 완료,1069.0,534.5,2460970.0
024583082,잠실새내역,종합운동장영업사업소,시민용,잠실새내역,2019-05-31,2019,5,2019-05,정기분,수납 완료,2141.0,1070.5,2449160.0
024583082,잠실새내역,종합운동장영업사업소,시민용,잠실새내역,2019-06-30,2019,6,2019-06,정기분,수납 완료,1071.0,535.5,2456030.0
024583082,잠실새내역,종합운동장영업사업소,시민용,잠실새내역,2019-07-31,2019,7,2019-07,정기분,수납 완료,3050.0,1525.0,4653670.0
024583082,잠실새내역,종합운동장영업사업소,시민용,잠실새내역,2019-08-31,2019,8,2019-08,정기분,수납 완료,1525.0,762.5,3513850.0
024583082,잠실새내역,종합운동장영업사업소,시민용,잠실새내역,2019-09-30,2019,9,2019-09,정기분,수납 완료,3016.0,1508.0,3581030.0
024583082,잠실새내역,종합운동장영업사업소,시민용,잠실새내역,2019-10-31,2019,10,2019-10,정기분,수납 완료,1508.0,754.0,3474240.0
024583082,잠실새내역,종합운동장영업사업소,시민용,잠실새내역,2019-11-30,2019,11,2019-11,정기분,수납 완료,2398.0,1199.0,2133500.0
024583082,잠실새내역,종합운동장영업사업소,시민용,잠실새내역,2019-12-31,2019,12,2019-12,정기분,수납 완료,1199.0,599.5,2754270.0
024583082,잠실새내역,종합운동장영업사업소,시민용,잠실새내역,2020-01-31,2020,1,2020-01,정기분,수납 완료,2278.0,1139.0,2482270.0
024583082,잠실새내역,종합운동장영업사업소,시민용,잠실새내역,2020-02-29,2020,2,2020-02,정기분,수납 완료,1139.0,569.5,2614470.0
024583082,잠실새내역,종합운동장영업사업소,시민용,잠실새내역,2020-03-31,2020,3,2020-03,정기분,수납 완료,1757.0,878.5,1410940.0
024583082,잠실새내역,종합운동장영업사업소,시민용,잠실새내역,2020-04-30,2020,4,2020-04,정기분,수납 완료,879.0,439.5,2008670.0
024583082,잠실새내역,종합운동장영업사업소,시민용,잠실새내역,2020-05-31,2020,5,2020-05,정기분,수납 완료,1398.0,699.0,1216670.0
024583082,잠실새내역,종합운동장영업사업소,시민용,잠실새내역,2020-06-30,2020,6,2020-06,정기분,수납 완료,699.0,349.5,1589270.0
024583082,잠실새내역,종합운동장영업사업소,시민용,잠실새내역,2020-07-31,2020,7,2020-07,정기분,수납 완료,1701.0,850.5,2333260.0
024583082,잠실새내역,종합운동장영업사업소,시민용,잠실새내역,2020-08-31,2020,8,2020-08,정기분,수납 완료,851.0,425.5,1943430.0
024583082,잠실새내역,종합운동장영업사업소,시민용,잠실새내역,2020-09-30,2020,9,2020-09,정기분,수납 완료,1066.0,533.0,502750.0
024583082,잠실새내역,종합운동장영업사업소,시민용,잠실새내역,2020-10-31,2020,10,2020-10,정기분,수납 완료,533.0,266.5,1186490.0
024583082,잠실새내역,종합운동장영업사업소,시민용,잠실새내역,2020-11-30,2020,11,2020-11,정기분,수납 완료,173.0,86.5,39600.0
024583082,잠실새내역,종합운동장영업사업소,시민용,잠실새내역,2020-12-31,2020,12,2020-12,정기분,수납 완료,87.0,43.5,27600.0
024583082,잠실새내역,종합운동장영업사업소,시민용,잠실새내역,2021-01-31,2021,1,2021-01,정기분,수납 완료,654.0,327.0,588690.0
024583082,잠실새내역,종합운동장영업사업소,시민용,잠실새내역,2021-02-28,2021,2,2021-02,정기분,수납 완료,327.0,163.5,733810.0
024583082,잠실새내역,종합운동장영업사업소,시민용,잠실새내역,2021-03-31,2021,3,2021-03,정기분,수납 완료,768.0,384.0,999830.0
024583082,잠실새내역,종합운동장영업사업소,시민용,잠실새내역,2021-04-30,2021,4,2021-04,정기분,수납 완료,384.0,192.0,866620.0
024583082,잠실새내역,종합운동장영업사업소,시민용,잠실새내역,2021-05-31,2021,5,2021-05,정기분,수납 완료,858.0,429.0,1048720.0
024583082,잠실새내역,종합운동장영업사업소,시민용,잠실새내역,2021-06-30,2021,6,2021-06,정기분,수납 완료,429.0,214.5,943870.0
024583082,잠실새내역,종합운동장영업사업소,시민용,잠실새내역,2021-07-31,2021,7,2021-07,정기분,수납 완료,1255.0,627.5,1868880.0
024583082,잠실새내역,종합운동장영업사업소,시민용,잠실새내역,2021-08-31,2021,8,2021-08,정기분,수납 완료,628.0,314.0,1514640.0
024583082,잠실새내역,종합운동장영업사업소,시민용,잠실새내역,2021-09-30,2021,9,2021-09,정기분,수납 완료,1905.0,952.5,3175530.0
024583082,잠실새내역,종합운동장영업사업소,시민용,잠실새내역,2021-10-31,2021,10,2021-10,정기분,수납 완료,953.0,476.5,2366920.0
024583082,잠실새내역,종합운동장영업사업소,시민용,잠실새내역,2021-11-30,2021,11,2021-11,정기분,수납 완료,1325.0,662.5,891180.0
024583082,잠실새내역,종합운동장영업사업소,시민용,잠실새내역,2021-12-31,2021,12,2021-12,정기분,수납 완료,663.0,331.5,1630320.0
024583082,잠실새내역,종합운동장영업사업소,시민용,잠실새내역,2022-01-31,2022,1,2022-01,정기분,수납 완료,1111.0,555.5,1084220.0
024583082,잠실새내역,종합운동장영업사업소,시민용,잠실새내역,2022-02-28,2022,2,2022-02,정기분,수납 완료,556.0,278.0,1433410.0
024583082,잠실새내역,종합운동장영업사업소,시민용,잠실새내역,2022-03-31,2022,3,2022-03,정기분,수납 완료,1055.0,527.5,1305240.0
024583082,잠실새내역,종합운동장영업사업소,시민용,잠실새내역,2022-04-30,2022,4,2022-04,정기분,수납 완료,528.0,264.0,1381500.0
024583082,잠실새내역,종합운동장영업사업소,시민용,잠실새내역,2022-05-31,2022,5,2022-05,정기분,수납 완료,1178.0,589.0,1704800.0
024583082,잠실새내역,종합운동장영업사업소,시민용,잠실새내역,2022-06-30,2022,6,2022-06,정기분,수납 완료,589.0,294.5,1543150.0
024583082,잠실새내역,종합운동장영업사업소,시민용,잠실새내역,2022-07-31,2022,7,2022-07,정기분,수납 완료,1433.0,716.5,2218900.0
024583082,잠실새내역,종합운동장영업사업소,시민용,잠실새내역,2022-08-31,2022,8,2022-08,정기분,수납 완료,717.0,358.5,1882350.0
024583082,잠실새내역,종합운동장영업사업소,시민용,잠실새내역,2022-09-30,2022,9,2022-09,정기분,수납 완료,2310.0,1155.0,4278950.0
024583082,잠실새내역,종합운동장영업사업소,시민용,잠실새내역,2022-10-31,2022,10,2022-10,정기분,수납 완료,1155.0,577.5,3070650.0
024583082,잠실새내역,종합운동장영업사업소,시민용,잠실새내역,2022-11-30,2022,11,2022-11,정기분,수납 완료,1663.0,831.5,1328500.0
024583082,잠실새내역,종합운동장영업사업소,시민용,잠실새내역,2022-12-31,2022,12,2022-12,정기분,수납 완료,832.0,416.0,2187100.0
024583082,잠실새내역,종합운동장영업사업소,시민용,잠실새내역,2023-01-31,2023,1,2023-01,정기분,수납 완료,1500.0,750.0,1780500.0
024583082,잠실새내역,종합운동장영업사업소,시민용,잠실새내역,2023-02-28,2023,2,2023-02,정기분,수납 완료,750.0,375.0,2391290.0
024583082,잠실새내역,종합운동장영업사업소,시민용,잠실새내역,2023-03-31,2023,3,2023-03,정기분,수납 완료,1472.0,736.0,2415120.0
024583082,잠실새내역,종합운동장영업사업소,시민용,잠실새내역,2023-04-30,2023,4,2023-04,정기분,수납 완료,736.0,368.0,2462860.0
024583082,잠실새내역,종합운동장영업사업소,시민용,잠실새내역,2023-05-31,2023,5,2023-05,정기분,수납 완료,1794.0,897.0,3545180.0
024583082,잠실새내역,종합운동장영업사업소,시민용,잠실새내역,2023-06-30,2023,6,2023-06,정기분,수납 완료,897.0,448.5,3003820.0
024583082,잠실새내역,종합운동장영업사업소,시민용,잠실새내역,2023-07-31,2023,7,2023-07,정기분,수납 완료,2144.0,1072.0,4196060.0
024583082,잠실새내역,종합운동장영업사업소,시민용,잠실새내역,2023-08-31,2023,8,2023-08,정기분,수납 완료,1072.0,536.0,3599740.0
024583082,잠실새내역,종합운동장영업사업소,시민용,잠실새내역,2023-09-30,2023,9,2023-09,정기분,수납 완료,2415.0,1207.5,4540510.0
024583082,잠실새내역,종합운동장영업사업소,시민용,잠실새내역,2023-10-31,2023,10,2023-10,정기분,수납 완료,1208.0,604.0,4071660.0
024583082,잠실새내역,종합운동장영업사업소,시민용,잠실새내역,2023-11-30,2023,11,2023-11,정기분,수납 완료,2028.0,1014.0,2725700.0
024583082,잠실새내역,종합운동장영업사업소,시민용,잠실새내역,2023-12-31,2023,12,2023-12,정기분,수납 완료,1014.0,507.0,3398480.0
024583082,잠실새내역,종합운동장영업사업소,시민용,잠실새내역,2024-01-31,2024,1,2024-01,정기분,수납 완료,1592.0,796.0,1930840.0
024583082,잠실새내역,종합운동장영업사업소,시민용,잠실새내역,2024-02-29,2024,2,2024-02,정기분,수납 완료,796.0,398.0,2664460.0
024583082,잠실새내역,종합운동장영업사업소,시민용,잠실새내역,2024-03-31,2024,3,2024-03,정기분,수납 완료,1481.0,740.5,2291900.0
024583082,잠실새내역,종합운동장영업사업소,시민용,잠실새내역,2024-04-30,2024,4,2024-04,정기분,수납 완료,741.0,370.5,2479660.0
024583082,잠실새내역,종합운동장영업사업소,시민용,잠실새내역,2024-05-31,2024,5,2024-05,정기분,수납 완료,1672.0,836.0,3118460.0
024583082,잠실새내역,종합운동장영업사업소,시민용,잠실새내역,2024-06-30,2024,6,2024-06,정기분,수납 완료,836.0,418.0,2798860.0
024583082,잠실새내역,종합운동장영업사업소,시민용,잠실새내역,2024-07-31,2024,7,2024-07,정기분,수납 완료,1907.0,953.5,3588860.0
024583082,잠실새내역,종합운동장영업사업소,시민용,잠실새내역,2024-08-31,2024,8,2024-08,정기분,수납 완료,954.0,477.0,3194340.0
024583082,잠실새내역,종합운동장영업사업소,시민용,잠실새내역,2024-09-30,2024,9,2024-09,정기분,수납 완료,2383.0,1191.5,4832870.0
024583082,잠실새내역,종합운동장영업사업소,시민용,잠실새내역,2024-10-31,2024,10,2024-10,정기분,수납 완료,1192.0,596.0,4015140.0
024583082,잠실새내역,종합운동장영업사업소,시민용,잠실새내역,2024-11-30,2024,11,2024-11,정기분,수납 완료,2029.0,1014.5,2810090.0
024583082,잠실새내역,종합운동장영업사업소,시민용,잠실새내역,2024-12-31,2024,12,2024-12,정기분,수납 완료,1015.0,507.5,3400950.0
024583082,잠실새내역,종합운동장영업사업소,시민용,잠실새내역,2025-01-31,2025,1,2025-01,정기분,수납 완료,1693.0,846.5,2265730.0
024583082,잠실새내역,종합운동장영업사업소,시민용,잠실새내역,2025-02-28,2025,2,2025-02,정기분,수납 완료,847.0,423.5,2807220.0
024583082,잠실새내역,종합운동장영업사업소,시민용,잠실새내역,2025-03-31,2025,3,2025-03,정기분,수납 완료,1338.0,669.0,1717060.0
024583082,잠실새내역,종합운동장영업사업소,시민용,잠실새내역,2025-04-30,2025,4,2025-04,정기분,수납 완료,669.0,334.5,2209140.0
024583082,잠실새내역,종합운동장영업사업소,시민용,잠실새내역,2025-05-31,2025,5,2025-05,정기분,수납 완료,1484.0,742.0,2775300.0
024583082,잠실새내역,종합운동장영업사업소,시민용,잠실새내역,2025-06-30,2025,6,2025-06,정기분,수납 완료,742.0,371.0,2482020.0
024583082,잠실새내역,종합운동장영업사업소,시민용,잠실새내역,2025-07-31,2025,7,2025-07,정기분,수납 완료,1736.0,868.0,3347940.0
024583082,잠실새내역,종합운동장영업사업소,시민용,잠실새내역,2025-08-31,2025,8,2025-08,정기분,수납 완료,868.0,434.0,2905380.0
024583082,잠실새내역,종합운동장영업사업소,시민용,잠실새내역,2025-09-30,2025,9,2025-09,정기분,수납 완료,2262.0,1131.0,4743960.0
024583082,잠실새내역,종합운동장영업사업소,시민용,잠실새내역,2025-10-31,2025,10,2025-10,정기분,수납 완료,1131.0,565.5,3803470.0
024583082,잠실새내역,종합운동장영업사업소,시민용,잠실새내역,2025-11-30,2025,11,2025-11,정기분,수납 완료,1893.0,946.5,2507210.0
024583082,잠실새내역,종합운동장영업사업소,시민용,잠실새내역,2025-12-31,2025,12,2025-12,정기분,수납 완료,947.0,473.5,3143220.0
024583082,잠실새내역,종합운동장영업사업소,시민용,잠실새내역,2026-01-31,2026,1,2026-01,정기분,수납 완료,1556.0,778.0,2007540.0
024583082,잠실새내역,종합운동장영업사업소,시민용,잠실새내역,2026-02-28,2026,2,2026-02,정기분,수납 완료,778.0,389.0,2689740.0
024583082,잠실새내역,종합운동장영업사업소,시민용,잠실새내역,2026-03-31,2026,3,2026-03,정기분,수납 완료,1289.0,644.5,1778720.0
024583082,잠실새내역,종합운동장영업사업소,시민용,잠실새내역,2026-04-30,2026,4,2026-04,정기분,수납 완료,645.0,322.5,2251790.0
024583082,잠실새내역,종합운동장영업사업소,시민용,잠실새내역,2026-05-31,2026,5,2026-05,정기분,미납,1567.0,783.5,3231080.0
004779648,장한평역,광화문영업사업소,시민용,장한평역,2010-02-28,2010,2,2010-02,정기분,수납 완료,734.0,367.0,940120.0
004779648,장한평역,광화문영업사업소,시민용,장한평역,2010-04-30,2010,4,2010-04,정기분,수납 완료,1185.0,592.5,1517400.0
004779648,장한평역,광화문영업사업소,시민용,장한평역,2010-06-30,2010,6,2010-06,정기분,수납 완료,1482.0,741.0,1897560.0
004779648,장한평역,광화문영업사업소,시민용,장한평역,2010-08-31,2010,8,2010-08,정기분,수납 완료,1693.0,846.5,2167640.0
004779648,장한평역,광화문영업사업소,시민용,장한평역,2010-10-31,2010,10,2010-10,정기분,수납 완료,1508.0,754.0,1930840.0
004779648,장한평역,광화문영업사업소,시민용,장한평역,2010-12-31,2010,12,2010-12,정기분,수납 완료,1602.0,801.0,2051160.0
004779648,장한평역,광화문영업사업소,시민용,장한평역,2011-02-28,2011,2,2011-02,정기분,수납 완료,1310.0,655.0,1685190.0
004779648,장한평역,광화문영업사업소,시민용,장한평역,2011-04-30,2011,4,2011-04,정기분,수납 완료,1326.0,663.0,1711140.0
004779648,장한평역,광화문영업사업소,시민용,장한평역,2011-06-30,2011,6,2011-06,정기분,수납 완료,1498.0,749.0,1933020.0
004779648,장한평역,광화문영업사업소,시민용,장한평역,2011-08-31,2011,8,2011-08,정기분,수납 완료,1361.0,680.5,1756290.0
004779648,장한평역,광화문영업사업소,시민용,장한평역,2011-10-31,2011,10,2011-10,정기분,수납 완료,1303.0,651.5,1681470.0
004779648,장한평역,광화문영업사업소,시민용,장한평역,2011-12-31,2011,12,2011-12,정기분,수납 완료,1235.0,617.5,1593750.0
004779648,장한평역,광화문영업사업소,시민용,장한평역,2012-02-29,2012,2,2012-02,정기분,수납 완료,1064.0,532.0,1373160.0
004779648,장한평역,광화문영업사업소,시민용,장한평역,2012-04-30,2012,4,2012-04,정기분,수납 완료,1087.0,543.5,1744280.0
004779648,장한평역,광화문영업사업소,시민용,장한평역,2012-06-30,2012,6,2012-06,정기분,수납 완료,1265.0,632.5,2036200.0
004779648,장한평역,광화문영업사업소,시민용,장한평역,2012-08-31,2012,8,2012-08,정기분,수납 완료,1602.0,801.0,2588880.0
004779648,장한평역,광화문영업사업소,시민용,장한평역,2012-10-31,2012,10,2012-10,정기분,수납 완료,1225.0,612.5,1970600.0
004779648,장한평역,광화문영업사업소,시민용,장한평역,2012-12-31,2012,12,2012-12,정기분,수납 완료,1131.0,565.5,1816440.0
004779648,장한평역,광화문영업사업소,시민용,장한평역,2013-02-28,2013,2,2013-02,정기분,수납 완료,922.0,461.0,1473680.0
004779648,장한평역,광화문영업사업소,시민용,장한평역,2013-04-30,2013,4,2013-04,정기분,수납 완료,981.0,490.5,1740640.0
004779648,장한평역,광화문영업사업소,시민용,장한평역,2013-06-30,2013,6,2013-06,정기분,수납 완료,1114.0,557.0,2000510.0
004779648,장한평역,광화문영업사업소,시민용,장한평역,2013-08-31,2013,8,2013-08,정기분,수납 완료,1199.0,599.5,2141760.0
004779648,장한평역,광화문영업사업소,시민용,장한평역,2013-10-31,2013,10,2013-10,정기분,수납 완료,1193.0,596.5,2130720.0
004779648,장한평역,광화문영업사업소,시민용,장한평역,2013-12-31,2013,12,2013-12,정기분,수납 완료,1153.0,576.5,2057120.0
004779648,장한평역,광화문영업사업소,시민용,장한평역,2014-02-28,2014,2,2014-02,정기분,수납 완료,993.0,496.5,1762720.0
004779648,장한평역,광화문영업사업소,시민용,장한평역,2014-04-30,2014,4,2014-04,정기분,수납 완료,1045.0,522.5,2013600.0
004779648,장한평역,광화문영업사업소,시민용,장한평역,2014-06-30,2014,6,2014-06,정기분,수납 완료,1080.0,540.0,2083600.0
004779648,장한평역,광화문영업사업소,시민용,장한평역,2014-08-31,2014,8,2014-08,정기분,수납 완료,1309.0,654.5,2541600.0
004779648,장한평역,광화문영업사업소,시민용,장한평역,2014-10-31,2014,10,2014-10,정기분,수납 완료,1318.0,659.0,2559600.0
004779648,장한평역,광화문영업사업소,시민용,장한평역,2014-12-31,2014,12,2014-12,정기분,수납 완료,1406.0,703.0,2735600.0
004779648,장한평역,광화문영업사업소,시민용,장한평역,2015-02-28,2015,2,2015-02,정기분,수납 완료,1127.0,563.5,2177600.0
004779648,장한평역,광화문영업사업소,시민용,장한평역,2015-04-30,2015,4,2015-04,정기분,수납 완료,1003.0,501.5,1929600.0
004779648,장한평역,광화문영업사업소,시민용,장한평역,2015-06-30,2015,6,2015-06,정기분,수납 완료,1297.0,648.5,2517600.0
004779648,장한평역,광화문영업사업소,시민용,장한평역,2015-08-31,2015,8,2015-08,정기분,수납 완료,1297.0,648.5,2517600.0
004779648,장한평역,광화문영업사업소,시민용,장한평역,2015-10-31,2015,10,2015-10,정기분,수납 완료,1288.0,644.0,2499600.0
004779648,장한평역,광화문영업사업소,시민용,장한평역,2015-12-31,2015,12,2015-12,정기분,수납 완료,1208.0,604.0,2339600.0
004779648,장한평역,광화문영업사업소,시민용,장한평역,2016-02-29,2016,2,2016-02,정기분,수납 완료,1028.0,514.0,1979600.0
004779648,장한평역,광화문영업사업소,시민용,장한평역,2016-04-30,2016,4,2016-04,정기분,수납 완료,1151.0,575.5,2225600.0
004779648,장한평역,광화문영업사업소,시민용,장한평역,2016-06-30,2016,6,2016-06,정기분,수납 완료,1222.0,611.0,2367600.0
004779648,장한평역,광화문영업사업소,시민용,장한평역,2016-08-31,2016,8,2016-08,정기분,수납 완료,1189.0,594.5,2301600.0
004779648,장한평역,광화문영업사업소,시민용,장한평역,2016-10-31,2016,10,2016-10,정기분,수납 완료,1333.0,666.5,2589600.0
004779648,장한평역,광화문영업사업소,시민용,장한평역,2016-12-31,2016,12,2016-12,정기분,수납 완료,1211.0,605.5,2345600.0
004779648,장한평역,광화문영업사업소,시민용,장한평역,2017-02-28,2017,2,2017-02,정기분,수납 완료,1110.0,555.0,2200570.0
004779648,장한평역,광화문영업사업소,시민용,장한평역,2017-04-30,2017,4,2017-04,정기분,수납 완료,1304.0,652.0,2653000.0
004779648,장한평역,광화문영업사업소,시민용,장한평역,2017-06-30,2017,6,2017-06,정기분,수납 완료,1328.0,664.0,2703400.0
004779648,장한평역,광화문영업사업소,시민용,장한평역,2017-08-31,2017,8,2017-08,정기분,수납 완료,1523.0,761.5,3112900.0
004779648,장한평역,광화문영업사업소,시민용,장한평역,2017-10-31,2017,10,2017-10,정기분,수납 완료,1656.0,828.0,3392200.0
004779648,장한평역,광화문영업사업소,시민용,장한평역,2017-12-31,2017,12,2017-12,정기분,수납 완료,1250.0,625.0,2539600.0
004779648,장한평역,광화문영업사업소,시민용,장한평역,2018-02-28,2018,2,2018-02,정기분,수납 완료,1250.0,625.0,2610480.0
004779648,장한평역,광화문영업사업소,시민용,장한평역,2018-04-30,2018,4,2018-04,정기분,수납 완료,999.0,499.5,2111610.0
004779648,장한평역,광화문영업사업소,시민용,장한평역,2018-06-30,2018,6,2018-06,정기분,수납 완료,1383.0,691.5,2956030.0
004779648,장한평역,광화문영업사업소,시민용,장한평역,2018-08-31,2018,8,2018-08,정기분,수납 완료,1610.0,805.0,3457700.0
004779648,장한평역,광화문영업사업소,시민용,장한평역,2018-10-31,2018,10,2018-10,정기분,수납 완료,1829.0,914.5,3941690.0
004779648,장한평역,광화문영업사업소,시민용,장한평역,2018-12-31,2018,12,2018-12,정기분,수납 완료,1327.0,663.5,2832270.0
004779648,장한평역,광화문영업사업소,시민용,장한평역,2019-02-28,2019,2,2019-02,정기분,수납 완료,1298.0,649.0,2852200.0
004779648,장한평역,광화문영업사업소,시민용,장한평역,2019-04-30,2019,4,2019-04,정기분,수납 완료,1263.0,631.5,2831390.0
004779648,장한평역,광화문영업사업소,시민용,장한평역,2019-06-30,2019,6,2019-06,정기분,수납 완료,1575.0,787.5,3558350.0
004779648,장한평역,광화문영업사업소,시민용,장한평역,2019-08-31,2019,8,2019-08,정기분,수납 완료,1735.0,867.5,3931150.0
004779648,장한평역,광화문영업사업소,시민용,장한평역,2019-10-31,2019,10,2019-10,정기분,수납 완료,1826.0,913.0,4143180.0
004779648,장한평역,광화문영업사업소,시민용,장한평역,2019-12-31,2019,12,2019-12,정기분,수납 완료,1603.0,801.5,3623590.0
004779648,장한평역,광화문영업사업소,시민용,장한평역,2020-02-29,2020,2,2020-02,정기분,수납 완료,1442.0,721.0,3248460.0
004779648,장한평역,광화문영업사업소,시민용,장한평역,2020-04-30,2020,4,2020-04,정기분,수납 완료,1211.0,605.5,2710230.0
004779648,장한평역,광화문영업사업소,시민용,장한평역,2020-06-30,2020,6,2020-06,정기분,수납 완료,1270.0,635.0,2847700.0
004779648,장한평역,광화문영업사업소,시민용,장한평역,2020-08-31,2020,8,2020-08,정기분,수납 완료,836.0,418.0,1836480.0
004779648,장한평역,광화문영업사업소,시민용,장한평역,2020-10-31,2020,10,2020-10,정기분,수납 완료,1854.0,927.0,4208420.0
004779648,장한평역,광화문영업사업소,시민용,장한평역,2020-12-31,2020,12,2020-12,정기분,수납 완료,1775.0,887.5,4024350.0
004779648,장한평역,광화문영업사업소,시민용,장한평역,2021-02-28,2021,2,2021-02,정기분,수납 완료,1087.0,543.5,2421310.0
004779648,장한평역,광화문영업사업소,시민용,장한평역,2021-04-30,2021,4,2021-04,정기분,수납 완료,1127.0,563.5,2514510.0
004779648,장한평역,광화문영업사업소,시민용,장한평역,2021-06-30,2021,6,2021-06,정기분,수납 완료,1345.0,672.5,3022450.0
004779648,장한평역,광화문영업사업소,시민용,장한평역,2021-08-31,2021,8,2021-08,정기분,수납 완료,1960.0,980.0,4713000.0
004779648,장한평역,광화문영업사업소,시민용,장한평역,2021-10-31,2021,10,2021-10,정기분,수납 완료,1388.0,694.0,3418120.0
004779648,장한평역,광화문영업사업소,시민용,장한평역,2021-12-31,2021,12,2021-12,정기분,수납 완료,1331.0,665.5,3273340.0
004779648,장한평역,광화문영업사업소,시민용,장한평역,2022-02-28,2022,2,2022-02,정기분,수납 완료,1146.0,573.0,2923860.0
004779648,장한평역,광화문영업사업소,시민용,장한평역,2022-04-30,2022,4,2022-04,정기분,수납 완료,1223.0,611.5,3192900.0
004779648,장한평역,광화문영업사업소,시민용,장한평역,2022-06-30,2022,6,2022-06,정기분,수납 완료,1304.0,652.0,3413070.0
004779648,장한평역,광화문영업사업소,시민용,장한평역,2022-08-31,2022,8,2022-08,정기분,수납 완료,1509.0,754.5,3963450.0
004779648,장한평역,광화문영업사업소,시민용,장한평역,2022-10-31,2022,10,2022-10,정기분,수납 완료,1886.0,943.0,4962500.0
004779648,장한평역,광화문영업사업소,시민용,장한평역,2022-12-31,2022,12,2022-12,정기분,수납 완료,1689.0,844.5,4440450.0
004779648,장한평역,광화문영업사업소,시민용,장한평역,2023-02-28,2023,2,2023-02,정기분,수납 완료,1209.0,604.5,3664550.0
004779648,장한평역,광화문영업사업소,시민용,장한평역,2023-04-30,2023,4,2023-04,정기분,수납 완료,1275.0,637.5,4208600.0
004779648,장한평역,광화문영업사업소,시민용,장한평역,2023-06-30,2023,6,2023-06,정기분,수납 완료,1318.0,659.0,4353080.0
004779648,장한평역,광화문영업사업소,시민용,장한평역,2023-08-31,2023,8,2023-08,정기분,수납 완료,1623.0,811.5,5377880.0
004779648,장한평역,광화문영업사업소,시민용,장한평역,2023-10-31,2023,10,2023-10,정기분,수납 완료,1615.0,807.5,5351000.0
004779648,장한평역,광화문영업사업소,시민용,장한평역,2023-12-31,2023,12,2023-12,정기분,수납 완료,1517.0,758.5,5021720.0
004779648,장한평역,광화문영업사업소,시민용,장한평역,2024-02-29,2024,2,2024-02,정기분,수납 완료,1163.0,581.5,3832280.0
004779648,장한평역,광화문영업사업소,시민용,장한평역,2024-04-30,2024,4,2024-04,정기분,수납 완료,1275.0,637.5,4208600.0
004779648,장한평역,광화문영업사업소,시민용,장한평역,2024-06-30,2024,6,2024-06,정기분,수납 완료,1631.0,815.5,5404760.0
004779648,장한평역,광화문영업사업소,시민용,장한평역,2024-08-31,2024,8,2024-08,정기분,수납 완료,2088.0,1044.0,6949960.0
004779648,장한평역,광화문영업사업소,시민용,장한평역,2024-10-31,2024,10,2024-10,정기분,수납 완료,2324.0,1162.0,7768880.0
004779648,장한평역,광화문영업사업소,시민용,장한평역,2024-12-31,2024,12,2024-12,정기분,수납 완료,1681.0,840.5,5572760.0
004779648,장한평역,광화문영업사업소,시민용,장한평역,2025-02-28,2025,2,2025-02,정기분,수납 완료,1622.0,811.0,5374520.0
004779648,장한평역,광화문영업사업소,시민용,장한평역,2025-04-30,2025,4,2025-04,정기분,수납 완료,1682.0,841.0,5576120.0
004779648,장한평역,광화문영업사업소,시민용,장한평역,2025-06-30,2025,6,2025-06,정기분,수납 완료,1523.0,761.5,5041880.0
004779648,장한평역,광화문영업사업소,시민용,장한평역,2025-08-31,2025,8,2025-08,정기분,수납 완료,2237.0,1118.5,7466990.0
004779648,장한평역,광화문영업사업소,시민용,장한평역,2025-10-31,2025,10,2025-10,정기분,수납 완료,1869.0,934.5,6204440.0
004779648,장한평역,광화문영업사업소,시민용,장한평역,2025-12-31,2025,12,2025-12,정기분,수납 완료,1373.0,686.5,4537880.0
004779648,장한평역,광화문영업사업소,시민용,장한평역,2026-02-28,2026,2,2026-02,정기분,수납 완료,1373.0,686.5,4690590.0
004779648,장한평역,광화문영업사업소,시민용,장한평역,2026-04-30,2026,4,2026-04,정기분,수납 완료,1163.0,581.5,4058600.0
000137601,종로3가역(3호선),경복궁영업사업소,시민용,지하철역장,2008-06-30,2008,6,2008-06,정기분,수납 완료,1293.0,646.5,1653040.0
000137601,종로3가역(3호선),경복궁영업사업소,시민용,지하철역장,2008-07-31,2008,7,2008-07,정기분,수납 완료,3057.0,1528.5,2255920.0
000137601,종로3가역(3호선),경복궁영업사업소,시민용,지하철역장,2008-08-31,2008,8,2008-08,정기분,수납 완료,1529.0,764.5,1955120.0
000137601,종로3가역(3호선),경복궁영업사업소,시민용,지하철역장,2008-09-30,2008,9,2008-09,정기분,수납 완료,3664.0,1832.0,2730800.0
000137601,종로3가역(3호선),경복궁영업사업소,시민용,지하철역장,2008-10-31,2008,10,2008-10,정기분,수납 완료,1832.0,916.0,2342960.0
000137601,종로3가역(3호선),경복궁영업사업소,시민용,지하철역장,2008-11-30,2008,11,2008-11,정기분,수납 완료,2957.0,1478.5,1438000.0
000137601,종로3가역(3호선),경복궁영업사업소,시민용,지하철역장,2008-12-31,2008,12,2008-12,정기분,수납 완료,1479.0,739.5,1891120.0
000137601,종로3가역(3호선),경복궁영업사업소,시민용,지하철역장,2009-01-31,2009,1,2009-01,정기분,수납 완료,2380.0,1190.0,1151280.0
000137601,종로3가역(3호선),경복궁영업사업소,시민용,지하철역장,2009-02-28,2009,2,2009-02,정기분,수납 완료,1190.0,595.0,1521200.0
000137601,종로3가역(3호선),경복궁영업사업소,시민용,지하철역장,2009-03-31,2009,3,2009-03,정기분,수납 완료,2482.0,1241.0,1651760.0
000137601,종로3가역(3호선),경복궁영업사업소,시민용,지하철역장,2009-04-30,2009,4,2009-04,정기분,수납 완료,680.0,340.0,868220.0
000137601,종로3가역(3호선),경복궁영업사업소,시민용,지하철역장,2009-05-31,2009,5,2009-05,정기분,수납 완료,669.0,334.5,854320.0
000137601,종로3가역(3호선),경복궁영업사업소,시민용,지하철역장,2009-06-30,2009,6,2009-06,정기분,수납 완료,2365.0,1182.5,2168880.0
000137601,종로3가역(3호선),경복궁영업사업소,시민용,지하철역장,2009-07-31,2009,7,2009-07,정기분,수납 완료,1183.0,591.5,1512240.0
000137601,종로3가역(3호선),경복궁영업사업소,시민용,지하철역장,2009-08-31,2009,8,2009-08,정기분,수납 완료,6740.0,3370.0,7167230.0
000137601,종로3가역(3호선),경복궁영업사업소,시민용,지하철역장,2009-09-30,2009,9,2009-09,정기분,수납 완료,3370.0,1685.0,4381980.0
000137601,종로3가역(3호선),경복궁영업사업소,시민용,지하철역장,2009-10-31,2009,10,2009-10,정기분,수납 완료,4197.0,2098.5,1126940.0
000137601,종로3가역(3호선),경복궁영업사업소,시민용,지하철역장,2009-11-30,2009,11,2009-11,정기분,수납 완료,2099.0,1049.5,2755100.0
000137601,종로3가역(3호선),경복궁영업사업소,시민용,지하철역장,2009-12-31,2009,12,2009-12,정기분,수납 완료,2888.0,1444.0,1014580.0
000137601,종로3가역(3호선),경복궁영업사업소,시민용,지하철역장,2010-01-31,2010,1,2010-01,정기분,수납 완료,1545.0,772.5,2016060.0
000137601,종로3가역(3호선),경복궁영업사업소,시민용,지하철역장,2010-02-28,2010,2,2010-02,정기분,수납 완료,1953.0,976.5,560700.0
000137601,종로3가역(3호선),경복궁영업사업소,시민용,지하철역장,2010-03-31,2010,3,2010-03,정기분,수납 완료,977.0,488.5,1289020.0
000137601,종로3가역(3호선),경복궁영업사업소,시민용,지하철역장,2010-04-30,2010,4,2010-04,정기분,수납 완료,1300.0,650.0,451900.0
000137601,종로3가역(3호선),경복궁영업사업소,시민용,지하철역장,2010-05-31,2010,5,2010-05,정기분,수납 완료,650.0,325.0,1037400.0
000137601,종로3가역(3호선),경복궁영업사업소,시민용,지하철역장,2010-06-30,2010,6,2010-06,정기분,수납 완료,1369.0,684.5,1103280.0
000137601,종로3가역(3호선),경복궁영업사업소,시민용,지하철역장,2010-07-31,2010,7,2010-07,정기분,수납 완료,685.0,342.5,986490.0
000137601,종로3가역(3호선),경복궁영업사업소,시민용,지하철역장,2010-08-31,2010,8,2010-08,정기분,수납 완료,1967.0,983.5,1942070.0
000137601,종로3가역(3호선),경복궁영업사업소,시민용,지하철역장,2010-09-30,2010,9,2010-09,정기분,수납 완료,984.0,492.0,1464920.0
000137601,종로3가역(3호선),경복궁영업사업소,시민용,지하철역장,2010-10-31,2010,10,2010-10,정기분,수납 완료,1842.0,921.0,1096240.0
000137601,종로3가역(3호선),경복궁영업사업소,시민용,지하철역장,2010-11-30,2010,11,2010-11,정기분,수납 완료,921.0,460.5,1176880.0
000137601,종로3가역(3호선),경복궁영업사업소,시민용,지하철역장,2010-12-31,2010,12,2010-12,정기분,수납 완료,1644.0,822.0,923440.0
000137601,종로3가역(3호선),경복궁영업사업소,시민용,지하철역장,2011-01-31,2011,1,2011-01,정기분,수납 완료,822.0,411.0,1073110.0
000137601,종로3가역(3호선),경복궁영업사업소,시민용,지하철역장,2011-02-28,2011,2,2011-02,정기분,수납 완료,1277.0,638.5,795860.0
000137601,종로3가역(3호선),경복궁영업사업소,시민용,지하철역장,2011-03-31,2011,3,2011-03,정기분,수납 완료,639.0,319.5,989590.0
000137601,종로3가역(3호선),경복궁영업사업소,시민용,지하철역장,2011-04-30,2011,4,2011-04,정기분,수납 완료,886.0,443.0,539330.0
000137601,종로3가역(3호선),경복궁영업사업소,시민용,지하철역장,2011-05-31,2011,5,2011-05,정기분,수납 완료,443.0,221.5,787240.0
000137601,종로3가역(3호선),경복궁영업사업소,시민용,지하철역장,2011-06-30,2011,6,2011-06,정기분,수납 완료,1107.0,553.5,1072330.0
000137601,종로3가역(3호선),경복궁영업사업소,시민용,지하철역장,2011-07-31,2011,7,2011-07,정기분,수납 완료,554.0,277.0,930430.0
000137601,종로3가역(3호선),경복궁영업사업소,시민용,지하철역장,2011-08-31,2011,8,2011-08,정기분,수납 완료,1941.0,970.5,2056680.0
000137601,종로3가역(3호선),경복궁영업사업소,시민용,지하철역장,2011-09-30,2011,9,2011-09,정기분,수납 완료,971.0,485.5,1527690.0
000137601,종로3가역(3호선),경복궁영업사업소,시민용,지하철역장,2011-10-31,2011,10,2011-10,정기분,수납 완료,2646.0,1323.0,2317190.0
000137601,종로3가역(3호선),경복궁영업사업소,시민용,지하철역장,2011-11-30,2011,11,2011-11,정기분,수납 완료,1323.0,661.5,1923800.0
000137601,종로3가역(3호선),경복궁영업사업소,시민용,지하철역장,2011-12-31,2011,12,2011-12,정기분,수납 완료,999.0,499.5,219130.0
000137601,종로3가역(3호선),경복궁영업사업소,시민용,지하철역장,2012-01-31,2012,1,2012-01,정기분,수납 완료,500.0,250.0,523430.0
000137601,종로3가역(3호선),경복궁영업사업소,시민용,지하철역장,2012-02-29,2012,2,2012-02,정기분,수납 완료,1201.0,600.5,1213560.0
000137601,종로3가역(3호선),경복궁영업사업소,시민용,지하철역장,2012-03-31,2012,3,2012-03,정기분,수납 완료,601.0,300.5,1359920.0
000137601,종로3가역(3호선),경복궁영업사업소,시민용,지하철역장,2012-04-30,2012,4,2012-04,정기분,수납 완료,2920.0,1460.0,4177440.0
000137601,종로3가역(3호선),경복궁영업사업소,시민용,지하철역장,2012-05-31,2012,5,2012-05,정기분,수납 완료,1460.0,730.0,2768680.0
000137601,종로3가역(3호선),경복궁영업사업소,시민용,지하철역장,2012-06-30,2012,6,2012-06,정기분,수납 완료,3551.0,1775.5,3803520.0
000137601,종로3가역(3호선),경복궁영업사업소,시민용,지하철역장,2012-07-31,2012,7,2012-07,정기분,수납 완료,1776.0,888.0,3286920.0
000137601,종로3가역(3호선),경복궁영업사업소,시민용,지하철역장,2012-08-31,2012,8,2012-08,정기분,수납 완료,2968.0,1484.0,2329160.0
000137601,종로3가역(3호선),경복궁영업사업소,시민용,지하철역장,2012-09-30,2012,9,2012-09,정기분,수납 완료,1484.0,742.0,2808040.0
000137601,종로3가역(3호선),경복궁영업사업소,시민용,지하철역장,2012-10-31,2012,10,2012-10,정기분,수납 완료,1804.0,902.0,899080.0
000137601,종로3가역(3호선),경복궁영업사업소,시민용,지하철역장,2012-11-30,2012,11,2012-11,정기분,수납 완료,902.0,451.0,1853560.0
000137601,종로3가역(3호선),경복궁영업사업소,시민용,지하철역장,2012-12-31,2012,12,2012-12,정기분,수납 완료,885.0,442.5,395780.0
000137601,종로3가역(3호선),경복궁영업사업소,시민용,지하철역장,2013-01-31,2013,1,2013-01,정기분,수납 완료,443.0,221.5,1051420.0
000137601,종로3가역(3호선),경복궁영업사업소,시민용,지하철역장,2013-02-28,2013,2,2013-02,정기분,수납 완료,851.0,425.5,1043400.0
000137601,종로3가역(3호선),경복궁영업사업소,시민용,지하철역장,2013-03-31,2013,3,2013-03,정기분,수납 완료,426.0,213.0,1217080.0
000137601,종로3가역(3호선),경복궁영업사업소,시민용,지하철역장,2013-04-30,2013,4,2013-04,정기분,수납 완료,1155.0,577.5,1774600.0
000137601,종로3가역(3호선),경복궁영업사업소,시민용,지하철역장,2013-05-31,2013,5,2013-05,정기분,수납 완료,578.0,289.0,1496760.0
000137601,종로3가역(3호선),경복궁영업사업소,시민용,지하철역장,2013-06-30,2013,6,2013-06,정기분,수납 완료,942.0,471.0,1103000.0
000137601,종로3가역(3호선),경복궁영업사업소,시민용,지하철역장,2013-07-31,2013,7,2013-07,정기분,수납 완료,471.0,235.5,1299880.0
000137601,종로3가역(3호선),경복궁영업사업소,시민용,지하철역장,2013-08-31,2013,8,2013-08,정기분,수납 완료,1799.0,899.5,2876760.0
000137601,종로3가역(3호선),경복궁영업사업소,시민용,지하철역장,2013-09-30,2013,9,2013-09,정기분,수납 완료,900.0,450.0,2089240.0
000137601,종로3가역(3호선),경복궁영업사업소,시민용,지하철역장,2013-10-31,2013,10,2013-10,정기분,수납 완료,2064.0,1032.0,2575000.0
000137601,종로3가역(3호선),경복궁영업사업소,시민용,지하철역장,2013-11-30,2013,11,2013-11,정기분,수납 완료,1032.0,516.0,2332120.0
000137601,종로3가역(3호선),경복궁영업사업소,시민용,지하철역장,2013-12-31,2013,12,2013-12,정기분,수납 완료,1051.0,525.5,498740.0
000137601,종로3가역(3호선),경복궁영업사업소,시민용,지하철역장,2014-01-31,2014,1,2014-01,정기분,수납 완료,526.0,263.0,1370540.0
000137601,종로3가역(3호선),경복궁영업사업소,시민용,지하철역장,2014-02-28,2014,2,2014-02,정기분,수납 완료,710.0,355.0,771800.0
000137601,종로3가역(3호선),경복궁영업사업소,시민용,지하철역장,2014-03-31,2014,3,2014-03,정기분,수납 완료,355.0,177.5,1209200.0
000137601,종로3가역(3호선),경복궁영업사업소,시민용,지하철역장,2014-04-30,2014,4,2014-04,정기분,수납 완료,611.0,305.5,1149200.0
000137601,종로3가역(3호선),경복궁영업사업소,시민용,지하철역장,2014-05-31,2014,5,2014-05,정기분,수납 완료,306.0,153.0,1180200.0
000137601,종로3가역(3호선),경복궁영업사업소,시민용,지하철역장,2014-06-30,2014,6,2014-06,정기분,수납 완료,874.0,437.0,1664600.0
000137601,종로3가역(3호선),경복궁영업사업소,시민용,지하철역장,2014-07-31,2014,7,2014-07,정기분,수납 완료,437.0,218.5,1422400.0
000137601,종로3가역(3호선),경복궁영업사업소,시민용,지하철역장,2014-08-31,2014,8,2014-08,정기분,수납 완료,1763.0,881.5,3077400.0
000137601,종로3가역(3호선),경복궁영업사업소,시민용,지하철역장,2014-09-30,2014,9,2014-09,정기분,수납 완료,882.0,441.0,2250900.0
000137601,종로3가역(3호선),경복궁영업사업소,시민용,지하철역장,2014-10-31,2014,10,2014-10,정기분,수납 완료,2291.0,1145.5,3312700.0
000137601,종로3가역(3호선),경복궁영업사업소,시민용,지하철역장,2014-11-30,2014,11,2014-11,정기분,수납 완료,1146.0,573.0,2782800.0
000137601,종로3가역(3호선),경복궁영업사업소,시민용,지하철역장,2014-12-31,2014,12,2014-12,정기분,수납 완료,1036.0,518.0,420300.0
000137601,종로3가역(3호선),경복궁영업사업소,시민용,지하철역장,2015-01-31,2015,1,2015-01,정기분,수납 완료,518.0,259.0,1210800.0
000137601,종로3가역(3호선),경복궁영업사업소,시민용,지하철역장,2015-02-28,2015,2,2015-02,정기분,수납 완료,594.0,297.0,705020.0
000137601,종로3가역(3호선),경복궁영업사업소,시민용,지하철역장,2015-03-31,2015,3,2015-03,정기분,수납 완료,297.0,148.5,1088160.0
000137601,종로3가역(3호선),경복궁영업사업소,시민용,지하철역장,2015-04-30,2015,4,2015-04,정기분,수납 완료,583.0,291.5,1029580.0
000137601,종로3가역(3호선),경복궁영업사업소,시민용,지하철역장,2015-05-31,2015,5,2015-05,정기분,수납 완료,292.0,146.0,1059760.0
000137601,종로3가역(3호선),경복궁영업사업소,시민용,지하철역장,2015-06-30,2015,6,2015-06,정기분,수납 완료,714.0,357.0,1530440.0
000137601,종로3가역(3호선),경복궁영업사업소,시민용,지하철역장,2015-07-31,2015,7,2015-07,정기분,수납 완료,357.0,178.5,1188000.0
000137601,종로3가역(3호선),경복궁영업사업소,시민용,지하철역장,2015-08-31,2015,8,2015-08,정기분,수납 완료,2380.0,1190.0,4335200.0
000137601,종로3가역(3호선),경복궁영업사업소,시민용,지하철역장,2015-09-30,2015,9,2015-09,정기분,수납 완료,1190.0,595.0,2854000.0
000137601,종로3가역(3호선),경복궁영업사업소,시민용,지하철역장,2015-10-31,2015,10,2015-10,정기분,수납 완료,2964.0,1482.0,3747500.0
000137601,종로3가역(3호선),경복궁영업사업소,시민용,지하철역장,2015-11-30,2015,11,2015-11,정기분,수납 완료,1482.0,741.0,3438000.0
000137601,종로3가역(3호선),경복궁영업사업소,시민용,지하철역장,2015-12-31,2015,12,2015-12,정기분,수납 완료,995.0,497.5,125100.0
000137601,종로3가역(3호선),경복궁영업사업소,시민용,지하철역장,2016-01-31,2016,1,2016-01,정기분,수납 완료,498.0,249.0,549500.0
000137601,종로3가역(3호선),경복궁영업사업소,시민용,지하철역장,2016-02-29,2016,2,2016-02,정기분,수납 완료,733.0,366.5,465400.0
000137601,종로3가역(3호선),경복궁영업사업소,시민용,지하철역장,2016-03-31,2016,3,2016-03,정기분,수납 완료,367.0,183.5,1208000.0
000137601,종로3가역(3호선),경복궁영업사업소,시민용,지하철역장,2016-04-30,2016,4,2016-04,정기분,수납 완료,661.0,330.5,612000.0
000137601,종로3가역(3호선),경복궁영업사업소,시민용,지하철역장,2016-05-31,2016,5,2016-05,정기분,수납 완료,331.0,165.5,1136000.0
000137601,종로3가역(3호선),경복궁영업사업소,시민용,지하철역장,2016-06-30,2016,6,2016-06,정기분,수납 완료,862.0,431.0,1125900.0
000137601,종로3가역(3호선),경복궁영업사업소,시민용,지하철역장,2016-07-31,2016,7,2016-07,정기분,수납 완료,431.0,215.5,1336000.0
000137601,종로3가역(3호선),경복궁영업사업소,시민용,지하철역장,2016-08-31,2016,8,2016-08,정기분,수납 완료,1733.0,866.5,2604300.0
000137601,종로3가역(3호선),경복궁영업사업소,시민용,지하철역장,2016-09-30,2016,9,2016-09,정기분,수납 완료,867.0,433.5,2208000.0
000137601,종로3가역(3호선),경복궁영업사업소,시민용,지하철역장,2016-10-31,2016,10,2016-10,정기분,수납 완료,1755.0,877.5,2004000.0
000137601,종로3가역(3호선),경복궁영업사업소,시민용,지하철역장,2016-11-30,2016,11,2016-11,정기분,수납 완료,878.0,439.0,2230000.0
000137601,종로3가역(3호선),경복궁영업사업소,시민용,지하철역장,2016-12-31,2016,12,2016-12,정기분,수납 완료,1649.0,824.5,1501500.0
000137601,종로3가역(3호선),경복궁영업사업소,시민용,지하철역장,2017-01-31,2017,1,2017-01,정기분,수납 완료,825.0,412.5,2052000.0
000137601,종로3가역(3호선),경복궁영업사업소,시민용,지하철역장,2017-02-28,2017,2,2017-02,정기분,수납 완료,1596.0,798.0,1745470.0
000137601,종로3가역(3호선),경복궁영업사업소,시민용,지하철역장,2017-03-31,2017,3,2017-03,정기분,수납 완료,798.0,399.0,2196750.0
000137601,종로3가역(3호선),경복궁영업사업소,시민용,지하철역장,2017-04-30,2017,4,2017-04,정기분,수납 완료,954.0,477.0,340020.0
000137601,종로3가역(3호선),경복궁영업사업소,시민용,지하철역장,2017-05-31,2017,5,2017-05,정기분,수납 완료,477.0,238.5,1522650.0
000137601,종로3가역(3호선),경복궁영업사업소,시민용,지하철역장,2017-06-30,2017,6,2017-06,정기분,수납 완료,1140.0,570.0,1531110.0
000137601,종로3가역(3호선),경복궁영업사업소,시민용,지하철역장,2017-07-31,2017,7,2017-07,정기분,수납 완료,570.0,285.0,1717950.0
000137601,종로3가역(3호선),경복궁영업사업소,시민용,지하철역장,2017-08-31,2017,8,2017-08,정기분,수납 완료,1282.0,641.0,1842240.0
000137601,종로3가역(3호선),경복궁영업사업소,시민용,지하철역장,2017-09-30,2017,9,2017-09,정기분,수납 완료,641.0,320.5,1867050.0
000137601,종로3가역(3호선),경복궁영업사업소,시민용,지하철역장,2017-10-31,2017,10,2017-10,정기분,수납 완료,1861.0,930.5,2874390.0
000137601,종로3가역(3호선),경복궁영업사업소,시민용,지하철역장,2017-11-30,2017,11,2017-11,정기분,수납 완료,931.0,465.5,2476050.0
000137601,종로3가역(3호선),경복궁영업사업소,시민용,지하철역장,2017-12-31,2017,12,2017-12,정기분,수납 완료,1068.0,534.0,242700.0
000137601,종로3가역(3호선),경복궁영업사업소,시민용,지하철역장,2018-01-31,2018,1,2018-01,정기분,수납 완료,534.0,267.0,1132800.0
000137601,종로3가역(3호선),경복궁영업사업소,시민용,지하철역장,2018-02-28,2018,2,2018-02,정기분,수납 완료,980.0,490.0,935550.0
000137601,종로3가역(3호선),경복궁영업사업소,시민용,지하철역장,2018-03-31,2018,3,2018-03,정기분,수납 완료,490.0,245.0,1132690.0
000137601,종로3가역(3호선),경복궁영업사업소,시민용,지하철역장,2018-04-30,2018,4,2018-04,정기분,수납 완료,684.0,342.0,824440.0
000137601,종로3가역(3호선),경복궁영업사업소,시민용,지하철역장,2018-05-31,2018,5,2018-05,정기분,수납 완료,342.0,171.0,1236120.0
000137601,종로3가역(3호선),경복궁영업사업소,시민용,지하철역장,2018-06-30,2018,6,2018-06,정기분,수납 완료,810.0,405.0,981780.0
000137601,종로3가역(3호선),경복궁영업사업소,시민용,지하철역장,2018-07-31,2018,7,2018-07,정기분,수납 완료,405.0,202.5,1006710.0
000137601,종로3가역(3호선),경복궁영업사업소,시민용,지하철역장,2018-08-31,2018,8,2018-08,정기분,수납 완료,790.0,395.0,1331150.0
000137601,종로3가역(3호선),경복궁영업사업소,시민용,지하철역장,2018-09-30,2018,9,2018-09,정기분,수납 완료,395.0,197.5,914770.0
000137601,종로3가역(3호선),경복궁영업사업소,시민용,지하철역장,2018-10-31,2018,10,2018-10,정기분,수납 완료,1130.0,565.0,1651770.0
000137601,종로3가역(3호선),경복궁영업사업소,시민용,지하철역장,2018-11-30,2018,11,2018-11,정기분,수납 완료,565.0,282.5,1728950.0
000137601,종로3가역(3호선),경복궁영업사업소,시민용,지하철역장,2018-12-31,2018,12,2018-12,정기분,수납 완료,551.0,275.5,5280.0
000137601,종로3가역(3호선),경복궁영업사업소,시민용,지하철역장,2019-01-31,2019,1,2019-01,정기분,수납 완료,276.0,138.0,583680.0
000137601,종로3가역(3호선),경복궁영업사업소,시민용,지하철역장,2019-02-28,2019,2,2019-02,정기분,수납 완료,479.0,239.5,443300.0
000137601,종로3가역(3호선),경복궁영업사업소,시민용,지하철역장,2019-03-31,2019,3,2019-03,정기분,수납 완료,240.0,120.0,706850.0
000137601,종로3가역(3호선),경복궁영업사업소,시민용,지하철역장,2019-04-30,2019,4,2019-04,정기분,수납 완료,515.0,257.5,1104050.0
000137601,종로3가역(3호선),경복궁영업사업소,시민용,지하철역장,2019-05-31,2019,5,2019-05,정기분,수납 완료,258.0,129.0,612860.0
000137601,종로3가역(3호선),경복궁영업사업소,시민용,지하철역장,2019-06-30,2019,6,2019-06,정기분,수납 완료,604.0,302.0,737260.0
000137601,종로3가역(3호선),경복궁영업사업소,시민용,지하철역장,2019-07-31,2019,7,2019-07,정기분,수납 완료,302.0,151.0,645660.0
000137601,종로3가역(3호선),경복궁영업사업소,시민용,지하철역장,2019-08-31,2019,8,2019-08,정기분,수납 완료,1372.0,686.0,2435100.0
000137601,종로3가역(3호선),경복궁영업사업소,시민용,지하철역장,2019-09-30,2019,9,2019-09,정기분,수납 완료,686.0,343.0,1540380.0
000137601,종로3가역(3호선),경복궁영업사업소,시민용,지하철역장,2019-10-31,2019,10,2019-10,정기분,수납 완료,1417.0,708.5,1645230.0
000137601,종로3가역(3호선),경복궁영업사업소,시민용,지하철역장,2019-11-30,2019,11,2019-11,정기분,수납 완료,709.0,354.5,1593970.0
000137601,종로3가역(3호선),경복궁영업사업소,시민용,지하철역장,2019-12-31,2019,12,2019-12,정기분,수납 완료,998.0,499.0,615370.0
000137601,종로3가역(3호선),경복궁영업사업소,시민용,지하철역장,2020-01-31,2020,1,2020-01,정기분,수납 완료,499.0,249.5,1104670.0
000137601,종로3가역(3호선),경복궁영업사업소,시민용,지하철역장,2020-02-29,2020,2,2020-02,정기분,수납 완료,523.0,261.5,43700.0
000137601,종로3가역(3호선),경복궁영업사업소,시민용,지하철역장,2020-03-31,2020,3,2020-03,정기분,수납 완료,262.0,131.0,536580.0
000137601,종로3가역(3호선),경복궁영업사업소,시민용,지하철역장,2020-04-30,2020,4,2020-04,정기분,수납 완료,1698.0,849.0,3278000.0
000137601,종로3가역(3호선),경복궁영업사업소,시민용,지하철역장,2020-05-31,2020,5,2020-05,정기분,수납 완료,849.0,424.5,1920170.0
000137601,종로3가역(3호선),경복궁영업사업소,시민용,지하철역장,2020-06-30,2020,6,2020-06,정기분,수납 완료,2634.0,1317.0,4101050.0
000137601,종로3가역(3호선),경복궁영업사업소,시민용,지하철역장,2020-07-31,2020,7,2020-07,정기분,수납 완료,1317.0,658.5,3010610.0
000137601,종로3가역(3호선),경복궁영업사업소,시민용,지하철역장,2020-08-31,2020,8,2020-08,정기분,수납 완료,3739.0,1869.5,5221080.0
000137601,종로3가역(3호선),경복궁영업사업소,시민용,지하철역장,2020-09-30,2020,9,2020-09,정기분,수납 완료,1870.0,935.0,4299100.0
000137601,종로3가역(3호선),경복궁영업사업소,시민용,지하철역장,2020-10-31,2020,10,2020-10,정기분,수납 완료,3062.0,1531.0,2719360.0
000137601,종로3가역(3호선),경복궁영업사업소,시민용,지하철역장,2020-11-30,2020,11,2020-11,정기분,수납 완료,1531.0,765.5,3509230.0
000137601,종로3가역(3호선),경복궁영업사업소,시민용,지하철역장,2020-12-31,2020,12,2020-12,정기분,수납 완료,2446.0,1223.0,2073950.0
000137601,종로3가역(3호선),경복궁영업사업소,시민용,지하철역장,2021-01-31,2021,1,2021-01,정기분,수납 완료,1223.0,611.5,2791590.0
000137601,종로3가역(3호선),경복궁영업사업소,시민용,지하철역장,2021-02-28,2021,2,2021-02,정기분,수납 완료,1840.0,920.0,1379610.0
000137601,종로3가역(3호선),경복궁영업사업소,시민용,지하철역장,2021-03-31,2021,3,2021-03,정기분,수납 완료,920.0,460.0,2085600.0
000137601,종로3가역(3호선),경복궁영업사업소,시민용,지하철역장,2021-04-30,2021,4,2021-04,정기분,수납 완료,2367.0,1183.5,3313510.0
000137601,종로3가역(3호선),경복궁영업사업소,시민용,지하철역장,2021-05-31,2021,5,2021-05,정기분,수납 완료,1184.0,592.0,2700720.0
000137601,종로3가역(3호선),경복궁영업사업소,시민용,지하철역장,2021-06-30,2021,6,2021-06,정기분,수납 완료,2918.0,1459.0,3982220.0
000137601,종로3가역(3호선),경복궁영업사업소,시민용,지하철역장,2021-07-31,2021,7,2021-07,정기분,수납 완료,1459.0,729.5,3351740.0
000137601,종로3가역(3호선),경복궁영업사업소,시민용,지하철역장,2021-08-31,2021,8,2021-08,정기분,수납 완료,2872.0,1436.0,3541160.0
000137601,종로3가역(3호선),경복궁영업사업소,시민용,지하철역장,2021-09-30,2021,9,2021-09,정기분,수납 완료,1436.0,718.0,3591440.0
000137601,종로3가역(3호선),경복궁영업사업소,시민용,지하철역장,2021-10-31,2021,10,2021-10,정기분,수납 완료,3348.0,1674.0,4800480.0
000137601,종로3가역(3호선),경복궁영업사업소,시민용,지하철역장,2021-11-30,2021,11,2021-11,정기분,수납 완료,1674.0,837.0,4195960.0
000137601,종로3가역(3호선),경복궁영업사업소,시민용,지하철역장,2021-12-31,2021,12,2021-12,정기분,수납 완료,2809.0,1404.5,2826900.0
000137601,종로3가역(3호선),경복궁영업사업소,시민용,지하철역장,2022-01-31,2022,1,2022-01,정기분,수납 완료,1405.0,702.5,3517600.0
000137601,종로3가역(3호선),경복궁영업사업소,시민용,지하철역장,2022-02-28,2022,2,2022-02,정기분,수납 완료,2446.0,1223.0,2758000.0
000137601,종로3가역(3호선),경복궁영업사업소,시민용,지하철역장,2022-03-31,2022,3,2022-03,정기분,수납 완료,1223.0,611.5,3220950.0
000137601,종로3가역(3호선),경복궁영업사업소,시민용,지하철역장,2022-04-30,2022,4,2022-04,정기분,수납 완료,2136.0,1068.0,2399450.0
000137601,종로3가역(3호선),경복궁영업사업소,시민용,지하철역장,2022-05-31,2022,5,2022-05,정기분,수납 완료,1068.0,534.0,2810200.0
000137601,종로3가역(3호선),경복궁영업사업소,시민용,지하철역장,2022-06-30,2022,6,2022-06,정기분,수납 완료,3246.0,1623.0,5751700.0
000137601,종로3가역(3호선),경복궁영업사업소,시민용,지하철역장,2022-07-31,2022,7,2022-07,정기분,수납 완료,1623.0,811.5,4280950.0
000137601,종로3가역(3호선),경복궁영업사업소,시민용,지하철역장,2022-08-31,2022,8,2022-08,정기분,수납 완료,3918.0,1959.0,6061750.0
000137601,종로3가역(3호선),경복궁영업사업소,시민용,지하철역장,2022-09-30,2022,9,2022-09,정기분,수납 완료,1959.0,979.5,5171350.0
000137601,종로3가역(3호선),경복궁영업사업소,시민용,지하철역장,2022-10-31,2022,10,2022-10,정기분,수납 완료,3520.0,1760.0,4116650.0
000137601,종로3가역(3호선),경복궁영업사업소,시민용,지하철역장,2022-11-30,2022,11,2022-11,정기분,수납 완료,1760.0,880.0,4644000.0
000137601,종로3가역(3호선),경복궁영업사업소,시민용,지하철역장,2022-12-31,2022,12,2022-12,정기분,수납 완료,3431.0,1715.5,4408150.0
000137601,종로3가역(3호선),경복궁영업사업소,시민용,지하철역장,2023-01-31,2023,1,2023-01,정기분,수납 완료,1716.0,858.0,4565990.0
000137601,종로3가역(3호선),경복궁영업사업소,시민용,지하철역장,2023-02-28,2023,2,2023-02,정기분,수납 완료,2829.0,1414.5,3944390.0
000137601,종로3가역(3호선),경복궁영업사업소,시민용,지하철역장,2023-03-31,2023,3,2023-03,정기분,수납 완료,1415.0,707.5,4760050.0
000137601,종로3가역(3호선),경복궁영업사업소,시민용,지하철역장,2023-04-30,2023,4,2023-04,정기분,수납 완료,3301.0,1650.5,6394420.0
000137601,종로3가역(3호선),경복궁영업사업소,시민용,지하철역장,2023-05-31,2023,5,2023-05,정기분,수납 완료,1651.0,825.5,5578970.0
000137601,종로3가역(3호선),경복궁영업사업소,시민용,지하철역장,2023-06-30,2023,6,2023-06,정기분,수납 완료,3163.0,1581.5,5096640.0
000137601,종로3가역(3호선),경복궁영업사업소,시민용,지하철역장,2023-07-31,2023,7,2023-07,정기분,수납 완료,1582.0,791.0,5339540.0
000137601,종로3가역(3호선),경복궁영업사업소,시민용,지하철역장,2023-08-31,2023,8,2023-08,정기분,수납 완료,4127.0,2063.5,8681150.0
000137601,종로3가역(3호선),경복궁영업사업소,시민용,지하철역장,2023-09-30,2023,9,2023-09,정기분,수납 완료,2064.0,1032.0,7012080.0
000137601,종로3가역(3호선),경복궁영업사업소,시민용,지하철역장,2023-10-31,2023,10,2023-10,정기분,수납 완료,4213.0,2106.5,7307030.0
000137601,종로3가역(3호선),경복궁영업사업소,시민용,지하철역장,2023-11-30,2023,11,2023-11,정기분,수납 완료,2107.0,1053.5,7161290.0
000137601,종로3가역(3호선),경복궁영업사업소,시민용,지하철역장,2023-12-31,2023,12,2023-12,정기분,수납 완료,3167.0,1583.5,3528200.0
000137601,종로3가역(3호선),경복궁영업사업소,시민용,지하철역장,2024-01-31,2024,1,2024-01,정기분,수납 완료,1584.0,792.0,5346480.0
000137601,종로3가역(3호선),경복궁영업사업소,시민용,지하철역장,2024-02-29,2024,2,2024-02,정기분,수납 완료,3185.0,1592.5,5405470.0
000137601,종로3가역(3호선),경복궁영업사업소,시민용,지하철역장,2024-03-31,2024,3,2024-03,정기분,수납 완료,1593.0,796.5,5377710.0
000137601,종로3가역(3호선),경복궁영업사업소,시민용,지하철역장,2024-04-30,2024,4,2024-04,정기분,수납 완료,3023.0,1511.5,4812100.0
000137601,종로3가역(3호선),경복궁영업사업소,시민용,지하철역장,2024-05-31,2024,5,2024-05,정기분,수납 완료,1512.0,756.0,5096640.0
000137601,종로3가역(3호선),경복궁영업사업소,시민용,지하철역장,2024-06-30,2024,6,2024-06,정기분,수납 완료,3827.0,1913.5,7883050.0
000137601,종로3가역(3호선),경복궁영업사업소,시민용,지하철역장,2024-07-31,2024,7,2024-07,정기분,수납 완료,1914.0,957.0,6491580.0
000137601,종로3가역(3호선),경복궁영업사업소,시민용,지하철역장,2024-08-31,2024,8,2024-08,정기분,수납 완료,1680.0,840.0,0.0
000137601,종로3가역(3호선),경복궁영업사업소,시민용,지하철역장,2024-09-30,2024,9,2024-09,정기분,수납 완료,840.0,420.0,1855620.0
000137601,종로3가역(3호선),경복궁영업사업소,시민용,지하철역장,2024-10-31,2024,10,2024-10,정기분,수납 완료,4213.0,2106.5,11536710.0
000137601,종로3가역(3호선),경복궁영업사업소,시민용,지하철역장,2024-11-30,2024,11,2024-11,정기분,수납 완료,2107.0,1053.5,16429160.0
000137601,종로3가역(3호선),경복궁영업사업소,시민용,지하철역장,2024-12-31,2024,12,2024-12,정기분,수납 완료,2708.0,1354.0,1935470.0
000137601,종로3가역(3호선),경복궁영업사업소,시민용,지하철역장,2025-01-31,2025,1,2025-01,정기분,수납 완료,1354.0,677.0,6114630.0
000137601,종로3가역(3호선),경복궁영업사업소,시민용,지하철역장,2025-02-28,2025,2,2025-02,정기분,수납 완료,2938.0,1469.0,5346480.0
000137601,종로3가역(3호선),경복궁영업사업소,시민용,지하철역장,2025-03-31,2025,3,2025-03,정기분,수납 완료,1469.0,734.5,4947430.0
000137601,종로3가역(3호선),경복궁영업사업소,시민용,지하철역장,2025-04-30,2025,4,2025-04,정기분,수납 완료,2819.0,1409.5,4534500.0
000137601,종로3가역(3호선),경복궁영업사업소,시민용,지하철역장,2025-05-31,2025,5,2025-05,정기분,수납 완료,1410.0,705.0,4742700.0
000137601,종로3가역(3호선),경복궁영업사업소,시민용,지하철역장,2025-06-30,2025,6,2025-06,정기분,수납 완료,3524.0,1762.0,7185580.0
000137601,종로3가역(3호선),경복궁영업사업소,시민용,지하철역장,2025-07-31,2025,7,2025-07,정기분,수납 완료,1762.0,881.0,5964140.0
000137601,종로3가역(3호선),경복궁영업사업소,시민용,지하철역장,2025-08-31,2025,8,2025-08,정기분,수납 완료,4460.0,2230.0,9212060.0
000137601,종로3가역(3호선),경복궁영업사업소,시민용,지하철역장,2025-09-30,2025,9,2025-09,정기분,수납 완료,2230.0,1115.0,7588100.0
000137601,종로3가역(3호선),경복궁영업사업소,시민용,지하철역장,2025-10-31,2025,10,2025-10,정기분,수납 완료,4525.0,2262.5,7813650.0
000137601,종로3가역(3호선),경복궁영업사업소,시민용,지하철역장,2025-11-30,2025,11,2025-11,정기분,수납 완료,2263.0,1131.5,7702610.0
000137601,종로3가역(3호선),경복궁영업사업소,시민용,지하철역장,2025-12-31,2025,12,2025-12,정기분,수납 완료,3327.0,1663.5,3542080.0
000137601,종로3가역(3호선),경복궁영업사업소,시민용,지하철역장,2026-01-31,2026,1,2026-01,정기분,수납 완료,1664.0,832.0,5627020.0
000137601,종로3가역(3호선),경복궁영업사업소,시민용,지하철역장,2026-02-28,2026,2,2026-02,정기분,수납 완료,3006.0,1503.0,4771100.0
000137601,종로3가역(3호선),경복궁영업사업소,시민용,지하철역장,2026-03-31,2026,3,2026-03,정기분,수납 완료,1503.0,751.5,5336820.0
000137601,종로3가역(3호선),경복궁영업사업소,시민용,지하철역장,2026-04-30,2026,4,2026-04,정기분,수납 완료,2950.0,1475.0,5132980.0
000137601,종로3가역(3호선),경복궁영업사업소,시민용,지하철역장,2026-05-31,2026,5,2026-05,정기분,미납,1475.0,737.5,5234900.0
032013846,증산역,성산영업사업소,,증산역,2008-06-30,2008,6,2008-06,정기분,수납 완료,200.0,100.0,1523840.0
032013846,증산역,성산영업사업소,,증산역,2008-08-31,2008,8,2008-08,정기분,수납 완료,218.0,109.0,1530240.0
032013846,증산역,성산영업사업소,,증산역,2008-10-31,2008,10,2008-10,정기분,수납 완료,240.0,120.0,1554900.0
032013846,증산역,성산영업사업소,,증산역,2008-12-31,2008,12,2008-12,정기분,수납 완료,156.0,78.0,1581440.0
032013846,증산역,성산영업사업소,,증산역,2009-02-28,2009,2,2009-02,정기분,수납 완료,155.0,77.5,1343360.0
032013846,증산역,성산영업사업소,,증산역,2009-04-30,2009,4,2009-04,정기분,수납 완료,173.0,86.5,1360000.0
032013846,증산역,성산영업사업소,,증산역,2009-06-30,2009,6,2009-06,정기분,수납 완료,221.0,110.5,1736320.0
032013846,증산역,성산영업사업소,,증산역,2009-08-31,2009,8,2009-08,정기분,수납 완료,221.0,110.5,1915520.0
032013846,증산역,성산영업사업소,,증산역,2009-10-31,2009,10,2009-10,정기분,수납 완료,276.0,138.0,1833600.0
032013846,증산역,성산영업사업소,,증산역,2009-12-31,2009,12,2009-12,정기분,수납 완료,176.0,88.0,1785390.0
032013846,증산역,성산영업사업소,,증산역,2010-02-28,2010,2,2010-02,정기분,수납 완료,169.0,84.5,1598080.0
032013846,증산역,성산영업사업소,,증산역,2010-04-30,2010,4,2010-04,정기분,수납 완료,156.0,78.0,1552000.0
032013846,증산역,성산영업사업소,,증산역,2010-06-30,2010,6,2010-06,정기분,수납 완료,185.0,92.5,1723520.0
032013846,증산역,성산영업사업소,,증산역,2010-08-31,2010,8,2010-08,정기분,수납 완료,195.0,97.5,1865600.0
032013846,증산역,성산영업사업소,,증산역,2010-10-31,2010,10,2010-10,정기분,수납 완료,172.0,86.0,1652340.0
032013846,증산역,성산영업사업소,,증산역,2010-12-31,2010,12,2010-12,정기분,수납 완료,158.0,79.0,1709440.0
032013846,증산역,성산영업사업소,,증산역,2011-02-28,2011,2,2011-02,정기분,수납 완료,160.0,80.0,1425160.0
032013846,증산역,성산영업사업소,,증산역,2011-04-30,2011,4,2011-04,정기분,수납 완료,143.0,71.5,1506350.0
032013846,증산역,성산영업사업소,,증산역,2011-06-30,2011,6,2011-06,정기분,수납 완료,180.0,90.0,1550210.0
032013846,증산역,성산영업사업소,,증산역,2011-08-31,2011,8,2011-08,정기분,수납 완료,179.0,89.5,1739350.0
032013846,증산역,성산영업사업소,,증산역,2011-10-31,2011,10,2011-10,정기분,수납 완료,199.0,99.5,1872710.0
032013846,증산역,성산영업사업소,,증산역,2011-12-31,2011,12,2011-12,정기분,수납 완료,232.0,116.0,1813370.0
032013846,증산역,성산영업사업소,,증산역,2012-02-29,2012,2,2012-02,정기분,수납 완료,159.0,79.5,1459910.0
032013846,증산역,성산영업사업소,,증산역,2012-04-30,2012,4,2012-04,정기분,수납 완료,147.0,73.5,1920040.0
032013846,증산역,성산영업사업소,,증산역,2012-06-30,2012,6,2012-06,정기분,수납 완료,170.0,85.0,2318560.0
032013846,증산역,성산영업사업소,,증산역,2012-08-31,2012,8,2012-08,정기분,수납 완료,175.0,87.5,2252960.0
032013846,증산역,성산영업사업소,,증산역,2012-10-31,2012,10,2012-10,정기분,수납 완료,164.0,82.0,2269360.0
032013846,증산역,성산영업사업소,,증산역,2012-12-31,2012,12,2012-12,정기분,수납 완료,730.0,365.0,2615400.0
032013846,증산역,성산영업사업소,,증산역,2013-02-28,2013,2,2013-02,정기분,수납 완료,1420.0,710.0,2415320.0
032013846,증산역,성산영업사업소,,증산역,2013-04-30,2013,4,2013-04,정기분,수납 완료,1044.0,522.0,2521800.0
032013846,증산역,성산영업사업소,,증산역,2013-06-30,2013,6,2013-06,정기분,수납 완료,686.0,343.0,2989020.0
032013846,증산역,성산영업사업소,,증산역,2013-08-31,2013,8,2013-08,정기분,수납 완료,629.0,314.5,2884280.0
032013846,증산역,성산영업사업소,,증산역,2013-10-31,2013,10,2013-10,정기분,수납 완료,660.0,330.0,2921080.0
032013846,증산역,성산영업사업소,,증산역,2013-12-31,2013,12,2013-12,정기분,수납 완료,749.0,374.5,2906360.0
032013846,증산역,성산영업사업소,,증산역,2014-02-28,2014,2,2014-02,정기분,수납 완료,686.0,343.0,2652440.0
032013846,증산역,성산영업사업소,,증산역,2014-04-30,2014,4,2014-04,정기분,수납 완료,641.0,320.5,2735800.0
032013846,증산역,성산영업사업소,,증산역,2014-06-30,2014,6,2014-06,정기분,수납 완료,726.0,363.0,3199800.0
032013846,증산역,성산영업사업소,,증산역,2014-08-31,2014,8,2014-08,정기분,수납 완료,644.0,322.0,2923800.0
032013846,증산역,성산영업사업소,,증산역,2014-10-31,2014,10,2014-10,정기분,수납 완료,620.0,310.0,2823800.0
032013846,증산역,성산영업사업소,,증산역,2014-12-31,2014,12,2014-12,정기분,수납 완료,637.0,318.5,2841800.0
032013846,증산역,성산영업사업소,,증산역,2015-02-28,2015,2,2015-02,정기분,수납 완료,563.0,281.5,2501800.0
032013846,증산역,성산영업사업소,,증산역,2015-04-30,2015,4,2015-04,정기분,수납 완료,547.0,273.5,2383800.0
032013846,증산역,성산영업사업소,,증산역,2015-06-30,2015,6,2015-06,정기분,수납 완료,588.0,294.0,2753800.0
032013846,증산역,성산영업사업소,,증산역,2015-08-31,2015,8,2015-08,정기분,수납 완료,577.0,288.5,2725800.0
032013846,증산역,성산영업사업소,,증산역,2015-10-31,2015,10,2015-10,정기분,수납 완료,596.0,298.0,2961800.0
032013846,증산역,성산영업사업소,,증산역,2015-12-31,2015,12,2015-12,정기분,수납 완료,674.0,337.0,3107800.0
032013846,증산역,성산영업사업소,,증산역,2016-02-29,2016,2,2016-02,정기분,수납 완료,487.0,243.5,2431800.0
032013846,증산역,성산영업사업소,,증산역,2016-04-30,2016,4,2016-04,정기분,수납 완료,506.0,253.0,2435800.0
032013846,증산역,성산영업사업소,,증산역,2016-06-30,2016,6,2016-06,정기분,수납 완료,632.0,316.0,3031800.0
032013846,증산역,성산영업사업소,,증산역,2016-08-31,2016,8,2016-08,정기분,수납 완료,593.0,296.5,2953800.0
032013846,증산역,성산영업사업소,,증산역,2016-10-31,2016,10,2016-10,정기분,수납 완료,576.0,288.0,3199800.0
032013846,증산역,성산영업사업소,,증산역,2016-12-31,2016,12,2016-12,정기분,수납 완료,604.0,302.0,3051800.0
032013846,증산역,성산영업사업소,,증산역,2017-02-28,2017,2,2017-02,정기분,수납 완료,487.0,243.5,2510790.0
032013846,증산역,성산영업사업소,,증산역,2017-04-30,2017,4,2017-04,정기분,수납 완료,583.0,291.5,2894400.0
032013846,증산역,성산영업사업소,,증산역,2017-06-30,2017,6,2017-06,정기분,수납 완료,626.0,313.0,2984700.0
032013846,증산역,성산영업사업소,,증산역,2017-08-31,2017,8,2017-08,정기분,수납 완료,584.0,292.0,3362700.0
032013846,증산역,성산영업사업소,,증산역,2017-10-31,2017,10,2017-10,정기분,수납 완료,605.0,302.5,3379320.0
032013846,증산역,성산영업사업소,,증산역,2017-12-31,2017,12,2017-12,정기분,수납 완료,643.0,321.5,3461220.0
032013846,증산역,성산영업사업소,,증산역,2018-02-28,2018,2,2018-02,정기분,수납 완료,481.0,240.5,2651200.0
032013846,증산역,성산영업사업소,,증산역,2018-04-30,2018,4,2018-04,정기분,수납 완료,481.0,240.5,3305800.0
032013846,증산역,성산영업사업소,,증산역,2018-06-30,2018,6,2018-06,정기분,수납 완료,481.0,240.5,2863800.0
032013846,증산역,성산영업사업소,,증산역,2018-08-31,2018,8,2018-08,정기분,수납 완료,584.0,292.0,3568790.0
032013846,증산역,성산영업사업소,,증산역,2018-10-31,2018,10,2018-10,정기분,수납 완료,679.0,339.5,5199770.0
032013846,증산역,성산영업사업소,,증산역,2018-12-31,2018,12,2018-12,정기분,수납 완료,1094.0,547.0,2958830.0
032013846,증산역,성산영업사업소,,증산역,2019-02-28,2019,2,2019-02,정기분,수납 완료,1047.0,523.5,2847120.0
032013846,증산역,성산영업사업소,,증산역,2019-04-30,2019,4,2019-04,정기분,수납 완료,1050.0,525.0,2931860.0
032013846,증산역,성산영업사업소,,증산역,2019-06-30,2019,6,2019-06,정기분,수납 완료,1261.0,630.5,3544650.0
032013846,증산역,성산영업사업소,,증산역,2019-08-31,2019,8,2019-08,정기분,수납 완료,1380.0,690.0,3734580.0
032013846,증산역,성산영업사업소,,증산역,2019-10-31,2019,10,2019-10,정기분,수납 완료,1380.0,690.0,3711280.0
032013846,증산역,성산영업사업소,,증산역,2019-12-31,2019,12,2019-12,정기분,수납 완료,2087.0,1043.5,5447130.0
032013846,증산역,성산영업사업소,,증산역,2020-02-29,2020,2,2020-02,정기분,수납 완료,1375.0,687.5,3664680.0
032013846,증산역,성산영업사업소,,증산역,2020-04-30,2020,4,2020-04,정기분,수납 완료,1566.0,783.0,4044470.0
032013846,증산역,성산영업사업소,,증산역,2020-06-30,2020,6,2020-06,정기분,수납 완료,1565.0,782.5,4119030.0
032013846,증산역,성산영업사업소,,증산역,2020-08-31,2020,8,2020-08,정기분,수납 완료,1565.0,782.5,4165630.0
032013846,증산역,성산영업사업소,,증산역,2020-10-31,2020,10,2020-10,정기분,수납 완료,1565.0,782.5,4168110.0
032013846,증산역,성산영업사업소,,증산역,2020-12-31,2020,12,2020-12,정기분,수납 완료,1565.0,782.5,4229670.0
032013846,증산역,성산영업사업소,,증산역,2021-02-28,2021,2,2021-02,정기분,수납 완료,1565.0,782.5,4023080.0
032013846,증산역,성산영업사업소,,증산역,2021-04-30,2021,4,2021-04,정기분,수납 완료,1565.0,782.5,3777800.0
032013846,증산역,성산영업사업소,,증산역,2021-06-30,2021,6,2021-06,정기분,수납 완료,1565.0,782.5,4124280.0
032013846,증산역,성산영업사업소,,증산역,2021-08-31,2021,8,2021-08,정기분,수납 완료,1565.0,782.5,4178400.0
032013846,증산역,성산영업사업소,,증산역,2021-10-31,2021,10,2021-10,정기분,수납 완료,1565.0,782.5,4459280.0
032013846,증산역,성산영업사업소,,증산역,2021-12-31,2021,12,2021-12,정기분,수납 완료,1565.0,782.5,4662860.0
032013846,증산역,성산영업사업소,,증산역,2022-02-28,2022,2,2022-02,정기분,수납 완료,1565.0,782.5,4736700.0
032013846,증산역,성산영업사업소,,증산역,2022-04-30,2022,4,2022-04,정기분,수납 완료,724.0,362.0,2652950.0
032013846,증산역,성산영업사업소,,증산역,2022-06-30,2022,6,2022-06,정기분,수납 완료,1400.0,700.0,4582200.0
032013846,증산역,성산영업사업소,,증산역,2022-08-31,2022,8,2022-08,정기분,수납 완료,1400.0,700.0,4542550.0
032013846,증산역,성산영업사업소,,증산역,2022-10-31,2022,10,2022-10,정기분,수납 완료,552.0,276.0,2223850.0
032013846,증산역,성산영업사업소,,증산역,2022-12-31,2022,12,2022-12,정기분,수납 완료,1201.0,600.5,4002350.0
032013846,증산역,성산영업사업소,,증산역,2023-02-28,2023,2,2023-02,정기분,수납 완료,1201.0,600.5,4198510.0
032013846,증산역,성산영업사업소,,증산역,2023-04-30,2023,4,2023-04,정기분,수납 완료,304.0,152.0,1753600.0
032013846,증산역,성산영업사업소,,증산역,2023-06-30,2023,6,2023-06,정기분,수납 완료,1092.0,546.0,4586080.0
032013846,증산역,성산영업사업소,,증산역,2023-08-31,2023,8,2023-08,정기분,수납 완료,1089.0,544.5,4502080.0
032013846,증산역,성산영업사업소,,증산역,2023-10-31,2023,10,2023-10,정기분,수납 완료,1365.0,682.5,5514080.0
032013846,증산역,성산영업사업소,,증산역,2023-12-31,2023,12,2023-12,정기분,수납 완료,1394.0,697.0,5634400.0
032013846,증산역,성산영업사업소,,증산역,2024-02-29,2024,2,2024-02,정기분,수납 완료,768.0,384.0,3302560.0
032013846,증산역,성산영업사업소,,증산역,2024-04-30,2024,4,2024-04,정기분,수납 완료,790.0,395.0,3369760.0
032013846,증산역,성산영업사업소,,증산역,2024-06-30,2024,6,2024-06,정기분,수납 완료,976.0,488.0,4186240.0
032013846,증산역,성산영업사업소,,증산역,2024-08-31,2024,8,2024-08,정기분,수납 완료,1097.0,548.5,4821280.0
032013846,증산역,성산영업사업소,,증산역,2024-10-31,2024,10,2024-10,정기분,수납 완료,1109.0,554.5,5631040.0
032013846,증산역,성산영업사업소,,증산역,2024-12-31,2024,12,2024-12,정기분,수납 완료,631.0,315.5,4169440.0
032013846,증산역,성산영업사업소,,증산역,2025-02-28,2025,2,2025-02,정기분,수납 완료,582.0,291.0,3477280.0
032013846,증산역,성산영업사업소,,증산역,2025-04-30,2025,4,2025-04,정기분,수납 완료,584.0,292.0,3316000.0
032013846,증산역,성산영업사업소,,증산역,2025-06-30,2025,6,2025-06,정기분,수납 완료,571.0,285.5,3977920.0
032013846,증산역,성산영업사업소,,증산역,2025-08-31,2025,8,2025-08,정기분,수납 완료,661.0,330.5,4299480.0
032013846,증산역,성산영업사업소,,증산역,2025-10-31,2025,10,2025-10,정기분,수납 완료,936.0,468.0,4926120.0
032013846,증산역,성산영업사업소,,증산역,2025-12-31,2025,12,2025-12,정기분,수납 완료,733.0,366.5,4017240.0
032013846,증산역,성산영업사업소,,증산역,2026-02-28,2026,2,2026-02,정기분,수납 완료,694.0,347.0,3964590.0
032013846,증산역,성산영업사업소,,증산역,2026-04-30,2026,4,2026-04,정기분,수납 완료,682.0,341.0,3528100.0
032026818,창신역,동묘영업사업소,시민용,창신역,2008-06-30,2008,6,2008-06,정기분,수납 완료,177.0,88.5,429920.0
032026818,창신역,동묘영업사업소,시민용,창신역,2008-08-31,2008,8,2008-08,정기분,수납 완료,413.0,206.5,755360.0
032026818,창신역,동묘영업사업소,시민용,창신역,2008-10-31,2008,10,2008-10,정기분,수납 완료,245.0,122.5,524280.0
032026818,창신역,동묘영업사업소,시민용,창신역,2008-12-31,2008,12,2008-12,정기분,수납 완료,196.0,98.0,502440.0
032026818,창신역,동묘영업사업소,시민용,창신역,2009-02-28,2009,2,2009-02,정기분,수납 완료,158.0,79.0,426040.0
032026818,창신역,동묘영업사업소,시민용,창신역,2009-04-30,2009,4,2009-04,정기분,수납 완료,194.0,97.0,367220.0
032026818,창신역,동묘영업사업소,시민용,창신역,2009-06-30,2009,6,2009-06,정기분,수납 완료,212.0,106.0,471920.0
032026818,창신역,동묘영업사업소,시민용,창신역,2009-08-31,2009,8,2009-08,정기분,수납 완료,251.0,125.5,556940.0
032026818,창신역,동묘영업사업소,시민용,창신역,2009-10-31,2009,10,2009-10,정기분,수납 완료,798.0,399.0,1132670.0
032026818,창신역,동묘영업사업소,시민용,창신역,2009-12-31,2009,12,2009-12,정기분,수납 완료,279.0,139.5,359200.0
032026818,창신역,동묘영업사업소,시민용,창신역,2010-02-28,2010,2,2010-02,정기분,수납 완료,246.0,123.0,382210.0
032026818,창신역,동묘영업사업소,시민용,창신역,2010-04-30,2010,4,2010-04,정기분,수납 완료,208.0,104.0,341400.0
032026818,창신역,동묘영업사업소,시민용,창신역,2010-06-30,2010,6,2010-06,정기분,수납 완료,224.0,112.0,372550.0
032026818,창신역,동묘영업사업소,시민용,창신역,2010-08-31,2010,8,2010-08,정기분,수납 완료,886.0,443.0,1130570.0
032026818,창신역,동묘영업사업소,시민용,창신역,2010-10-31,2010,10,2010-10,정기분,수납 완료,327.0,163.5,481820.0
032026818,창신역,동묘영업사업소,시민용,창신역,2010-12-31,2010,12,2010-12,정기분,수납 완료,332.0,166.0,457140.0
032026818,창신역,동묘영업사업소,시민용,창신역,2011-02-28,2011,2,2011-02,정기분,수납 완료,618.0,309.0,792050.0
032026818,창신역,동묘영업사업소,시민용,창신역,2011-04-30,2011,4,2011-04,정기분,수납 완료,609.0,304.5,736710.0
032026818,창신역,동묘영업사업소,시민용,창신역,2011-06-30,2011,6,2011-06,정기분,수납 완료,665.0,332.5,803850.0
032026818,창신역,동묘영업사업소,시민용,창신역,2011-08-31,2011,8,2011-08,정기분,수납 완료,621.0,310.5,747090.0
032026818,창신역,동묘영업사업소,시민용,창신역,2011-10-31,2011,10,2011-10,정기분,수납 완료,698.0,349.0,846420.0
032026818,창신역,동묘영업사업소,시민용,창신역,2011-12-31,2011,12,2011-12,정기분,수납 완료,629.0,314.5,757410.0
032026818,창신역,동묘영업사업소,시민용,창신역,2012-02-29,2012,2,2012-02,정기분,수납 완료,576.0,288.0,692160.0
032026818,창신역,동묘영업사업소,시민용,창신역,2012-04-30,2012,4,2012-04,정기분,수납 완료,630.0,315.0,940200.0
032026818,창신역,동묘영업사업소,시민용,창신역,2012-06-30,2012,6,2012-06,정기분,수납 완료,652.0,326.0,976280.0
032026818,창신역,동묘영업사업소,시민용,창신역,2012-08-31,2012,8,2012-08,정기분,수납 완료,635.0,317.5,948400.0
032026818,창신역,동묘영업사업소,시민용,창신역,2012-10-31,2012,10,2012-10,정기분,수납 완료,640.0,320.0,956600.0
032026818,창신역,동묘영업사업소,시민용,창신역,2012-12-31,2012,12,2012-12,정기분,수납 완료,675.0,337.5,1014000.0
032026818,창신역,동묘영업사업소,시민용,창신역,2013-02-28,2013,2,2013-02,정기분,수납 완료,577.0,288.5,857420.0
032026818,창신역,동묘영업사업소,시민용,창신역,2013-04-30,2013,4,2013-04,정기분,수납 완료,614.0,307.0,1010760.0
032026818,창신역,동묘영업사업소,시민용,창신역,2013-06-30,2013,6,2013-06,정기분,수납 완료,665.0,332.5,1113390.0
032026818,창신역,동묘영업사업소,시민용,창신역,2013-08-31,2013,8,2013-08,정기분,수납 완료,665.0,332.5,1104600.0
032026818,창신역,동묘영업사업소,시민용,창신역,2013-10-31,2013,10,2013-10,정기분,수납 완료,880.0,440.0,1500200.0
032026818,창신역,동묘영업사업소,시민용,창신역,2013-12-31,2013,12,2013-12,정기분,수납 완료,641.0,320.5,1060440.0
032026818,창신역,동묘영업사업소,시민용,창신역,2014-02-28,2014,2,2014-02,정기분,수납 완료,572.0,286.0,939360.0
032026818,창신역,동묘영업사업소,시민용,창신역,2014-04-30,2014,4,2014-04,정기분,수납 완료,623.0,311.5,1115000.0
032026818,창신역,동묘영업사업소,시민용,창신역,2014-06-30,2014,6,2014-06,정기분,수납 완료,636.0,318.0,1141000.0
032026818,창신역,동묘영업사업소,시민용,창신역,2014-08-31,2014,8,2014-08,정기분,수납 완료,695.0,347.5,1259000.0
032026818,창신역,동묘영업사업소,시민용,창신역,2014-10-31,2014,10,2014-10,정기분,수납 완료,676.0,338.0,1221000.0
032026818,창신역,동묘영업사업소,시민용,창신역,2014-12-31,2014,12,2014-12,정기분,수납 완료,649.0,324.5,1167000.0
032026818,창신역,동묘영업사업소,시민용,창신역,2015-02-28,2015,2,2015-02,정기분,수납 완료,543.0,271.5,967540.0
032026818,창신역,동묘영업사업소,시민용,창신역,2015-04-30,2015,4,2015-04,정기분,수납 완료,499.0,249.5,889220.0
032026818,창신역,동묘영업사업소,시민용,창신역,2015-06-30,2015,6,2015-06,정기분,수납 완료,573.0,286.5,1020940.0
032026818,창신역,동묘영업사업소,시민용,창신역,2015-08-31,2015,8,2015-08,정기분,수납 완료,630.0,315.0,1129000.0
032026818,창신역,동묘영업사업소,시민용,창신역,2015-10-31,2015,10,2015-10,정기분,수납 완료,656.0,328.0,1181000.0
032026818,창신역,동묘영업사업소,시민용,창신역,2015-12-31,2015,12,2015-12,정기분,수납 완료,596.0,298.0,1061880.0
032026818,창신역,동묘영업사업소,시민용,창신역,2016-02-29,2016,2,2016-02,정기분,수납 완료,511.0,255.5,910580.0
032026818,창신역,동묘영업사업소,시민용,창신역,2016-04-30,2016,4,2016-04,정기분,수납 완료,547.0,273.5,974660.0
032026818,창신역,동묘영업사업소,시민용,창신역,2016-06-30,2016,6,2016-06,정기분,수납 완료,661.0,330.5,1191000.0
032026818,창신역,동묘영업사업소,시민용,창신역,2016-08-31,2016,8,2016-08,정기분,수납 완료,719.0,359.5,1307000.0
032026818,창신역,동묘영업사업소,시민용,창신역,2016-10-31,2016,10,2016-10,정기분,수납 완료,1220.0,610.0,2309000.0
032026818,창신역,동묘영업사업소,시민용,창신역,2016-12-31,2016,12,2016-12,정기분,수납 완료,578.0,289.0,1029840.0
032026818,창신역,동묘영업사업소,시민용,창신역,2017-02-28,2017,2,2017-02,정기분,수납 완료,519.0,259.5,949680.0
032026818,창신역,동묘영업사업소,시민용,창신역,2017-04-30,2017,4,2017-04,정기분,수납 완료,408.0,204.0,761160.0
032026818,창신역,동묘영업사업소,시민용,창신역,2017-06-30,2017,6,2017-06,정기분,수납 완료,551.0,275.5,1028370.0
032026818,창신역,동묘영업사업소,시민용,창신역,2017-08-31,2017,8,2017-08,정기분,수납 완료,751.0,375.5,1437100.0
032026818,창신역,동묘영업사업소,시민용,창신역,2017-10-31,2017,10,2017-10,정기분,수납 완료,631.0,315.5,1185100.0
032026818,창신역,동묘영업사업소,시민용,창신역,2017-12-31,2017,12,2017-12,정기분,수납 완료,544.0,272.0,1015280.0
032026818,창신역,동묘영업사업소,시민용,창신역,2018-02-28,2018,2,2018-02,정기분,수납 완료,544.0,272.0,1032650.0
032026818,창신역,동묘영업사업소,시민용,창신역,2018-04-30,2018,4,2018-04,정기분,수납 완료,466.0,233.0,909950.0
032026818,창신역,동묘영업사업소,시민용,창신역,2018-06-30,2018,6,2018-06,정기분,수납 완료,597.0,298.5,1165120.0
032026818,창신역,동묘영업사업소,시민용,창신역,2018-08-31,2018,8,2018-08,정기분,수납 완료,718.0,359.0,1431780.0
032026818,창신역,동묘영업사업소,시민용,창신역,2018-10-31,2018,10,2018-10,정기분,수납 완료,974.0,487.0,1994860.0
032026818,창신역,동묘영업사업소,시민용,창신역,2018-12-31,2018,12,2018-12,정기분,수납 완료,606.0,303.0,1184260.0
032026818,창신역,동묘영업사업소,시민용,창신역,2019-02-28,2019,2,2019-02,정기분,수납 완료,618.0,309.0,1232280.0
032026818,창신역,동묘영업사업소,시민용,창신역,2019-04-30,2019,4,2019-04,정기분,수납 완료,624.0,312.0,1287920.0
032026818,창신역,동묘영업사업소,시민용,창신역,2019-06-30,2019,6,2019-06,정기분,수납 완료,770.0,385.0,1628100.0
032026818,창신역,동묘영업사업소,시민용,창신역,2019-08-31,2019,8,2019-08,정기분,수납 완료,724.0,362.0,1520920.0
032026818,창신역,동묘영업사업소,시민용,창신역,2019-10-31,2019,10,2019-10,정기분,수납 완료,942.0,471.0,2028860.0
032026818,창신역,동묘영업사업소,시민용,창신역,2019-12-31,2019,12,2019-12,정기분,수납 완료,756.0,378.0,1595480.0
032026818,창신역,동묘영업사업소,시민용,창신역,2020-02-29,2020,2,2020-02,정기분,수납 완료,553.0,276.5,1134710.0
032026818,창신역,동묘영업사업소,시민용,창신역,2020-04-30,2020,4,2020-04,정기분,수납 완료,513.0,256.5,1051910.0
032026818,창신역,동묘영업사업소,시민용,창신역,2020-06-30,2020,6,2020-06,정기분,수납 완료,808.0,404.0,1716640.0
032026818,창신역,동묘영업사업소,시민용,창신역,2020-08-31,2020,8,2020-08,정기분,수납 완료,1214.0,607.0,2662620.0
032026818,창신역,동묘영업사업소,시민용,창신역,2020-10-31,2020,10,2020-10,정기분,수납 완료,1287.0,643.5,2832710.0
032026818,창신역,동묘영업사업소,시민용,창신역,2020-12-31,2020,12,2020-12,정기분,수납 완료,589.0,294.5,1209230.0
032026818,창신역,동묘영업사업소,시민용,창신역,2021-02-28,2021,2,2021-02,정기분,수납 완료,489.0,244.5,1002230.0
032026818,창신역,동묘영업사업소,시민용,창신역,2021-04-30,2021,4,2021-04,정기분,수납 완료,489.0,244.5,1002230.0
032026818,창신역,동묘영업사업소,시민용,창신역,2021-06-30,2021,6,2021-06,정기분,수납 완료,563.0,281.5,1155410.0
032026818,창신역,동묘영업사업소,시민용,창신역,2021-08-31,2021,8,2021-08,정기분,수납 완료,848.0,424.0,1877160.0
032026818,창신역,동묘영업사업소,시민용,창신역,2021-10-31,2021,10,2021-10,정기분,수납 완료,1417.0,708.5,3437180.0
032026818,창신역,동묘영업사업소,시민용,창신역,2021-12-31,2021,12,2021-12,정기분,수납 완료,664.0,332.0,1524560.0
032026818,창신역,동묘영업사업소,시민용,창신역,2022-02-28,2022,2,2022-02,정기분,수납 완료,533.0,266.5,1256730.0
032026818,창신역,동묘영업사업소,시민용,창신역,2022-04-30,2022,4,2022-04,정기분,수납 완료,438.0,219.0,1096620.0
032026818,창신역,동묘영업사업소,시민용,창신역,2022-06-30,2022,6,2022-06,정기분,수납 완료,551.0,275.5,1377990.0
032026818,창신역,동묘영업사업소,시민용,창신역,2022-08-31,2022,8,2022-08,정기분,수납 완료,709.0,354.5,1788850.0
032026818,창신역,동묘영업사업소,시민용,창신역,2022-10-31,2022,10,2022-10,정기분,수납 완료,799.0,399.5,2027350.0
032026818,창신역,동묘영업사업소,시민용,창신역,2022-12-31,2022,12,2022-12,정기분,수납 완료,519.0,259.5,1298310.0
032026818,창신역,동묘영업사업소,시민용,창신역,2023-02-28,2023,2,2023-02,정기분,수납 완료,473.0,236.5,1285930.0
032026818,창신역,동묘영업사업소,시민용,창신역,2023-04-30,2023,4,2023-04,정기분,수납 완료,443.0,221.5,1358480.0
032026818,창신역,동묘영업사업소,시민용,창신역,2023-06-30,2023,6,2023-06,정기분,수납 완료,272.0,136.0,795440.0
032026818,창신역,동묘영업사업소,시민용,창신역,2023-08-31,2023,8,2023-08,정기분,수납 완료,396.0,198.0,1200920.0
032026818,창신역,동묘영업사업소,시민용,창신역,2023-10-31,2023,10,2023-10,정기분,수납 완료,790.0,395.0,2524040.0
032026818,창신역,동묘영업사업소,시민용,창신역,2023-12-31,2023,12,2023-12,정기분,수납 완료,432.0,216.0,1321520.0
032026818,창신역,동묘영업사업소,시민용,창신역,2024-02-29,2024,2,2024-02,정기분,수납 완료,401.0,200.5,1217360.0
032026818,창신역,동묘영업사업소,시민용,창신역,2024-04-30,2024,4,2024-04,정기분,수납 완료,407.0,203.5,1237520.0
032026818,창신역,동묘영업사업소,시민용,창신역,2024-06-30,2024,6,2024-06,정기분,수납 완료,510.0,255.0,1583600.0
032026818,창신역,동묘영업사업소,시민용,창신역,2024-08-31,2024,8,2024-08,정기분,수납 완료,958.0,479.0,3088880.0
032026818,창신역,동묘영업사업소,시민용,창신역,2024-10-31,2024,10,2024-10,정기분,수납 완료,1769.0,884.5,5813840.0
032026818,창신역,동묘영업사업소,시민용,창신역,2024-12-31,2024,12,2024-12,정기분,수납 완료,556.0,278.0,1738160.0
032026818,창신역,동묘영업사업소,시민용,창신역,2025-02-28,2025,2,2025-02,정기분,수납 완료,427.0,213.5,1304720.0
032026818,창신역,동묘영업사업소,시민용,창신역,2025-04-30,2025,4,2025-04,정기분,수납 완료,421.0,210.5,1284560.0
032026818,창신역,동묘영업사업소,시민용,창신역,2025-06-30,2025,6,2025-06,정기분,수납 완료,525.0,262.5,1634000.0
032026818,창신역,동묘영업사업소,시민용,창신역,2025-08-31,2025,8,2025-08,정기분,수납 완료,776.0,388.0,2476360.0
032026818,창신역,동묘영업사업소,시민용,창신역,2025-10-31,2025,10,2025-10,정기분,수납 완료,1315.0,657.5,4287400.0
032026818,창신역,동묘영업사업소,시민용,창신역,2025-12-31,2025,12,2025-12,정기분,수납 완료,598.0,299.0,1878280.0
032026818,창신역,동묘영업사업소,시민용,창신역,2026-02-28,2026,2,2026-02,정기분,수납 완료,475.0,237.5,1484530.0
032026818,창신역,동묘영업사업소,시민용,창신역,2026-04-30,2026,4,2026-04,정기분,수납 완료,404.0,202.0,1310960.0
031842931,천왕역,보라매영업사업소,시민용,천왕역,2010-03-31,2010,3,2010-03,정기분,수납 완료,0.0,0.0,18800.0
031842931,천왕역,보라매영업사업소,시민용,천왕역,2012-05-31,2012,5,2012-05,정기분,수납 완료,337.0,168.5,475820.0
031842931,천왕역,보라매영업사업소,시민용,천왕역,2012-07-31,2012,7,2012-07,정기분,수납 완료,649.0,324.5,940160.0
031842931,천왕역,보라매영업사업소,시민용,천왕역,2012-09-30,2012,9,2012-09,정기분,수납 완료,664.0,332.0,964760.0
031842931,천왕역,보라매영업사업소,시민용,천왕역,2012-11-30,2012,11,2012-11,정기분,수납 완료,683.0,341.5,995920.0
031842931,천왕역,보라매영업사업소,시민용,천왕역,2013-01-31,2013,1,2013-01,정기분,수납 완료,717.0,358.5,1051680.0
031842931,천왕역,보라매영업사업소,시민용,천왕역,2013-03-31,2013,3,2013-03,정기분,수납 완료,618.0,309.0,986920.0
031842931,천왕역,보라매영업사업소,시민용,천왕역,2013-05-31,2013,5,2013-05,정기분,수납 완료,678.0,339.0,1097320.0
031842931,천왕역,보라매영업사업소,시민용,천왕역,2013-07-31,2013,7,2013-07,정기분,수납 완료,604.0,302.0,961160.0
031842931,천왕역,보라매영업사업소,시민용,천왕역,2013-09-30,2013,9,2013-09,정기분,수납 완료,552.0,276.0,875560.0
031842931,천왕역,보라매영업사업소,시민용,천왕역,2013-11-30,2013,11,2013-11,정기분,수납 완료,147.0,73.5,215410.0
031842931,천왕역,보라매영업사업소,시민용,천왕역,2014-01-31,2014,1,2014-01,정기분,수납 완료,143.0,71.5,208890.0
031842931,천왕역,보라매영업사업소,시민용,천왕역,2014-03-31,2014,3,2014-03,정기분,수납 완료,138.0,69.0,218230.0
031842931,천왕역,보라매영업사업소,시민용,천왕역,2014-05-31,2014,5,2014-05,정기분,수납 완료,178.0,89.0,286640.0
031842931,천왕역,보라매영업사업소,시민용,천왕역,2014-07-31,2014,7,2014-07,정기분,수납 완료,241.0,120.5,398780.0
031842931,천왕역,보라매영업사업소,시민용,천왕역,2014-09-30,2014,9,2014-09,정기분,수납 완료,243.0,121.5,402340.0
031842931,천왕역,보라매영업사업소,시민용,천왕역,2014-11-30,2014,11,2014-11,정기분,수납 완료,281.0,140.5,469980.0
031842931,천왕역,보라매영업사업소,시민용,천왕역,2015-01-31,2015,1,2015-01,정기분,수납 완료,242.0,121.0,400560.0
031842931,천왕역,보라매영업사업소,시민용,천왕역,2015-03-31,2015,3,2015-03,정기분,수납 완료,304.0,152.0,510920.0
031842931,천왕역,보라매영업사업소,시민용,천왕역,2015-05-31,2015,5,2015-05,정기분,수납 완료,347.0,173.5,587460.0
031842931,천왕역,보라매영업사업소,시민용,천왕역,2015-07-31,2015,7,2015-07,정기분,수납 완료,413.0,206.5,704940.0
031842931,천왕역,보라매영업사업소,시민용,천왕역,2015-09-30,2015,9,2015-09,정기분,수납 완료,462.0,231.0,792160.0
031842931,천왕역,보라매영업사업소,시민용,천왕역,2015-11-30,2015,11,2015-11,정기분,수납 완료,508.0,254.0,874040.0
031842931,천왕역,보라매영업사업소,시민용,천왕역,2016-01-31,2016,1,2016-01,정기분,수납 완료,500.0,250.0,859800.0
031842931,천왕역,보라매영업사업소,시민용,천왕역,2016-03-31,2016,3,2016-03,정기분,수납 완료,450.0,225.0,770800.0
031842931,천왕역,보라매영업사업소,시민용,천왕역,2016-05-31,2016,5,2016-05,정기분,수납 완료,543.0,271.5,936340.0
031842931,천왕역,보라매영업사업소,시민용,천왕역,2016-07-31,2016,7,2016-07,정기분,수납 완료,312.0,156.0,525160.0
031842931,천왕역,보라매영업사업소,시민용,천왕역,2016-09-30,2016,9,2016-09,정기분,수납 완료,462.0,231.0,792160.0
031842931,천왕역,보라매영업사업소,시민용,천왕역,2016-11-30,2016,11,2016-11,정기분,수납 완료,462.0,231.0,792160.0
031842931,천왕역,보라매영업사업소,시민용,천왕역,2017-01-31,2017,1,2017-01,정기분,수납 완료,462.0,231.0,792160.0
031842931,천왕역,보라매영업사업소,시민용,천왕역,2017-03-31,2017,3,2017-03,정기분,수납 완료,0.0,0.0,18800.0
031842931,천왕역,보라매영업사업소,시민용,천왕역,2017-05-31,2017,5,2017-05,정기분,수납 완료,0.0,0.0,18170.0
031842931,천왕역,보라매영업사업소,시민용,천왕역,2017-07-31,2017,7,2017-07,정기분,수납 완료,0.0,0.0,18800.0
031842931,천왕역,보라매영업사업소,시민용,천왕역,2017-09-30,2017,9,2017-09,정기분,수납 완료,0.0,0.0,18800.0
031842931,천왕역,보라매영업사업소,시민용,천왕역,2017-11-30,2017,11,2017-11,정기분,수납 완료,0.0,0.0,18800.0
031842931,천왕역,보라매영업사업소,시민용,천왕역,2018-01-31,2018,1,2018-01,정기분,수납 완료,0.0,0.0,18800.0
031842931,천왕역,보라매영업사업소,시민용,천왕역,2018-03-31,2018,3,2018-03,정기분,수납 완료,0.0,0.0,18800.0
031842931,천왕역,보라매영업사업소,시민용,천왕역,2018-05-31,2018,5,2018-05,정기분,수납 완료,1.0,0.5,20210.0
031842931,천왕역,보라매영업사업소,시민용,천왕역,2018-07-31,2018,7,2018-07,정기분,수납 완료,0.0,0.0,18800.0
031842931,천왕역,보라매영업사업소,시민용,천왕역,2018-09-30,2018,9,2018-09,정기분,수납 완료,0.0,0.0,18800.0
031842931,천왕역,보라매영업사업소,시민용,천왕역,2018-11-30,2018,11,2018-11,정기분,수납 완료,0.0,0.0,18800.0
031842931,천왕역,보라매영업사업소,시민용,천왕역,2019-01-31,2019,1,2019-01,정기분,수납 완료,0.0,0.0,18800.0
031842931,천왕역,보라매영업사업소,시민용,천왕역,2019-03-31,2019,3,2019-03,정기분,수납 완료,0.0,0.0,18800.0
031842931,천왕역,보라매영업사업소,시민용,천왕역,2019-05-31,2019,5,2019-05,정기분,수납 완료,0.0,0.0,18800.0
031842931,천왕역,보라매영업사업소,시민용,천왕역,2019-07-31,2019,7,2019-07,정기분,수납 완료,0.0,0.0,18800.0
031842931,천왕역,보라매영업사업소,시민용,천왕역,2019-09-30,2019,9,2019-09,정기분,수납 완료,0.0,0.0,18800.0
031842931,천왕역,보라매영업사업소,시민용,천왕역,2019-11-30,2019,11,2019-11,정기분,수납 완료,0.0,0.0,18800.0
031842931,천왕역,보라매영업사업소,시민용,천왕역,2020-01-31,2020,1,2020-01,정기분,수납 완료,0.0,0.0,18800.0
031842931,천왕역,보라매영업사업소,시민용,천왕역,2020-03-31,2020,3,2020-03,정기분,수납 완료,0.0,0.0,18800.0
031842931,천왕역,보라매영업사업소,시민용,천왕역,2020-05-31,2020,5,2020-05,정기분,수납 완료,0.0,0.0,18800.0
031842931,천왕역,보라매영업사업소,시민용,천왕역,2020-07-31,2020,7,2020-07,정기분,수납 완료,0.0,0.0,18800.0
031842931,천왕역,보라매영업사업소,시민용,천왕역,2020-09-30,2020,9,2020-09,정기분,수납 완료,0.0,0.0,18800.0
031842931,천왕역,보라매영업사업소,시민용,천왕역,2020-11-30,2020,11,2020-11,정기분,수납 완료,0.0,0.0,18800.0
031842931,천왕역,보라매영업사업소,시민용,천왕역,2021-01-31,2021,1,2021-01,정기분,수납 완료,0.0,0.0,18800.0
031842931,천왕역,보라매영업사업소,시민용,천왕역,2021-03-31,2021,3,2021-03,정기분,수납 완료,0.0,0.0,18800.0
031842931,천왕역,보라매영업사업소,시민용,천왕역,2021-05-31,2021,5,2021-05,정기분,수납 완료,0.0,0.0,18800.0
031842931,천왕역,보라매영업사업소,시민용,천왕역,2021-07-31,2021,7,2021-07,정기분,수납 완료,0.0,0.0,18800.0
031842931,천왕역,보라매영업사업소,시민용,천왕역,2021-09-30,2021,9,2021-09,정기분,수납 완료,0.0,0.0,18800.0
031842931,천왕역,보라매영업사업소,시민용,천왕역,2021-11-30,2021,11,2021-11,정기분,수납 완료,0.0,0.0,18800.0
031842931,천왕역,보라매영업사업소,시민용,천왕역,2022-01-31,2022,1,2022-01,정기분,수납 완료,0.0,0.0,18800.0
031842931,천왕역,보라매영업사업소,시민용,천왕역,2022-03-31,2022,3,2022-03,정기분,수납 완료,0.0,0.0,18800.0
031842931,천왕역,보라매영업사업소,시민용,천왕역,2022-05-31,2022,5,2022-05,정기분,수납 완료,0.0,0.0,18800.0
031842931,천왕역,보라매영업사업소,시민용,천왕역,2022-07-31,2022,7,2022-07,정기분,수납 완료,0.0,0.0,18800.0
031842931,천왕역,보라매영업사업소,시민용,천왕역,2022-09-30,2022,9,2022-09,정기분,수납 완료,0.0,0.0,18800.0
031842931,천왕역,보라매영업사업소,시민용,천왕역,2022-11-30,2022,11,2022-11,정기분,수납 완료,0.0,0.0,18800.0
031842931,천왕역,보라매영업사업소,시민용,천왕역,2023-01-31,2023,1,2023-01,정기분,수납 완료,0.0,0.0,18800.0
031842931,천왕역,보라매영업사업소,시민용,천왕역,2023-03-31,2023,3,2023-03,정기분,수납 완료,0.0,0.0,18800.0
031842931,천왕역,보라매영업사업소,시민용,천왕역,2023-05-31,2023,5,2023-05,정기분,수납 완료,0.0,0.0,18800.0
031842931,천왕역,보라매영업사업소,시민용,천왕역,2023-07-31,2023,7,2023-07,정기분,수납 완료,0.0,0.0,18800.0
031842931,천왕역,보라매영업사업소,시민용,천왕역,2023-09-30,2023,9,2023-09,정기분,수납 완료,0.0,0.0,18800.0
031842931,천왕역,보라매영업사업소,시민용,천왕역,2023-11-30,2023,11,2023-11,정기분,수납 완료,0.0,0.0,18800.0
031842931,천왕역,보라매영업사업소,시민용,천왕역,2024-01-31,2024,1,2024-01,정기분,수납 완료,0.0,0.0,18800.0
031842931,천왕역,보라매영업사업소,시민용,천왕역,2024-03-31,2024,3,2024-03,정기분,수납 완료,0.0,0.0,18800.0
031842931,천왕역,보라매영업사업소,시민용,천왕역,2024-05-31,2024,5,2024-05,정기분,수납 완료,0.0,0.0,18800.0
031842931,천왕역,보라매영업사업소,시민용,천왕역,2024-07-31,2024,7,2024-07,정기분,수납 완료,0.0,0.0,18800.0
031842931,천왕역,보라매영업사업소,시민용,천왕역,2024-09-30,2024,9,2024-09,정기분,수납 완료,0.0,0.0,18800.0
031842931,천왕역,보라매영업사업소,시민용,천왕역,2024-11-30,2024,11,2024-11,정기분,수납 완료,0.0,0.0,18800.0
031842931,천왕역,보라매영업사업소,시민용,천왕역,2025-01-31,2025,1,2025-01,정기분,수납 완료,0.0,0.0,18800.0
031842931,천왕역,보라매영업사업소,시민용,천왕역,2025-03-31,2025,3,2025-03,정기분,수납 완료,0.0,0.0,18800.0
031842931,천왕역,보라매영업사업소,시민용,천왕역,2025-05-31,2025,5,2025-05,정기분,수납 완료,0.0,0.0,18800.0
031842931,천왕역,보라매영업사업소,시민용,천왕역,2025-07-31,2025,7,2025-07,정기분,수납 완료,0.0,0.0,18600.0
031842931,천왕역,보라매영업사업소,시민용,천왕역,2025-09-30,2025,9,2025-09,정기분,수납 완료,0.0,0.0,18600.0
031842931,천왕역,보라매영업사업소,시민용,천왕역,2025-11-30,2025,11,2025-11,정기분,수납 완료,0.0,0.0,18600.0
031842931,천왕역,보라매영업사업소,시민용,천왕역,2026-01-31,2026,1,2026-01,정기분,수납 완료,0.0,0.0,18600.0
031842931,천왕역,보라매영업사업소,시민용,천왕역,2026-03-31,2026,3,2026-03,정기분,수납 완료,0.0,0.0,18600.0
031842931,천왕역,보라매영업사업소,시민용,천왕역,2026-05-31,2026,5,2026-05,정기분,미납,0.0,0.0,18600.0
022357530,학여울역,도곡영업사업소,시민용,학여울역,2008-06-30,2008,6,2008-06,정기분,수납 완료,728.0,364.0,932440.0
022357530,학여울역,도곡영업사업소,시민용,학여울역,2008-08-31,2008,8,2008-08,정기분,수납 완료,1417.0,708.5,1814360.0
022357530,학여울역,도곡영업사업소,시민용,학여울역,2008-10-31,2008,10,2008-10,정기분,수납 완료,1633.0,816.5,2090840.0
022357530,학여울역,도곡영업사업소,시민용,학여울역,2008-12-31,2008,12,2008-12,정기분,수납 완료,900.0,450.0,1152600.0
022357530,학여울역,도곡영업사업소,시민용,학여울역,2009-02-28,2009,2,2009-02,정기분,수납 완료,518.0,259.0,674300.0
022357530,학여울역,도곡영업사업소,시민용,학여울역,2009-04-30,2009,4,2009-04,정기분,수납 완료,671.0,335.5,859480.0
022357530,학여울역,도곡영업사업소,시민용,학여울역,2009-06-30,2009,6,2009-06,정기분,수납 완료,764.0,382.0,978520.0
022357530,학여울역,도곡영업사업소,시민용,학여울역,2009-08-31,2009,8,2009-08,정기분,수납 완료,1773.0,886.5,2270040.0
022357530,학여울역,도곡영업사업소,시민용,학여울역,2009-10-31,2009,10,2009-10,정기분,수납 완료,1639.0,819.5,2098520.0
022357530,학여울역,도곡영업사업소,시민용,학여울역,2009-12-31,2009,12,2009-12,정기분,수납 완료,927.0,463.5,1187100.0
022357530,학여울역,도곡영업사업소,시민용,학여울역,2010-02-28,2010,2,2010-02,정기분,수납 완료,927.0,463.5,1187160.0
022357530,학여울역,도곡영업사업소,시민용,학여울역,2010-04-30,2010,4,2010-04,정기분,수납 완료,671.0,335.5,859480.0
022357530,학여울역,도곡영업사업소,시민용,학여울역,2010-06-30,2010,6,2010-06,정기분,수납 완료,715.0,357.5,915800.0
022357530,학여울역,도곡영업사업소,시민용,학여울역,2010-08-31,2010,8,2010-08,정기분,수납 완료,1632.0,816.0,2089560.0
022357530,학여울역,도곡영업사업소,시민용,학여울역,2010-10-31,2010,10,2010-10,정기분,수납 완료,1694.0,847.0,2168920.0
022357530,학여울역,도곡영업사업소,시민용,학여울역,2010-12-31,2010,12,2010-12,정기분,수납 완료,941.0,470.5,1205080.0
022357530,학여울역,도곡영업사업소,시민용,학여울역,2011-02-28,2011,2,2011-02,정기분,수납 완료,941.0,470.5,1210230.0
022357530,학여울역,도곡영업사업소,시민용,학여울역,2011-04-30,2011,4,2011-04,정기분,수납 완료,524.0,262.0,677430.0
022357530,학여울역,도곡영업사업소,시민용,학여울역,2011-06-30,2011,6,2011-06,정기분,수납 완료,818.0,409.0,1055820.0
022357530,학여울역,도곡영업사업소,시민용,학여울역,2011-08-31,2011,8,2011-08,정기분,수납 완료,1396.0,698.0,1801440.0
022357530,학여울역,도곡영업사업소,시민용,학여울역,2011-10-31,2011,10,2011-10,정기분,수납 완료,1997.0,998.5,2576730.0
022357530,학여울역,도곡영업사업소,시민용,학여울역,2011-12-31,2011,12,2011-12,정기분,수납 완료,1140.0,570.0,1471200.0
022357530,학여울역,도곡영업사업소,시민용,학여울역,2012-02-29,2012,2,2012-02,정기분,수납 완료,619.0,309.5,799110.0
022357530,학여울역,도곡영업사업소,시민용,학여울역,2012-04-30,2012,4,2012-04,정기분,수납 완료,574.0,287.0,907640.0
022357530,학여울역,도곡영업사업소,시민용,학여울역,2012-06-30,2012,6,2012-06,정기분,수납 완료,1035.0,517.5,1659000.0
022357530,학여울역,도곡영업사업소,시민용,학여울역,2012-08-31,2012,8,2012-08,정기분,수납 완료,1580.0,790.0,2552800.0
022357530,학여울역,도곡영업사업소,시민용,학여울역,2012-10-31,2012,10,2012-10,정기분,수납 완료,1768.0,884.0,2950440.0
022357530,학여울역,도곡영업사업소,시민용,학여울역,2012-12-31,2012,12,2012-12,정기분,수납 완료,1063.0,531.5,1793360.0
022357530,학여울역,도곡영업사업소,시민용,학여울역,2013-02-28,2013,2,2013-02,정기분,수납 완료,982.0,491.0,1660520.0
022357530,학여울역,도곡영업사업소,시민용,학여울역,2013-04-30,2013,4,2013-04,정기분,수납 완료,568.0,284.0,987440.0
022357530,학여울역,도곡영업사업소,시민용,학여울역,2013-06-30,2013,6,2013-06,정기분,수납 완료,682.0,341.0,1190480.0
022357530,학여울역,도곡영업사업소,시민용,학여울역,2013-08-31,2013,8,2013-08,정기분,수납 완료,1306.0,653.0,2384400.0
022357530,학여울역,도곡영업사업소,시민용,학여울역,2013-10-31,2013,10,2013-10,정기분,수납 완료,2180.0,1090.0,4240600.0
022357530,학여울역,도곡영업사업소,시민용,학여울역,2013-12-31,2013,12,2013-12,정기분,수납 완료,913.0,456.5,1690400.0
022357530,학여울역,도곡영업사업소,시민용,학여울역,2014-02-28,2014,2,2014-02,정기분,수납 완료,795.0,397.5,1398400.0
022357530,학여울역,도곡영업사업소,시민용,학여울역,2014-04-30,2014,4,2014-04,정기분,수납 완료,835.0,417.5,1593600.0
022357530,학여울역,도곡영업사업소,시민용,학여울역,2014-06-30,2014,6,2014-06,정기분,수납 완료,1082.0,541.0,2087600.0
022357530,학여울역,도곡영업사업소,시민용,학여울역,2014-08-31,2014,8,2014-08,정기분,수납 완료,2199.0,1099.5,4321600.0
022357530,학여울역,도곡영업사업소,시민용,학여울역,2014-10-31,2014,10,2014-10,정기분,수납 완료,4306.0,2153.0,8535600.0
022357530,학여울역,도곡영업사업소,시민용,학여울역,2014-12-31,2014,12,2014-12,정기분,수납 완료,6645.0,3322.5,19211150.0
022357530,학여울역,도곡영업사업소,시민용,학여울역,2015-02-28,2015,2,2015-02,정기분,수납 완료,7220.0,3610.0,24720700.0
022357530,학여울역,도곡영업사업소,시민용,학여울역,2015-04-30,2015,4,2015-04,정기분,수납 완료,5423.0,2711.5,15643450.0
022357530,학여울역,도곡영업사업소,시민용,학여울역,2015-06-30,2015,6,2015-06,정기분,수납 완료,6586.0,3293.0,19037100.0
022357530,학여울역,도곡영업사업소,시민용,학여울역,2015-08-31,2015,8,2015-08,정기분,수납 완료,8546.0,4273.0,24856300.0
022357530,학여울역,도곡영업사업소,시민용,학여울역,2015-10-31,2015,10,2015-10,정기분,수납 완료,8290.0,4145.0,24063900.0
022357530,학여울역,도곡영업사업소,시민용,학여울역,2015-12-31,2015,12,2015-12,정기분,수납 완료,6200.0,3100.0,17898400.0
022357530,학여울역,도곡영업사업소,시민용,학여울역,2016-02-29,2016,2,2016-02,정기분,수납 완료,6754.0,3377.0,19532700.0
022357530,학여울역,도곡영업사업소,시민용,학여울역,2016-04-30,2016,4,2016-04,정기분,수납 완료,5795.0,2897.5,16703650.0
022357530,학여울역,도곡영업사업소,시민용,학여울역,2016-06-30,2016,6,2016-06,정기분,수납 완료,5581.0,2790.5,16113150.0
022357530,학여울역,도곡영업사업소,시민용,학여울역,2016-08-31,2016,8,2016-08,정기분,수납 완료,6729.0,3364.5,19542350.0
022357530,학여울역,도곡영업사업소,시민용,학여울역,2016-10-31,2016,10,2016-10,정기분,수납 완료,7070.0,3535.0,20464900.0
022357530,학여울역,도곡영업사업소,시민용,학여울역,2016-12-31,2016,12,2016-12,정기분,수납 완료,5567.0,2783.5,16031050.0
022357530,학여울역,도곡영업사업소,시민용,학여울역,2017-02-28,2017,2,2017-02,정기분,수납 완료,6440.0,3220.0,19108410.0
022357530,학여울역,도곡영업사업소,시민용,학여울역,2017-04-30,2017,4,2017-04,정기분,수납 완료,5371.0,2685.5,16219560.0
022357530,학여울역,도곡영업사업소,시민용,학여울역,2017-06-30,2017,6,2017-06,정기분,수납 완료,5913.0,2956.5,17907300.0
022357530,학여울역,도곡영업사업소,시민용,학여울역,2017-08-31,2017,8,2017-08,정기분,수납 완료,6133.0,3066.5,18653650.0
022357530,학여울역,도곡영업사업소,시민용,학여울역,2017-10-31,2017,10,2017-10,정기분,수납 완료,5568.0,2784.0,16891920.0
022357530,학여울역,도곡영업사업소,시민용,학여울역,2017-12-31,2017,12,2017-12,정기분,수납 완료,625.0,312.5,1638250.0
022357530,학여울역,도곡영업사업소,시민용,학여울역,2018-02-28,2018,2,2018-02,정기분,수납 완료,554.0,277.0,1475910.0
022357530,학여울역,도곡영업사업소,시민용,학여울역,2018-04-30,2018,4,2018-04,정기분,수납 완료,466.0,233.0,1309680.0
022357530,학여울역,도곡영업사업소,시민용,학여울역,2018-06-30,2018,6,2018-06,정기분,수납 완료,657.0,328.5,1904210.0
022357530,학여울역,도곡영업사업소,시민용,학여울역,2018-08-31,2018,8,2018-08,정기분,수납 완료,1031.0,515.5,2178110.0
022357530,학여울역,도곡영업사업소,시민용,학여울역,2018-10-31,2018,10,2018-10,정기분,수납 완료,689.0,344.5,1471250.0
022357530,학여울역,도곡영업사업소,시민용,학여울역,2018-12-31,2018,12,2018-12,정기분,수납 완료,455.0,227.5,941400.0
022357530,학여울역,도곡영업사업소,시민용,학여울역,2019-02-28,2019,2,2019-02,정기분,수납 완료,410.0,205.0,874880.0
022357530,학여울역,도곡영업사업소,시민용,학여울역,2019-04-30,2019,4,2019-04,정기분,수납 완료,393.0,196.5,858110.0
022357530,학여울역,도곡영업사업소,시민용,학여울역,2019-06-30,2019,6,2019-06,정기분,수납 완료,782.0,391.0,1710660.0
022357530,학여울역,도곡영업사업소,시민용,학여울역,2019-08-31,2019,8,2019-08,정기분,수납 완료,827.0,413.5,1815510.0
022357530,학여울역,도곡영업사업소,시민용,학여울역,2019-10-31,2019,10,2019-10,정기분,수납 완료,789.0,394.5,1854970.0
022357530,학여울역,도곡영업사업소,시민용,학여울역,2019-12-31,2019,12,2019-12,정기분,수납 완료,644.0,322.0,1389120.0
022357530,학여울역,도곡영업사업소,시민용,학여울역,2020-02-29,2020,2,2020-02,정기분,수납 완료,418.0,209.0,909860.0
022357530,학여울역,도곡영업사업소,시민용,학여울역,2020-04-30,2020,4,2020-04,정기분,수납 완료,339.0,169.5,746330.0
022357530,학여울역,도곡영업사업소,시민용,학여울역,2020-06-30,2020,6,2020-06,정기분,수납 완료,505.0,252.5,1089950.0
022357530,학여울역,도곡영업사업소,시민용,학여울역,2020-08-31,2020,8,2020-08,정기분,수납 완료,801.0,400.5,1815730.0
022357530,학여울역,도곡영업사업소,시민용,학여울역,2020-10-31,2020,10,2020-10,정기분,수납 완료,858.0,429.0,2209740.0
022357530,학여울역,도곡영업사업소,시민용,학여울역,2020-12-31,2020,12,2020-12,정기분,수납 완료,525.0,262.5,1131350.0
022357530,학여울역,도곡영업사업소,시민용,학여울역,2021-02-28,2021,2,2021-02,정기분,수납 완료,300.0,150.0,665600.0
022357530,학여울역,도곡영업사업소,시민용,학여울역,2021-04-30,2021,4,2021-04,정기분,수납 완료,503.0,251.5,1085810.0
022357530,학여울역,도곡영업사업소,시민용,학여울역,2021-06-30,2021,6,2021-06,정기분,수납 완료,684.0,342.0,1482320.0
022357530,학여울역,도곡영업사업소,시민용,학여울역,2021-08-31,2021,8,2021-08,정기분,수납 완료,859.0,429.5,1997540.0
022357530,학여울역,도곡영업사업소,시민용,학여울역,2021-10-31,2021,10,2021-10,정기분,수납 완료,1144.0,572.0,2798360.0
022357530,학여울역,도곡영업사업소,시민용,학여울역,2021-12-31,2021,12,2021-12,정기분,수납 완료,627.0,313.5,1485180.0
022357530,학여울역,도곡영업사업소,시민용,학여울역,2022-02-28,2022,2,2022-02,정기분,수납 완료,405.0,202.5,1029830.0
022357530,학여울역,도곡영업사업소,시민용,학여울역,2022-04-30,2022,4,2022-04,정기분,수납 완료,372.0,186.0,986880.0
022357530,학여울역,도곡영업사업소,시민용,학여울역,2022-06-30,2022,6,2022-06,정기분,수납 완료,715.0,357.5,1859350.0
022357530,학여울역,도곡영업사업소,시민용,학여울역,2022-08-31,2022,8,2022-08,정기분,수납 완료,1058.0,529.0,2951500.0
022357530,학여울역,도곡영업사업소,시민용,학여울역,2022-10-31,2022,10,2022-10,정기분,수납 완료,1112.0,556.0,3319400.0
022357530,학여울역,도곡영업사업소,시민용,학여울역,2022-12-31,2022,12,2022-12,정기분,수납 완료,1203.0,601.5,3222950.0
022357530,학여울역,도곡영업사업소,시민용,학여울역,2023-02-28,2023,2,2023-02,정기분,수납 완료,744.0,372.0,2284650.0
022357530,학여울역,도곡영업사업소,시민용,학여울역,2023-04-30,2023,4,2023-04,정기분,수납 완료,500.0,250.0,1675000.0
022357530,학여울역,도곡영업사업소,시민용,학여울역,2023-06-30,2023,6,2023-06,정기분,수납 완료,609.0,304.5,2041240.0
022357530,학여울역,도곡영업사업소,시민용,학여울역,2023-08-31,2023,8,2023-08,정기분,수납 완료,1058.0,529.0,3712280.0
022357530,학여울역,도곡영업사업소,시민용,학여울역,2023-10-31,2023,10,2023-10,정기분,수납 완료,839.0,419.5,2976440.0
022357530,학여울역,도곡영업사업소,시민용,학여울역,2023-12-31,2023,12,2023-12,정기분,수납 완료,558.0,279.0,2166680.0
022357530,학여울역,도곡영업사업소,시민용,학여울역,2024-02-29,2024,2,2024-02,정기분,수납 완료,408.0,204.0,1487080.0
022357530,학여울역,도곡영업사업소,시민용,학여울역,2024-04-30,2024,4,2024-04,정기분,수납 완료,395.0,197.5,3088250.0
022357530,학여울역,도곡영업사업소,시민용,학여울역,2024-06-30,2024,6,2024-06,정기분,수납 완료,662.0,331.0,4637320.0
022357530,학여울역,도곡영업사업소,시민용,학여울역,2024-08-31,2024,8,2024-08,정기분,수납 완료,1098.0,549.0,6970280.0
022357530,학여울역,도곡영업사업소,시민용,학여울역,2024-10-31,2024,10,2024-10,정기분,수납 완료,951.0,475.5,8704760.0
022357530,학여울역,도곡영업사업소,시민용,학여울역,2024-12-31,2024,12,2024-12,정기분,수납 완료,517.0,258.5,1749320.0
022357530,학여울역,도곡영업사업소,시민용,학여울역,2025-02-28,2025,2,2025-02,정기분,수납 완료,359.0,179.5,1222130.0
022357530,학여울역,도곡영업사업소,시민용,학여울역,2025-04-30,2025,4,2025-04,정기분,수납 완료,384.0,192.0,1216280.0
022357530,학여울역,도곡영업사업소,시민용,학여울역,2025-06-30,2025,6,2025-06,정기분,수납 완료,549.0,274.5,1769240.0
022357530,학여울역,도곡영업사업소,시민용,학여울역,2025-08-31,2025,8,2025-08,정기분,수납 완료,1078.0,539.0,3546680.0
022357530,학여울역,도곡영업사업소,시민용,학여울역,2025-10-31,2025,10,2025-10,정기분,수납 완료,999.0,499.5,3614040.0
022357530,학여울역,도곡영업사업소,시민용,학여울역,2025-12-31,2025,12,2025-12,정기분,수납 완료,520.0,260.0,6600600.0
022357530,학여울역,도곡영업사업소,시민용,학여울역,2026-02-28,2026,2,2026-02,정기분,수납 완료,398.0,199.0,6053210.0
022357530,학여울역,도곡영업사업소,시민용,학여울역,2026-04-30,2026,4,2026-04,정기분,수납 완료,476.0,238.0,5636120.0
006390427,행당역,광화문영업사업소,시민용,행당역,2010-02-28,2010,2,2010-02,정기분,수납 완료,608.0,304.0,778840.0
006390427,행당역,광화문영업사업소,시민용,행당역,2010-04-30,2010,4,2010-04,정기분,수납 완료,618.0,309.0,791640.0
006390427,행당역,광화문영업사업소,시민용,행당역,2010-06-30,2010,6,2010-06,정기분,수납 완료,711.0,355.5,910680.0
006390427,행당역,광화문영업사업소,시민용,행당역,2010-08-31,2010,8,2010-08,정기분,수납 완료,816.0,408.0,1045080.0
006390427,행당역,광화문영업사업소,시민용,행당역,2010-10-31,2010,10,2010-10,정기분,수납 완료,3309.0,1654.5,2046800.0
006390427,행당역,광화문영업사업소,시민용,행당역,2010-12-31,2010,12,2010-12,정기분,수납 완료,2021.0,1010.5,1505840.0
006390427,행당역,광화문영업사업소,시민용,행당역,2011-02-28,2011,2,2011-02,정기분,수납 완료,708.0,354.0,910050.0
006390427,행당역,광화문영업사업소,시민용,행당역,2011-04-30,2011,4,2011-04,정기분,수납 완료,656.0,328.0,846840.0
006390427,행당역,광화문영업사업소,시민용,행당역,2011-06-30,2011,6,2011-06,정기분,수납 완료,702.0,351.0,906180.0
006390427,행당역,광화문영업사업소,시민용,행당역,2011-08-31,2011,8,2011-08,정기분,수납 완료,716.0,358.0,924240.0
006390427,행당역,광화문영업사업소,시민용,행당역,2011-10-31,2011,10,2011-10,정기분,수납 완료,727.0,363.5,938430.0
006390427,행당역,광화문영업사업소,시민용,행당역,2011-12-31,2011,12,2011-12,정기분,수납 완료,756.0,378.0,975840.0
006390427,행당역,광화문영업사업소,시민용,행당역,2012-02-29,2012,2,2012-02,정기분,수납 완료,622.0,311.0,802980.0
006390427,행당역,광화문영업사업소,시민용,행당역,2012-04-30,2012,4,2012-04,정기분,수납 완료,654.0,327.0,1034160.0
006390427,행당역,광화문영업사업소,시민용,행당역,2012-06-30,2012,6,2012-06,정기분,수납 완료,713.0,356.5,1130920.0
006390427,행당역,광화문영업사업소,시민용,행당역,2012-08-31,2012,8,2012-08,정기분,수납 완료,698.0,349.0,1106320.0
006390427,행당역,광화문영업사업소,시민용,행당역,2012-10-31,2012,10,2012-10,정기분,수납 완료,683.0,341.5,1081720.0
006390427,행당역,광화문영업사업소,시민용,행당역,2012-12-31,2012,12,2012-12,정기분,수납 완료,683.0,341.5,1081720.0
006390427,행당역,광화문영업사업소,시민용,행당역,2013-02-28,2013,2,2013-02,정기분,수납 완료,622.0,311.0,981680.0
006390427,행당역,광화문영업사업소,시민용,행당역,2013-04-30,2013,4,2013-04,정기분,수납 완료,679.0,339.5,1184960.0
006390427,행당역,광화문영업사업소,시민용,행당역,2013-06-30,2013,6,2013-06,정기분,수납 완료,690.0,345.0,1215500.0
006390427,행당역,광화문영업사업소,시민용,행당역,2013-08-31,2013,8,2013-08,정기분,수납 완료,710.0,355.0,1242000.0
006390427,행당역,광화문영업사업소,시민용,행당역,2013-10-31,2013,10,2013-10,정기분,수납 완료,731.0,365.5,1280640.0
006390427,행당역,광화문영업사업소,시민용,행당역,2013-12-31,2013,12,2013-12,정기분,수납 완료,719.0,359.5,1258560.0
006390427,행당역,광화문영업사업소,시민용,행당역,2014-02-28,2014,2,2014-02,정기분,수납 완료,780.0,390.0,1370800.0
006390427,행당역,광화문영업사업소,시민용,행당역,2014-04-30,2014,4,2014-04,정기분,수납 완료,677.0,338.5,1277600.0
006390427,행당역,광화문영업사업소,시민용,행당역,2014-06-30,2014,6,2014-06,정기분,수납 완료,665.0,332.5,1253600.0
006390427,행당역,광화문영업사업소,시민용,행당역,2014-08-31,2014,8,2014-08,정기분,수납 완료,748.0,374.0,1419600.0
006390427,행당역,광화문영업사업소,시민용,행당역,2014-10-31,2014,10,2014-10,정기분,수납 완료,745.0,372.5,1413600.0
006390427,행당역,광화문영업사업소,시민용,행당역,2014-12-31,2014,12,2014-12,정기분,수납 완료,667.0,333.5,1257600.0
006390427,행당역,광화문영업사업소,시민용,행당역,2015-02-28,2015,2,2015-02,정기분,수납 완료,619.0,309.5,1161600.0
006390427,행당역,광화문영업사업소,시민용,행당역,2015-04-30,2015,4,2015-04,정기분,수납 완료,623.0,311.5,1169600.0
006390427,행당역,광화문영업사업소,시민용,행당역,2015-06-30,2015,6,2015-06,정기분,수납 완료,735.0,367.5,1393600.0
006390427,행당역,광화문영업사업소,시민용,행당역,2015-08-31,2015,8,2015-08,정기분,수납 완료,802.0,401.0,1527600.0
006390427,행당역,광화문영업사업소,시민용,행당역,2015-10-31,2015,10,2015-10,정기분,수납 완료,836.0,418.0,1595600.0
006390427,행당역,광화문영업사업소,시민용,행당역,2015-12-31,2015,12,2015-12,정기분,수납 완료,812.0,406.0,1547600.0
006390427,행당역,광화문영업사업소,시민용,행당역,2016-02-29,2016,2,2016-02,정기분,수납 완료,680.0,340.0,1283600.0
006390427,행당역,광화문영업사업소,시민용,행당역,2016-04-30,2016,4,2016-04,정기분,수납 완료,711.0,355.5,1345600.0
006390427,행당역,광화문영업사업소,시민용,행당역,2016-06-30,2016,6,2016-06,정기분,수납 완료,800.0,400.0,1523600.0
006390427,행당역,광화문영업사업소,시민용,행당역,2016-08-31,2016,8,2016-08,정기분,수납 완료,852.0,426.0,1627600.0
006390427,행당역,광화문영업사업소,시민용,행당역,2016-10-31,2016,10,2016-10,정기분,수납 완료,1060.0,530.0,2043600.0
006390427,행당역,광화문영업사업소,시민용,행당역,2016-12-31,2016,12,2016-12,정기분,수납 완료,840.0,420.0,1603600.0
006390427,행당역,광화문영업사업소,시민용,행당역,2017-02-28,2017,2,2017-02,정기분,수납 완료,840.0,420.0,1636170.0
006390427,행당역,광화문영업사업소,시민용,행당역,2017-04-30,2017,4,2017-04,정기분,수납 완료,840.0,420.0,1675510.0
006390427,행당역,광화문영업사업소,시민용,행당역,2017-06-30,2017,6,2017-06,정기분,수납 완료,486.0,243.0,941840.0
006390427,행당역,광화문영업사업소,시민용,행당역,2017-08-31,2017,8,2017-08,정기분,수납 완료,782.0,391.0,1556800.0
006390427,행당역,광화문영업사업소,시민용,행당역,2017-10-31,2017,10,2017-10,정기분,수납 완료,1002.0,501.0,2018800.0
006390427,행당역,광화문영업사업소,시민용,행당역,2017-12-31,2017,12,2017-12,정기분,수납 완료,742.0,371.0,1472800.0
006390427,행당역,광화문영업사업소,시민용,행당역,2018-02-28,2018,2,2018-02,정기분,수납 완료,649.0,324.5,1301560.0
006390427,행당역,광화문영업사업소,시민용,행당역,2018-04-30,2018,4,2018-04,정기분,수납 완료,633.0,316.5,1298530.0
006390427,행당역,광화문영업사업소,시민용,행당역,2018-06-30,2018,6,2018-06,정기분,수납 완료,730.0,365.0,1512900.0
006390427,행당역,광화문영업사업소,시민용,행당역,2018-08-31,2018,8,2018-08,정기분,수납 완료,814.0,407.0,1698540.0
006390427,행당역,광화문영업사업소,시민용,행당역,2018-10-31,2018,10,2018-10,정기분,수납 완료,976.0,488.0,2056560.0
006390427,행당역,광화문영업사업소,시민용,행당역,2018-12-31,2018,12,2018-12,정기분,수납 완료,798.0,399.0,1663180.0
006390427,행당역,광화문영업사업소,시민용,행당역,2019-02-28,2019,2,2019-02,정기분,수납 완료,874.0,437.0,1873580.0
006390427,행당역,광화문영업사업소,시민용,행당역,2019-04-30,2019,4,2019-04,정기분,수납 완료,800.0,400.0,1752600.0
006390427,행당역,광화문영업사업소,시민용,행당역,2019-06-30,2019,6,2019-06,정기분,수납 완료,894.0,447.0,1971620.0
006390427,행당역,광화문영업사업소,시민용,행당역,2019-08-31,2019,8,2019-08,정기분,수납 완료,1051.0,525.5,2337430.0
006390427,행당역,광화문영업사업소,시민용,행당역,2019-10-31,2019,10,2019-10,정기분,수납 완료,1318.0,659.0,2959540.0
006390427,행당역,광화문영업사업소,시민용,행당역,2019-12-31,2019,12,2019-12,정기분,수납 완료,957.0,478.5,2118410.0
006390427,행당역,광화문영업사업소,시민용,행당역,2020-02-29,2020,2,2020-02,정기분,수납 완료,999.0,499.5,2216270.0
006390427,행당역,광화문영업사업소,시민용,행당역,2020-04-30,2020,4,2020-04,정기분,수납 완료,1486.0,743.0,3350980.0
006390427,행당역,광화문영업사업소,시민용,행당역,2020-06-30,2020,6,2020-06,정기분,수납 완료,3662.0,1831.0,8421060.0
006390427,행당역,광화문영업사업소,시민용,행당역,2020-08-31,2020,8,2020-08,정기분,수납 완료,3662.0,1831.0,8421060.0
006390427,행당역,광화문영업사업소,시민용,행당역,2020-10-31,2020,10,2020-10,정기분,수납 완료,250.0,125.0,471100.0
006390427,행당역,광화문영업사업소,시민용,행당역,2020-12-31,2020,12,2020-12,정기분,수납 완료,1171.0,585.5,2617030.0
006390427,행당역,광화문영업사업소,시민용,행당역,2021-02-28,2021,2,2021-02,정기분,수납 완료,627.0,313.5,1349510.0
006390427,행당역,광화문영업사업소,시민용,행당역,2021-04-30,2021,4,2021-04,정기분,수납 완료,793.0,396.5,1736290.0
006390427,행당역,광화문영업사업소,시민용,행당역,2021-06-30,2021,6,2021-06,정기분,수납 완료,899.0,449.5,1983270.0
006390427,행당역,광화문영업사업소,시민용,행당역,2021-08-31,2021,8,2021-08,정기분,수납 완료,2045.0,1022.5,4811270.0
006390427,행당역,광화문영업사업소,시민용,행당역,2021-10-31,2021,10,2021-10,정기분,수납 완료,1671.0,835.5,3751870.0
006390427,행당역,광화문영업사업소,시민용,행당역,2021-12-31,2021,12,2021-12,정기분,수납 완료,1260.0,630.0,3093000.0
006390427,행당역,광화문영업사업소,시민용,행당역,2022-02-28,2022,2,2022-02,정기분,수납 완료,1190.0,595.0,3015430.0
006390427,행당역,광화문영업사업소,시민용,행당역,2022-04-30,2022,4,2022-04,정기분,수납 완료,202.0,101.0,563580.0
006390427,행당역,광화문영업사업소,시민용,행당역,2022-06-30,2022,6,2022-06,정기분,수납 완료,455.0,227.5,1193550.0
006390427,행당역,광화문영업사업소,시민용,행당역,2022-08-31,2022,8,2022-08,정기분,수납 완료,1012.0,506.0,2646400.0
006390427,행당역,광화문영업사업소,시민용,행당역,2022-10-31,2022,10,2022-10,정기분,수납 완료,1248.0,624.0,3271800.0
006390427,행당역,광화문영업사업소,시민용,행당역,2022-12-31,2022,12,2022-12,정기분,수납 완료,934.0,467.0,2439700.0
006390427,행당역,광화문영업사업소,시민용,행당역,2023-02-28,2023,2,2023-02,정기분,수납 완료,758.0,379.0,2216610.0
006390427,행당역,광화문영업사업소,시민용,행당역,2023-04-30,2023,4,2023-04,정기분,수납 완료,801.0,400.5,2615960.0
006390427,행당역,광화문영업사업소,시민용,행당역,2023-06-30,2023,6,2023-06,정기분,수납 완료,911.0,455.5,2985560.0
006390427,행당역,광화문영업사업소,시민용,행당역,2023-08-31,2023,8,2023-08,정기분,수납 완료,925.0,462.5,3032600.0
006390427,행당역,광화문영업사업소,시민용,행당역,2023-10-31,2023,10,2023-10,정기분,수납 완료,1051.0,525.5,3455960.0
006390427,행당역,광화문영업사업소,시민용,행당역,2023-12-31,2023,12,2023-12,정기분,수납 완료,1015.0,507.5,3335000.0
006390427,행당역,광화문영업사업소,시민용,행당역,2024-02-29,2024,2,2024-02,정기분,수납 완료,1015.0,507.5,3335000.0
006390427,행당역,광화문영업사업소,시민용,행당역,2024-04-30,2024,4,2024-04,정기분,수납 완료,908.0,454.0,2975480.0
006390427,행당역,광화문영업사업소,시민용,행당역,2024-06-30,2024,6,2024-06,정기분,수납 완료,839.0,419.5,2743640.0
006390427,행당역,광화문영업사업소,시민용,행당역,2024-08-31,2024,8,2024-08,정기분,수납 완료,1149.0,574.5,3785240.0
006390427,행당역,광화문영업사업소,시민용,행당역,2024-10-31,2024,10,2024-10,정기분,수납 완료,1365.0,682.5,4511000.0
006390427,행당역,광화문영업사업소,시민용,행당역,2024-12-31,2024,12,2024-12,정기분,수납 완료,794.0,397.0,2592440.0
006390427,행당역,광화문영업사업소,시민용,행당역,2025-02-28,2025,2,2025-02,정기분,수납 완료,733.0,366.5,2387480.0
006390427,행당역,광화문영업사업소,시민용,행당역,2025-04-30,2025,4,2025-04,정기분,수납 완료,794.0,397.0,2592440.0
006390427,행당역,광화문영업사업소,시민용,행당역,2025-06-30,2025,6,2025-06,정기분,수납 완료,836.0,418.0,2733560.0
006390427,행당역,광화문영업사업소,시민용,행당역,2025-08-31,2025,8,2025-08,정기분,수납 완료,1144.0,572.0,3768440.0
006390427,행당역,광화문영업사업소,시민용,행당역,2025-10-31,2025,10,2025-10,정기분,수납 완료,1232.0,616.0,4064120.0
006390427,행당역,광화문영업사업소,시민용,행당역,2025-12-31,2025,12,2025-12,정기분,수납 완료,757.0,378.5,2468120.0
006390427,행당역,광화문영업사업소,시민용,행당역,2026-02-28,2026,2,2026-02,정기분,수납 완료,708.0,354.0,2366960.0
006390427,행당역,광화문영업사업소,시민용,행당역,2026-04-30,2026,4,2026-04,정기분,수납 완료,675.0,337.5,2325900.0
000248906,혜화역,상계영업사업소,시민용,혜화역,2008-06-30,2008,6,2008-06,정기분,수납 완료,157.0,78.5,789880.0
000248906,혜화역,상계영업사업소,시민용,혜화역,2008-07-31,2008,7,2008-07,정기분,수납 완료,785.0,392.5,1195200.0
000248906,혜화역,상계영업사업소,시민용,혜화역,2008-08-31,2008,8,2008-08,정기분,수납 완료,393.0,196.5,717960.0
000248906,혜화역,상계영업사업소,시민용,혜화역,2008-09-30,2008,9,2008-09,정기분,수납 완료,1122.0,561.0,1287520.0
000248906,혜화역,상계영업사업소,시민용,혜화역,2008-10-31,2008,10,2008-10,정기분,수납 완료,561.0,280.5,1002960.0
000248906,혜화역,상계영업사업소,시민용,혜화역,2008-11-30,2008,11,2008-11,정기분,수납 완료,548.0,274.0,208480.0
000248906,혜화역,상계영업사업소,시민용,혜화역,2008-12-31,2008,12,2008-12,정기분,수납 완료,274.0,137.0,602600.0
000248906,혜화역,상계영업사업소,시민용,혜화역,2009-01-31,2009,1,2009-01,정기분,수납 완료,267.0,133.5,406320.0
000248906,혜화역,상계영업사업소,시민용,혜화역,2009-02-28,2009,2,2009-02,정기분,수납 완료,134.0,67.0,504640.0
000248906,혜화역,상계영업사업소,시민용,혜화역,2009-03-31,2009,3,2009-03,정기분,수납 완료,268.0,134.0,382560.0
000248906,혜화역,상계영업사업소,시민용,혜화역,2009-04-30,2009,4,2009-04,정기분,수납 완료,134.0,67.0,444160.0
000248906,혜화역,상계영업사업소,시민용,혜화역,2009-05-31,2009,5,2009-05,정기분,수납 완료,547.0,273.5,785120.0
000248906,혜화역,상계영업사업소,시민용,혜화역,2009-06-30,2009,6,2009-06,정기분,수납 완료,274.0,137.0,615240.0
000248906,혜화역,상계영업사업소,시민용,혜화역,2009-07-31,2009,7,2009-07,정기분,수납 완료,990.0,495.0,1074760.0
000248906,혜화역,상계영업사업소,시민용,혜화역,2009-08-31,2009,8,2009-08,정기분,수납 완료,495.0,247.5,845000.0
000248906,혜화역,상계영업사업소,시민용,혜화역,2009-09-30,2009,9,2009-09,정기분,수납 완료,2294.0,1147.0,2107560.0
000248906,혜화역,상계영업사업소,시민용,혜화역,2009-10-31,2009,10,2009-10,정기분,수납 완료,1147.0,573.5,1486400.0
000248906,혜화역,상계영업사업소,시민용,혜화역,2009-11-30,2009,11,2009-11,정기분,수납 완료,791.0,395.5,398260.0
000248906,혜화역,상계영업사업소,시민용,혜화역,2009-12-31,2009,12,2009-12,정기분,수납 완료,402.0,201.0,537500.0
000248906,혜화역,상계영업사업소,시민용,혜화역,2010-01-31,2010,1,2010-01,정기분,수납 완료,566.0,283.0,1040920.0
000248906,혜화역,상계영업사업소,시민용,혜화역,2010-02-28,2010,2,2010-02,정기분,수납 완료,283.0,141.5,929200.0
000248906,혜화역,상계영업사업소,시민용,혜화역,2010-03-31,2010,3,2010-03,정기분,수납 완료,690.0,345.0,903480.0
000248906,혜화역,상계영업사업소,시민용,혜화역,2010-04-30,2010,4,2010-04,정기분,수납 완료,345.0,172.5,916560.0
000248906,혜화역,상계영업사업소,시민용,혜화역,2010-05-31,2010,5,2010-05,정기분,수납 완료,992.0,496.0,1374400.0
000248906,혜화역,상계영업사업소,시민용,혜화역,2010-06-30,2010,6,2010-06,정기분,수납 완료,496.0,248.0,1145480.0
000248906,혜화역,상계영업사업소,시민용,혜화역,2010-07-31,2010,7,2010-07,정기분,수납 완료,2511.0,1255.5,2604040.0
000248906,혜화역,상계영업사업소,시민용,혜화역,2010-08-31,2010,8,2010-08,정기분,수납 완료,1256.0,628.0,1875400.0
000248906,혜화역,상계영업사업소,시민용,혜화역,2010-09-30,2010,9,2010-09,정기분,수납 완료,4161.0,2080.5,3668880.0
000248906,혜화역,상계영업사업소,시민용,혜화역,2010-10-31,2010,10,2010-10,정기분,수납 완료,2081.0,1040.5,2773000.0
000248906,혜화역,상계영업사업소,시민용,혜화역,2010-11-30,2010,11,2010-11,정기분,수납 완료,2554.0,1277.0,602560.0
000248906,혜화역,상계영업사업소,시민용,혜화역,2010-12-31,2010,12,2010-12,정기분,수납 완료,1277.0,638.5,1688000.0
000248906,혜화역,상계영업사업소,시민용,혜화역,2011-01-31,2011,1,2011-01,정기분,수납 완료,2796.0,1398.0,2091040.0
000248906,혜화역,상계영업사업소,시민용,혜화역,2011-02-28,2011,2,2011-02,정기분,수납 완료,1398.0,699.0,1903500.0
000248906,혜화역,상계영업사업소,시민용,혜화역,2011-03-31,2011,3,2011-03,정기분,수납 완료,2113.0,1056.5,995150.0
000248906,혜화역,상계영업사업소,시민용,혜화역,2011-04-30,2011,4,2011-04,정기분,수납 완료,1057.0,528.5,1449970.0
000248906,혜화역,상계영업사업소,시민용,혜화역,2011-05-31,2011,5,2011-05,정기분,수납 완료,1907.0,953.5,1384900.0
000248906,혜화역,상계영업사업소,시민용,혜화역,2011-06-30,2011,6,2011-06,정기분,수납 완료,954.0,477.0,1418300.0
000248906,혜화역,상계영업사업소,시민용,혜화역,2011-07-31,2011,7,2011-07,정기분,수납 완료,2457.0,1228.5,2045990.0
000248906,혜화역,상계영업사업소,시민용,혜화역,2011-08-31,2011,8,2011-08,정기분,수납 완료,1229.0,614.5,1733010.0
000248906,혜화역,상계영업사업소,시민용,혜화역,2011-09-30,2011,9,2011-09,정기분,수납 완료,3434.0,1717.0,2794050.0
000248906,혜화역,상계영업사업소,시민용,혜화역,2011-10-31,2011,10,2011-10,정기분,수납 완료,1717.0,858.5,2263530.0
000248906,혜화역,상계영업사업소,시민용,혜화역,2011-11-30,2011,11,2011-11,정기분,수납 완료,2700.0,1350.0,1296430.0
000248906,혜화역,상계영업사업소,시민용,혜화역,2011-12-31,2011,12,2011-12,정기분,수납 완료,1350.0,675.0,1779980.0
000248906,혜화역,상계영업사업소,시민용,혜화역,2012-01-31,2012,1,2012-01,정기분,수납 완료,741.0,370.5,734860.0
000248906,혜화역,상계영업사업소,시민용,혜화역,2012-02-29,2012,2,2012-02,정기분,수납 완료,371.0,185.5,674140.0
000248906,혜화역,상계영업사업소,시민용,혜화역,2012-03-31,2012,3,2012-03,정기분,수납 완료,900.0,450.0,1684790.0
000248906,혜화역,상계영업사업소,시민용,혜화역,2012-04-30,2012,4,2012-04,정기분,수납 완료,450.0,225.0,1434580.0
000248906,혜화역,상계영업사업소,시민용,혜화역,2012-05-31,2012,5,2012-05,정기분,수납 완료,578.0,289.0,1235740.0
000248906,혜화역,상계영업사업소,시민용,혜화역,2012-06-30,2012,6,2012-06,정기분,수납 완료,289.0,144.5,1335480.0
000248906,혜화역,상계영업사업소,시민용,혜화역,2012-07-31,2012,7,2012-07,정기분,수납 완료,1201.0,600.5,2248760.0
000248906,혜화역,상계영업사업소,시민용,혜화역,2012-08-31,2012,8,2012-08,정기분,수납 완료,601.0,300.5,1792940.0
000248906,혜화역,상계영업사업소,시민용,혜화역,2012-09-30,2012,9,2012-09,정기분,수납 완료,2508.0,1254.0,3934780.0
000248906,혜화역,상계영업사업소,시민용,혜화역,2012-10-31,2012,10,2012-10,정기분,수납 완료,1254.0,627.0,2863860.0
000248906,혜화역,상계영업사업소,시민용,혜화역,2012-11-30,2012,11,2012-11,정기분,수납 완료,683.0,341.5,205220.0
000248906,혜화역,상계영업사업소,시민용,혜화역,2012-12-31,2012,12,2012-12,정기분,수납 완료,342.0,171.0,902180.0
000248906,혜화역,상계영업사업소,시민용,혜화역,2013-01-31,2013,1,2013-01,정기분,수납 완료,602.0,301.0,1014620.0
000248906,혜화역,상계영업사업소,시민용,혜화역,2013-02-28,2013,2,2013-02,정기분,수납 완료,301.0,150.5,1238220.0
000248906,혜화역,상계영업사업소,시민용,혜화역,2013-03-31,2013,3,2013-03,정기분,수납 완료,1162.0,581.0,2116900.0
000248906,혜화역,상계영업사업소,시민용,혜화역,2013-04-30,2013,4,2013-04,정기분,수납 완료,581.0,290.5,1677980.0
000248906,혜화역,상계영업사업소,시민용,혜화역,2013-05-31,2013,5,2013-05,정기분,수납 완료,1738.0,869.0,2696660.0
000248906,혜화역,상계영업사업소,시민용,혜화역,2013-06-30,2013,6,2013-06,정기분,수납 완료,869.0,434.5,2187740.0
000248906,혜화역,상계영업사업소,시민용,혜화역,2013-07-31,2013,7,2013-07,정기분,수납 완료,2186.0,1093.0,2380380.0
000248906,혜화역,상계영업사업소,시민용,혜화역,2013-08-31,2013,8,2013-08,정기분,수납 완료,1093.0,546.5,2284060.0
000248906,혜화역,상계영업사업소,시민용,혜화역,2013-09-30,2013,9,2013-09,정기분,수납 완료,2593.0,1296.5,3292500.0
000248906,혜화역,상계영업사업소,시민용,혜화역,2013-10-31,2013,10,2013-10,정기분,수납 완료,1297.0,648.5,2789620.0
000248906,혜화역,상계영업사업소,시민용,혜화역,2013-11-30,2013,11,2013-11,정기분,수납 완료,1589.0,794.5,1313380.0
000248906,혜화역,상계영업사업소,시민용,혜화역,2013-12-31,2013,12,2013-12,정기분,수납 완료,794.0,397.0,2050580.0
000248906,혜화역,상계영업사업소,시민용,혜화역,2014-01-31,2014,1,2014-01,정기분,수납 완료,1638.0,819.0,1930900.0
000248906,혜화역,상계영업사업소,시민용,혜화역,2014-02-28,2014,2,2014-02,정기분,수납 완료,819.0,409.5,1990740.0
000248906,혜화역,상계영업사업소,시민용,혜화역,2014-03-31,2014,3,2014-03,정기분,수납 완료,615.0,307.5,1395260.0
000248906,혜화역,상계영업사업소,시민용,혜화역,2014-04-30,2014,4,2014-04,정기분,수납 완료,308.0,154.0,1406500.0
000248906,혜화역,상계영업사업소,시민용,혜화역,2014-05-31,2014,5,2014-05,정기분,수납 완료,609.0,304.5,2182500.0
000248906,혜화역,상계영업사업소,시민용,혜화역,2014-06-30,2014,6,2014-06,정기분,수납 완료,305.0,152.5,1891500.0
000248906,혜화역,상계영업사업소,시민용,혜화역,2014-07-31,2014,7,2014-07,정기분,수납 완료,895.0,447.5,2438500.0
000248906,혜화역,상계영업사업소,시민용,혜화역,2014-08-31,2014,8,2014-08,정기분,수납 완료,448.0,224.0,2166500.0
000248906,혜화역,상계영업사업소,시민용,혜화역,2014-09-30,2014,9,2014-09,정기분,수납 완료,1605.0,802.5,3666500.0
000248906,혜화역,상계영업사업소,시민용,혜화역,2014-10-31,2014,10,2014-10,정기분,수납 완료,803.0,401.5,2917500.0
000248906,혜화역,상계영업사업소,시민용,혜화역,2014-11-30,2014,11,2014-11,정기분,수납 완료,1166.0,583.0,1498500.0
000248906,혜화역,상계영업사업소,시민용,혜화역,2014-12-31,2014,12,2014-12,정기분,수납 완료,583.0,291.5,2208500.0
000248906,혜화역,상계영업사업소,시민용,혜화역,2015-01-31,2015,1,2015-01,정기분,수납 완료,1593.0,796.5,1701500.0
000248906,혜화역,상계영업사업소,시민용,혜화역,2015-02-28,2015,2,2015-02,정기분,수납 완료,797.0,398.5,1956500.0
000248906,혜화역,상계영업사업소,시민용,혜화역,2015-03-31,2015,3,2015-03,정기분,수납 완료,589.0,294.5,964500.0
000248906,혜화역,상계영업사업소,시민용,혜화역,2015-04-30,2015,4,2015-04,정기분,수납 완료,295.0,147.5,1169100.0
000248906,혜화역,상계영업사업소,시민용,혜화역,2015-05-31,2015,5,2015-05,정기분,수납 완료,861.0,430.5,1981000.0
000248906,혜화역,상계영업사업소,시민용,혜화역,2015-06-30,2015,6,2015-06,정기분,수납 완료,431.0,215.5,1673500.0
000248906,혜화역,상계영업사업소,시민용,혜화역,2015-07-31,2015,7,2015-07,정기분,수납 완료,1459.0,729.5,2401500.0
000248906,혜화역,상계영업사업소,시민용,혜화역,2015-08-31,2015,8,2015-08,정기분,수납 완료,730.0,365.0,2038500.0
000248906,혜화역,상계영업사업소,시민용,혜화역,2015-09-30,2015,9,2015-09,정기분,수납 완료,1793.0,896.5,3108500.0
000248906,혜화역,상계영업사업소,시민용,혜화역,2015-10-31,2015,10,2015-10,정기분,수납 완료,897.0,448.5,2574500.0
000248906,혜화역,상계영업사업소,시민용,혜화역,2015-11-30,2015,11,2015-11,정기분,수납 완료,862.0,431.0,1432500.0
000248906,혜화역,상계영업사업소,시민용,혜화역,2015-12-31,2015,12,2015-12,정기분,수납 완료,431.0,215.5,1969500.0
000248906,혜화역,상계영업사업소,시민용,혜화역,2016-01-31,2016,1,2016-01,정기분,수납 완료,389.0,194.5,1548500.0
000248906,혜화역,상계영업사업소,시민용,혜화역,2016-02-29,2016,2,2016-02,정기분,수납 완료,195.0,97.5,1758100.0
000248906,혜화역,상계영업사업소,시민용,혜화역,2016-03-31,2016,3,2016-03,정기분,수납 완료,460.0,230.0,1341000.0
000248906,혜화역,상계영업사업소,시민용,혜화역,2016-04-30,2016,4,2016-04,정기분,수납 완료,230.0,115.0,1554500.0
000248906,혜화역,상계영업사업소,시민용,혜화역,2016-05-31,2016,5,2016-05,정기분,수납 완료,1681.0,840.5,2848500.0
000248906,혜화역,상계영업사업소,시민용,혜화역,2016-06-30,2016,6,2016-06,정기분,수납 완료,841.0,420.5,2202500.0
000248906,혜화역,상계영업사업소,시민용,혜화역,2016-07-31,2016,7,2016-07,정기분,수납 완료,1064.0,532.0,2329500.0
000248906,혜화역,상계영업사업소,시민용,혜화역,2016-08-31,2016,8,2016-08,정기분,수납 완료,532.0,266.0,2266500.0
000248906,혜화역,상계영업사업소,시민용,혜화역,2016-09-30,2016,9,2016-09,정기분,수납 완료,2410.0,1205.0,5086500.0
000248906,혜화역,상계영업사업소,시민용,혜화역,2016-10-31,2016,10,2016-10,정기분,수납 완료,1205.0,602.5,3676500.0
000248906,혜화역,상계영업사업소,시민용,혜화역,2016-11-30,2016,11,2016-11,정기분,수납 완료,819.0,409.5,1160500.0
000248906,혜화역,상계영업사업소,시민용,혜화역,2016-12-31,2016,12,2016-12,정기분,수납 완료,410.0,205.0,1858500.0
000248906,혜화역,상계영업사업소,시민용,혜화역,2017-01-31,2017,1,2017-01,정기분,수납 완료,540.0,270.0,1562560.0
000248906,혜화역,상계영업사업소,시민용,혜화역,2017-02-28,2017,2,2017-02,정기분,수납 완료,270.0,135.0,2051800.0
000248906,혜화역,상계영업사업소,시민용,혜화역,2017-03-31,2017,3,2017-03,정기분,수납 완료,696.0,348.0,1559400.0
000248906,혜화역,상계영업사업소,시민용,혜화역,2017-04-30,2017,4,2017-04,정기분,수납 완료,348.0,174.0,1805600.0
000248906,혜화역,상계영업사업소,시민용,혜화역,2017-05-31,2017,5,2017-05,정기분,수납 완료,680.0,340.0,2256760.0
000248906,혜화역,상계영업사업소,시민용,혜화역,2017-06-30,2017,6,2017-06,정기분,수납 완료,340.0,170.0,2029700.0
000248906,혜화역,상계영업사업소,시민용,혜화역,2017-07-31,2017,7,2017-07,정기분,수납 완료,1233.0,616.5,2869800.0
000248906,혜화역,상계영업사업소,시민용,혜화역,2017-08-31,2017,8,2017-08,정기분,수납 완료,617.0,308.5,2450800.0
000248906,혜화역,상계영업사업소,시민용,혜화역,2017-09-30,2017,9,2017-09,정기분,수납 완료,2034.0,1017.0,3372900.0
000248906,혜화역,상계영업사업소,시민용,혜화역,2017-10-31,2017,10,2017-10,정기분,수납 완료,1017.0,508.5,2328630.0
000248906,혜화역,상계영업사업소,시민용,혜화역,2017-11-30,2017,11,2017-11,정기분,수납 완료,1974.0,987.0,2169300.0
000248906,혜화역,상계영업사업소,시민용,혜화역,2017-12-31,2017,12,2017-12,정기분,수납 완료,987.0,493.5,2249130.0
000248906,혜화역,상계영업사업소,시민용,혜화역,2018-01-31,2018,1,2018-01,정기분,수납 완료,1181.0,590.5,790250.0
000248906,혜화역,상계영업사업소,시민용,혜화역,2018-02-28,2018,2,2018-02,정기분,수납 완료,591.0,295.5,1607490.0
000248906,혜화역,상계영업사업소,시민용,혜화역,2018-03-31,2018,3,2018-03,정기분,수납 완료,922.0,461.0,951170.0
000248906,혜화역,상계영업사업소,시민용,혜화역,2018-04-30,2018,4,2018-04,정기분,수납 완료,461.0,230.5,1922110.0
000248906,혜화역,상계영업사업소,시민용,혜화역,2018-05-31,2018,5,2018-05,정기분,수납 완료,1071.0,535.5,992840.0
000248906,혜화역,상계영업사업소,시민용,혜화역,2018-06-30,2018,6,2018-06,정기분,수납 완료,536.0,268.0,1458580.0
000248906,혜화역,상계영업사업소,시민용,혜화역,2018-07-31,2018,7,2018-07,정기분,수납 완료,1322.0,661.0,2030160.0
000248906,혜화역,상계영업사업소,시민용,혜화역,2018-08-31,2018,8,2018-08,정기분,수납 완료,661.0,330.5,1744550.0
000248906,혜화역,상계영업사업소,시민용,혜화역,2018-09-30,2018,9,2018-09,정기분,수납 완료,2477.0,1238.5,4151660.0
000248906,혜화역,상계영업사업소,시민용,혜화역,2018-10-31,2018,10,2018-10,정기분,수납 완료,1239.0,619.5,2949210.0
000248906,혜화역,상계영업사업소,시민용,혜화역,2018-11-30,2018,11,2018-11,정기분,수납 완료,2542.0,1271.0,2670170.0
000248906,혜화역,상계영업사업소,시민용,혜화역,2018-12-31,2018,12,2018-12,정기분,수납 완료,1271.0,635.5,2809690.0
000248906,혜화역,상계영업사업소,시민용,혜화역,2019-01-31,2019,1,2019-01,정기분,수납 완료,2877.0,1438.5,3553460.0
000248906,혜화역,상계영업사업소,시민용,혜화역,2019-02-28,2019,2,2019-02,정기분,수납 완료,1439.0,719.5,3354070.0
000248906,혜화역,상계영업사업소,시민용,혜화역,2019-03-31,2019,3,2019-03,정기분,수납 완료,1758.0,879.0,1334070.0
000248906,혜화역,상계영업사업소,시민용,혜화역,2019-04-30,2019,4,2019-04,정기분,수납 완료,879.0,439.5,2344070.0
000248906,혜화역,상계영업사업소,시민용,혜화역,2019-05-31,2019,5,2019-05,정기분,수납 완료,2077.0,1038.5,2981340.0
000248906,혜화역,상계영업사업소,시민용,혜화역,2019-06-30,2019,6,2019-06,정기분,수납 완료,1039.0,519.5,2664070.0
000248906,혜화역,상계영업사업소,시민용,혜화역,2019-07-31,2019,7,2019-07,정기분,수납 완료,1390.0,695.0,1401030.0
000248906,혜화역,상계영업사업소,시민용,혜화역,2019-08-31,2019,8,2019-08,정기분,수납 완료,695.0,347.5,2032550.0
000248906,혜화역,상계영업사업소,시민용,혜화역,2019-09-30,2019,9,2019-09,정기분,수납 완료,2595.0,1297.5,4600200.0
000248906,혜화역,상계영업사업소,시민용,혜화역,2019-10-31,2019,10,2019-10,정기분,수납 완료,1298.0,649.0,3317540.0
000248906,혜화역,상계영업사업소,시민용,혜화역,2019-11-30,2019,11,2019-11,정기분,수납 완료,1899.0,949.5,1592330.0
000248906,혜화역,상계영업사업소,시민용,혜화역,2019-12-31,2019,12,2019-12,정기분,수납 완료,950.0,475.0,2456300.0
000248906,혜화역,상계영업사업소,시민용,혜화역,2020-01-31,2020,1,2020-01,정기분,수납 완료,1954.0,977.0,2464520.0
000248906,혜화역,상계영업사업소,시민용,혜화역,2020-02-29,2020,2,2020-02,정기분,수납 완료,977.0,488.5,2460410.0
000248906,혜화역,상계영업사업소,시민용,혜화역,2020-03-31,2020,3,2020-03,정기분,수납 완료,2162.0,1081.0,2461050.0
000248906,혜화역,상계영업사업소,시민용,혜화역,2020-04-30,2020,4,2020-04,정기분,수납 완료,1081.0,540.5,2460730.0
000248906,혜화역,상계영업사업소,시민용,혜화역,2020-05-31,2020,5,2020-05,정기분,수납 완료,1825.0,912.5,1675520.0
000248906,혜화역,상계영업사업소,시민용,혜화역,2020-06-30,2020,6,2020-06,정기분,수납 완료,913.0,456.5,2069290.0
000248906,혜화역,상계영업사업소,시민용,혜화역,2020-07-31,2020,7,2020-07,정기분,수납 완료,2392.0,1196.0,3388070.0
000248906,혜화역,상계영업사업소,시민용,혜화역,2020-08-31,2020,8,2020-08,정기분,수납 완료,1196.0,598.0,2728680.0
000248906,혜화역,상계영업사업소,시민용,혜화역,2020-09-30,2020,9,2020-09,정기분,수납 완료,3271.0,1635.5,4776750.0
000248906,혜화역,상계영업사업소,시민용,혜화역,2020-10-31,2020,10,2020-10,정기분,수납 완료,1636.0,818.0,3753880.0
000248906,혜화역,상계영업사업소,시민용,혜화역,2020-11-30,2020,11,2020-11,정기분,수납 완료,2405.0,1202.5,1733770.0
000248906,혜화역,상계영업사업소,시민용,혜화역,2020-12-31,2020,12,2020-12,정기분,수납 완료,1203.0,601.5,2744990.0
000248906,혜화역,상계영업사업소,시민용,혜화역,2021-01-31,2021,1,2021-01,정기분,수납 완료,1913.0,956.5,1596300.0
000248906,혜화역,상계영업사업소,시민용,혜화역,2021-02-28,2021,2,2021-02,정기분,수납 완료,957.0,478.5,2171810.0
000248906,혜화역,상계영업사업소,시민용,혜화역,2021-03-31,2021,3,2021-03,정기분,수납 완료,1968.0,984.0,2297630.0
000248906,혜화역,상계영업사업소,시민용,혜화역,2021-04-30,2021,4,2021-04,정기분,수납 완료,984.0,492.0,2234720.0
000248906,혜화역,상계영업사업소,시민용,혜화역,2021-05-31,2021,5,2021-05,정기분,수납 완료,2324.0,1162.0,3064200.0
000248906,혜화역,상계영업사업소,시민용,혜화역,2021-06-30,2021,6,2021-06,정기분,수납 완료,1162.0,581.0,2649460.0
000248906,혜화역,상계영업사업소,시민용,혜화역,2021-07-31,2021,7,2021-07,정기분,수납 완료,2745.0,1372.5,3638640.0
000248906,혜화역,상계영업사업소,시민용,혜화역,2021-08-31,2021,8,2021-08,정기분,수납 완료,1373.0,686.5,3431420.0
000248906,혜화역,상계영업사업소,시민용,혜화역,2021-09-30,2021,9,2021-09,정기분,수납 완료,3271.0,1635.5,4764920.0
000248906,혜화역,상계영업사업소,시민용,혜화역,2021-10-31,2021,10,2021-10,정기분,수납 완료,1636.0,818.0,4099440.0
000248906,혜화역,상계영업사업소,시민용,혜화역,2021-11-30,2021,11,2021-11,정기분,수납 완료,2680.0,1340.0,2595760.0
000248906,혜화역,상계영업사업소,시민용,혜화역,2021-12-31,2021,12,2021-12,정기분,수납 완료,1340.0,670.0,3347600.0
000248906,혜화역,상계영업사업소,시민용,혜화역,2022-01-31,2022,1,2022-01,정기분,수납 완료,2436.0,1218.0,2732160.0
000248906,혜화역,상계영업사업소,시민용,혜화역,2022-02-28,2022,2,2022-02,정기분,수납 완료,1218.0,609.0,3207700.0
000248906,혜화역,상계영업사업소,시민용,혜화역,2022-03-31,2022,3,2022-03,정기분,수납 완료,2126.0,1063.0,2386200.0
000248906,혜화역,상계영업사업소,시민용,혜화역,2022-04-30,2022,4,2022-04,정기분,수납 완료,1063.0,531.5,2705560.0
000248906,혜화역,상계영업사업소,시민용,혜화역,2022-05-31,2022,5,2022-05,정기분,수납 완료,2441.0,1220.5,3578890.0
000248906,혜화역,상계영업사업소,시민용,혜화역,2022-06-30,2022,6,2022-06,정기분,수납 완료,1221.0,610.5,3189770.0
000248906,혜화역,상계영업사업소,시민용,혜화역,2022-07-31,2022,7,2022-07,정기분,수납 완료,3146.0,1573.0,5081250.0
000248906,혜화역,상계영업사업소,시민용,혜화역,2022-08-31,2022,8,2022-08,정기분,수납 완료,1573.0,786.5,4148450.0
000248906,혜화역,상계영업사업소,시민용,혜화역,2022-09-30,2022,9,2022-09,정기분,수납 완료,3715.0,1857.5,5656300.0
000248906,혜화역,상계영업사업소,시민용,혜화역,2022-10-31,2022,10,2022-10,정기분,수납 완료,1858.0,929.0,4903700.0
000248906,혜화역,상계영업사업소,시민용,혜화역,2022-11-30,2022,11,2022-11,정기분,수납 완료,3341.0,1670.5,3909950.0
000248906,혜화역,상계영업사업소,시민용,혜화역,2022-12-31,2022,12,2022-12,정기분,수납 완료,1671.0,835.5,4408150.0
000248906,혜화역,상계영업사업소,시민용,혜화역,2023-01-31,2023,1,2023-01,정기분,수납 완료,2959.0,1479.5,3426070.0
000248906,혜화역,상계영업사업소,시민용,혜화역,2023-02-28,2023,2,2023-02,정기분,수납 완료,1480.0,740.0,4985600.0
000248906,혜화역,상계영업사업소,시민용,혜화역,2023-03-31,2023,3,2023-03,정기분,수납 완료,2666.0,1333.0,3965420.0
000248906,혜화역,상계영업사업소,시민용,혜화역,2023-04-30,2023,4,2023-04,정기분,수납 완료,1333.0,666.5,4475510.0
000248906,혜화역,상계영업사업소,시민용,혜화역,2023-05-31,2023,5,2023-05,정기분,수납 완료,2923.0,1461.5,5367300.0
000248906,혜화역,상계영업사업소,시민용,혜화역,2023-06-30,2023,6,2023-06,정기분,수납 완료,1462.0,731.0,4923140.0
000248906,혜화역,상계영업사업소,시민용,혜화역,2023-07-31,2023,7,2023-07,정기분,수납 완료,3062.0,1531.0,5402000.0
000248906,혜화역,상계영업사업소,시민용,혜화역,2023-08-31,2023,8,2023-08,정기분,수납 완료,1531.0,765.5,5162570.0
000248906,혜화역,상계영업사업소,시민용,혜화역,2023-09-30,2023,9,2023-09,정기분,수납 완료,3128.0,1564.0,5391590.0
000248906,혜화역,상계영업사업소,시민용,혜화역,2023-10-31,2023,10,2023-10,정기분,수납 완료,1564.0,782.0,5277080.0
000248906,혜화역,상계영업사업소,시민용,혜화역,2023-11-30,2023,11,2023-11,정기분,수납 완료,3093.0,1546.5,5155630.0
000248906,혜화역,상계영업사업소,시민용,혜화역,2023-12-31,2023,12,2023-12,정기분,수납 완료,1547.0,773.5,5218090.0
000248906,혜화역,상계영업사업소,시민용,혜화역,2024-01-31,2024,1,2024-01,정기분,수납 완료,1660.0,830.0,279510.0
000248906,혜화역,상계영업사업소,시민용,혜화역,2024-02-29,2024,2,2024-02,정기분,수납 완료,830.0,415.0,2748800.0
000248906,혜화역,상계영업사업소,시민용,혜화역,2024-03-31,2024,3,2024-03,정기분,수납 완료,2666.0,1333.0,6202220.0
000248906,혜화역,상계영업사업소,시민용,혜화역,2024-04-30,2024,4,2024-04,정기분,수납 완료,1333.0,666.5,4475510.0
000248906,혜화역,상계영업사업소,시민용,혜화역,2024-05-31,2024,5,2024-05,정기분,수납 완료,2862.0,1431.0,5155630.0
000248906,혜화역,상계영업사업소,시민용,혜화역,2024-06-30,2024,6,2024-06,정기분,수납 완료,1431.0,715.5,4815570.0
000248906,혜화역,상계영업사업소,시민용,혜화역,2024-07-31,2024,7,2024-07,정기분,수납 완료,2999.0,1499.5,5290960.0
000248906,혜화역,상계영업사업소,시민용,혜화역,2024-08-31,2024,8,2024-08,정기분,수납 완료,1500.0,750.0,5055000.0
000248906,혜화역,상계영업사업소,시민용,혜화역,2024-09-30,2024,9,2024-09,정기분,수납 완료,3294.0,1647.0,6075180.0
000248906,혜화역,상계영업사업소,시민용,혜화역,2024-10-31,2024,10,2024-10,정기분,수납 완료,1647.0,823.5,5565090.0
000248906,혜화역,상계영업사업소,시민용,혜화역,2024-11-30,2024,11,2024-11,정기분,수납 완료,3075.0,1537.5,4805160.0
000248906,혜화역,상계영업사업소,시민용,혜화역,2024-12-31,2024,12,2024-12,정기분,수납 완료,1438.0,719.0,4839860.0
000248906,혜화역,상계영업사업소,시민용,혜화역,2025-01-31,2025,1,2025-01,정기분,수납 완료,1546.0,773.0,5187870.0
000248906,혜화역,상계영업사업소,시민용,혜화역,2025-02-28,2025,2,2025-02,정기분,수납 완료,1283.0,641.5,4302010.0
000248906,혜화역,상계영업사업소,시민용,혜화역,2025-03-31,2025,3,2025-03,정기분,수납 완료,1292.0,646.0,4333240.0
000248906,혜화역,상계영업사업소,시민용,혜화역,2025-04-30,2025,4,2025-04,정기분,수납 완료,1432.0,716.0,4819040.0
000248906,혜화역,상계영업사업소,시민용,혜화역,2025-05-31,2025,5,2025-05,정기분,수납 완료,1521.0,760.5,5127870.0
000248906,혜화역,상계영업사업소,시민용,혜화역,2025-06-30,2025,6,2025-06,정기분,수납 완료,1605.0,802.5,5419350.0
000248906,혜화역,상계영업사업소,시민용,혜화역,2025-07-31,2025,7,2025-07,정기분,수납 완료,1692.0,846.0,5721240.0
000248906,혜화역,상계영업사업소,시민용,혜화역,2025-08-31,2025,8,2025-08,정기분,수납 완료,2225.0,1112.5,7570750.0
000248906,혜화역,상계영업사업소,시민용,혜화역,2025-09-30,2025,9,2025-09,정기분,수납 완료,2078.0,1039.0,7060660.0
000248906,혜화역,상계영업사업소,시민용,혜화역,2025-10-31,2025,10,2025-10,정기분,수납 완료,1763.0,881.5,5967610.0
000248906,혜화역,상계영업사업소,시민용,혜화역,2025-11-30,2025,11,2025-11,정기분,수납 완료,1514.0,757.0,5103580.0
000248906,혜화역,상계영업사업소,시민용,혜화역,2025-12-31,2025,12,2025-12,정기분,수납 완료,1400.0,700.0,4708000.0
000248906,혜화역,상계영업사업소,시민용,혜화역,2026-01-31,2026,1,2026-01,정기분,수납 완료,1395.0,697.5,4716700.0
000248906,혜화역,상계영업사업소,시민용,혜화역,2026-02-28,2026,2,2026-02,정기분,수납 완료,1135.0,567.5,3997300.0
000248906,혜화역,상계영업사업소,시민용,혜화역,2026-03-31,2026,3,2026-03,정기분,수납 완료,1151.0,575.5,4055540.0
000248906,혜화역,상계영업사업소,시민용,혜화역,2026-04-30,2026,4,2026-04,정기분,수납 완료,1440.0,720.0,5107500.0
000248906,혜화역,상계영업사업소,시민용,혜화역,2026-05-31,2026,5,2026-05,정기분,미납,1428.0,714.0,5063820.0
